ISO-10303-21;
HEADER;
FILE_DESCRIPTION(('FreeCAD Model'),'2;1');
FILE_NAME('Open CASCADE Shape Model','2026-07-24T15:14:58',('Author'),(
    ''),'Open CASCADE STEP processor 7.8','FreeCAD','Unknown');
FILE_SCHEMA(('AUTOMOTIVE_DESIGN { 1 0 10303 214 1 1 1 1 }'));
ENDSEC;
DATA;
#1 = APPLICATION_PROTOCOL_DEFINITION('international standard',
  'automotive_design',2000,#2);
#2 = APPLICATION_CONTEXT(
  'core data for automotive mechanical design processes');
#3 = SHAPE_DEFINITION_REPRESENTATION(#4,#10);
#4 = PRODUCT_DEFINITION_SHAPE('','',#5);
#5 = PRODUCT_DEFINITION('design','',#6,#9);
#6 = PRODUCT_DEFINITION_FORMATION('','',#7);
#7 = PRODUCT('Chamfer001','Chamfer001','',(#8));
#8 = PRODUCT_CONTEXT('',#2,'mechanical');
#9 = PRODUCT_DEFINITION_CONTEXT('part definition',#2,'design');
#10 = ADVANCED_BREP_SHAPE_REPRESENTATION('',(#11,#15),#2277);
#11 = AXIS2_PLACEMENT_3D('',#12,#13,#14);
#12 = CARTESIAN_POINT('',(0.,0.,0.));
#13 = DIRECTION('',(0.,0.,1.));
#14 = DIRECTION('',(1.,0.,-0.));
#15 = MANIFOLD_SOLID_BREP('',#16);
#16 = CLOSED_SHELL('',(#17,#89,#130,#154,#211,#235,#407,#448,#472,#496,
    #521,#539,#556,#573,#597,#609,#665,#682,#706,#730,#778,#802,#850,
    #890,#914,#954,#978,#1018,#1042,#1082,#1106,#1137,#1154,#1179,#1207,
    #1229,#1249,#1280,#1297,#1400,#1432,#1456,#1488,#1521,#1553,#1571,
    #1619,#1643,#1684,#1732,#1756,#1797,#1845,#1869,#1910,#1922,#1949,
    #1974,#1991,#2008,#2025,#2049,#2066,#2083,#2096,#2118,#2130,#2142,
    #2164,#2176,#2188,#2210,#2222,#2234,#2243,#2268));
#17 = ADVANCED_FACE('',(#18),#84,.T.);
#18 = FACE_BOUND('',#19,.T.);
#19 = EDGE_LOOP('',(#20,#30,#38,#46,#54,#62,#70,#78));
#20 = ORIENTED_EDGE('',*,*,#21,.F.);
#21 = EDGE_CURVE('',#22,#24,#26,.T.);
#22 = VERTEX_POINT('',#23);
#23 = CARTESIAN_POINT('',(80.093760270359,-55.56528361558,-6.4));
#24 = VERTEX_POINT('',#25);
#25 = CARTESIAN_POINT('',(80.093760270359,-60.11488063303,-6.4));
#26 = LINE('',#27,#28);
#27 = CARTESIAN_POINT('',(80.093760270359,-54.21255248063,-6.4));
#28 = VECTOR('',#29,1.);
#29 = DIRECTION('',(-1.926135497489E-14,-1.,0.));
#30 = ORIENTED_EDGE('',*,*,#31,.T.);
#31 = EDGE_CURVE('',#22,#32,#34,.T.);
#32 = VERTEX_POINT('',#33);
#33 = CARTESIAN_POINT('',(80.093760270359,-54.21255248063,-5.6));
#34 = LINE('',#35,#36);
#35 = CARTESIAN_POINT('',(80.093760270359,-55.08125563163,
    -6.113747708504));
#36 = VECTOR('',#37,1.);
#37 = DIRECTION('',(1.552170222996E-15,0.860742853105,0.509040018888));
#38 = ORIENTED_EDGE('',*,*,#39,.F.);
#39 = EDGE_CURVE('',#40,#32,#42,.T.);
#40 = VERTEX_POINT('',#41);
#41 = CARTESIAN_POINT('',(80.093760270359,-54.21255248063,-4.8));
#42 = LINE('',#43,#44);
#43 = CARTESIAN_POINT('',(80.093760270359,-54.21255248063,-4.8));
#44 = VECTOR('',#45,1.);
#45 = DIRECTION('',(0.,0.,-1.));
#46 = ORIENTED_EDGE('',*,*,#47,.T.);
#47 = EDGE_CURVE('',#40,#48,#50,.T.);
#48 = VERTEX_POINT('',#49);
#49 = CARTESIAN_POINT('',(80.093760270359,-53.71488063303,-4.8));
#50 = LINE('',#51,#52);
#51 = CARTESIAN_POINT('',(80.093760270359,-60.11488063303,-4.8));
#52 = VECTOR('',#53,1.);
#53 = DIRECTION('',(0.,1.,0.));
#54 = ORIENTED_EDGE('',*,*,#55,.F.);
#55 = EDGE_CURVE('',#56,#48,#58,.T.);
#56 = VERTEX_POINT('',#57);
#57 = CARTESIAN_POINT('',(80.093760270359,-53.71488063303,
    3.700743411006E-15));
#58 = LINE('',#59,#60);
#59 = CARTESIAN_POINT('',(80.093760270359,-53.71488063303,0.));
#60 = VECTOR('',#61,1.);
#61 = DIRECTION('',(-0.,-0.,-1.));
#62 = ORIENTED_EDGE('',*,*,#63,.T.);
#63 = EDGE_CURVE('',#56,#64,#66,.T.);
#64 = VERTEX_POINT('',#65);
#65 = CARTESIAN_POINT('',(80.093760270359,-53.71488063303,1.6));
#66 = LINE('',#67,#68);
#67 = CARTESIAN_POINT('',(80.093760270359,-53.71488063303,
    6.217248937901E-15));
#68 = VECTOR('',#69,1.);
#69 = DIRECTION('',(0.,0.,1.));
#70 = ORIENTED_EDGE('',*,*,#71,.F.);
#71 = EDGE_CURVE('',#72,#64,#74,.T.);
#72 = VERTEX_POINT('',#73);
#73 = CARTESIAN_POINT('',(80.093760270359,-60.11488063303,1.6));
#74 = LINE('',#75,#76);
#75 = CARTESIAN_POINT('',(80.093760270359,-60.11488063303,1.6));
#76 = VECTOR('',#77,1.);
#77 = DIRECTION('',(0.,1.,0.));
#78 = ORIENTED_EDGE('',*,*,#79,.F.);
#79 = EDGE_CURVE('',#24,#72,#80,.T.);
#80 = LINE('',#81,#82);
#81 = CARTESIAN_POINT('',(80.093760270359,-60.11488063303,
    6.217248937901E-15));
#82 = VECTOR('',#83,1.);
#83 = DIRECTION('',(0.,0.,1.));
#84 = PLANE('',#85);
#85 = AXIS2_PLACEMENT_3D('',#86,#87,#88);
#86 = CARTESIAN_POINT('',(80.093760270359,-56.94252906901,
    -2.372351564022));
#87 = DIRECTION('',(1.,-5.129015557627E-15,5.623513192439E-15));
#88 = DIRECTION('',(-5.623513192439E-15,0.,1.));
#89 = ADVANCED_FACE('',(#90),#125,.F.);
#90 = FACE_BOUND('',#91,.F.);
#91 = EDGE_LOOP('',(#92,#100,#101,#109,#118));
#92 = ORIENTED_EDGE('',*,*,#93,.T.);
#93 = EDGE_CURVE('',#94,#24,#96,.T.);
#94 = VERTEX_POINT('',#95);
#95 = CARTESIAN_POINT('',(75.273810337571,-60.11488063303,-6.4));
#96 = LINE('',#97,#98);
#97 = CARTESIAN_POINT('',(73.838559725113,-60.11488063303,-6.4));
#98 = VECTOR('',#99,1.);
#99 = DIRECTION('',(1.,2.044661742045E-14,0.));
#100 = ORIENTED_EDGE('',*,*,#21,.F.);
#101 = ORIENTED_EDGE('',*,*,#102,.F.);
#102 = EDGE_CURVE('',#103,#22,#105,.T.);
#103 = VERTEX_POINT('',#104);
#104 = CARTESIAN_POINT('',(79.94311369903,-55.76891391427,-6.4));
#105 = LINE('',#106,#107);
#106 = CARTESIAN_POINT('',(79.968221829145,-55.73645793319,-6.4));
#107 = VECTOR('',#108,1.);
#108 = DIRECTION('',(0.591396160946,0.806381163482,0.));
#109 = ORIENTED_EDGE('',*,*,#110,.F.);
#110 = EDGE_CURVE('',#111,#103,#113,.T.);
#111 = VERTEX_POINT('',#112);
#112 = CARTESIAN_POINT('',(76.569381611502,-59.1332187846,-6.4));
#113 = CIRCLE('',#114,23.234920002811);
#114 = AXIS2_PLACEMENT_3D('',#115,#116,#117);
#115 = CARTESIAN_POINT('',(61.936143617055,-41.08523126979,-6.4));
#116 = DIRECTION('',(0.,0.,1.));
#117 = DIRECTION('',(0.629795066943,-0.776761336354,0.));
#118 = ORIENTED_EDGE('',*,*,#119,.F.);
#119 = EDGE_CURVE('',#94,#111,#120,.T.);
#120 = CIRCLE('',#121,24.726676411106);
#121 = AXIS2_PLACEMENT_3D('',#122,#123,#124);
#122 = CARTESIAN_POINT('',(60.99664291377,-39.92649246824,-6.4));
#123 = DIRECTION('',(0.,0.,1.));
#124 = DIRECTION('',(0.536719625856,-0.843760655175,0.));
#125 = PLANE('',#126);
#126 = AXIS2_PLACEMENT_3D('',#127,#128,#129);
#127 = CARTESIAN_POINT('',(38.208905066631,-53.4630851134,-6.4));
#128 = DIRECTION('',(0.,0.,1.));
#129 = DIRECTION('',(1.,0.,0.));
#130 = ADVANCED_FACE('',(#131),#149,.T.);
#131 = FACE_BOUND('',#132,.F.);
#132 = EDGE_LOOP('',(#133,#141,#142,#143));
#133 = ORIENTED_EDGE('',*,*,#134,.F.);
#134 = EDGE_CURVE('',#103,#135,#137,.T.);
#135 = VERTEX_POINT('',#136);
#136 = CARTESIAN_POINT('',(79.32311689836,-55.26334100443,-5.6));
#137 = LINE('',#138,#139);
#138 = CARTESIAN_POINT('',(79.32311689836,-55.26334100443,-5.6));
#139 = VECTOR('',#140,1.);
#140 = DIRECTION('',(-0.548004927585,0.44686754116,0.707106781187));
#141 = ORIENTED_EDGE('',*,*,#102,.T.);
#142 = ORIENTED_EDGE('',*,*,#31,.T.);
#143 = ORIENTED_EDGE('',*,*,#144,.F.);
#144 = EDGE_CURVE('',#135,#32,#145,.T.);
#145 = LINE('',#146,#147);
#146 = CARTESIAN_POINT('',(79.32311689836,-55.26334100443,-5.6));
#147 = VECTOR('',#148,1.);
#148 = DIRECTION('',(0.591396160946,0.806381163482,0.));
#149 = PLANE('',#150);
#150 = AXIS2_PLACEMENT_3D('',#151,#152,#153);
#151 = CARTESIAN_POINT('',(79.645669363753,-55.49989946881,-6.));
#152 = DIRECTION('',(-0.570197588919,0.418180235773,-0.707106781187));
#153 = DIRECTION('',(-0.591396160946,-0.806381163482,-0.));
#154 = ADVANCED_FACE('',(#155),#206,.T.);
#155 = FACE_BOUND('',#156,.T.);
#156 = EDGE_LOOP('',(#157,#167,#174,#175,#176,#184,#192,#200));
#157 = ORIENTED_EDGE('',*,*,#158,.T.);
#158 = EDGE_CURVE('',#159,#161,#163,.T.);
#159 = VERTEX_POINT('',#160);
#160 = CARTESIAN_POINT('',(73.838559725113,-60.11488063303,-4.8));
#161 = VERTEX_POINT('',#162);
#162 = CARTESIAN_POINT('',(73.838559725113,-60.11488063303,-5.6));
#163 = LINE('',#164,#165);
#164 = CARTESIAN_POINT('',(73.838559725113,-60.11488063303,-4.8));
#165 = VECTOR('',#166,1.);
#166 = DIRECTION('',(0.,0.,-1.));
#167 = ORIENTED_EDGE('',*,*,#168,.F.);
#168 = EDGE_CURVE('',#94,#161,#169,.T.);
#169 = HYPERBOLA('',#170,20.188388164792,20.188388164792);
#170 = AXIS2_PLACEMENT_3D('',#171,#172,#173);
#171 = CARTESIAN_POINT('',(60.99664291377,-60.11488063303,
    18.326676411106));
#172 = DIRECTION('',(-6.281979326802E-15,1.,-6.533827175672E-15));
#173 = DIRECTION('',(4.104536724247E-29,-6.533827175672E-15,-1.));
#174 = ORIENTED_EDGE('',*,*,#93,.T.);
#175 = ORIENTED_EDGE('',*,*,#79,.T.);
#176 = ORIENTED_EDGE('',*,*,#177,.F.);
#177 = EDGE_CURVE('',#178,#72,#180,.T.);
#178 = VERTEX_POINT('',#179);
#179 = CARTESIAN_POINT('',(73.693760270359,-60.11488063303,1.6));
#180 = LINE('',#181,#182);
#181 = CARTESIAN_POINT('',(73.693760270359,-60.11488063303,1.6));
#182 = VECTOR('',#183,1.);
#183 = DIRECTION('',(1.,0.,0.));
#184 = ORIENTED_EDGE('',*,*,#185,.F.);
#185 = EDGE_CURVE('',#186,#178,#188,.T.);
#186 = VERTEX_POINT('',#187);
#187 = CARTESIAN_POINT('',(73.693760270359,-60.11488063303,
    3.4985375207E-15));
#188 = LINE('',#189,#190);
#189 = CARTESIAN_POINT('',(73.693760270359,-60.11488063303,
    6.217248937901E-15));
#190 = VECTOR('',#191,1.);
#191 = DIRECTION('',(0.,0.,1.));
#192 = ORIENTED_EDGE('',*,*,#193,.T.);
#193 = EDGE_CURVE('',#186,#194,#196,.T.);
#194 = VERTEX_POINT('',#195);
#195 = CARTESIAN_POINT('',(73.693760270359,-60.11488063303,-4.8));
#196 = LINE('',#197,#198);
#197 = CARTESIAN_POINT('',(73.693760270359,-60.11488063303,0.));
#198 = VECTOR('',#199,1.);
#199 = DIRECTION('',(-0.,-0.,-1.));
#200 = ORIENTED_EDGE('',*,*,#201,.T.);
#201 = EDGE_CURVE('',#194,#159,#202,.T.);
#202 = LINE('',#203,#204);
#203 = CARTESIAN_POINT('',(73.693760270359,-60.11488063303,-4.8));
#204 = VECTOR('',#205,1.);
#205 = DIRECTION('',(1.,0.,0.));
#206 = PLANE('',#207);
#207 = AXIS2_PLACEMENT_3D('',#208,#209,#210);
#208 = CARTESIAN_POINT('',(76.901804684512,-60.11488063303,
    -2.391955585847));
#209 = DIRECTION('',(6.281979326802E-15,-1.,6.533827175672E-15));
#210 = DIRECTION('',(0.,-6.533827175672E-15,-1.));
#211 = ADVANCED_FACE('',(#212),#230,.F.);
#212 = FACE_BOUND('',#213,.F.);
#213 = EDGE_LOOP('',(#214,#222,#223,#224));
#214 = ORIENTED_EDGE('',*,*,#215,.T.);
#215 = EDGE_CURVE('',#216,#135,#218,.T.);
#216 = VERTEX_POINT('',#217);
#217 = CARTESIAN_POINT('',(79.32311689836,-55.26334100443,-4.8));
#218 = LINE('',#219,#220);
#219 = CARTESIAN_POINT('',(79.32311689836,-55.26334100443,-4.8));
#220 = VECTOR('',#221,1.);
#221 = DIRECTION('',(0.,0.,-1.));
#222 = ORIENTED_EDGE('',*,*,#144,.T.);
#223 = ORIENTED_EDGE('',*,*,#39,.F.);
#224 = ORIENTED_EDGE('',*,*,#225,.F.);
#225 = EDGE_CURVE('',#216,#40,#226,.T.);
#226 = LINE('',#227,#228);
#227 = CARTESIAN_POINT('',(79.32311689836,-55.26334100443,-4.8));
#228 = VECTOR('',#229,1.);
#229 = DIRECTION('',(0.591396160946,0.806381163482,0.));
#230 = PLANE('',#231);
#231 = AXIS2_PLACEMENT_3D('',#232,#233,#234);
#232 = CARTESIAN_POINT('',(79.32311689836,-55.26334100443,-4.8));
#233 = DIRECTION('',(0.806381163482,-0.591396160946,0.));
#234 = DIRECTION('',(0.591396160946,0.806381163482,0.));
#235 = ADVANCED_FACE('',(#236,#391),#402,.T.);
#236 = FACE_BOUND('',#237,.F.);
#237 = EDGE_LOOP('',(#238,#249,#257,#263,#264,#265,#273,#281,#289,#297,
    #305,#313,#321,#329,#337,#345,#353,#361,#369,#377,#385));
#238 = ORIENTED_EDGE('',*,*,#239,.F.);
#239 = EDGE_CURVE('',#240,#242,#244,.T.);
#240 = VERTEX_POINT('',#241);
#241 = CARTESIAN_POINT('',(36.348366400055,-5.061781485373,1.6));
#242 = VERTEX_POINT('',#243);
#243 = CARTESIAN_POINT('',(32.369587508747,-4.337963815894,1.6));
#244 = CIRCLE('',#245,3.2);
#245 = AXIS2_PLACEMENT_3D('',#246,#247,#248);
#246 = CARTESIAN_POINT('',(33.915067310135,-7.14001524003,1.6));
#247 = DIRECTION('',(0.,0.,1.));
#248 = DIRECTION('',(1.,0.,0.));
#249 = ORIENTED_EDGE('',*,*,#250,.T.);
#250 = EDGE_CURVE('',#240,#251,#253,.T.);
#251 = VERTEX_POINT('',#252);
#252 = CARTESIAN_POINT('',(59.728496139942,-32.43639624697,1.6));
#253 = LINE('',#254,#255);
#254 = CARTESIAN_POINT('',(36.348366400055,-5.061781485373,1.6));
#255 = VECTOR('',#256,1.);
#256 = DIRECTION('',(0.64944804833,-0.7604059656,0.));
#257 = ORIENTED_EDGE('',*,*,#258,.T.);
#258 = EDGE_CURVE('',#251,#64,#259,.T.);
#259 = LINE('',#260,#261);
#260 = CARTESIAN_POINT('',(59.728496139942,-32.43639624697,1.6));
#261 = VECTOR('',#262,1.);
#262 = DIRECTION('',(0.691434156385,-0.722439483545,0.));
#263 = ORIENTED_EDGE('',*,*,#71,.F.);
#264 = ORIENTED_EDGE('',*,*,#177,.F.);
#265 = ORIENTED_EDGE('',*,*,#266,.T.);
#266 = EDGE_CURVE('',#178,#267,#269,.T.);
#267 = VERTEX_POINT('',#268);
#268 = CARTESIAN_POINT('',(54.861910390149,-36.59287831,1.6));
#269 = LINE('',#270,#271);
#270 = CARTESIAN_POINT('',(73.693760270359,-60.11488063303,1.6));
#271 = VECTOR('',#272,1.);
#272 = DIRECTION('',(-0.624983332541,0.780638094155,0.));
#273 = ORIENTED_EDGE('',*,*,#274,.F.);
#274 = EDGE_CURVE('',#275,#267,#277,.T.);
#275 = VERTEX_POINT('',#276);
#276 = CARTESIAN_POINT('',(33.176102114915,-11.20205910014,1.6));
#277 = LINE('',#278,#279);
#278 = CARTESIAN_POINT('',(33.176102114915,-11.20205910014,1.6));
#279 = VECTOR('',#280,1.);
#280 = DIRECTION('',(0.64944804833,-0.7604059656,0.));
#281 = ORIENTED_EDGE('',*,*,#282,.T.);
#282 = EDGE_CURVE('',#275,#283,#285,.T.);
#283 = VERTEX_POINT('',#284);
#284 = CARTESIAN_POINT('',(5.956697993396,-26.21500244347,1.6));
#285 = LINE('',#286,#287);
#286 = CARTESIAN_POINT('',(33.176102114915,-11.20205910014,1.6));
#287 = VECTOR('',#288,1.);
#288 = DIRECTION('',(-0.875641070042,-0.482962437934,0.));
#289 = ORIENTED_EDGE('',*,*,#290,.F.);
#290 = EDGE_CURVE('',#291,#283,#293,.T.);
#291 = VERTEX_POINT('',#292);
#292 = CARTESIAN_POINT('',(5.956697993396,-52.70607162814,1.6));
#293 = LINE('',#294,#295);
#294 = CARTESIAN_POINT('',(5.956697993396,-52.70607162814,1.6));
#295 = VECTOR('',#296,1.);
#296 = DIRECTION('',(0.,1.,0.));
#297 = ORIENTED_EDGE('',*,*,#298,.T.);
#298 = EDGE_CURVE('',#291,#299,#301,.T.);
#299 = VERTEX_POINT('',#300);
#300 = CARTESIAN_POINT('',(6.4,-59.10607162814,1.6));
#301 = LINE('',#302,#303);
#302 = CARTESIAN_POINT('',(5.956697993396,-52.70607162814,1.6));
#303 = VECTOR('',#304,1.);
#304 = DIRECTION('',(6.910037302391E-02,-0.997609712487,0.));
#305 = ORIENTED_EDGE('',*,*,#306,.F.);
#306 = EDGE_CURVE('',#307,#299,#309,.T.);
#307 = VERTEX_POINT('',#308);
#308 = CARTESIAN_POINT('',(6.4,-65.50607162814,1.6));
#309 = LINE('',#310,#311);
#310 = CARTESIAN_POINT('',(6.4,-65.50607162814,1.6));
#311 = VECTOR('',#312,1.);
#312 = DIRECTION('',(0.,1.,0.));
#313 = ORIENTED_EDGE('',*,*,#314,.F.);
#314 = EDGE_CURVE('',#315,#307,#317,.T.);
#315 = VERTEX_POINT('',#316);
#316 = CARTESIAN_POINT('',(0.,-65.50607162814,1.6));
#317 = LINE('',#318,#319);
#318 = CARTESIAN_POINT('',(0.,-65.50607162814,1.6));
#319 = VECTOR('',#320,1.);
#320 = DIRECTION('',(1.,0.,0.));
#321 = ORIENTED_EDGE('',*,*,#322,.F.);
#322 = EDGE_CURVE('',#323,#315,#325,.T.);
#323 = VERTEX_POINT('',#324);
#324 = CARTESIAN_POINT('',(-14.8533020066,-55.90607162814,1.6));
#325 = LINE('',#326,#327);
#326 = CARTESIAN_POINT('',(-14.8533020066,-55.90607162814,1.6));
#327 = VECTOR('',#328,1.);
#328 = DIRECTION('',(0.839852696281,-0.542814377619,0.));
#329 = ORIENTED_EDGE('',*,*,#330,.F.);
#330 = EDGE_CURVE('',#331,#323,#333,.T.);
#331 = VERTEX_POINT('',#332);
#332 = CARTESIAN_POINT('',(-27.6533020066,-55.90607162814,1.6));
#333 = LINE('',#334,#335);
#334 = CARTESIAN_POINT('',(-27.6533020066,-55.90607162814,1.6));
#335 = VECTOR('',#336,1.);
#336 = DIRECTION('',(1.,0.,0.));
#337 = ORIENTED_EDGE('',*,*,#338,.F.);
#338 = EDGE_CURVE('',#339,#331,#341,.T.);
#339 = VERTEX_POINT('',#340);
#340 = CARTESIAN_POINT('',(-42.7133020066,-42.20607162814,1.6));
#341 = LINE('',#342,#343);
#342 = CARTESIAN_POINT('',(-42.7133020066,-42.20607162814,1.6));
#343 = VECTOR('',#344,1.);
#344 = DIRECTION('',(0.739717779404,-0.672917236244,0.));
#345 = ORIENTED_EDGE('',*,*,#346,.F.);
#346 = EDGE_CURVE('',#347,#339,#349,.T.);
#347 = VERTEX_POINT('',#348);
#348 = CARTESIAN_POINT('',(-42.7133020066,-29.40607162814,1.6));
#349 = LINE('',#350,#351);
#350 = CARTESIAN_POINT('',(-42.7133020066,-29.40607162814,1.6));
#351 = VECTOR('',#352,1.);
#352 = DIRECTION('',(0.,-1.,0.));
#353 = ORIENTED_EDGE('',*,*,#354,.F.);
#354 = EDGE_CURVE('',#355,#347,#357,.T.);
#355 = VERTEX_POINT('',#356);
#356 = CARTESIAN_POINT('',(-27.6533020066,-15.70607162814,1.6));
#357 = LINE('',#358,#359);
#358 = CARTESIAN_POINT('',(-27.6533020066,-15.70607162814,1.6));
#359 = VECTOR('',#360,1.);
#360 = DIRECTION('',(-0.739717779404,-0.672917236244,0.));
#361 = ORIENTED_EDGE('',*,*,#362,.F.);
#362 = EDGE_CURVE('',#363,#355,#365,.T.);
#363 = VERTEX_POINT('',#364);
#364 = CARTESIAN_POINT('',(-14.8533020066,-15.70607162814,1.6));
#365 = LINE('',#366,#367);
#366 = CARTESIAN_POINT('',(-14.8533020066,-15.70607162814,1.6));
#367 = VECTOR('',#368,1.);
#368 = DIRECTION('',(-1.,0.,0.));
#369 = ORIENTED_EDGE('',*,*,#370,.T.);
#370 = EDGE_CURVE('',#363,#371,#373,.T.);
#371 = VERTEX_POINT('',#372);
#372 = CARTESIAN_POINT('',(-0.443302006604,-18.90607162814,1.6));
#373 = LINE('',#374,#375);
#374 = CARTESIAN_POINT('',(-14.8533020066,-15.70607162814,1.6));
#375 = VECTOR('',#376,1.);
#376 = DIRECTION('',(0.976218930082,-0.216786993495,0.));
#377 = ORIENTED_EDGE('',*,*,#378,.F.);
#378 = EDGE_CURVE('',#379,#371,#381,.T.);
#379 = VERTEX_POINT('',#380);
#380 = CARTESIAN_POINT('',(5.956697993396,-18.90607162814,1.6));
#381 = LINE('',#382,#383);
#382 = CARTESIAN_POINT('',(5.956697993396,-18.90607162814,1.6));
#383 = VECTOR('',#384,1.);
#384 = DIRECTION('',(-1.,0.,0.));
#385 = ORIENTED_EDGE('',*,*,#386,.F.);
#386 = EDGE_CURVE('',#242,#379,#387,.T.);
#387 = LINE('',#388,#389);
#388 = CARTESIAN_POINT('',(32.369587508747,-4.337963815894,1.6));
#389 = VECTOR('',#390,1.);
#390 = DIRECTION('',(-0.875641070042,-0.482962437934,0.));
#391 = FACE_BOUND('',#392,.F.);
#392 = EDGE_LOOP('',(#393));
#393 = ORIENTED_EDGE('',*,*,#394,.T.);
#394 = EDGE_CURVE('',#395,#395,#397,.T.);
#395 = VERTEX_POINT('',#396);
#396 = CARTESIAN_POINT('',(-10.80549565534,-35.3529,1.6));
#397 = CIRCLE('',#398,10.616504344651);
#398 = AXIS2_PLACEMENT_3D('',#399,#400,#401);
#399 = CARTESIAN_POINT('',(-21.422,-35.3529,1.6));
#400 = DIRECTION('',(0.,0.,1.));
#401 = DIRECTION('',(1.,0.,0.));
#402 = PLANE('',#403);
#403 = AXIS2_PLACEMENT_3D('',#404,#405,#406);
#404 = CARTESIAN_POINT('',(13.755709159424,-33.67792898535,1.6));
#405 = DIRECTION('',(0.,0.,1.));
#406 = DIRECTION('',(1.,0.,0.));
#407 = ADVANCED_FACE('',(#408),#443,.F.);
#408 = FACE_BOUND('',#409,.F.);
#409 = EDGE_LOOP('',(#410,#418,#424,#425,#434,#441,#442));
#410 = ORIENTED_EDGE('',*,*,#411,.T.);
#411 = EDGE_CURVE('',#48,#412,#414,.T.);
#412 = VERTEX_POINT('',#413);
#413 = CARTESIAN_POINT('',(73.693760270359,-53.71488063303,-4.8));
#414 = LINE('',#415,#416);
#415 = CARTESIAN_POINT('',(80.093760270359,-53.71488063303,-4.8));
#416 = VECTOR('',#417,1.);
#417 = DIRECTION('',(-1.,0.,0.));
#418 = ORIENTED_EDGE('',*,*,#419,.T.);
#419 = EDGE_CURVE('',#412,#194,#420,.T.);
#420 = LINE('',#421,#422);
#421 = CARTESIAN_POINT('',(73.693760270359,-53.71488063303,-4.8));
#422 = VECTOR('',#423,1.);
#423 = DIRECTION('',(0.,-1.,0.));
#424 = ORIENTED_EDGE('',*,*,#201,.T.);
#425 = ORIENTED_EDGE('',*,*,#426,.F.);
#426 = EDGE_CURVE('',#427,#159,#429,.T.);
#427 = VERTEX_POINT('',#428);
#428 = CARTESIAN_POINT('',(76.065545562085,-58.51180971216,-4.8));
#429 = CIRCLE('',#430,23.926676411106);
#430 = AXIS2_PLACEMENT_3D('',#431,#432,#433);
#431 = CARTESIAN_POINT('',(60.99664291377,-39.92649246824,-4.8));
#432 = DIRECTION('',(0.,0.,-1.));
#433 = DIRECTION('',(1.,0.,0.));
#434 = ORIENTED_EDGE('',*,*,#435,.F.);
#435 = EDGE_CURVE('',#216,#427,#436,.T.);
#436 = CIRCLE('',#437,22.434920002811);
#437 = AXIS2_PLACEMENT_3D('',#438,#439,#440);
#438 = CARTESIAN_POINT('',(61.936143617055,-41.08523126979,-4.8));
#439 = DIRECTION('',(0.,0.,-1.));
#440 = DIRECTION('',(1.,0.,0.));
#441 = ORIENTED_EDGE('',*,*,#225,.T.);
#442 = ORIENTED_EDGE('',*,*,#47,.T.);
#443 = PLANE('',#444);
#444 = AXIS2_PLACEMENT_3D('',#445,#446,#447);
#445 = CARTESIAN_POINT('',(2.282013637105,-38.37935409553,-4.8));
#446 = DIRECTION('',(0.,0.,1.));
#447 = DIRECTION('',(1.,0.,0.));
#448 = ADVANCED_FACE('',(#449),#467,.T.);
#449 = FACE_BOUND('',#450,.T.);
#450 = EDGE_LOOP('',(#451,#459,#460,#461));
#451 = ORIENTED_EDGE('',*,*,#452,.T.);
#452 = EDGE_CURVE('',#453,#251,#455,.T.);
#453 = VERTEX_POINT('',#454);
#454 = CARTESIAN_POINT('',(59.728496139942,-32.43639624697,
    6.217248937901E-15));
#455 = LINE('',#456,#457);
#456 = CARTESIAN_POINT('',(59.728496139942,-32.43639624697,
    6.217248937901E-15));
#457 = VECTOR('',#458,1.);
#458 = DIRECTION('',(0.,0.,1.));
#459 = ORIENTED_EDGE('',*,*,#258,.T.);
#460 = ORIENTED_EDGE('',*,*,#63,.F.);
#461 = ORIENTED_EDGE('',*,*,#462,.F.);
#462 = EDGE_CURVE('',#453,#56,#463,.T.);
#463 = LINE('',#464,#465);
#464 = CARTESIAN_POINT('',(59.728496139942,-32.43639624697,
    6.217248937901E-15));
#465 = VECTOR('',#466,1.);
#466 = DIRECTION('',(0.691434156385,-0.722439483545,0.));
#467 = PLANE('',#468);
#468 = AXIS2_PLACEMENT_3D('',#469,#470,#471);
#469 = CARTESIAN_POINT('',(59.728496139942,-32.43639624697,
    6.217248937901E-15));
#470 = DIRECTION('',(0.722439483545,0.691434156385,0.));
#471 = DIRECTION('',(0.691434156385,-0.722439483545,0.));
#472 = ADVANCED_FACE('',(#473),#491,.T.);
#473 = FACE_BOUND('',#474,.T.);
#474 = EDGE_LOOP('',(#475,#476,#477,#485));
#475 = ORIENTED_EDGE('',*,*,#55,.T.);
#476 = ORIENTED_EDGE('',*,*,#411,.T.);
#477 = ORIENTED_EDGE('',*,*,#478,.F.);
#478 = EDGE_CURVE('',#479,#412,#481,.T.);
#479 = VERTEX_POINT('',#480);
#480 = CARTESIAN_POINT('',(73.693760270359,-53.71488063303,0.));
#481 = LINE('',#482,#483);
#482 = CARTESIAN_POINT('',(73.693760270359,-53.71488063303,0.));
#483 = VECTOR('',#484,1.);
#484 = DIRECTION('',(-0.,-0.,-1.));
#485 = ORIENTED_EDGE('',*,*,#486,.F.);
#486 = EDGE_CURVE('',#56,#479,#487,.T.);
#487 = LINE('',#488,#489);
#488 = CARTESIAN_POINT('',(80.093760270359,-53.71488063303,0.));
#489 = VECTOR('',#490,1.);
#490 = DIRECTION('',(-1.,0.,0.));
#491 = PLANE('',#492);
#492 = AXIS2_PLACEMENT_3D('',#493,#494,#495);
#493 = CARTESIAN_POINT('',(80.093760270359,-53.71488063303,0.));
#494 = DIRECTION('',(0.,1.,0.));
#495 = DIRECTION('',(-1.,0.,0.));
#496 = ADVANCED_FACE('',(#497),#516,.F.);
#497 = FACE_BOUND('',#498,.F.);
#498 = EDGE_LOOP('',(#499,#500,#501,#509));
#499 = ORIENTED_EDGE('',*,*,#168,.F.);
#500 = ORIENTED_EDGE('',*,*,#119,.T.);
#501 = ORIENTED_EDGE('',*,*,#502,.T.);
#502 = EDGE_CURVE('',#111,#503,#505,.T.);
#503 = VERTEX_POINT('',#504);
#504 = CARTESIAN_POINT('',(76.065545562085,-58.51180971216,-5.6));
#505 = LINE('',#506,#507);
#506 = CARTESIAN_POINT('',(76.065545562085,-58.51180971216,-5.6));
#507 = VECTOR('',#508,1.);
#508 = DIRECTION('',(-0.445332358936,0.549253211264,0.707106781187));
#509 = ORIENTED_EDGE('',*,*,#510,.F.);
#510 = EDGE_CURVE('',#161,#503,#511,.T.);
#511 = CIRCLE('',#512,23.926676411106);
#512 = AXIS2_PLACEMENT_3D('',#513,#514,#515);
#513 = CARTESIAN_POINT('',(60.99664291377,-39.92649246824,-5.6));
#514 = DIRECTION('',(0.,0.,1.));
#515 = DIRECTION('',(0.536719625856,-0.843760655175,0.));
#516 = CONICAL_SURFACE('',#517,23.926676411106,0.785398163397);
#517 = AXIS2_PLACEMENT_3D('',#518,#519,#520);
#518 = CARTESIAN_POINT('',(60.99664291377,-39.92649246824,-5.6));
#519 = DIRECTION('',(-0.,-0.,-1.));
#520 = DIRECTION('',(0.536719625856,-0.843760655175,0.));
#521 = ADVANCED_FACE('',(#522),#534,.F.);
#522 = FACE_BOUND('',#523,.F.);
#523 = EDGE_LOOP('',(#524,#525,#526,#527));
#524 = ORIENTED_EDGE('',*,*,#502,.F.);
#525 = ORIENTED_EDGE('',*,*,#110,.T.);
#526 = ORIENTED_EDGE('',*,*,#134,.T.);
#527 = ORIENTED_EDGE('',*,*,#528,.F.);
#528 = EDGE_CURVE('',#503,#135,#529,.T.);
#529 = CIRCLE('',#530,22.434920002811);
#530 = AXIS2_PLACEMENT_3D('',#531,#532,#533);
#531 = CARTESIAN_POINT('',(61.936143617055,-41.08523126979,-5.6));
#532 = DIRECTION('',(0.,0.,1.));
#533 = DIRECTION('',(0.629795066943,-0.776761336354,0.));
#534 = CONICAL_SURFACE('',#535,22.434920002811,0.785398163397);
#535 = AXIS2_PLACEMENT_3D('',#536,#537,#538);
#536 = CARTESIAN_POINT('',(61.936143617055,-41.08523126979,-5.6));
#537 = DIRECTION('',(-0.,-0.,-1.));
#538 = DIRECTION('',(0.629795066943,-0.776761336354,0.));
#539 = ADVANCED_FACE('',(#540),#551,.F.);
#540 = FACE_BOUND('',#541,.T.);
#541 = EDGE_LOOP('',(#542,#548,#549,#550));
#542 = ORIENTED_EDGE('',*,*,#543,.T.);
#543 = EDGE_CURVE('',#427,#503,#544,.T.);
#544 = LINE('',#545,#546);
#545 = CARTESIAN_POINT('',(76.065545562085,-58.51180971216,-4.8));
#546 = VECTOR('',#547,1.);
#547 = DIRECTION('',(0.,0.,-1.));
#548 = ORIENTED_EDGE('',*,*,#510,.F.);
#549 = ORIENTED_EDGE('',*,*,#158,.F.);
#550 = ORIENTED_EDGE('',*,*,#426,.F.);
#551 = CYLINDRICAL_SURFACE('',#552,23.926676411106);
#552 = AXIS2_PLACEMENT_3D('',#553,#554,#555);
#553 = CARTESIAN_POINT('',(60.99664291377,-39.92649246824,-4.8));
#554 = DIRECTION('',(0.,0.,1.));
#555 = DIRECTION('',(1.,0.,0.));
#556 = ADVANCED_FACE('',(#557),#568,.T.);
#557 = FACE_BOUND('',#558,.T.);
#558 = EDGE_LOOP('',(#559,#560,#561,#562));
#559 = ORIENTED_EDGE('',*,*,#478,.T.);
#560 = ORIENTED_EDGE('',*,*,#419,.T.);
#561 = ORIENTED_EDGE('',*,*,#193,.F.);
#562 = ORIENTED_EDGE('',*,*,#563,.F.);
#563 = EDGE_CURVE('',#479,#186,#564,.T.);
#564 = LINE('',#565,#566);
#565 = CARTESIAN_POINT('',(73.693760270359,-53.71488063303,0.));
#566 = VECTOR('',#567,1.);
#567 = DIRECTION('',(0.,-1.,0.));
#568 = PLANE('',#569);
#569 = AXIS2_PLACEMENT_3D('',#570,#571,#572);
#570 = CARTESIAN_POINT('',(73.693760270359,-53.71488063303,0.));
#571 = DIRECTION('',(-1.,0.,0.));
#572 = DIRECTION('',(0.,-1.,0.));
#573 = ADVANCED_FACE('',(#574),#592,.T.);
#574 = FACE_BOUND('',#575,.T.);
#575 = EDGE_LOOP('',(#576,#577,#578,#586));
#576 = ORIENTED_EDGE('',*,*,#185,.T.);
#577 = ORIENTED_EDGE('',*,*,#266,.T.);
#578 = ORIENTED_EDGE('',*,*,#579,.F.);
#579 = EDGE_CURVE('',#580,#267,#582,.T.);
#580 = VERTEX_POINT('',#581);
#581 = CARTESIAN_POINT('',(54.861910390149,-36.59287831,
    6.217248937901E-15));
#582 = LINE('',#583,#584);
#583 = CARTESIAN_POINT('',(54.861910390149,-36.59287831,
    6.217248937901E-15));
#584 = VECTOR('',#585,1.);
#585 = DIRECTION('',(0.,0.,1.));
#586 = ORIENTED_EDGE('',*,*,#587,.F.);
#587 = EDGE_CURVE('',#186,#580,#588,.T.);
#588 = LINE('',#589,#590);
#589 = CARTESIAN_POINT('',(73.693760270359,-60.11488063303,
    6.217248937901E-15));
#590 = VECTOR('',#591,1.);
#591 = DIRECTION('',(-0.624983332541,0.780638094155,0.));
#592 = PLANE('',#593);
#593 = AXIS2_PLACEMENT_3D('',#594,#595,#596);
#594 = CARTESIAN_POINT('',(73.693760270359,-60.11488063303,
    6.217248937901E-15));
#595 = DIRECTION('',(-0.780638094155,-0.624983332541,0.));
#596 = DIRECTION('',(-0.624983332541,0.780638094155,0.));
#597 = ADVANCED_FACE('',(#598),#604,.F.);
#598 = FACE_BOUND('',#599,.T.);
#599 = EDGE_LOOP('',(#600,#601,#602,#603));
#600 = ORIENTED_EDGE('',*,*,#215,.T.);
#601 = ORIENTED_EDGE('',*,*,#528,.F.);
#602 = ORIENTED_EDGE('',*,*,#543,.F.);
#603 = ORIENTED_EDGE('',*,*,#435,.F.);
#604 = CYLINDRICAL_SURFACE('',#605,22.434920002811);
#605 = AXIS2_PLACEMENT_3D('',#606,#607,#608);
#606 = CARTESIAN_POINT('',(61.936143617055,-41.08523126979,-4.8));
#607 = DIRECTION('',(0.,0.,1.));
#608 = DIRECTION('',(1.,0.,0.));
#609 = ADVANCED_FACE('',(#610),#660,.T.);
#610 = FACE_BOUND('',#611,.T.);
#611 = EDGE_LOOP('',(#612,#613,#621,#630,#637,#644,#645,#654));
#612 = ORIENTED_EDGE('',*,*,#239,.F.);
#613 = ORIENTED_EDGE('',*,*,#614,.F.);
#614 = EDGE_CURVE('',#615,#240,#617,.T.);
#615 = VERTEX_POINT('',#616);
#616 = CARTESIAN_POINT('',(36.348366400055,-5.061781485373,
    6.217248937901E-15));
#617 = LINE('',#618,#619);
#618 = CARTESIAN_POINT('',(36.348366400055,-5.061781485373,
    6.217248937901E-15));
#619 = VECTOR('',#620,1.);
#620 = DIRECTION('',(0.,0.,1.));
#621 = ORIENTED_EDGE('',*,*,#622,.F.);
#622 = EDGE_CURVE('',#623,#615,#625,.T.);
#623 = VERTEX_POINT('',#624);
#624 = CARTESIAN_POINT('',(37.115067310135,-7.14001524003,0.));
#625 = CIRCLE('',#626,3.2);
#626 = AXIS2_PLACEMENT_3D('',#627,#628,#629);
#627 = CARTESIAN_POINT('',(33.915067310135,-7.14001524003,0.));
#628 = DIRECTION('',(0.,0.,1.));
#629 = DIRECTION('',(1.,0.,0.));
#630 = ORIENTED_EDGE('',*,*,#631,.F.);
#631 = EDGE_CURVE('',#632,#623,#634,.T.);
#632 = VERTEX_POINT('',#633);
#633 = CARTESIAN_POINT('',(37.115067310135,-7.14001524003,-4.8));
#634 = B_SPLINE_CURVE_WITH_KNOTS('',1,(#635,#636),.UNSPECIFIED.,.F.,.F.,
  (2,2),(-4.8,0.),.PIECEWISE_BEZIER_KNOTS.);
#635 = CARTESIAN_POINT('',(37.115067310135,-7.14001524003,-4.8));
#636 = CARTESIAN_POINT('',(37.115067310135,-7.14001524003,0.));
#637 = ORIENTED_EDGE('',*,*,#638,.T.);
#638 = EDGE_CURVE('',#632,#632,#639,.T.);
#639 = CIRCLE('',#640,3.2);
#640 = AXIS2_PLACEMENT_3D('',#641,#642,#643);
#641 = CARTESIAN_POINT('',(33.915067310135,-7.14001524003,-4.8));
#642 = DIRECTION('',(0.,0.,1.));
#643 = DIRECTION('',(1.,0.,0.));
#644 = ORIENTED_EDGE('',*,*,#631,.T.);
#645 = ORIENTED_EDGE('',*,*,#646,.F.);
#646 = EDGE_CURVE('',#647,#623,#649,.T.);
#647 = VERTEX_POINT('',#648);
#648 = CARTESIAN_POINT('',(32.369587508747,-4.337963815894,
    6.217248937901E-15));
#649 = CIRCLE('',#650,3.2);
#650 = AXIS2_PLACEMENT_3D('',#651,#652,#653);
#651 = CARTESIAN_POINT('',(33.915067310135,-7.14001524003,0.));
#652 = DIRECTION('',(0.,0.,1.));
#653 = DIRECTION('',(1.,0.,0.));
#654 = ORIENTED_EDGE('',*,*,#655,.T.);
#655 = EDGE_CURVE('',#647,#242,#656,.T.);
#656 = LINE('',#657,#658);
#657 = CARTESIAN_POINT('',(32.369587508747,-4.337963815894,
    6.217248937901E-15));
#658 = VECTOR('',#659,1.);
#659 = DIRECTION('',(0.,0.,1.));
#660 = CYLINDRICAL_SURFACE('',#661,3.2);
#661 = AXIS2_PLACEMENT_3D('',#662,#663,#664);
#662 = CARTESIAN_POINT('',(33.915067310135,-7.14001524003,0.));
#663 = DIRECTION('',(0.,0.,1.));
#664 = DIRECTION('',(1.,0.,0.));
#665 = ADVANCED_FACE('',(#666),#677,.T.);
#666 = FACE_BOUND('',#667,.T.);
#667 = EDGE_LOOP('',(#668,#669,#670,#671));
#668 = ORIENTED_EDGE('',*,*,#614,.T.);
#669 = ORIENTED_EDGE('',*,*,#250,.T.);
#670 = ORIENTED_EDGE('',*,*,#452,.F.);
#671 = ORIENTED_EDGE('',*,*,#672,.F.);
#672 = EDGE_CURVE('',#615,#453,#673,.T.);
#673 = LINE('',#674,#675);
#674 = CARTESIAN_POINT('',(36.348366400055,-5.061781485373,
    6.217248937901E-15));
#675 = VECTOR('',#676,1.);
#676 = DIRECTION('',(0.64944804833,-0.7604059656,0.));
#677 = PLANE('',#678);
#678 = AXIS2_PLACEMENT_3D('',#679,#680,#681);
#679 = CARTESIAN_POINT('',(36.348366400055,-5.061781485373,
    6.217248937901E-15));
#680 = DIRECTION('',(0.7604059656,0.64944804833,0.));
#681 = DIRECTION('',(0.64944804833,-0.7604059656,0.));
#682 = ADVANCED_FACE('',(#683),#701,.F.);
#683 = FACE_BOUND('',#684,.F.);
#684 = EDGE_LOOP('',(#685,#693,#694,#695));
#685 = ORIENTED_EDGE('',*,*,#686,.T.);
#686 = EDGE_CURVE('',#687,#275,#689,.T.);
#687 = VERTEX_POINT('',#688);
#688 = CARTESIAN_POINT('',(33.176102114915,-11.20205910014,
    6.217248937901E-15));
#689 = LINE('',#690,#691);
#690 = CARTESIAN_POINT('',(33.176102114915,-11.20205910014,
    6.217248937901E-15));
#691 = VECTOR('',#692,1.);
#692 = DIRECTION('',(0.,0.,1.));
#693 = ORIENTED_EDGE('',*,*,#274,.T.);
#694 = ORIENTED_EDGE('',*,*,#579,.F.);
#695 = ORIENTED_EDGE('',*,*,#696,.F.);
#696 = EDGE_CURVE('',#687,#580,#697,.T.);
#697 = LINE('',#698,#699);
#698 = CARTESIAN_POINT('',(33.176102114915,-11.20205910014,
    6.217248937901E-15));
#699 = VECTOR('',#700,1.);
#700 = DIRECTION('',(0.64944804833,-0.7604059656,0.));
#701 = PLANE('',#702);
#702 = AXIS2_PLACEMENT_3D('',#703,#704,#705);
#703 = CARTESIAN_POINT('',(33.176102114915,-11.20205910014,
    6.217248937901E-15));
#704 = DIRECTION('',(0.7604059656,0.64944804833,0.));
#705 = DIRECTION('',(0.64944804833,-0.7604059656,0.));
#706 = ADVANCED_FACE('',(#707),#725,.T.);
#707 = FACE_BOUND('',#708,.T.);
#708 = EDGE_LOOP('',(#709,#710,#711,#719));
#709 = ORIENTED_EDGE('',*,*,#686,.T.);
#710 = ORIENTED_EDGE('',*,*,#282,.T.);
#711 = ORIENTED_EDGE('',*,*,#712,.F.);
#712 = EDGE_CURVE('',#713,#283,#715,.T.);
#713 = VERTEX_POINT('',#714);
#714 = CARTESIAN_POINT('',(5.956697993396,-26.21500244347,
    6.217248937901E-15));
#715 = LINE('',#716,#717);
#716 = CARTESIAN_POINT('',(5.956697993396,-26.21500244347,
    6.217248937901E-15));
#717 = VECTOR('',#718,1.);
#718 = DIRECTION('',(0.,0.,1.));
#719 = ORIENTED_EDGE('',*,*,#720,.F.);
#720 = EDGE_CURVE('',#687,#713,#721,.T.);
#721 = LINE('',#722,#723);
#722 = CARTESIAN_POINT('',(33.176102114915,-11.20205910014,
    6.217248937901E-15));
#723 = VECTOR('',#724,1.);
#724 = DIRECTION('',(-0.875641070042,-0.482962437934,0.));
#725 = PLANE('',#726);
#726 = AXIS2_PLACEMENT_3D('',#727,#728,#729);
#727 = CARTESIAN_POINT('',(33.176102114915,-11.20205910014,
    6.217248937901E-15));
#728 = DIRECTION('',(0.482962437934,-0.875641070042,0.));
#729 = DIRECTION('',(-0.875641070042,-0.482962437934,0.));
#730 = ADVANCED_FACE('',(#731),#773,.T.);
#731 = FACE_BOUND('',#732,.T.);
#732 = EDGE_LOOP('',(#733,#743,#751,#759,#765,#766,#767));
#733 = ORIENTED_EDGE('',*,*,#734,.T.);
#734 = EDGE_CURVE('',#735,#737,#739,.T.);
#735 = VERTEX_POINT('',#736);
#736 = CARTESIAN_POINT('',(5.956697993396,-52.70607162814,
    3.10862446895E-15));
#737 = VERTEX_POINT('',#738);
#738 = CARTESIAN_POINT('',(5.956697993396,-52.70607162814,-4.8));
#739 = LINE('',#740,#741);
#740 = CARTESIAN_POINT('',(5.956697993396,-52.70607162814,0.));
#741 = VECTOR('',#742,1.);
#742 = DIRECTION('',(-0.,-0.,-1.));
#743 = ORIENTED_EDGE('',*,*,#744,.T.);
#744 = EDGE_CURVE('',#737,#745,#747,.T.);
#745 = VERTEX_POINT('',#746);
#746 = CARTESIAN_POINT('',(5.956697993396,-18.90607162814,-4.8));
#747 = LINE('',#748,#749);
#748 = CARTESIAN_POINT('',(5.956697993396,-52.70607162814,-4.8));
#749 = VECTOR('',#750,1.);
#750 = DIRECTION('',(0.,1.,0.));
#751 = ORIENTED_EDGE('',*,*,#752,.F.);
#752 = EDGE_CURVE('',#753,#745,#755,.T.);
#753 = VERTEX_POINT('',#754);
#754 = CARTESIAN_POINT('',(5.956697993396,-18.90607162814,
    3.255166427394E-15));
#755 = LINE('',#756,#757);
#756 = CARTESIAN_POINT('',(5.956697993396,-18.90607162814,0.));
#757 = VECTOR('',#758,1.);
#758 = DIRECTION('',(-0.,-0.,-1.));
#759 = ORIENTED_EDGE('',*,*,#760,.F.);
#760 = EDGE_CURVE('',#713,#753,#761,.T.);
#761 = LINE('',#762,#763);
#762 = CARTESIAN_POINT('',(5.956697993396,-52.70607162814,0.));
#763 = VECTOR('',#764,1.);
#764 = DIRECTION('',(0.,1.,0.));
#765 = ORIENTED_EDGE('',*,*,#712,.T.);
#766 = ORIENTED_EDGE('',*,*,#290,.F.);
#767 = ORIENTED_EDGE('',*,*,#768,.F.);
#768 = EDGE_CURVE('',#735,#291,#769,.T.);
#769 = LINE('',#770,#771);
#770 = CARTESIAN_POINT('',(5.956697993396,-52.70607162814,
    6.217248937901E-15));
#771 = VECTOR('',#772,1.);
#772 = DIRECTION('',(0.,0.,1.));
#773 = PLANE('',#774);
#774 = AXIS2_PLACEMENT_3D('',#775,#776,#777);
#775 = CARTESIAN_POINT('',(5.956697993396,-35.95152298765,
    -1.745451359509));
#776 = DIRECTION('',(1.,0.,2.381000198258E-16));
#777 = DIRECTION('',(-2.381000198258E-16,0.,1.));
#778 = ADVANCED_FACE('',(#779),#797,.T.);
#779 = FACE_BOUND('',#780,.T.);
#780 = EDGE_LOOP('',(#781,#782,#783,#791));
#781 = ORIENTED_EDGE('',*,*,#768,.T.);
#782 = ORIENTED_EDGE('',*,*,#298,.T.);
#783 = ORIENTED_EDGE('',*,*,#784,.F.);
#784 = EDGE_CURVE('',#785,#299,#787,.T.);
#785 = VERTEX_POINT('',#786);
#786 = CARTESIAN_POINT('',(6.4,-59.10607162814,3.10862446895E-15));
#787 = LINE('',#788,#789);
#788 = CARTESIAN_POINT('',(6.4,-59.10607162814,6.217248937901E-15));
#789 = VECTOR('',#790,1.);
#790 = DIRECTION('',(0.,0.,1.));
#791 = ORIENTED_EDGE('',*,*,#792,.F.);
#792 = EDGE_CURVE('',#735,#785,#793,.T.);
#793 = LINE('',#794,#795);
#794 = CARTESIAN_POINT('',(5.956697993396,-52.70607162814,
    6.217248937901E-15));
#795 = VECTOR('',#796,1.);
#796 = DIRECTION('',(6.910037302391E-02,-0.997609712487,0.));
#797 = PLANE('',#798);
#798 = AXIS2_PLACEMENT_3D('',#799,#800,#801);
#799 = CARTESIAN_POINT('',(5.956697993396,-52.70607162814,
    6.217248937901E-15));
#800 = DIRECTION('',(0.997609712487,6.910037302391E-02,0.));
#801 = DIRECTION('',(6.910037302391E-02,-0.997609712487,0.));
#802 = ADVANCED_FACE('',(#803),#845,.T.);
#803 = FACE_BOUND('',#804,.T.);
#804 = EDGE_LOOP('',(#805,#813,#821,#829,#837,#843,#844));
#805 = ORIENTED_EDGE('',*,*,#806,.F.);
#806 = EDGE_CURVE('',#807,#307,#809,.T.);
#807 = VERTEX_POINT('',#808);
#808 = CARTESIAN_POINT('',(6.4,-65.50607162814,-5.805108650573));
#809 = LINE('',#810,#811);
#810 = CARTESIAN_POINT('',(6.4,-65.50607162814,6.217248937901E-15));
#811 = VECTOR('',#812,1.);
#812 = DIRECTION('',(0.,0.,1.));
#813 = ORIENTED_EDGE('',*,*,#814,.F.);
#814 = EDGE_CURVE('',#815,#807,#817,.T.);
#815 = VERTEX_POINT('',#816);
#816 = CARTESIAN_POINT('',(6.4,-65.25037842808,-5.6));
#817 = LINE('',#818,#819);
#818 = CARTESIAN_POINT('',(6.4,-63.40624544981,-4.120697356963));
#819 = VECTOR('',#820,1.);
#820 = DIRECTION('',(0.,-0.780043561074,-0.625725213514));
#821 = ORIENTED_EDGE('',*,*,#822,.F.);
#822 = EDGE_CURVE('',#823,#815,#825,.T.);
#823 = VERTEX_POINT('',#824);
#824 = CARTESIAN_POINT('',(6.4,-65.25037842808,-4.8));
#825 = LINE('',#826,#827);
#826 = CARTESIAN_POINT('',(6.4,-65.25037842808,-4.8));
#827 = VECTOR('',#828,1.);
#828 = DIRECTION('',(0.,0.,-1.));
#829 = ORIENTED_EDGE('',*,*,#830,.T.);
#830 = EDGE_CURVE('',#823,#831,#833,.T.);
#831 = VERTEX_POINT('',#832);
#832 = CARTESIAN_POINT('',(6.4,-59.10607162814,-4.8));
#833 = LINE('',#834,#835);
#834 = CARTESIAN_POINT('',(6.4,-65.50607162814,-4.8));
#835 = VECTOR('',#836,1.);
#836 = DIRECTION('',(0.,1.,0.));
#837 = ORIENTED_EDGE('',*,*,#838,.F.);
#838 = EDGE_CURVE('',#785,#831,#839,.T.);
#839 = LINE('',#840,#841);
#840 = CARTESIAN_POINT('',(6.4,-59.10607162814,0.));
#841 = VECTOR('',#842,1.);
#842 = DIRECTION('',(-0.,-0.,-1.));
#843 = ORIENTED_EDGE('',*,*,#784,.T.);
#844 = ORIENTED_EDGE('',*,*,#306,.F.);
#845 = PLANE('',#846);
#846 = AXIS2_PLACEMENT_3D('',#847,#848,#849);
#847 = CARTESIAN_POINT('',(6.4,-62.64742200591,-2.058649622225));
#848 = DIRECTION('',(1.,0.,0.));
#849 = DIRECTION('',(0.,0.,1.));
#850 = ADVANCED_FACE('',(#851),#885,.T.);
#851 = FACE_BOUND('',#852,.T.);
#852 = EDGE_LOOP('',(#853,#863,#869,#870,#871,#879));
#853 = ORIENTED_EDGE('',*,*,#854,.T.);
#854 = EDGE_CURVE('',#855,#857,#859,.T.);
#855 = VERTEX_POINT('',#856);
#856 = CARTESIAN_POINT('',(0.,-65.50607162814,-6.4));
#857 = VERTEX_POINT('',#858);
#858 = CARTESIAN_POINT('',(5.403698505731,-65.50607162814,-6.4));
#859 = LINE('',#860,#861);
#860 = CARTESIAN_POINT('',(0.,-65.50607162814,-6.4));
#861 = VECTOR('',#862,1.);
#862 = DIRECTION('',(1.,0.,0.));
#863 = ORIENTED_EDGE('',*,*,#864,.F.);
#864 = EDGE_CURVE('',#807,#857,#865,.T.);
#865 = LINE('',#866,#867);
#866 = CARTESIAN_POINT('',(5.215286401107,-65.50607162814,
    -6.512500816081));
#867 = VECTOR('',#868,1.);
#868 = DIRECTION('',(-0.858589564179,0.,-0.512663593678));
#869 = ORIENTED_EDGE('',*,*,#806,.T.);
#870 = ORIENTED_EDGE('',*,*,#314,.F.);
#871 = ORIENTED_EDGE('',*,*,#872,.F.);
#872 = EDGE_CURVE('',#873,#315,#875,.T.);
#873 = VERTEX_POINT('',#874);
#874 = CARTESIAN_POINT('',(0.,-65.50607162814,3.10862446895E-15));
#875 = LINE('',#876,#877);
#876 = CARTESIAN_POINT('',(0.,-65.50607162814,6.217248937901E-15));
#877 = VECTOR('',#878,1.);
#878 = DIRECTION('',(0.,0.,1.));
#879 = ORIENTED_EDGE('',*,*,#880,.T.);
#880 = EDGE_CURVE('',#873,#855,#881,.T.);
#881 = LINE('',#882,#883);
#882 = CARTESIAN_POINT('',(0.,-65.50607162814,0.));
#883 = VECTOR('',#884,1.);
#884 = DIRECTION('',(-0.,-0.,-1.));
#885 = PLANE('',#886);
#886 = AXIS2_PLACEMENT_3D('',#887,#888,#889);
#887 = CARTESIAN_POINT('',(3.2,-65.50607162814,-2.4));
#888 = DIRECTION('',(-0.,-1.,-0.));
#889 = DIRECTION('',(0.,0.,-1.));
#890 = ADVANCED_FACE('',(#891),#909,.F.);
#891 = FACE_BOUND('',#892,.F.);
#892 = EDGE_LOOP('',(#893,#901,#902,#903));
#893 = ORIENTED_EDGE('',*,*,#894,.T.);
#894 = EDGE_CURVE('',#895,#323,#897,.T.);
#895 = VERTEX_POINT('',#896);
#896 = CARTESIAN_POINT('',(-14.8533020066,-55.90607162814,
    3.10862446895E-15));
#897 = LINE('',#898,#899);
#898 = CARTESIAN_POINT('',(-14.8533020066,-55.90607162814,
    6.217248937901E-15));
#899 = VECTOR('',#900,1.);
#900 = DIRECTION('',(0.,0.,1.));
#901 = ORIENTED_EDGE('',*,*,#322,.T.);
#902 = ORIENTED_EDGE('',*,*,#872,.F.);
#903 = ORIENTED_EDGE('',*,*,#904,.F.);
#904 = EDGE_CURVE('',#895,#873,#905,.T.);
#905 = LINE('',#906,#907);
#906 = CARTESIAN_POINT('',(-14.8533020066,-55.90607162814,
    6.217248937901E-15));
#907 = VECTOR('',#908,1.);
#908 = DIRECTION('',(0.839852696281,-0.542814377619,0.));
#909 = PLANE('',#910);
#910 = AXIS2_PLACEMENT_3D('',#911,#912,#913);
#911 = CARTESIAN_POINT('',(-14.8533020066,-55.90607162814,
    6.217248937901E-15));
#912 = DIRECTION('',(0.542814377619,0.839852696281,0.));
#913 = DIRECTION('',(0.839852696281,-0.542814377619,0.));
#914 = ADVANCED_FACE('',(#915),#949,.T.);
#915 = FACE_BOUND('',#916,.T.);
#916 = EDGE_LOOP('',(#917,#925,#933,#941,#947,#948));
#917 = ORIENTED_EDGE('',*,*,#918,.F.);
#918 = EDGE_CURVE('',#919,#331,#921,.T.);
#919 = VERTEX_POINT('',#920);
#920 = CARTESIAN_POINT('',(-27.6533020066,-55.90607162814,
    3.10862446895E-15));
#921 = LINE('',#922,#923);
#922 = CARTESIAN_POINT('',(-27.6533020066,-55.90607162814,
    6.217248937901E-15));
#923 = VECTOR('',#924,1.);
#924 = DIRECTION('',(0.,0.,1.));
#925 = ORIENTED_EDGE('',*,*,#926,.T.);
#926 = EDGE_CURVE('',#919,#927,#929,.T.);
#927 = VERTEX_POINT('',#928);
#928 = CARTESIAN_POINT('',(-27.6533020066,-55.90607162814,-8.));
#929 = LINE('',#930,#931);
#930 = CARTESIAN_POINT('',(-27.6533020066,-55.90607162814,-6.4));
#931 = VECTOR('',#932,1.);
#932 = DIRECTION('',(0.,0.,-1.));
#933 = ORIENTED_EDGE('',*,*,#934,.F.);
#934 = EDGE_CURVE('',#935,#927,#937,.T.);
#935 = VERTEX_POINT('',#936);
#936 = CARTESIAN_POINT('',(-14.8533020066,-55.90607162814,-8.));
#937 = LINE('',#938,#939);
#938 = CARTESIAN_POINT('',(-14.8533020066,-55.90607162814,-8.));
#939 = VECTOR('',#940,1.);
#940 = DIRECTION('',(-1.,0.,0.));
#941 = ORIENTED_EDGE('',*,*,#942,.F.);
#942 = EDGE_CURVE('',#895,#935,#943,.T.);
#943 = LINE('',#944,#945);
#944 = CARTESIAN_POINT('',(-14.8533020066,-55.90607162814,0.));
#945 = VECTOR('',#946,1.);
#946 = DIRECTION('',(-0.,-0.,-1.));
#947 = ORIENTED_EDGE('',*,*,#894,.T.);
#948 = ORIENTED_EDGE('',*,*,#330,.F.);
#949 = PLANE('',#950);
#950 = AXIS2_PLACEMENT_3D('',#951,#952,#953);
#951 = CARTESIAN_POINT('',(-21.2533020066,-55.90607162814,-3.2));
#952 = DIRECTION('',(-0.,-1.,-0.));
#953 = DIRECTION('',(0.,0.,-1.));
#954 = ADVANCED_FACE('',(#955),#973,.F.);
#955 = FACE_BOUND('',#956,.F.);
#956 = EDGE_LOOP('',(#957,#965,#966,#967));
#957 = ORIENTED_EDGE('',*,*,#958,.T.);
#958 = EDGE_CURVE('',#959,#339,#961,.T.);
#959 = VERTEX_POINT('',#960);
#960 = CARTESIAN_POINT('',(-42.7133020066,-42.20607162814,
    3.10862446895E-15));
#961 = LINE('',#962,#963);
#962 = CARTESIAN_POINT('',(-42.7133020066,-42.20607162814,
    6.217248937901E-15));
#963 = VECTOR('',#964,1.);
#964 = DIRECTION('',(0.,0.,1.));
#965 = ORIENTED_EDGE('',*,*,#338,.T.);
#966 = ORIENTED_EDGE('',*,*,#918,.F.);
#967 = ORIENTED_EDGE('',*,*,#968,.F.);
#968 = EDGE_CURVE('',#959,#919,#969,.T.);
#969 = LINE('',#970,#971);
#970 = CARTESIAN_POINT('',(-42.7133020066,-42.20607162814,
    6.217248937901E-15));
#971 = VECTOR('',#972,1.);
#972 = DIRECTION('',(0.739717779404,-0.672917236244,0.));
#973 = PLANE('',#974);
#974 = AXIS2_PLACEMENT_3D('',#975,#976,#977);
#975 = CARTESIAN_POINT('',(-42.7133020066,-42.20607162814,
    6.217248937901E-15));
#976 = DIRECTION('',(0.672917236244,0.739717779404,0.));
#977 = DIRECTION('',(0.739717779404,-0.672917236244,0.));
#978 = ADVANCED_FACE('',(#979),#1013,.T.);
#979 = FACE_BOUND('',#980,.T.);
#980 = EDGE_LOOP('',(#981,#989,#997,#1005,#1011,#1012));
#981 = ORIENTED_EDGE('',*,*,#982,.F.);
#982 = EDGE_CURVE('',#983,#347,#985,.T.);
#983 = VERTEX_POINT('',#984);
#984 = CARTESIAN_POINT('',(-42.7133020066,-29.40607162814,
    3.10862446895E-15));
#985 = LINE('',#986,#987);
#986 = CARTESIAN_POINT('',(-42.7133020066,-29.40607162814,
    6.217248937901E-15));
#987 = VECTOR('',#988,1.);
#988 = DIRECTION('',(0.,0.,1.));
#989 = ORIENTED_EDGE('',*,*,#990,.T.);
#990 = EDGE_CURVE('',#983,#991,#993,.T.);
#991 = VERTEX_POINT('',#992);
#992 = CARTESIAN_POINT('',(-42.7133020066,-29.40607162814,-8.));
#993 = LINE('',#994,#995);
#994 = CARTESIAN_POINT('',(-42.7133020066,-29.40607162814,-6.4));
#995 = VECTOR('',#996,1.);
#996 = DIRECTION('',(0.,0.,-1.));
#997 = ORIENTED_EDGE('',*,*,#998,.F.);
#998 = EDGE_CURVE('',#999,#991,#1001,.T.);
#999 = VERTEX_POINT('',#1000);
#1000 = CARTESIAN_POINT('',(-42.7133020066,-42.20607162814,-8.));
#1001 = LINE('',#1002,#1003);
#1002 = CARTESIAN_POINT('',(-42.7133020066,-42.20607162814,-8.));
#1003 = VECTOR('',#1004,1.);
#1004 = DIRECTION('',(0.,1.,0.));
#1005 = ORIENTED_EDGE('',*,*,#1006,.F.);
#1006 = EDGE_CURVE('',#959,#999,#1007,.T.);
#1007 = LINE('',#1008,#1009);
#1008 = CARTESIAN_POINT('',(-42.7133020066,-42.20607162814,0.));
#1009 = VECTOR('',#1010,1.);
#1010 = DIRECTION('',(-0.,-0.,-1.));
#1011 = ORIENTED_EDGE('',*,*,#958,.T.);
#1012 = ORIENTED_EDGE('',*,*,#346,.F.);
#1013 = PLANE('',#1014);
#1014 = AXIS2_PLACEMENT_3D('',#1015,#1016,#1017);
#1015 = CARTESIAN_POINT('',(-42.7133020066,-35.80607162814,-3.2));
#1016 = DIRECTION('',(-1.,-0.,-0.));
#1017 = DIRECTION('',(0.,0.,-1.));
#1018 = ADVANCED_FACE('',(#1019),#1037,.F.);
#1019 = FACE_BOUND('',#1020,.F.);
#1020 = EDGE_LOOP('',(#1021,#1029,#1030,#1031));
#1021 = ORIENTED_EDGE('',*,*,#1022,.T.);
#1022 = EDGE_CURVE('',#1023,#355,#1025,.T.);
#1023 = VERTEX_POINT('',#1024);
#1024 = CARTESIAN_POINT('',(-27.6533020066,-15.70607162814,
    3.10862446895E-15));
#1025 = LINE('',#1026,#1027);
#1026 = CARTESIAN_POINT('',(-27.6533020066,-15.70607162814,
    6.217248937901E-15));
#1027 = VECTOR('',#1028,1.);
#1028 = DIRECTION('',(0.,0.,1.));
#1029 = ORIENTED_EDGE('',*,*,#354,.T.);
#1030 = ORIENTED_EDGE('',*,*,#982,.F.);
#1031 = ORIENTED_EDGE('',*,*,#1032,.F.);
#1032 = EDGE_CURVE('',#1023,#983,#1033,.T.);
#1033 = LINE('',#1034,#1035);
#1034 = CARTESIAN_POINT('',(-27.6533020066,-15.70607162814,
    6.217248937901E-15));
#1035 = VECTOR('',#1036,1.);
#1036 = DIRECTION('',(-0.739717779404,-0.672917236244,0.));
#1037 = PLANE('',#1038);
#1038 = AXIS2_PLACEMENT_3D('',#1039,#1040,#1041);
#1039 = CARTESIAN_POINT('',(-27.6533020066,-15.70607162814,
    6.217248937901E-15));
#1040 = DIRECTION('',(0.672917236244,-0.739717779404,0.));
#1041 = DIRECTION('',(-0.739717779404,-0.672917236244,0.));
#1042 = ADVANCED_FACE('',(#1043),#1077,.T.);
#1043 = FACE_BOUND('',#1044,.T.);
#1044 = EDGE_LOOP('',(#1045,#1053,#1061,#1069,#1075,#1076));
#1045 = ORIENTED_EDGE('',*,*,#1046,.F.);
#1046 = EDGE_CURVE('',#1047,#363,#1049,.T.);
#1047 = VERTEX_POINT('',#1048);
#1048 = CARTESIAN_POINT('',(-14.8533020066,-15.70607162814,
    3.10862446895E-15));
#1049 = LINE('',#1050,#1051);
#1050 = CARTESIAN_POINT('',(-14.8533020066,-15.70607162814,
    6.217248937901E-15));
#1051 = VECTOR('',#1052,1.);
#1052 = DIRECTION('',(0.,0.,1.));
#1053 = ORIENTED_EDGE('',*,*,#1054,.T.);
#1054 = EDGE_CURVE('',#1047,#1055,#1057,.T.);
#1055 = VERTEX_POINT('',#1056);
#1056 = CARTESIAN_POINT('',(-14.8533020066,-15.70607162814,-8.));
#1057 = LINE('',#1058,#1059);
#1058 = CARTESIAN_POINT('',(-14.8533020066,-15.70607162814,-6.4));
#1059 = VECTOR('',#1060,1.);
#1060 = DIRECTION('',(0.,0.,-1.));
#1061 = ORIENTED_EDGE('',*,*,#1062,.F.);
#1062 = EDGE_CURVE('',#1063,#1055,#1065,.T.);
#1063 = VERTEX_POINT('',#1064);
#1064 = CARTESIAN_POINT('',(-27.6533020066,-15.70607162814,-8.));
#1065 = LINE('',#1066,#1067);
#1066 = CARTESIAN_POINT('',(-27.6533020066,-15.70607162814,-8.));
#1067 = VECTOR('',#1068,1.);
#1068 = DIRECTION('',(1.,0.,0.));
#1069 = ORIENTED_EDGE('',*,*,#1070,.F.);
#1070 = EDGE_CURVE('',#1023,#1063,#1071,.T.);
#1071 = LINE('',#1072,#1073);
#1072 = CARTESIAN_POINT('',(-27.6533020066,-15.70607162814,0.));
#1073 = VECTOR('',#1074,1.);
#1074 = DIRECTION('',(-0.,-0.,-1.));
#1075 = ORIENTED_EDGE('',*,*,#1022,.T.);
#1076 = ORIENTED_EDGE('',*,*,#362,.F.);
#1077 = PLANE('',#1078);
#1078 = AXIS2_PLACEMENT_3D('',#1079,#1080,#1081);
#1079 = CARTESIAN_POINT('',(-21.2533020066,-15.70607162814,-3.2));
#1080 = DIRECTION('',(0.,1.,0.));
#1081 = DIRECTION('',(0.,0.,1.));
#1082 = ADVANCED_FACE('',(#1083),#1101,.T.);
#1083 = FACE_BOUND('',#1084,.T.);
#1084 = EDGE_LOOP('',(#1085,#1086,#1087,#1095));
#1085 = ORIENTED_EDGE('',*,*,#1046,.T.);
#1086 = ORIENTED_EDGE('',*,*,#370,.T.);
#1087 = ORIENTED_EDGE('',*,*,#1088,.F.);
#1088 = EDGE_CURVE('',#1089,#371,#1091,.T.);
#1089 = VERTEX_POINT('',#1090);
#1090 = CARTESIAN_POINT('',(-0.443302006604,-18.90607162814,
    3.10862446895E-15));
#1091 = LINE('',#1092,#1093);
#1092 = CARTESIAN_POINT('',(-0.443302006604,-18.90607162814,
    6.217248937901E-15));
#1093 = VECTOR('',#1094,1.);
#1094 = DIRECTION('',(0.,0.,1.));
#1095 = ORIENTED_EDGE('',*,*,#1096,.F.);
#1096 = EDGE_CURVE('',#1047,#1089,#1097,.T.);
#1097 = LINE('',#1098,#1099);
#1098 = CARTESIAN_POINT('',(-14.8533020066,-15.70607162814,
    6.217248937901E-15));
#1099 = VECTOR('',#1100,1.);
#1100 = DIRECTION('',(0.976218930082,-0.216786993495,0.));
#1101 = PLANE('',#1102);
#1102 = AXIS2_PLACEMENT_3D('',#1103,#1104,#1105);
#1103 = CARTESIAN_POINT('',(-14.8533020066,-15.70607162814,
    6.217248937901E-15));
#1104 = DIRECTION('',(0.216786993495,0.976218930082,0.));
#1105 = DIRECTION('',(0.976218930082,-0.216786993495,0.));
#1106 = ADVANCED_FACE('',(#1107),#1132,.T.);
#1107 = FACE_BOUND('',#1108,.T.);
#1108 = EDGE_LOOP('',(#1109,#1110,#1118,#1124,#1125,#1126));
#1109 = ORIENTED_EDGE('',*,*,#752,.T.);
#1110 = ORIENTED_EDGE('',*,*,#1111,.T.);
#1111 = EDGE_CURVE('',#745,#1112,#1114,.T.);
#1112 = VERTEX_POINT('',#1113);
#1113 = CARTESIAN_POINT('',(-0.443302006604,-18.90607162814,-4.8));
#1114 = LINE('',#1115,#1116);
#1115 = CARTESIAN_POINT('',(5.956697993396,-18.90607162814,-4.8));
#1116 = VECTOR('',#1117,1.);
#1117 = DIRECTION('',(-1.,0.,0.));
#1118 = ORIENTED_EDGE('',*,*,#1119,.F.);
#1119 = EDGE_CURVE('',#1089,#1112,#1120,.T.);
#1120 = LINE('',#1121,#1122);
#1121 = CARTESIAN_POINT('',(-0.443302006604,-18.90607162814,0.));
#1122 = VECTOR('',#1123,1.);
#1123 = DIRECTION('',(-0.,-0.,-1.));
#1124 = ORIENTED_EDGE('',*,*,#1088,.T.);
#1125 = ORIENTED_EDGE('',*,*,#378,.F.);
#1126 = ORIENTED_EDGE('',*,*,#1127,.F.);
#1127 = EDGE_CURVE('',#753,#379,#1128,.T.);
#1128 = LINE('',#1129,#1130);
#1129 = CARTESIAN_POINT('',(5.956697993396,-18.90607162814,
    6.217248937901E-15));
#1130 = VECTOR('',#1131,1.);
#1131 = DIRECTION('',(0.,0.,1.));
#1132 = PLANE('',#1133);
#1133 = AXIS2_PLACEMENT_3D('',#1134,#1135,#1136);
#1134 = CARTESIAN_POINT('',(2.756697993396,-18.90607162814,-1.6));
#1135 = DIRECTION('',(0.,1.,0.));
#1136 = DIRECTION('',(0.,0.,1.));
#1137 = ADVANCED_FACE('',(#1138),#1149,.F.);
#1138 = FACE_BOUND('',#1139,.F.);
#1139 = EDGE_LOOP('',(#1140,#1141,#1142,#1143));
#1140 = ORIENTED_EDGE('',*,*,#655,.T.);
#1141 = ORIENTED_EDGE('',*,*,#386,.T.);
#1142 = ORIENTED_EDGE('',*,*,#1127,.F.);
#1143 = ORIENTED_EDGE('',*,*,#1144,.F.);
#1144 = EDGE_CURVE('',#647,#753,#1145,.T.);
#1145 = LINE('',#1146,#1147);
#1146 = CARTESIAN_POINT('',(32.369587508747,-4.337963815894,
    6.217248937901E-15));
#1147 = VECTOR('',#1148,1.);
#1148 = DIRECTION('',(-0.875641070042,-0.482962437934,0.));
#1149 = PLANE('',#1150);
#1150 = AXIS2_PLACEMENT_3D('',#1151,#1152,#1153);
#1151 = CARTESIAN_POINT('',(32.369587508747,-4.337963815894,
    6.217248937901E-15));
#1152 = DIRECTION('',(0.482962437934,-0.875641070042,0.));
#1153 = DIRECTION('',(-0.875641070042,-0.482962437934,0.));
#1154 = ADVANCED_FACE('',(#1155),#1174,.F.);
#1155 = FACE_BOUND('',#1156,.T.);
#1156 = EDGE_LOOP('',(#1157,#1165,#1166,#1167));
#1157 = ORIENTED_EDGE('',*,*,#1158,.T.);
#1158 = EDGE_CURVE('',#1159,#395,#1161,.T.);
#1159 = VERTEX_POINT('',#1160);
#1160 = CARTESIAN_POINT('',(-10.80549565534,-35.3529,6.217248937901E-15)
  );
#1161 = LINE('',#1162,#1163);
#1162 = CARTESIAN_POINT('',(-10.80549565534,-35.3529,6.217248937901E-15)
  );
#1163 = VECTOR('',#1164,1.);
#1164 = DIRECTION('',(0.,0.,1.));
#1165 = ORIENTED_EDGE('',*,*,#394,.T.);
#1166 = ORIENTED_EDGE('',*,*,#1158,.F.);
#1167 = ORIENTED_EDGE('',*,*,#1168,.F.);
#1168 = EDGE_CURVE('',#1159,#1159,#1169,.T.);
#1169 = CIRCLE('',#1170,10.616504344651);
#1170 = AXIS2_PLACEMENT_3D('',#1171,#1172,#1173);
#1171 = CARTESIAN_POINT('',(-21.422,-35.3529,6.217248937901E-15));
#1172 = DIRECTION('',(0.,0.,1.));
#1173 = DIRECTION('',(1.,0.,0.));
#1174 = CYLINDRICAL_SURFACE('',#1175,10.616504344651);
#1175 = AXIS2_PLACEMENT_3D('',#1176,#1177,#1178);
#1176 = CARTESIAN_POINT('',(-21.422,-35.3529,6.217248937901E-15));
#1177 = DIRECTION('',(-0.,-0.,-1.));
#1178 = DIRECTION('',(1.,0.,0.));
#1179 = ADVANCED_FACE('',(#1180),#1202,.F.);
#1180 = FACE_BOUND('',#1181,.F.);
#1181 = EDGE_LOOP('',(#1182,#1183,#1192,#1199,#1200,#1201));
#1182 = ORIENTED_EDGE('',*,*,#462,.F.);
#1183 = ORIENTED_EDGE('',*,*,#1184,.F.);
#1184 = EDGE_CURVE('',#1185,#453,#1187,.T.);
#1185 = VERTEX_POINT('',#1186);
#1186 = CARTESIAN_POINT('',(60.495197050022,-34.51463000163,0.));
#1187 = CIRCLE('',#1188,3.2);
#1188 = AXIS2_PLACEMENT_3D('',#1189,#1190,#1191);
#1189 = CARTESIAN_POINT('',(57.295197050022,-34.51463000163,0.));
#1190 = DIRECTION('',(0.,0.,1.));
#1191 = DIRECTION('',(1.,0.,0.));
#1192 = ORIENTED_EDGE('',*,*,#1193,.F.);
#1193 = EDGE_CURVE('',#580,#1185,#1194,.T.);
#1194 = CIRCLE('',#1195,3.2);
#1195 = AXIS2_PLACEMENT_3D('',#1196,#1197,#1198);
#1196 = CARTESIAN_POINT('',(57.295197050022,-34.51463000163,0.));
#1197 = DIRECTION('',(0.,0.,1.));
#1198 = DIRECTION('',(1.,0.,0.));
#1199 = ORIENTED_EDGE('',*,*,#587,.F.);
#1200 = ORIENTED_EDGE('',*,*,#563,.F.);
#1201 = ORIENTED_EDGE('',*,*,#486,.F.);
#1202 = PLANE('',#1203);
#1203 = AXIS2_PLACEMENT_3D('',#1204,#1205,#1206);
#1204 = CARTESIAN_POINT('',(13.755709159424,-33.67792898535,
    7.993605777301E-15));
#1205 = DIRECTION('',(0.,0.,1.));
#1206 = DIRECTION('',(1.,0.,0.));
#1207 = ADVANCED_FACE('',(#1208),#1224,.F.);
#1208 = FACE_BOUND('',#1209,.F.);
#1209 = EDGE_LOOP('',(#1210,#1211,#1212,#1213,#1214,#1215,#1216,#1217));
#1210 = ORIENTED_EDGE('',*,*,#672,.F.);
#1211 = ORIENTED_EDGE('',*,*,#622,.F.);
#1212 = ORIENTED_EDGE('',*,*,#646,.F.);
#1213 = ORIENTED_EDGE('',*,*,#1144,.T.);
#1214 = ORIENTED_EDGE('',*,*,#760,.F.);
#1215 = ORIENTED_EDGE('',*,*,#720,.F.);
#1216 = ORIENTED_EDGE('',*,*,#696,.T.);
#1217 = ORIENTED_EDGE('',*,*,#1218,.F.);
#1218 = EDGE_CURVE('',#453,#580,#1219,.T.);
#1219 = CIRCLE('',#1220,3.2);
#1220 = AXIS2_PLACEMENT_3D('',#1221,#1222,#1223);
#1221 = CARTESIAN_POINT('',(57.295197050022,-34.51463000163,0.));
#1222 = DIRECTION('',(0.,0.,1.));
#1223 = DIRECTION('',(1.,0.,0.));
#1224 = PLANE('',#1225);
#1225 = AXIS2_PLACEMENT_3D('',#1226,#1227,#1228);
#1226 = CARTESIAN_POINT('',(13.755709159424,-33.67792898535,
    7.993605777301E-15));
#1227 = DIRECTION('',(0.,0.,1.));
#1228 = DIRECTION('',(1.,0.,0.));
#1229 = ADVANCED_FACE('',(#1230,#1233),#1244,.F.);
#1230 = FACE_BOUND('',#1231,.F.);
#1231 = EDGE_LOOP('',(#1232));
#1232 = ORIENTED_EDGE('',*,*,#638,.T.);
#1233 = FACE_BOUND('',#1234,.F.);
#1234 = EDGE_LOOP('',(#1235));
#1235 = ORIENTED_EDGE('',*,*,#1236,.T.);
#1236 = EDGE_CURVE('',#1237,#1237,#1239,.T.);
#1237 = VERTEX_POINT('',#1238);
#1238 = CARTESIAN_POINT('',(35.215067310135,-7.14001524003,-4.8));
#1239 = CIRCLE('',#1240,1.3);
#1240 = AXIS2_PLACEMENT_3D('',#1241,#1242,#1243);
#1241 = CARTESIAN_POINT('',(33.915067310135,-7.14001524003,-4.8));
#1242 = DIRECTION('',(0.,0.,-1.));
#1243 = DIRECTION('',(1.,0.,0.));
#1244 = PLANE('',#1245);
#1245 = AXIS2_PLACEMENT_3D('',#1246,#1247,#1248);
#1246 = CARTESIAN_POINT('',(2.282013637105,-38.37935409553,-4.8));
#1247 = DIRECTION('',(0.,0.,1.));
#1248 = DIRECTION('',(1.,0.,0.));
#1249 = ADVANCED_FACE('',(#1250),#1275,.T.);
#1250 = FACE_BOUND('',#1251,.T.);
#1251 = EDGE_LOOP('',(#1252,#1262,#1268,#1269));
#1252 = ORIENTED_EDGE('',*,*,#1253,.T.);
#1253 = EDGE_CURVE('',#1254,#1256,#1258,.T.);
#1254 = VERTEX_POINT('',#1255);
#1255 = CARTESIAN_POINT('',(-0.443302006604,-52.70607162814,0.));
#1256 = VERTEX_POINT('',#1257);
#1257 = CARTESIAN_POINT('',(-0.443302006604,-52.70607162814,-4.8));
#1258 = LINE('',#1259,#1260);
#1259 = CARTESIAN_POINT('',(-0.443302006604,-52.70607162814,0.));
#1260 = VECTOR('',#1261,1.);
#1261 = DIRECTION('',(-0.,-0.,-1.));
#1262 = ORIENTED_EDGE('',*,*,#1263,.T.);
#1263 = EDGE_CURVE('',#1256,#737,#1264,.T.);
#1264 = LINE('',#1265,#1266);
#1265 = CARTESIAN_POINT('',(-0.443302006604,-52.70607162814,-4.8));
#1266 = VECTOR('',#1267,1.);
#1267 = DIRECTION('',(1.,0.,0.));
#1268 = ORIENTED_EDGE('',*,*,#734,.F.);
#1269 = ORIENTED_EDGE('',*,*,#1270,.F.);
#1270 = EDGE_CURVE('',#1254,#735,#1271,.T.);
#1271 = LINE('',#1272,#1273);
#1272 = CARTESIAN_POINT('',(-0.443302006604,-52.70607162814,0.));
#1273 = VECTOR('',#1274,1.);
#1274 = DIRECTION('',(1.,0.,0.));
#1275 = PLANE('',#1276);
#1276 = AXIS2_PLACEMENT_3D('',#1277,#1278,#1279);
#1277 = CARTESIAN_POINT('',(-0.443302006604,-52.70607162814,0.));
#1278 = DIRECTION('',(0.,-1.,0.));
#1279 = DIRECTION('',(1.,0.,0.));
#1280 = ADVANCED_FACE('',(#1281),#1292,.F.);
#1281 = FACE_BOUND('',#1282,.F.);
#1282 = EDGE_LOOP('',(#1283,#1289,#1290,#1291));
#1283 = ORIENTED_EDGE('',*,*,#1284,.T.);
#1284 = EDGE_CURVE('',#1112,#1256,#1285,.T.);
#1285 = LINE('',#1286,#1287);
#1286 = CARTESIAN_POINT('',(-0.443302006604,-18.90607162814,-4.8));
#1287 = VECTOR('',#1288,1.);
#1288 = DIRECTION('',(0.,-1.,0.));
#1289 = ORIENTED_EDGE('',*,*,#1263,.T.);
#1290 = ORIENTED_EDGE('',*,*,#744,.T.);
#1291 = ORIENTED_EDGE('',*,*,#1111,.T.);
#1292 = PLANE('',#1293);
#1293 = AXIS2_PLACEMENT_3D('',#1294,#1295,#1296);
#1294 = CARTESIAN_POINT('',(2.282013637105,-38.37935409553,-4.8));
#1295 = DIRECTION('',(0.,0.,1.));
#1296 = DIRECTION('',(1.,0.,0.));
#1297 = ADVANCED_FACE('',(#1298,#1392),#1395,.F.);
#1298 = FACE_BOUND('',#1299,.F.);
#1299 = EDGE_LOOP('',(#1300,#1306,#1307,#1315,#1323,#1329,#1330,#1338,
    #1346,#1352,#1353,#1361,#1369,#1375,#1376,#1384,#1390,#1391));
#1300 = ORIENTED_EDGE('',*,*,#1301,.F.);
#1301 = EDGE_CURVE('',#1089,#1254,#1302,.T.);
#1302 = LINE('',#1303,#1304);
#1303 = CARTESIAN_POINT('',(-0.443302006604,-18.90607162814,0.));
#1304 = VECTOR('',#1305,1.);
#1305 = DIRECTION('',(0.,-1.,0.));
#1306 = ORIENTED_EDGE('',*,*,#1096,.F.);
#1307 = ORIENTED_EDGE('',*,*,#1308,.F.);
#1308 = EDGE_CURVE('',#1309,#1047,#1311,.T.);
#1309 = VERTEX_POINT('',#1310);
#1310 = CARTESIAN_POINT('',(-14.8533020066,-22.10607162814,0.));
#1311 = LINE('',#1312,#1313);
#1312 = CARTESIAN_POINT('',(-14.8533020066,-22.10607162814,0.));
#1313 = VECTOR('',#1314,1.);
#1314 = DIRECTION('',(0.,1.,0.));
#1315 = ORIENTED_EDGE('',*,*,#1316,.F.);
#1316 = EDGE_CURVE('',#1317,#1309,#1319,.T.);
#1317 = VERTEX_POINT('',#1318);
#1318 = CARTESIAN_POINT('',(-27.6533020066,-22.10607162814,0.));
#1319 = LINE('',#1320,#1321);
#1320 = CARTESIAN_POINT('',(-27.6533020066,-22.10607162814,0.));
#1321 = VECTOR('',#1322,1.);
#1322 = DIRECTION('',(1.,0.,0.));
#1323 = ORIENTED_EDGE('',*,*,#1324,.F.);
#1324 = EDGE_CURVE('',#1023,#1317,#1325,.T.);
#1325 = LINE('',#1326,#1327);
#1326 = CARTESIAN_POINT('',(-27.6533020066,-15.70607162814,0.));
#1327 = VECTOR('',#1328,1.);
#1328 = DIRECTION('',(0.,-1.,0.));
#1329 = ORIENTED_EDGE('',*,*,#1032,.T.);
#1330 = ORIENTED_EDGE('',*,*,#1331,.F.);
#1331 = EDGE_CURVE('',#1332,#983,#1334,.T.);
#1332 = VERTEX_POINT('',#1333);
#1333 = CARTESIAN_POINT('',(-36.3133020066,-29.40607162814,0.));
#1334 = LINE('',#1335,#1336);
#1335 = CARTESIAN_POINT('',(-36.3133020066,-29.40607162814,0.));
#1336 = VECTOR('',#1337,1.);
#1337 = DIRECTION('',(-1.,0.,0.));
#1338 = ORIENTED_EDGE('',*,*,#1339,.F.);
#1339 = EDGE_CURVE('',#1340,#1332,#1342,.T.);
#1340 = VERTEX_POINT('',#1341);
#1341 = CARTESIAN_POINT('',(-36.3133020066,-42.20607162814,0.));
#1342 = LINE('',#1343,#1344);
#1343 = CARTESIAN_POINT('',(-36.3133020066,-42.20607162814,0.));
#1344 = VECTOR('',#1345,1.);
#1345 = DIRECTION('',(0.,1.,0.));
#1346 = ORIENTED_EDGE('',*,*,#1347,.F.);
#1347 = EDGE_CURVE('',#959,#1340,#1348,.T.);
#1348 = LINE('',#1349,#1350);
#1349 = CARTESIAN_POINT('',(-42.7133020066,-42.20607162814,0.));
#1350 = VECTOR('',#1351,1.);
#1351 = DIRECTION('',(1.,0.,0.));
#1352 = ORIENTED_EDGE('',*,*,#968,.T.);
#1353 = ORIENTED_EDGE('',*,*,#1354,.F.);
#1354 = EDGE_CURVE('',#1355,#919,#1357,.T.);
#1355 = VERTEX_POINT('',#1356);
#1356 = CARTESIAN_POINT('',(-27.6533020066,-49.50607162814,0.));
#1357 = LINE('',#1358,#1359);
#1358 = CARTESIAN_POINT('',(-27.6533020066,-49.50607162814,0.));
#1359 = VECTOR('',#1360,1.);
#1360 = DIRECTION('',(0.,-1.,0.));
#1361 = ORIENTED_EDGE('',*,*,#1362,.F.);
#1362 = EDGE_CURVE('',#1363,#1355,#1365,.T.);
#1363 = VERTEX_POINT('',#1364);
#1364 = CARTESIAN_POINT('',(-14.8533020066,-49.50607162814,0.));
#1365 = LINE('',#1366,#1367);
#1366 = CARTESIAN_POINT('',(-14.8533020066,-49.50607162814,0.));
#1367 = VECTOR('',#1368,1.);
#1368 = DIRECTION('',(-1.,0.,0.));
#1369 = ORIENTED_EDGE('',*,*,#1370,.F.);
#1370 = EDGE_CURVE('',#895,#1363,#1371,.T.);
#1371 = LINE('',#1372,#1373);
#1372 = CARTESIAN_POINT('',(-14.8533020066,-55.90607162814,0.));
#1373 = VECTOR('',#1374,1.);
#1374 = DIRECTION('',(0.,1.,0.));
#1375 = ORIENTED_EDGE('',*,*,#904,.T.);
#1376 = ORIENTED_EDGE('',*,*,#1377,.F.);
#1377 = EDGE_CURVE('',#1378,#873,#1380,.T.);
#1378 = VERTEX_POINT('',#1379);
#1379 = CARTESIAN_POINT('',(0.,-59.10607162814,0.));
#1380 = LINE('',#1381,#1382);
#1381 = CARTESIAN_POINT('',(0.,-59.10607162814,0.));
#1382 = VECTOR('',#1383,1.);
#1383 = DIRECTION('',(0.,-1.,0.));
#1384 = ORIENTED_EDGE('',*,*,#1385,.F.);
#1385 = EDGE_CURVE('',#785,#1378,#1386,.T.);
#1386 = LINE('',#1387,#1388);
#1387 = CARTESIAN_POINT('',(6.4,-59.10607162814,0.));
#1388 = VECTOR('',#1389,1.);
#1389 = DIRECTION('',(-1.,0.,0.));
#1390 = ORIENTED_EDGE('',*,*,#792,.F.);
#1391 = ORIENTED_EDGE('',*,*,#1270,.F.);
#1392 = FACE_BOUND('',#1393,.F.);
#1393 = EDGE_LOOP('',(#1394));
#1394 = ORIENTED_EDGE('',*,*,#1168,.F.);
#1395 = PLANE('',#1396);
#1396 = AXIS2_PLACEMENT_3D('',#1397,#1398,#1399);
#1397 = CARTESIAN_POINT('',(13.755709159424,-33.67792898535,
    7.993605777301E-15));
#1398 = DIRECTION('',(0.,0.,1.));
#1399 = DIRECTION('',(1.,0.,0.));
#1400 = ADVANCED_FACE('',(#1401),#1427,.T.);
#1401 = FACE_BOUND('',#1402,.T.);
#1402 = EDGE_LOOP('',(#1403,#1404,#1405,#1413,#1421));
#1403 = ORIENTED_EDGE('',*,*,#814,.T.);
#1404 = ORIENTED_EDGE('',*,*,#864,.T.);
#1405 = ORIENTED_EDGE('',*,*,#1406,.F.);
#1406 = EDGE_CURVE('',#1407,#857,#1409,.T.);
#1407 = VERTEX_POINT('',#1408);
#1408 = CARTESIAN_POINT('',(4.163609517615,-64.58300101677,-6.4));
#1409 = LINE('',#1410,#1411);
#1410 = CARTESIAN_POINT('',(4.230145703561,-64.63252778334,-6.4));
#1411 = VECTOR('',#1412,1.);
#1412 = DIRECTION('',(0.802167013151,-0.597099726187,0.));
#1413 = ORIENTED_EDGE('',*,*,#1414,.F.);
#1414 = EDGE_CURVE('',#1415,#1407,#1417,.T.);
#1415 = VERTEX_POINT('',#1416);
#1416 = CARTESIAN_POINT('',(4.70782548451,-63.99079417281,-5.6));
#1417 = LINE('',#1418,#1419);
#1418 = CARTESIAN_POINT('',(4.496801356012,-64.22042715078,
    -5.910206449403));
#1419 = VECTOR('',#1420,1.);
#1420 = DIRECTION('',(-0.479735944876,-0.522040746922,-0.705214068029));
#1421 = ORIENTED_EDGE('',*,*,#1422,.T.);
#1422 = EDGE_CURVE('',#1415,#815,#1423,.T.);
#1423 = LINE('',#1424,#1425);
#1424 = CARTESIAN_POINT('',(4.70782548451,-63.99079417281,-5.6));
#1425 = VECTOR('',#1426,1.);
#1426 = DIRECTION('',(0.802167013151,-0.597099726187,0.));
#1427 = PLANE('',#1428);
#1428 = AXIS2_PLACEMENT_3D('',#1429,#1430,#1431);
#1429 = CARTESIAN_POINT('',(4.468985594036,-64.31166097808,-6.));
#1430 = DIRECTION('',(0.422213265431,0.567217734643,-0.707106781187));
#1431 = DIRECTION('',(0.802167013151,-0.597099726187,2.22044604925E-16)
  );
#1432 = ADVANCED_FACE('',(#1433),#1451,.F.);
#1433 = FACE_BOUND('',#1434,.F.);
#1434 = EDGE_LOOP('',(#1435,#1443,#1444,#1445));
#1435 = ORIENTED_EDGE('',*,*,#1436,.T.);
#1436 = EDGE_CURVE('',#1437,#1415,#1439,.T.);
#1437 = VERTEX_POINT('',#1438);
#1438 = CARTESIAN_POINT('',(4.70782548451,-63.99079417281,-4.8));
#1439 = LINE('',#1440,#1441);
#1440 = CARTESIAN_POINT('',(4.70782548451,-63.99079417281,-4.8));
#1441 = VECTOR('',#1442,1.);
#1442 = DIRECTION('',(0.,0.,-1.));
#1443 = ORIENTED_EDGE('',*,*,#1422,.T.);
#1444 = ORIENTED_EDGE('',*,*,#822,.F.);
#1445 = ORIENTED_EDGE('',*,*,#1446,.F.);
#1446 = EDGE_CURVE('',#1437,#823,#1447,.T.);
#1447 = LINE('',#1448,#1449);
#1448 = CARTESIAN_POINT('',(4.70782548451,-63.99079417281,-4.8));
#1449 = VECTOR('',#1450,1.);
#1450 = DIRECTION('',(0.802167013151,-0.597099726187,0.));
#1451 = PLANE('',#1452);
#1452 = AXIS2_PLACEMENT_3D('',#1453,#1454,#1455);
#1453 = CARTESIAN_POINT('',(4.70782548451,-63.99079417281,-4.8));
#1454 = DIRECTION('',(-0.597099726187,-0.802167013151,-0.));
#1455 = DIRECTION('',(0.802167013151,-0.597099726187,0.));
#1456 = ADVANCED_FACE('',(#1457),#1483,.F.);
#1457 = FACE_BOUND('',#1458,.F.);
#1458 = EDGE_LOOP('',(#1459,#1467,#1475,#1481,#1482));
#1459 = ORIENTED_EDGE('',*,*,#1460,.T.);
#1460 = EDGE_CURVE('',#831,#1461,#1463,.T.);
#1461 = VERTEX_POINT('',#1462);
#1462 = CARTESIAN_POINT('',(0.759849437493,-59.10607162814,-4.8));
#1463 = LINE('',#1464,#1465);
#1464 = CARTESIAN_POINT('',(6.4,-59.10607162814,-4.8));
#1465 = VECTOR('',#1466,1.);
#1466 = DIRECTION('',(-1.,0.,0.));
#1467 = ORIENTED_EDGE('',*,*,#1468,.T.);
#1468 = EDGE_CURVE('',#1461,#1469,#1471,.T.);
#1469 = VERTEX_POINT('',#1470);
#1470 = CARTESIAN_POINT('',(2.455060444705,-61.44439580183,-4.8));
#1471 = LINE('',#1472,#1473);
#1472 = CARTESIAN_POINT('',(0.759849437493,-59.10607162814,-4.8));
#1473 = VECTOR('',#1474,1.);
#1474 = DIRECTION('',(0.58695077279,-0.809622622165,0.));
#1475 = ORIENTED_EDGE('',*,*,#1476,.T.);
#1476 = EDGE_CURVE('',#1469,#1437,#1477,.T.);
#1477 = LINE('',#1478,#1479);
#1478 = CARTESIAN_POINT('',(2.455060444705,-61.44439580183,-4.8));
#1479 = VECTOR('',#1480,1.);
#1480 = DIRECTION('',(0.662603890427,-0.748970015682,0.));
#1481 = ORIENTED_EDGE('',*,*,#1446,.T.);
#1482 = ORIENTED_EDGE('',*,*,#830,.T.);
#1483 = PLANE('',#1484);
#1484 = AXIS2_PLACEMENT_3D('',#1485,#1486,#1487);
#1485 = CARTESIAN_POINT('',(2.282013637105,-38.37935409553,-4.8));
#1486 = DIRECTION('',(0.,0.,1.));
#1487 = DIRECTION('',(1.,0.,0.));
#1488 = ADVANCED_FACE('',(#1489),#1516,.T.);
#1489 = FACE_BOUND('',#1490,.T.);
#1490 = EDGE_LOOP('',(#1491,#1499,#1507,#1513,#1514,#1515));
#1491 = ORIENTED_EDGE('',*,*,#1492,.T.);
#1492 = EDGE_CURVE('',#1461,#1493,#1495,.T.);
#1493 = VERTEX_POINT('',#1494);
#1494 = CARTESIAN_POINT('',(0.759849437493,-59.10607162814,-5.6));
#1495 = LINE('',#1496,#1497);
#1496 = CARTESIAN_POINT('',(0.759849437493,-59.10607162814,-4.8));
#1497 = VECTOR('',#1498,1.);
#1498 = DIRECTION('',(0.,0.,-1.));
#1499 = ORIENTED_EDGE('',*,*,#1500,.T.);
#1500 = EDGE_CURVE('',#1493,#1501,#1503,.T.);
#1501 = VERTEX_POINT('',#1502);
#1502 = CARTESIAN_POINT('',(7.105427357601E-15,-59.10607162814,
    -6.215191294033));
#1503 = LINE('',#1504,#1505);
#1504 = CARTESIAN_POINT('',(1.867811316259,-59.10607162814,
    -4.702968998454));
#1505 = VECTOR('',#1506,1.);
#1506 = DIRECTION('',(-0.77720731199,0.,-0.629244621899));
#1507 = ORIENTED_EDGE('',*,*,#1508,.F.);
#1508 = EDGE_CURVE('',#1378,#1501,#1509,.T.);
#1509 = LINE('',#1510,#1511);
#1510 = CARTESIAN_POINT('',(0.,-59.10607162814,-4.8));
#1511 = VECTOR('',#1512,1.);
#1512 = DIRECTION('',(0.,0.,-1.));
#1513 = ORIENTED_EDGE('',*,*,#1385,.F.);
#1514 = ORIENTED_EDGE('',*,*,#838,.T.);
#1515 = ORIENTED_EDGE('',*,*,#1460,.T.);
#1516 = PLANE('',#1517);
#1517 = AXIS2_PLACEMENT_3D('',#1518,#1519,#1520);
#1518 = CARTESIAN_POINT('',(2.847490589843,-59.10607162814,
    -2.847490589843));
#1519 = DIRECTION('',(0.,1.,0.));
#1520 = DIRECTION('',(0.,0.,1.));
#1521 = ADVANCED_FACE('',(#1522),#1548,.F.);
#1522 = FACE_BOUND('',#1523,.F.);
#1523 = EDGE_LOOP('',(#1524,#1525,#1526,#1534,#1542));
#1524 = ORIENTED_EDGE('',*,*,#854,.T.);
#1525 = ORIENTED_EDGE('',*,*,#1406,.F.);
#1526 = ORIENTED_EDGE('',*,*,#1527,.F.);
#1527 = EDGE_CURVE('',#1528,#1407,#1530,.T.);
#1528 = VERTEX_POINT('',#1529);
#1529 = CARTESIAN_POINT('',(1.807362346973,-61.91395642006,-6.4));
#1530 = LINE('',#1531,#1532);
#1531 = CARTESIAN_POINT('',(1.855884432159,-61.97447891417,-6.4));
#1532 = VECTOR('',#1533,1.);
#1533 = DIRECTION('',(0.662603890427,-0.748970015682,0.));
#1534 = ORIENTED_EDGE('',*,*,#1535,.F.);
#1535 = EDGE_CURVE('',#1536,#1528,#1538,.T.);
#1536 = VERTEX_POINT('',#1537);
#1537 = CARTESIAN_POINT('',(-1.165734175856E-15,-59.42093398889,-6.4));
#1538 = LINE('',#1539,#1540);
#1539 = CARTESIAN_POINT('',(0.112151339761,-59.57563224637,-6.4));
#1540 = VECTOR('',#1541,1.);
#1541 = DIRECTION('',(0.58695077279,-0.809622622165,0.));
#1542 = ORIENTED_EDGE('',*,*,#1543,.T.);
#1543 = EDGE_CURVE('',#1536,#855,#1544,.T.);
#1544 = LINE('',#1545,#1546);
#1545 = CARTESIAN_POINT('',(0.,-59.10607162814,-6.4));
#1546 = VECTOR('',#1547,1.);
#1547 = DIRECTION('',(0.,-1.,0.));
#1548 = PLANE('',#1549);
#1549 = AXIS2_PLACEMENT_3D('',#1550,#1551,#1552);
#1550 = CARTESIAN_POINT('',(38.208905066631,-53.4630851134,-6.4));
#1551 = DIRECTION('',(0.,0.,1.));
#1552 = DIRECTION('',(1.,0.,0.));
#1553 = ADVANCED_FACE('',(#1554),#1566,.T.);
#1554 = FACE_BOUND('',#1555,.T.);
#1555 = EDGE_LOOP('',(#1556,#1557,#1563,#1564,#1565));
#1556 = ORIENTED_EDGE('',*,*,#1508,.T.);
#1557 = ORIENTED_EDGE('',*,*,#1558,.T.);
#1558 = EDGE_CURVE('',#1501,#1536,#1559,.T.);
#1559 = LINE('',#1560,#1561);
#1560 = CARTESIAN_POINT('',(0.,-59.67828878095,-6.551054594078));
#1561 = VECTOR('',#1562,1.);
#1562 = DIRECTION('',(0.,-0.862417948253,-0.506196881195));
#1563 = ORIENTED_EDGE('',*,*,#1543,.T.);
#1564 = ORIENTED_EDGE('',*,*,#880,.F.);
#1565 = ORIENTED_EDGE('',*,*,#1377,.F.);
#1566 = PLANE('',#1567);
#1567 = AXIS2_PLACEMENT_3D('',#1568,#1569,#1570);
#1568 = CARTESIAN_POINT('',(0.,-62.30607162814,-3.2));
#1569 = DIRECTION('',(-1.,-0.,-0.));
#1570 = DIRECTION('',(0.,0.,-1.));
#1571 = ADVANCED_FACE('',(#1572),#1614,.T.);
#1572 = FACE_BOUND('',#1573,.T.);
#1573 = EDGE_LOOP('',(#1574,#1584,#1592,#1598,#1599,#1600,#1608));
#1574 = ORIENTED_EDGE('',*,*,#1575,.T.);
#1575 = EDGE_CURVE('',#1576,#1578,#1580,.T.);
#1576 = VERTEX_POINT('',#1577);
#1577 = CARTESIAN_POINT('',(-27.6533020066,-52.90607162814,-6.4));
#1578 = VERTEX_POINT('',#1579);
#1579 = CARTESIAN_POINT('',(-27.6533020066,-52.90607162814,-7.2));
#1580 = LINE('',#1581,#1582);
#1581 = CARTESIAN_POINT('',(-27.6533020066,-52.90607162814,-6.4));
#1582 = VECTOR('',#1583,1.);
#1583 = DIRECTION('',(0.,0.,-1.));
#1584 = ORIENTED_EDGE('',*,*,#1585,.T.);
#1585 = EDGE_CURVE('',#1578,#1586,#1588,.T.);
#1586 = VERTEX_POINT('',#1587);
#1587 = CARTESIAN_POINT('',(-27.6533020066,-53.70607162814,-8.));
#1588 = LINE('',#1589,#1590);
#1589 = CARTESIAN_POINT('',(-27.6533020066,-52.25607162814,-6.55));
#1590 = VECTOR('',#1591,1.);
#1591 = DIRECTION('',(0.,-0.707106781187,-0.707106781187));
#1592 = ORIENTED_EDGE('',*,*,#1593,.F.);
#1593 = EDGE_CURVE('',#927,#1586,#1594,.T.);
#1594 = LINE('',#1595,#1596);
#1595 = CARTESIAN_POINT('',(-27.6533020066,-55.90607162814,-8.));
#1596 = VECTOR('',#1597,1.);
#1597 = DIRECTION('',(0.,1.,0.));
#1598 = ORIENTED_EDGE('',*,*,#926,.F.);
#1599 = ORIENTED_EDGE('',*,*,#1354,.F.);
#1600 = ORIENTED_EDGE('',*,*,#1601,.T.);
#1601 = EDGE_CURVE('',#1355,#1602,#1604,.T.);
#1602 = VERTEX_POINT('',#1603);
#1603 = CARTESIAN_POINT('',(-27.6533020066,-49.50607162814,-6.4));
#1604 = LINE('',#1605,#1606);
#1605 = CARTESIAN_POINT('',(-27.6533020066,-49.50607162814,-4.8));
#1606 = VECTOR('',#1607,1.);
#1607 = DIRECTION('',(0.,0.,-1.));
#1608 = ORIENTED_EDGE('',*,*,#1609,.T.);
#1609 = EDGE_CURVE('',#1602,#1576,#1610,.T.);
#1610 = LINE('',#1611,#1612);
#1611 = CARTESIAN_POINT('',(-27.6533020066,-49.50607162814,-6.4));
#1612 = VECTOR('',#1613,1.);
#1613 = DIRECTION('',(0.,-1.,0.));
#1614 = PLANE('',#1615);
#1615 = AXIS2_PLACEMENT_3D('',#1616,#1617,#1618);
#1616 = CARTESIAN_POINT('',(-27.6533020066,-52.89496051703,
    -3.811111111111));
#1617 = DIRECTION('',(-1.,-0.,-0.));
#1618 = DIRECTION('',(0.,0.,-1.));
#1619 = ADVANCED_FACE('',(#1620),#1638,.F.);
#1620 = FACE_BOUND('',#1621,.F.);
#1621 = EDGE_LOOP('',(#1622,#1623,#1624,#1632));
#1622 = ORIENTED_EDGE('',*,*,#1593,.F.);
#1623 = ORIENTED_EDGE('',*,*,#934,.F.);
#1624 = ORIENTED_EDGE('',*,*,#1625,.F.);
#1625 = EDGE_CURVE('',#1626,#935,#1628,.T.);
#1626 = VERTEX_POINT('',#1627);
#1627 = CARTESIAN_POINT('',(-14.8533020066,-53.70607162814,-8.));
#1628 = LINE('',#1629,#1630);
#1629 = CARTESIAN_POINT('',(-14.8533020066,-52.90607162814,-8.));
#1630 = VECTOR('',#1631,1.);
#1631 = DIRECTION('',(0.,-1.,0.));
#1632 = ORIENTED_EDGE('',*,*,#1633,.F.);
#1633 = EDGE_CURVE('',#1586,#1626,#1634,.T.);
#1634 = LINE('',#1635,#1636);
#1635 = CARTESIAN_POINT('',(-27.6533020066,-53.70607162814,-8.));
#1636 = VECTOR('',#1637,1.);
#1637 = DIRECTION('',(1.,0.,0.));
#1638 = PLANE('',#1639);
#1639 = AXIS2_PLACEMENT_3D('',#1640,#1641,#1642);
#1640 = CARTESIAN_POINT('',(-27.90663533993,-35.80607162814,-8.));
#1641 = DIRECTION('',(0.,0.,1.));
#1642 = DIRECTION('',(1.,0.,0.));
#1643 = ADVANCED_FACE('',(#1644),#1679,.T.);
#1644 = FACE_BOUND('',#1645,.T.);
#1645 = EDGE_LOOP('',(#1646,#1647,#1655,#1663,#1671,#1677,#1678));
#1646 = ORIENTED_EDGE('',*,*,#1625,.F.);
#1647 = ORIENTED_EDGE('',*,*,#1648,.F.);
#1648 = EDGE_CURVE('',#1649,#1626,#1651,.T.);
#1649 = VERTEX_POINT('',#1650);
#1650 = CARTESIAN_POINT('',(-14.8533020066,-52.90607162814,-7.2));
#1651 = LINE('',#1652,#1653);
#1652 = CARTESIAN_POINT('',(-14.8533020066,-52.25607162814,-6.55));
#1653 = VECTOR('',#1654,1.);
#1654 = DIRECTION('',(0.,-0.707106781187,-0.707106781187));
#1655 = ORIENTED_EDGE('',*,*,#1656,.F.);
#1656 = EDGE_CURVE('',#1657,#1649,#1659,.T.);
#1657 = VERTEX_POINT('',#1658);
#1658 = CARTESIAN_POINT('',(-14.8533020066,-52.90607162814,-6.4));
#1659 = LINE('',#1660,#1661);
#1660 = CARTESIAN_POINT('',(-14.8533020066,-52.90607162814,-6.4));
#1661 = VECTOR('',#1662,1.);
#1662 = DIRECTION('',(0.,0.,-1.));
#1663 = ORIENTED_EDGE('',*,*,#1664,.T.);
#1664 = EDGE_CURVE('',#1657,#1665,#1667,.T.);
#1665 = VERTEX_POINT('',#1666);
#1666 = CARTESIAN_POINT('',(-14.8533020066,-49.50607162814,-6.4));
#1667 = LINE('',#1668,#1669);
#1668 = CARTESIAN_POINT('',(-14.8533020066,-55.90607162814,-6.4));
#1669 = VECTOR('',#1670,1.);
#1670 = DIRECTION('',(0.,1.,0.));
#1671 = ORIENTED_EDGE('',*,*,#1672,.F.);
#1672 = EDGE_CURVE('',#1363,#1665,#1673,.T.);
#1673 = LINE('',#1674,#1675);
#1674 = CARTESIAN_POINT('',(-14.8533020066,-49.50607162814,-4.8));
#1675 = VECTOR('',#1676,1.);
#1676 = DIRECTION('',(0.,0.,-1.));
#1677 = ORIENTED_EDGE('',*,*,#1370,.F.);
#1678 = ORIENTED_EDGE('',*,*,#942,.T.);
#1679 = PLANE('',#1680);
#1680 = AXIS2_PLACEMENT_3D('',#1681,#1682,#1683);
#1681 = CARTESIAN_POINT('',(-14.8533020066,-52.89496051703,
    -3.811111111111));
#1682 = DIRECTION('',(1.,0.,0.));
#1683 = DIRECTION('',(0.,0.,1.));
#1684 = ADVANCED_FACE('',(#1685),#1727,.T.);
#1685 = FACE_BOUND('',#1686,.T.);
#1686 = EDGE_LOOP('',(#1687,#1697,#1705,#1711,#1712,#1713,#1721));
#1687 = ORIENTED_EDGE('',*,*,#1688,.T.);
#1688 = EDGE_CURVE('',#1689,#1691,#1693,.T.);
#1689 = VERTEX_POINT('',#1690);
#1690 = CARTESIAN_POINT('',(-39.7133020066,-29.40607162814,-6.4));
#1691 = VERTEX_POINT('',#1692);
#1692 = CARTESIAN_POINT('',(-39.7133020066,-29.40607162814,-7.2));
#1693 = LINE('',#1694,#1695);
#1694 = CARTESIAN_POINT('',(-39.7133020066,-29.40607162814,-6.4));
#1695 = VECTOR('',#1696,1.);
#1696 = DIRECTION('',(0.,0.,-1.));
#1697 = ORIENTED_EDGE('',*,*,#1698,.T.);
#1698 = EDGE_CURVE('',#1691,#1699,#1701,.T.);
#1699 = VERTEX_POINT('',#1700);
#1700 = CARTESIAN_POINT('',(-40.5133020066,-29.40607162814,-8.));
#1701 = LINE('',#1702,#1703);
#1702 = CARTESIAN_POINT('',(-39.0633020066,-29.40607162814,-6.55));
#1703 = VECTOR('',#1704,1.);
#1704 = DIRECTION('',(-0.707106781187,0.,-0.707106781187));
#1705 = ORIENTED_EDGE('',*,*,#1706,.F.);
#1706 = EDGE_CURVE('',#991,#1699,#1707,.T.);
#1707 = LINE('',#1708,#1709);
#1708 = CARTESIAN_POINT('',(-42.7133020066,-29.40607162814,-8.));
#1709 = VECTOR('',#1710,1.);
#1710 = DIRECTION('',(1.,0.,0.));
#1711 = ORIENTED_EDGE('',*,*,#990,.F.);
#1712 = ORIENTED_EDGE('',*,*,#1331,.F.);
#1713 = ORIENTED_EDGE('',*,*,#1714,.T.);
#1714 = EDGE_CURVE('',#1332,#1715,#1717,.T.);
#1715 = VERTEX_POINT('',#1716);
#1716 = CARTESIAN_POINT('',(-36.3133020066,-29.40607162814,-6.4));
#1717 = LINE('',#1718,#1719);
#1718 = CARTESIAN_POINT('',(-36.3133020066,-29.40607162814,-4.8));
#1719 = VECTOR('',#1720,1.);
#1720 = DIRECTION('',(0.,0.,-1.));
#1721 = ORIENTED_EDGE('',*,*,#1722,.T.);
#1722 = EDGE_CURVE('',#1715,#1689,#1723,.T.);
#1723 = LINE('',#1724,#1725);
#1724 = CARTESIAN_POINT('',(-36.3133020066,-29.40607162814,-6.4));
#1725 = VECTOR('',#1726,1.);
#1726 = DIRECTION('',(-1.,0.,0.));
#1727 = PLANE('',#1728);
#1728 = AXIS2_PLACEMENT_3D('',#1729,#1730,#1731);
#1729 = CARTESIAN_POINT('',(-39.70219089549,-29.40607162814,
    -3.811111111111));
#1730 = DIRECTION('',(0.,1.,0.));
#1731 = DIRECTION('',(0.,0.,1.));
#1732 = ADVANCED_FACE('',(#1733),#1751,.F.);
#1733 = FACE_BOUND('',#1734,.F.);
#1734 = EDGE_LOOP('',(#1735,#1736,#1737,#1745));
#1735 = ORIENTED_EDGE('',*,*,#1706,.F.);
#1736 = ORIENTED_EDGE('',*,*,#998,.F.);
#1737 = ORIENTED_EDGE('',*,*,#1738,.F.);
#1738 = EDGE_CURVE('',#1739,#999,#1741,.T.);
#1739 = VERTEX_POINT('',#1740);
#1740 = CARTESIAN_POINT('',(-40.5133020066,-42.20607162814,-8.));
#1741 = LINE('',#1742,#1743);
#1742 = CARTESIAN_POINT('',(-39.7133020066,-42.20607162814,-8.));
#1743 = VECTOR('',#1744,1.);
#1744 = DIRECTION('',(-1.,0.,0.));
#1745 = ORIENTED_EDGE('',*,*,#1746,.F.);
#1746 = EDGE_CURVE('',#1699,#1739,#1747,.T.);
#1747 = LINE('',#1748,#1749);
#1748 = CARTESIAN_POINT('',(-40.5133020066,-29.40607162814,-8.));
#1749 = VECTOR('',#1750,1.);
#1750 = DIRECTION('',(0.,-1.,0.));
#1751 = PLANE('',#1752);
#1752 = AXIS2_PLACEMENT_3D('',#1753,#1754,#1755);
#1753 = CARTESIAN_POINT('',(-27.90663533993,-35.80607162814,-8.));
#1754 = DIRECTION('',(0.,0.,1.));
#1755 = DIRECTION('',(1.,0.,0.));
#1756 = ADVANCED_FACE('',(#1757),#1792,.T.);
#1757 = FACE_BOUND('',#1758,.T.);
#1758 = EDGE_LOOP('',(#1759,#1760,#1768,#1776,#1784,#1790,#1791));
#1759 = ORIENTED_EDGE('',*,*,#1738,.F.);
#1760 = ORIENTED_EDGE('',*,*,#1761,.F.);
#1761 = EDGE_CURVE('',#1762,#1739,#1764,.T.);
#1762 = VERTEX_POINT('',#1763);
#1763 = CARTESIAN_POINT('',(-39.7133020066,-42.20607162814,-7.2));
#1764 = LINE('',#1765,#1766);
#1765 = CARTESIAN_POINT('',(-39.0633020066,-42.20607162814,-6.55));
#1766 = VECTOR('',#1767,1.);
#1767 = DIRECTION('',(-0.707106781187,0.,-0.707106781187));
#1768 = ORIENTED_EDGE('',*,*,#1769,.F.);
#1769 = EDGE_CURVE('',#1770,#1762,#1772,.T.);
#1770 = VERTEX_POINT('',#1771);
#1771 = CARTESIAN_POINT('',(-39.7133020066,-42.20607162814,-6.4));
#1772 = LINE('',#1773,#1774);
#1773 = CARTESIAN_POINT('',(-39.7133020066,-42.20607162814,-6.4));
#1774 = VECTOR('',#1775,1.);
#1775 = DIRECTION('',(0.,0.,-1.));
#1776 = ORIENTED_EDGE('',*,*,#1777,.T.);
#1777 = EDGE_CURVE('',#1770,#1778,#1780,.T.);
#1778 = VERTEX_POINT('',#1779);
#1779 = CARTESIAN_POINT('',(-36.3133020066,-42.20607162814,-6.4));
#1780 = LINE('',#1781,#1782);
#1781 = CARTESIAN_POINT('',(-42.7133020066,-42.20607162814,-6.4));
#1782 = VECTOR('',#1783,1.);
#1783 = DIRECTION('',(1.,0.,0.));
#1784 = ORIENTED_EDGE('',*,*,#1785,.F.);
#1785 = EDGE_CURVE('',#1340,#1778,#1786,.T.);
#1786 = LINE('',#1787,#1788);
#1787 = CARTESIAN_POINT('',(-36.3133020066,-42.20607162814,-4.8));
#1788 = VECTOR('',#1789,1.);
#1789 = DIRECTION('',(0.,0.,-1.));
#1790 = ORIENTED_EDGE('',*,*,#1347,.F.);
#1791 = ORIENTED_EDGE('',*,*,#1006,.T.);
#1792 = PLANE('',#1793);
#1793 = AXIS2_PLACEMENT_3D('',#1794,#1795,#1796);
#1794 = CARTESIAN_POINT('',(-39.70219089549,-42.20607162814,
    -3.811111111111));
#1795 = DIRECTION('',(-0.,-1.,-0.));
#1796 = DIRECTION('',(0.,0.,-1.));
#1797 = ADVANCED_FACE('',(#1798),#1840,.T.);
#1798 = FACE_BOUND('',#1799,.T.);
#1799 = EDGE_LOOP('',(#1800,#1810,#1818,#1824,#1825,#1826,#1834));
#1800 = ORIENTED_EDGE('',*,*,#1801,.T.);
#1801 = EDGE_CURVE('',#1802,#1804,#1806,.T.);
#1802 = VERTEX_POINT('',#1803);
#1803 = CARTESIAN_POINT('',(-14.8533020066,-18.70607162814,-6.4));
#1804 = VERTEX_POINT('',#1805);
#1805 = CARTESIAN_POINT('',(-14.8533020066,-18.70607162814,-7.2));
#1806 = LINE('',#1807,#1808);
#1807 = CARTESIAN_POINT('',(-14.8533020066,-18.70607162814,-6.4));
#1808 = VECTOR('',#1809,1.);
#1809 = DIRECTION('',(0.,0.,-1.));
#1810 = ORIENTED_EDGE('',*,*,#1811,.T.);
#1811 = EDGE_CURVE('',#1804,#1812,#1814,.T.);
#1812 = VERTEX_POINT('',#1813);
#1813 = CARTESIAN_POINT('',(-14.8533020066,-17.90607162814,-8.));
#1814 = LINE('',#1815,#1816);
#1815 = CARTESIAN_POINT('',(-14.8533020066,-19.35607162814,-6.55));
#1816 = VECTOR('',#1817,1.);
#1817 = DIRECTION('',(0.,0.707106781187,-0.707106781187));
#1818 = ORIENTED_EDGE('',*,*,#1819,.F.);
#1819 = EDGE_CURVE('',#1055,#1812,#1820,.T.);
#1820 = LINE('',#1821,#1822);
#1821 = CARTESIAN_POINT('',(-14.8533020066,-15.70607162814,-8.));
#1822 = VECTOR('',#1823,1.);
#1823 = DIRECTION('',(0.,-1.,0.));
#1824 = ORIENTED_EDGE('',*,*,#1054,.F.);
#1825 = ORIENTED_EDGE('',*,*,#1308,.F.);
#1826 = ORIENTED_EDGE('',*,*,#1827,.T.);
#1827 = EDGE_CURVE('',#1309,#1828,#1830,.T.);
#1828 = VERTEX_POINT('',#1829);
#1829 = CARTESIAN_POINT('',(-14.8533020066,-22.10607162814,-6.4));
#1830 = LINE('',#1831,#1832);
#1831 = CARTESIAN_POINT('',(-14.8533020066,-22.10607162814,0.));
#1832 = VECTOR('',#1833,1.);
#1833 = DIRECTION('',(-0.,-0.,-1.));
#1834 = ORIENTED_EDGE('',*,*,#1835,.T.);
#1835 = EDGE_CURVE('',#1828,#1802,#1836,.T.);
#1836 = LINE('',#1837,#1838);
#1837 = CARTESIAN_POINT('',(-14.8533020066,-22.10607162814,-6.4));
#1838 = VECTOR('',#1839,1.);
#1839 = DIRECTION('',(0.,1.,0.));
#1840 = PLANE('',#1841);
#1841 = AXIS2_PLACEMENT_3D('',#1842,#1843,#1844);
#1842 = CARTESIAN_POINT('',(-14.8533020066,-18.71718273925,
    -3.811111111111));
#1843 = DIRECTION('',(1.,0.,0.));
#1844 = DIRECTION('',(0.,0.,1.));
#1845 = ADVANCED_FACE('',(#1846),#1864,.F.);
#1846 = FACE_BOUND('',#1847,.F.);
#1847 = EDGE_LOOP('',(#1848,#1856,#1862,#1863));
#1848 = ORIENTED_EDGE('',*,*,#1849,.F.);
#1849 = EDGE_CURVE('',#1850,#1063,#1852,.T.);
#1850 = VERTEX_POINT('',#1851);
#1851 = CARTESIAN_POINT('',(-27.6533020066,-17.90607162814,-8.));
#1852 = LINE('',#1853,#1854);
#1853 = CARTESIAN_POINT('',(-27.6533020066,-18.70607162814,-8.));
#1854 = VECTOR('',#1855,1.);
#1855 = DIRECTION('',(0.,1.,0.));
#1856 = ORIENTED_EDGE('',*,*,#1857,.F.);
#1857 = EDGE_CURVE('',#1812,#1850,#1858,.T.);
#1858 = LINE('',#1859,#1860);
#1859 = CARTESIAN_POINT('',(-14.8533020066,-17.90607162814,-8.));
#1860 = VECTOR('',#1861,1.);
#1861 = DIRECTION('',(-1.,0.,0.));
#1862 = ORIENTED_EDGE('',*,*,#1819,.F.);
#1863 = ORIENTED_EDGE('',*,*,#1062,.F.);
#1864 = PLANE('',#1865);
#1865 = AXIS2_PLACEMENT_3D('',#1866,#1867,#1868);
#1866 = CARTESIAN_POINT('',(-27.90663533993,-35.80607162814,-8.));
#1867 = DIRECTION('',(0.,0.,1.));
#1868 = DIRECTION('',(1.,0.,0.));
#1869 = ADVANCED_FACE('',(#1870),#1905,.T.);
#1870 = FACE_BOUND('',#1871,.T.);
#1871 = EDGE_LOOP('',(#1872,#1873,#1881,#1889,#1897,#1903,#1904));
#1872 = ORIENTED_EDGE('',*,*,#1849,.F.);
#1873 = ORIENTED_EDGE('',*,*,#1874,.F.);
#1874 = EDGE_CURVE('',#1875,#1850,#1877,.T.);
#1875 = VERTEX_POINT('',#1876);
#1876 = CARTESIAN_POINT('',(-27.6533020066,-18.70607162814,-7.2));
#1877 = LINE('',#1878,#1879);
#1878 = CARTESIAN_POINT('',(-27.6533020066,-19.35607162814,-6.55));
#1879 = VECTOR('',#1880,1.);
#1880 = DIRECTION('',(0.,0.707106781187,-0.707106781187));
#1881 = ORIENTED_EDGE('',*,*,#1882,.F.);
#1882 = EDGE_CURVE('',#1883,#1875,#1885,.T.);
#1883 = VERTEX_POINT('',#1884);
#1884 = CARTESIAN_POINT('',(-27.6533020066,-18.70607162814,-6.4));
#1885 = LINE('',#1886,#1887);
#1886 = CARTESIAN_POINT('',(-27.6533020066,-18.70607162814,-6.4));
#1887 = VECTOR('',#1888,1.);
#1888 = DIRECTION('',(0.,0.,-1.));
#1889 = ORIENTED_EDGE('',*,*,#1890,.T.);
#1890 = EDGE_CURVE('',#1883,#1891,#1893,.T.);
#1891 = VERTEX_POINT('',#1892);
#1892 = CARTESIAN_POINT('',(-27.6533020066,-22.10607162814,-6.4));
#1893 = LINE('',#1894,#1895);
#1894 = CARTESIAN_POINT('',(-27.6533020066,-15.70607162814,-6.4));
#1895 = VECTOR('',#1896,1.);
#1896 = DIRECTION('',(0.,-1.,0.));
#1897 = ORIENTED_EDGE('',*,*,#1898,.F.);
#1898 = EDGE_CURVE('',#1317,#1891,#1899,.T.);
#1899 = LINE('',#1900,#1901);
#1900 = CARTESIAN_POINT('',(-27.6533020066,-22.10607162814,-4.8));
#1901 = VECTOR('',#1902,1.);
#1902 = DIRECTION('',(0.,0.,-1.));
#1903 = ORIENTED_EDGE('',*,*,#1324,.F.);
#1904 = ORIENTED_EDGE('',*,*,#1070,.T.);
#1905 = PLANE('',#1906);
#1906 = AXIS2_PLACEMENT_3D('',#1907,#1908,#1909);
#1907 = CARTESIAN_POINT('',(-27.6533020066,-18.71718273925,
    -3.811111111111));
#1908 = DIRECTION('',(-1.,-0.,-0.));
#1909 = DIRECTION('',(0.,0.,-1.));
#1910 = ADVANCED_FACE('',(#1911),#1917,.T.);
#1911 = FACE_BOUND('',#1912,.T.);
#1912 = EDGE_LOOP('',(#1913,#1914,#1915,#1916));
#1913 = ORIENTED_EDGE('',*,*,#1119,.T.);
#1914 = ORIENTED_EDGE('',*,*,#1284,.T.);
#1915 = ORIENTED_EDGE('',*,*,#1253,.F.);
#1916 = ORIENTED_EDGE('',*,*,#1301,.F.);
#1917 = PLANE('',#1918);
#1918 = AXIS2_PLACEMENT_3D('',#1919,#1920,#1921);
#1919 = CARTESIAN_POINT('',(-0.443302006604,-18.90607162814,0.));
#1920 = DIRECTION('',(-1.,0.,0.));
#1921 = DIRECTION('',(0.,-1.,0.));
#1922 = ADVANCED_FACE('',(#1923),#1944,.T.);
#1923 = FACE_BOUND('',#1924,.T.);
#1924 = EDGE_LOOP('',(#1925,#1926,#1934,#1941,#1942,#1943));
#1925 = ORIENTED_EDGE('',*,*,#1184,.F.);
#1926 = ORIENTED_EDGE('',*,*,#1927,.T.);
#1927 = EDGE_CURVE('',#1185,#1928,#1930,.T.);
#1928 = VERTEX_POINT('',#1929);
#1929 = CARTESIAN_POINT('',(60.495197050022,-34.51463000163,-4.8));
#1930 = LINE('',#1931,#1932);
#1931 = CARTESIAN_POINT('',(60.495197050022,-34.51463000163,0.));
#1932 = VECTOR('',#1933,1.);
#1933 = DIRECTION('',(-0.,-0.,-1.));
#1934 = ORIENTED_EDGE('',*,*,#1935,.T.);
#1935 = EDGE_CURVE('',#1928,#1928,#1936,.T.);
#1936 = CIRCLE('',#1937,3.2);
#1937 = AXIS2_PLACEMENT_3D('',#1938,#1939,#1940);
#1938 = CARTESIAN_POINT('',(57.295197050022,-34.51463000163,-4.8));
#1939 = DIRECTION('',(0.,0.,1.));
#1940 = DIRECTION('',(1.,0.,0.));
#1941 = ORIENTED_EDGE('',*,*,#1927,.F.);
#1942 = ORIENTED_EDGE('',*,*,#1193,.F.);
#1943 = ORIENTED_EDGE('',*,*,#1218,.F.);
#1944 = CYLINDRICAL_SURFACE('',#1945,3.2);
#1945 = AXIS2_PLACEMENT_3D('',#1946,#1947,#1948);
#1946 = CARTESIAN_POINT('',(57.295197050022,-34.51463000163,0.));
#1947 = DIRECTION('',(0.,0.,1.));
#1948 = DIRECTION('',(1.,0.,0.));
#1949 = ADVANCED_FACE('',(#1950),#1969,.T.);
#1950 = FACE_BOUND('',#1951,.F.);
#1951 = EDGE_LOOP('',(#1952,#1960,#1967,#1968));
#1952 = ORIENTED_EDGE('',*,*,#1953,.T.);
#1953 = EDGE_CURVE('',#1237,#1954,#1956,.T.);
#1954 = VERTEX_POINT('',#1955);
#1955 = CARTESIAN_POINT('',(35.215067310135,-7.14001524003,-5.6));
#1956 = LINE('',#1957,#1958);
#1957 = CARTESIAN_POINT('',(35.215067310135,-7.14001524003,-4.8));
#1958 = VECTOR('',#1959,1.);
#1959 = DIRECTION('',(0.,0.,-1.));
#1960 = ORIENTED_EDGE('',*,*,#1961,.T.);
#1961 = EDGE_CURVE('',#1954,#1954,#1962,.T.);
#1962 = CIRCLE('',#1963,1.3);
#1963 = AXIS2_PLACEMENT_3D('',#1964,#1965,#1966);
#1964 = CARTESIAN_POINT('',(33.915067310135,-7.14001524003,-5.6));
#1965 = DIRECTION('',(0.,0.,-1.));
#1966 = DIRECTION('',(1.,2.049642507E-15,0.));
#1967 = ORIENTED_EDGE('',*,*,#1953,.F.);
#1968 = ORIENTED_EDGE('',*,*,#1236,.F.);
#1969 = CYLINDRICAL_SURFACE('',#1970,1.3);
#1970 = AXIS2_PLACEMENT_3D('',#1971,#1972,#1973);
#1971 = CARTESIAN_POINT('',(33.915067310135,-7.14001524003,-4.8));
#1972 = DIRECTION('',(0.,0.,1.));
#1973 = DIRECTION('',(1.,0.,0.));
#1974 = ADVANCED_FACE('',(#1975),#1986,.T.);
#1975 = FACE_BOUND('',#1976,.T.);
#1976 = EDGE_LOOP('',(#1977,#1978,#1984,#1985));
#1977 = ORIENTED_EDGE('',*,*,#1672,.T.);
#1978 = ORIENTED_EDGE('',*,*,#1979,.T.);
#1979 = EDGE_CURVE('',#1665,#1602,#1980,.T.);
#1980 = LINE('',#1981,#1982);
#1981 = CARTESIAN_POINT('',(-14.8533020066,-49.50607162814,-6.4));
#1982 = VECTOR('',#1983,1.);
#1983 = DIRECTION('',(-1.,0.,0.));
#1984 = ORIENTED_EDGE('',*,*,#1601,.F.);
#1985 = ORIENTED_EDGE('',*,*,#1362,.F.);
#1986 = PLANE('',#1987);
#1987 = AXIS2_PLACEMENT_3D('',#1988,#1989,#1990);
#1988 = CARTESIAN_POINT('',(-21.2533020066,-49.50607162814,-3.2));
#1989 = DIRECTION('',(0.,1.,0.));
#1990 = DIRECTION('',(0.,0.,1.));
#1991 = ADVANCED_FACE('',(#1992),#2003,.T.);
#1992 = FACE_BOUND('',#1993,.T.);
#1993 = EDGE_LOOP('',(#1994,#1995,#2001,#2002));
#1994 = ORIENTED_EDGE('',*,*,#1785,.T.);
#1995 = ORIENTED_EDGE('',*,*,#1996,.T.);
#1996 = EDGE_CURVE('',#1778,#1715,#1997,.T.);
#1997 = LINE('',#1998,#1999);
#1998 = CARTESIAN_POINT('',(-36.3133020066,-42.20607162814,-6.4));
#1999 = VECTOR('',#2000,1.);
#2000 = DIRECTION('',(0.,1.,0.));
#2001 = ORIENTED_EDGE('',*,*,#1714,.F.);
#2002 = ORIENTED_EDGE('',*,*,#1339,.F.);
#2003 = PLANE('',#2004);
#2004 = AXIS2_PLACEMENT_3D('',#2005,#2006,#2007);
#2005 = CARTESIAN_POINT('',(-36.3133020066,-35.80607162814,-3.2));
#2006 = DIRECTION('',(1.,0.,0.));
#2007 = DIRECTION('',(0.,0.,1.));
#2008 = ADVANCED_FACE('',(#2009),#2020,.T.);
#2009 = FACE_BOUND('',#2010,.T.);
#2010 = EDGE_LOOP('',(#2011,#2012,#2018,#2019));
#2011 = ORIENTED_EDGE('',*,*,#1898,.T.);
#2012 = ORIENTED_EDGE('',*,*,#2013,.T.);
#2013 = EDGE_CURVE('',#1891,#1828,#2014,.T.);
#2014 = LINE('',#2015,#2016);
#2015 = CARTESIAN_POINT('',(-27.6533020066,-22.10607162814,-6.4));
#2016 = VECTOR('',#2017,1.);
#2017 = DIRECTION('',(1.,0.,0.));
#2018 = ORIENTED_EDGE('',*,*,#1827,.F.);
#2019 = ORIENTED_EDGE('',*,*,#1316,.F.);
#2020 = PLANE('',#2021);
#2021 = AXIS2_PLACEMENT_3D('',#2022,#2023,#2024);
#2022 = CARTESIAN_POINT('',(-21.2533020066,-22.10607162814,-3.2));
#2023 = DIRECTION('',(-0.,-1.,-0.));
#2024 = DIRECTION('',(0.,0.,-1.));
#2025 = ADVANCED_FACE('',(#2026),#2044,.T.);
#2026 = FACE_BOUND('',#2027,.T.);
#2027 = EDGE_LOOP('',(#2028,#2036,#2042,#2043));
#2028 = ORIENTED_EDGE('',*,*,#2029,.F.);
#2029 = EDGE_CURVE('',#2030,#1528,#2032,.T.);
#2030 = VERTEX_POINT('',#2031);
#2031 = CARTESIAN_POINT('',(2.455060444705,-61.44439580183,-5.6));
#2032 = LINE('',#2033,#2034);
#2033 = CARTESIAN_POINT('',(2.131211395839,-61.67917611095,-6.));
#2034 = VECTOR('',#2035,1.);
#2035 = DIRECTION('',(-0.572489646335,-0.415036871662,-0.707106781187));
#2036 = ORIENTED_EDGE('',*,*,#2037,.T.);
#2037 = EDGE_CURVE('',#2030,#1415,#2038,.T.);
#2038 = LINE('',#2039,#2040);
#2039 = CARTESIAN_POINT('',(2.455060444705,-61.44439580183,-5.6));
#2040 = VECTOR('',#2041,1.);
#2041 = DIRECTION('',(0.662603890427,-0.748970015682,0.));
#2042 = ORIENTED_EDGE('',*,*,#1414,.T.);
#2043 = ORIENTED_EDGE('',*,*,#1527,.F.);
#2044 = PLANE('',#2045);
#2045 = AXIS2_PLACEMENT_3D('',#2046,#2047,#2048);
#2046 = CARTESIAN_POINT('',(2.155472438432,-61.709437358,-6.));
#2047 = DIRECTION('',(0.529601776994,0.468531704162,-0.707106781187));
#2048 = DIRECTION('',(0.662603890427,-0.748970015682,1.110223024625E-16)
  );
#2049 = ADVANCED_FACE('',(#2050),#2061,.F.);
#2050 = FACE_BOUND('',#2051,.F.);
#2051 = EDGE_LOOP('',(#2052,#2058,#2059,#2060));
#2052 = ORIENTED_EDGE('',*,*,#2053,.T.);
#2053 = EDGE_CURVE('',#1469,#2030,#2054,.T.);
#2054 = LINE('',#2055,#2056);
#2055 = CARTESIAN_POINT('',(2.455060444705,-61.44439580183,-4.8));
#2056 = VECTOR('',#2057,1.);
#2057 = DIRECTION('',(0.,0.,-1.));
#2058 = ORIENTED_EDGE('',*,*,#2037,.T.);
#2059 = ORIENTED_EDGE('',*,*,#1436,.F.);
#2060 = ORIENTED_EDGE('',*,*,#1476,.F.);
#2061 = PLANE('',#2062);
#2062 = AXIS2_PLACEMENT_3D('',#2063,#2064,#2065);
#2063 = CARTESIAN_POINT('',(2.455060444705,-61.44439580183,-4.8));
#2064 = DIRECTION('',(-0.748970015682,-0.662603890427,-0.));
#2065 = DIRECTION('',(0.662603890427,-0.748970015682,0.));
#2066 = ADVANCED_FACE('',(#2067),#2078,.F.);
#2067 = FACE_BOUND('',#2068,.F.);
#2068 = EDGE_LOOP('',(#2069,#2070,#2076,#2077));
#2069 = ORIENTED_EDGE('',*,*,#1492,.T.);
#2070 = ORIENTED_EDGE('',*,*,#2071,.T.);
#2071 = EDGE_CURVE('',#1493,#2030,#2072,.T.);
#2072 = LINE('',#2073,#2074);
#2073 = CARTESIAN_POINT('',(0.759849437493,-59.10607162814,-5.6));
#2074 = VECTOR('',#2075,1.);
#2075 = DIRECTION('',(0.58695077279,-0.809622622165,0.));
#2076 = ORIENTED_EDGE('',*,*,#2053,.F.);
#2077 = ORIENTED_EDGE('',*,*,#1468,.F.);
#2078 = PLANE('',#2079);
#2079 = AXIS2_PLACEMENT_3D('',#2080,#2081,#2082);
#2080 = CARTESIAN_POINT('',(0.759849437493,-59.10607162814,-4.8));
#2081 = DIRECTION('',(-0.809622622165,-0.58695077279,-0.));
#2082 = DIRECTION('',(0.58695077279,-0.809622622165,0.));
#2083 = ADVANCED_FACE('',(#2084),#2091,.T.);
#2084 = FACE_BOUND('',#2085,.T.);
#2085 = EDGE_LOOP('',(#2086,#2087,#2088,#2089,#2090));
#2086 = ORIENTED_EDGE('',*,*,#1500,.F.);
#2087 = ORIENTED_EDGE('',*,*,#2071,.T.);
#2088 = ORIENTED_EDGE('',*,*,#2029,.T.);
#2089 = ORIENTED_EDGE('',*,*,#1535,.F.);
#2090 = ORIENTED_EDGE('',*,*,#1558,.F.);
#2091 = PLANE('',#2092);
#2092 = AXIS2_PLACEMENT_3D('',#2093,#2094,#2095);
#2093 = CARTESIAN_POINT('',(0.436000388627,-59.34085193725,-6.));
#2094 = DIRECTION('',(0.572489646335,0.415036871662,-0.707106781187));
#2095 = DIRECTION('',(0.58695077279,-0.809622622165,-2.775557561563E-17)
  );
#2096 = ADVANCED_FACE('',(#2097),#2113,.F.);
#2097 = FACE_BOUND('',#2098,.F.);
#2098 = EDGE_LOOP('',(#2099,#2100,#2106,#2107));
#2099 = ORIENTED_EDGE('',*,*,#1575,.T.);
#2100 = ORIENTED_EDGE('',*,*,#2101,.T.);
#2101 = EDGE_CURVE('',#1578,#1649,#2102,.T.);
#2102 = LINE('',#2103,#2104);
#2103 = CARTESIAN_POINT('',(-27.6533020066,-52.90607162814,-7.2));
#2104 = VECTOR('',#2105,1.);
#2105 = DIRECTION('',(1.,0.,0.));
#2106 = ORIENTED_EDGE('',*,*,#1656,.F.);
#2107 = ORIENTED_EDGE('',*,*,#2108,.F.);
#2108 = EDGE_CURVE('',#1576,#1657,#2109,.T.);
#2109 = LINE('',#2110,#2111);
#2110 = CARTESIAN_POINT('',(-27.6533020066,-52.90607162814,-6.4));
#2111 = VECTOR('',#2112,1.);
#2112 = DIRECTION('',(1.,0.,0.));
#2113 = PLANE('',#2114);
#2114 = AXIS2_PLACEMENT_3D('',#2115,#2116,#2117);
#2115 = CARTESIAN_POINT('',(-27.6533020066,-52.90607162814,-6.4));
#2116 = DIRECTION('',(0.,-1.,0.));
#2117 = DIRECTION('',(1.,0.,0.));
#2118 = ADVANCED_FACE('',(#2119),#2125,.T.);
#2119 = FACE_BOUND('',#2120,.T.);
#2120 = EDGE_LOOP('',(#2121,#2122,#2123,#2124));
#2121 = ORIENTED_EDGE('',*,*,#1585,.F.);
#2122 = ORIENTED_EDGE('',*,*,#2101,.T.);
#2123 = ORIENTED_EDGE('',*,*,#1648,.T.);
#2124 = ORIENTED_EDGE('',*,*,#1633,.F.);
#2125 = PLANE('',#2126);
#2126 = AXIS2_PLACEMENT_3D('',#2127,#2128,#2129);
#2127 = CARTESIAN_POINT('',(-27.6533020066,-53.30607162814,-7.6));
#2128 = DIRECTION('',(6.983161618628E-18,0.707106781187,-0.707106781187)
  );
#2129 = DIRECTION('',(1.,-4.937840934654E-18,4.937840934654E-18));
#2130 = ADVANCED_FACE('',(#2131),#2137,.F.);
#2131 = FACE_BOUND('',#2132,.F.);
#2132 = EDGE_LOOP('',(#2133,#2134,#2135,#2136));
#2133 = ORIENTED_EDGE('',*,*,#1979,.T.);
#2134 = ORIENTED_EDGE('',*,*,#1609,.T.);
#2135 = ORIENTED_EDGE('',*,*,#2108,.T.);
#2136 = ORIENTED_EDGE('',*,*,#1664,.T.);
#2137 = PLANE('',#2138);
#2138 = AXIS2_PLACEMENT_3D('',#2139,#2140,#2141);
#2139 = CARTESIAN_POINT('',(-27.33996867327,-35.80607162814,-6.4));
#2140 = DIRECTION('',(0.,0.,1.));
#2141 = DIRECTION('',(1.,0.,0.));
#2142 = ADVANCED_FACE('',(#2143),#2159,.F.);
#2143 = FACE_BOUND('',#2144,.F.);
#2144 = EDGE_LOOP('',(#2145,#2146,#2152,#2153));
#2145 = ORIENTED_EDGE('',*,*,#1688,.T.);
#2146 = ORIENTED_EDGE('',*,*,#2147,.T.);
#2147 = EDGE_CURVE('',#1691,#1762,#2148,.T.);
#2148 = LINE('',#2149,#2150);
#2149 = CARTESIAN_POINT('',(-39.7133020066,-29.40607162814,-7.2));
#2150 = VECTOR('',#2151,1.);
#2151 = DIRECTION('',(0.,-1.,0.));
#2152 = ORIENTED_EDGE('',*,*,#1769,.F.);
#2153 = ORIENTED_EDGE('',*,*,#2154,.F.);
#2154 = EDGE_CURVE('',#1689,#1770,#2155,.T.);
#2155 = LINE('',#2156,#2157);
#2156 = CARTESIAN_POINT('',(-39.7133020066,-29.40607162814,-6.4));
#2157 = VECTOR('',#2158,1.);
#2158 = DIRECTION('',(0.,-1.,0.));
#2159 = PLANE('',#2160);
#2160 = AXIS2_PLACEMENT_3D('',#2161,#2162,#2163);
#2161 = CARTESIAN_POINT('',(-39.7133020066,-29.40607162814,-6.4));
#2162 = DIRECTION('',(-1.,-0.,-0.));
#2163 = DIRECTION('',(0.,-1.,0.));
#2164 = ADVANCED_FACE('',(#2165),#2171,.T.);
#2165 = FACE_BOUND('',#2166,.T.);
#2166 = EDGE_LOOP('',(#2167,#2168,#2169,#2170));
#2167 = ORIENTED_EDGE('',*,*,#1698,.F.);
#2168 = ORIENTED_EDGE('',*,*,#2147,.T.);
#2169 = ORIENTED_EDGE('',*,*,#1761,.T.);
#2170 = ORIENTED_EDGE('',*,*,#1746,.F.);
#2171 = PLANE('',#2172);
#2172 = AXIS2_PLACEMENT_3D('',#2173,#2174,#2175);
#2173 = CARTESIAN_POINT('',(-40.1133020066,-29.40607162814,-7.6));
#2174 = DIRECTION('',(0.707106781187,-6.983161618628E-18,-0.707106781187
    ));
#2175 = DIRECTION('',(-4.937840934654E-18,-1.,4.937840934654E-18));
#2176 = ADVANCED_FACE('',(#2177),#2183,.F.);
#2177 = FACE_BOUND('',#2178,.F.);
#2178 = EDGE_LOOP('',(#2179,#2180,#2181,#2182));
#2179 = ORIENTED_EDGE('',*,*,#1722,.T.);
#2180 = ORIENTED_EDGE('',*,*,#2154,.T.);
#2181 = ORIENTED_EDGE('',*,*,#1777,.T.);
#2182 = ORIENTED_EDGE('',*,*,#1996,.T.);
#2183 = PLANE('',#2184);
#2184 = AXIS2_PLACEMENT_3D('',#2185,#2186,#2187);
#2185 = CARTESIAN_POINT('',(-27.33996867327,-35.80607162814,-6.4));
#2186 = DIRECTION('',(0.,0.,1.));
#2187 = DIRECTION('',(1.,0.,0.));
#2188 = ADVANCED_FACE('',(#2189),#2205,.F.);
#2189 = FACE_BOUND('',#2190,.F.);
#2190 = EDGE_LOOP('',(#2191,#2192,#2198,#2199));
#2191 = ORIENTED_EDGE('',*,*,#1801,.T.);
#2192 = ORIENTED_EDGE('',*,*,#2193,.T.);
#2193 = EDGE_CURVE('',#1804,#1875,#2194,.T.);
#2194 = LINE('',#2195,#2196);
#2195 = CARTESIAN_POINT('',(-14.8533020066,-18.70607162814,-7.2));
#2196 = VECTOR('',#2197,1.);
#2197 = DIRECTION('',(-1.,0.,0.));
#2198 = ORIENTED_EDGE('',*,*,#1882,.F.);
#2199 = ORIENTED_EDGE('',*,*,#2200,.F.);
#2200 = EDGE_CURVE('',#1802,#1883,#2201,.T.);
#2201 = LINE('',#2202,#2203);
#2202 = CARTESIAN_POINT('',(-14.8533020066,-18.70607162814,-6.4));
#2203 = VECTOR('',#2204,1.);
#2204 = DIRECTION('',(-1.,0.,0.));
#2205 = PLANE('',#2206);
#2206 = AXIS2_PLACEMENT_3D('',#2207,#2208,#2209);
#2207 = CARTESIAN_POINT('',(-14.8533020066,-18.70607162814,-6.4));
#2208 = DIRECTION('',(0.,1.,0.));
#2209 = DIRECTION('',(-1.,0.,0.));
#2210 = ADVANCED_FACE('',(#2211),#2217,.T.);
#2211 = FACE_BOUND('',#2212,.T.);
#2212 = EDGE_LOOP('',(#2213,#2214,#2215,#2216));
#2213 = ORIENTED_EDGE('',*,*,#1811,.F.);
#2214 = ORIENTED_EDGE('',*,*,#2193,.T.);
#2215 = ORIENTED_EDGE('',*,*,#1874,.T.);
#2216 = ORIENTED_EDGE('',*,*,#1857,.F.);
#2217 = PLANE('',#2218);
#2218 = AXIS2_PLACEMENT_3D('',#2219,#2220,#2221);
#2219 = CARTESIAN_POINT('',(-14.8533020066,-18.30607162814,-7.6));
#2220 = DIRECTION('',(6.983161618628E-18,-0.707106781187,-0.707106781187
    ));
#2221 = DIRECTION('',(-1.,-4.937840934654E-18,-4.937840934654E-18));
#2222 = ADVANCED_FACE('',(#2223),#2229,.F.);
#2223 = FACE_BOUND('',#2224,.F.);
#2224 = EDGE_LOOP('',(#2225,#2226,#2227,#2228));
#2225 = ORIENTED_EDGE('',*,*,#2200,.T.);
#2226 = ORIENTED_EDGE('',*,*,#1890,.T.);
#2227 = ORIENTED_EDGE('',*,*,#2013,.T.);
#2228 = ORIENTED_EDGE('',*,*,#1835,.T.);
#2229 = PLANE('',#2230);
#2230 = AXIS2_PLACEMENT_3D('',#2231,#2232,#2233);
#2231 = CARTESIAN_POINT('',(-27.33996867327,-35.80607162814,-6.4));
#2232 = DIRECTION('',(0.,0.,1.));
#2233 = DIRECTION('',(1.,0.,0.));
#2234 = ADVANCED_FACE('',(#2235),#2238,.F.);
#2235 = FACE_BOUND('',#2236,.F.);
#2236 = EDGE_LOOP('',(#2237));
#2237 = ORIENTED_EDGE('',*,*,#1935,.T.);
#2238 = PLANE('',#2239);
#2239 = AXIS2_PLACEMENT_3D('',#2240,#2241,#2242);
#2240 = CARTESIAN_POINT('',(2.282013637105,-38.37935409553,-4.8));
#2241 = DIRECTION('',(0.,0.,1.));
#2242 = DIRECTION('',(1.,0.,0.));
#2243 = ADVANCED_FACE('',(#2244),#2263,.T.);
#2244 = FACE_BOUND('',#2245,.T.);
#2245 = EDGE_LOOP('',(#2246,#2254,#2255,#2256));
#2246 = ORIENTED_EDGE('',*,*,#2247,.F.);
#2247 = EDGE_CURVE('',#1954,#2248,#2250,.T.);
#2248 = VERTEX_POINT('',#2249);
#2249 = CARTESIAN_POINT('',(34.415067310135,-7.14001524003,-6.4));
#2250 = LINE('',#2251,#2252);
#2251 = CARTESIAN_POINT('',(35.215067310135,-7.14001524003,-5.6));
#2252 = VECTOR('',#2253,1.);
#2253 = DIRECTION('',(-0.707106781187,-1.449316115708E-15,
    -0.707106781187));
#2254 = ORIENTED_EDGE('',*,*,#1961,.T.);
#2255 = ORIENTED_EDGE('',*,*,#2247,.T.);
#2256 = ORIENTED_EDGE('',*,*,#2257,.F.);
#2257 = EDGE_CURVE('',#2248,#2248,#2258,.T.);
#2258 = CIRCLE('',#2259,0.5);
#2259 = AXIS2_PLACEMENT_3D('',#2260,#2261,#2262);
#2260 = CARTESIAN_POINT('',(33.915067310135,-7.14001524003,-6.4));
#2261 = DIRECTION('',(0.,0.,-1.));
#2262 = DIRECTION('',(1.,2.049642507E-15,0.));
#2263 = CONICAL_SURFACE('',#2264,1.3,0.785398163397);
#2264 = AXIS2_PLACEMENT_3D('',#2265,#2266,#2267);
#2265 = CARTESIAN_POINT('',(33.915067310135,-7.14001524003,-5.6));
#2266 = DIRECTION('',(0.,0.,1.));
#2267 = DIRECTION('',(1.,2.049642507E-15,0.));
#2268 = ADVANCED_FACE('',(#2269),#2272,.F.);
#2269 = FACE_BOUND('',#2270,.F.);
#2270 = EDGE_LOOP('',(#2271));
#2271 = ORIENTED_EDGE('',*,*,#2257,.F.);
#2272 = PLANE('',#2273);
#2273 = AXIS2_PLACEMENT_3D('',#2274,#2275,#2276);
#2274 = CARTESIAN_POINT('',(38.208905066631,-53.4630851134,-6.4));
#2275 = DIRECTION('',(0.,0.,1.));
#2276 = DIRECTION('',(1.,0.,0.));
#2277 = ( GEOMETRIC_REPRESENTATION_CONTEXT(3) 
GLOBAL_UNCERTAINTY_ASSIGNED_CONTEXT((#2281)) 
GLOBAL_UNIT_ASSIGNED_CONTEXT((#2278,#2279,#2280)) REPRESENTATION_CONTEXT
('Context #1','3D Context with UNIT and UNCERTAINTY') );
#2278 = ( LENGTH_UNIT() NAMED_UNIT(*) SI_UNIT(.MILLI.,.METRE.) );
#2279 = ( NAMED_UNIT(*) PLANE_ANGLE_UNIT() SI_UNIT($,.RADIAN.) );
#2280 = ( NAMED_UNIT(*) SI_UNIT($,.STERADIAN.) SOLID_ANGLE_UNIT() );
#2281 = UNCERTAINTY_MEASURE_WITH_UNIT(LENGTH_MEASURE(2.E-03),#2278,
  'distance_accuracy_value','confusion accuracy');
#2282 = PRODUCT_RELATED_PRODUCT_CATEGORY('part',$,(#7));
#2283 = MECHANICAL_DESIGN_GEOMETRIC_PRESENTATION_REPRESENTATION('',(
    #2284),#2277);
#2284 = STYLED_ITEM('color',(#2285),#15);
#2285 = PRESENTATION_STYLE_ASSIGNMENT((#2286,#2292));
#2286 = SURFACE_STYLE_USAGE(.BOTH.,#2287);
#2287 = SURFACE_SIDE_STYLE('',(#2288));
#2288 = SURFACE_STYLE_FILL_AREA(#2289);
#2289 = FILL_AREA_STYLE('',(#2290));
#2290 = FILL_AREA_STYLE_COLOUR('',#2291);
#2291 = COLOUR_RGB('',0.447058818107,0.474509808674,0.501960817233);
#2292 = CURVE_STYLE('',#2293,POSITIVE_LENGTH_MEASURE(0.1),#2294);
#2293 = DRAUGHTING_PRE_DEFINED_CURVE_FONT('continuous');
#2294 = COLOUR_RGB('',9.803921802644E-02,9.803921802644E-02,
  9.803921802644E-02);
ENDSEC;
END-ISO-10303-21;
