ISO-10303-21;
HEADER;
FILE_DESCRIPTION(('FreeCAD Model'),'2;1');
FILE_NAME('Open CASCADE Shape Model','2026-07-25T10:52:04',('Author'),(
    ''),'Open CASCADE STEP processor 7.8','FreeCAD','Unknown');
FILE_SCHEMA(('AUTOMOTIVE_DESIGN { 1 0 10303 214 1 1 1 1 }'));
ENDSEC;
DATA;
#1 = APPLICATION_PROTOCOL_DEFINITION('international standard',
  'automotive_design',2000,#2);
#2 = APPLICATION_CONTEXT(
  'core data for automotive mechanical design processes');
#3 = SHAPE_DEFINITION_REPRESENTATION(#4,#10);
#4 = PRODUCT_DEFINITION_SHAPE('','',#5);
#5 = PRODUCT_DEFINITION('design','',#6,#9);
#6 = PRODUCT_DEFINITION_FORMATION('','',#7);
#7 = PRODUCT('Chamfer004','Chamfer004','',(#8));
#8 = PRODUCT_CONTEXT('',#2,'mechanical');
#9 = PRODUCT_DEFINITION_CONTEXT('part definition',#2,'design');
#10 = ADVANCED_BREP_SHAPE_REPRESENTATION('',(#11,#15),#4815);
#11 = AXIS2_PLACEMENT_3D('',#12,#13,#14);
#12 = CARTESIAN_POINT('',(0.,0.,0.));
#13 = DIRECTION('',(0.,0.,1.));
#14 = DIRECTION('',(1.,0.,-0.));
#15 = MANIFOLD_SOLID_BREP('',#16);
#16 = CLOSED_SHELL('',(#17,#89,#176,#200,#224,#248,#544,#624,#648,#672,
    #696,#729,#753,#777,#801,#825,#849,#866,#883,#908,#957,#981,#1006,
    #1031,#1063,#1087,#1119,#1144,#1169,#1193,#1249,#1306,#1330,#1354,
    #1379,#1403,#1449,#1473,#1521,#1561,#1585,#1625,#1649,#1689,#1713,
    #1753,#1777,#1803,#1828,#1871,#1896,#1913,#1930,#1947,#1964,#1981,
    #1993,#2154,#2174,#2280,#2321,#2362,#2396,#2420,#2444,#2486,#2503,
    #2535,#2552,#2568,#2581,#2636,#2701,#2852,#2884,#2908,#2940,#2973,
    #3005,#3023,#3071,#3095,#3136,#3184,#3208,#3249,#3297,#3321,#3362,
    #3379,#3402,#3426,#3450,#3474,#3498,#3523,#3548,#3572,#3596,#3620,
    #3644,#3661,#3687,#3712,#3736,#3760,#3784,#3808,#3832,#3856,#3880,
    #3904,#3928,#3946,#3970,#4063,#4080,#4098,#4110,#4141,#4165,#4182,
    #4199,#4221,#4262,#4286,#4320,#4335,#4352,#4369,#4386,#4403,#4427,
    #4444,#4461,#4474,#4496,#4508,#4520,#4542,#4554,#4566,#4588,#4600,
    #4612,#4621,#4646,#4663,#4680,#4697,#4714,#4731,#4748,#4765,#4777,
    #4794,#4806));
#17 = ADVANCED_FACE('',(#18),#84,.T.);
#18 = FACE_BOUND('',#19,.T.);
#19 = EDGE_LOOP('',(#20,#30,#38,#46,#54,#62,#70,#78));
#20 = ORIENTED_EDGE('',*,*,#21,.T.);
#21 = EDGE_CURVE('',#22,#24,#26,.T.);
#22 = VERTEX_POINT('',#23);
#23 = CARTESIAN_POINT('',(6.35608,13.32226,-6.4));
#24 = VERTEX_POINT('',#25);
#25 = CARTESIAN_POINT('',(6.35608,7.164162622883,-6.4));
#26 = LINE('',#27,#28);
#27 = CARTESIAN_POINT('',(6.35608,13.32226,-6.4));
#28 = VECTOR('',#29,1.);
#29 = DIRECTION('',(-1.290288449808E-16,-1.,0.));
#30 = ORIENTED_EDGE('',*,*,#31,.T.);
#31 = EDGE_CURVE('',#24,#32,#34,.T.);
#32 = VERTEX_POINT('',#33);
#33 = CARTESIAN_POINT('',(6.35608,6.438695167404,-5.7));
#34 = LINE('',#35,#36);
#35 = CARTESIAN_POINT('',(6.35608,6.616351742613,-5.871419960616));
#36 = VECTOR('',#37,1.);
#37 = DIRECTION('',(-0.,-0.719625136366,0.694362774859));
#38 = ORIENTED_EDGE('',*,*,#39,.F.);
#39 = EDGE_CURVE('',#40,#32,#42,.T.);
#40 = VERTEX_POINT('',#41);
#41 = CARTESIAN_POINT('',(6.35608,6.438695167404,-4.8));
#42 = LINE('',#43,#44);
#43 = CARTESIAN_POINT('',(6.35608,6.438695167404,-4.8));
#44 = VECTOR('',#45,1.);
#45 = DIRECTION('',(0.,0.,-1.));
#46 = ORIENTED_EDGE('',*,*,#47,.T.);
#47 = EDGE_CURVE('',#40,#48,#50,.T.);
#48 = VERTEX_POINT('',#49);
#49 = CARTESIAN_POINT('',(6.35608,5.94301,-4.8));
#50 = LINE('',#51,#52);
#51 = CARTESIAN_POINT('',(6.35608,13.32226,-4.8));
#52 = VECTOR('',#53,1.);
#53 = DIRECTION('',(0.,-1.,0.));
#54 = ORIENTED_EDGE('',*,*,#55,.F.);
#55 = EDGE_CURVE('',#56,#48,#58,.T.);
#56 = VERTEX_POINT('',#57);
#57 = CARTESIAN_POINT('',(6.35608,5.94301,3.552713678801E-15));
#58 = LINE('',#59,#60);
#59 = CARTESIAN_POINT('',(6.35608,5.94301,0.));
#60 = VECTOR('',#61,1.);
#61 = DIRECTION('',(-0.,-0.,-1.));
#62 = ORIENTED_EDGE('',*,*,#63,.T.);
#63 = EDGE_CURVE('',#56,#64,#66,.T.);
#64 = VERTEX_POINT('',#65);
#65 = CARTESIAN_POINT('',(6.35608,5.94301,1.6));
#66 = LINE('',#67,#68);
#67 = CARTESIAN_POINT('',(6.35608,5.94301,5.329070518201E-15));
#68 = VECTOR('',#69,1.);
#69 = DIRECTION('',(0.,0.,1.));
#70 = ORIENTED_EDGE('',*,*,#71,.F.);
#71 = EDGE_CURVE('',#72,#64,#74,.T.);
#72 = VERTEX_POINT('',#73);
#73 = CARTESIAN_POINT('',(6.35608,13.32226,1.6));
#74 = LINE('',#75,#76);
#75 = CARTESIAN_POINT('',(6.35608,13.32226,1.6));
#76 = VECTOR('',#77,1.);
#77 = DIRECTION('',(0.,-1.,0.));
#78 = ORIENTED_EDGE('',*,*,#79,.F.);
#79 = EDGE_CURVE('',#22,#72,#80,.T.);
#80 = LINE('',#81,#82);
#81 = CARTESIAN_POINT('',(6.35608,13.32226,5.329070518201E-15));
#82 = VECTOR('',#83,1.);
#83 = DIRECTION('',(0.,0.,1.));
#84 = PLANE('',#85);
#85 = AXIS2_PLACEMENT_3D('',#86,#87,#88);
#86 = CARTESIAN_POINT('',(6.35608,9.658419621092,-2.374215378908));
#87 = DIRECTION('',(-1.,-0.,-0.));
#88 = DIRECTION('',(0.,0.,-1.));
#89 = ADVANCED_FACE('',(#90),#171,.F.);
#90 = FACE_BOUND('',#91,.F.);
#91 = EDGE_LOOP('',(#92,#93,#101,#109,#117,#125,#133,#141,#149,#157,#165
    ));
#92 = ORIENTED_EDGE('',*,*,#21,.T.);
#93 = ORIENTED_EDGE('',*,*,#94,.T.);
#94 = EDGE_CURVE('',#24,#95,#97,.T.);
#95 = VERTEX_POINT('',#96);
#96 = CARTESIAN_POINT('',(6.557735520741,7.21905139395,-6.4));
#97 = LINE('',#98,#99);
#98 = CARTESIAN_POINT('',(6.172235121326,7.114121744158,-6.4));
#99 = VECTOR('',#100,1.);
#100 = DIRECTION('',(0.964895109648,0.262635540963,0.));
#101 = ORIENTED_EDGE('',*,*,#102,.T.);
#102 = EDGE_CURVE('',#95,#103,#105,.T.);
#103 = VERTEX_POINT('',#104);
#104 = CARTESIAN_POINT('',(7.923124521136,10.14954883653,-6.4));
#105 = LINE('',#106,#107);
#106 = CARTESIAN_POINT('',(6.420533821192,6.924579101052,-6.4));
#107 = VECTOR('',#108,1.);
#108 = DIRECTION('',(0.422332567115,0.906440953816,0.));
#109 = ORIENTED_EDGE('',*,*,#110,.T.);
#110 = EDGE_CURVE('',#103,#111,#113,.T.);
#111 = VERTEX_POINT('',#112);
#112 = CARTESIAN_POINT('',(8.762413490994,11.496782256579,-6.4));
#113 = LINE('',#114,#115);
#114 = CARTESIAN_POINT('',(7.94556768702,10.185574787324,-6.4));
#115 = VECTOR('',#116,1.);
#116 = DIRECTION('',(0.528760704453,0.848770945206,0.));
#117 = ORIENTED_EDGE('',*,*,#118,.T.);
#118 = EDGE_CURVE('',#111,#119,#121,.T.);
#119 = VERTEX_POINT('',#120);
#120 = CARTESIAN_POINT('',(9.775126539046,12.525127228789,-6.4));
#121 = LINE('',#122,#123);
#122 = CARTESIAN_POINT('',(8.816810206446,11.552018622841,-6.4));
#123 = VECTOR('',#124,1.);
#124 = DIRECTION('',(0.70167065878,0.712501429197,0.));
#125 = ORIENTED_EDGE('',*,*,#126,.T.);
#126 = EDGE_CURVE('',#119,#127,#129,.T.);
#127 = VERTEX_POINT('',#128);
#128 = CARTESIAN_POINT('',(11.100414699199,11.750074950672,-6.4));
#129 = LINE('',#130,#131);
#130 = CARTESIAN_POINT('',(10.245175824497,12.2502339788,-6.4));
#131 = VECTOR('',#132,1.);
#132 = DIRECTION('',(0.863220605495,-0.504826887406,0.));
#133 = ORIENTED_EDGE('',*,*,#134,.T.);
#134 = EDGE_CURVE('',#127,#135,#137,.T.);
#135 = VERTEX_POINT('',#136);
#136 = CARTESIAN_POINT('',(12.402056339391,10.547613076731,-6.4));
#137 = LINE('',#138,#139);
#138 = CARTESIAN_POINT('',(11.156326643863,11.698423267383,-6.4));
#139 = VECTOR('',#140,1.);
#140 = DIRECTION('',(0.734537174859,-0.678568448095,0.));
#141 = ORIENTED_EDGE('',*,*,#142,.T.);
#142 = EDGE_CURVE('',#135,#143,#145,.T.);
#143 = VERTEX_POINT('',#144);
#144 = CARTESIAN_POINT('',(14.463287294984,8.174373534248,-6.4));
#145 = LINE('',#146,#147);
#146 = CARTESIAN_POINT('',(12.427288504666,10.518561517899,-6.4));
#147 = VECTOR('',#148,1.);
#148 = DIRECTION('',(0.655733765841,-0.754992204155,0.));
#149 = ORIENTED_EDGE('',*,*,#150,.T.);
#150 = EDGE_CURVE('',#143,#151,#153,.T.);
#151 = VERTEX_POINT('',#152);
#152 = CARTESIAN_POINT('',(14.5011,8.17035068689,-6.4));
#153 = LINE('',#154,#155);
#154 = CARTESIAN_POINT('',(14.18943474598,8.203508371406,-6.4));
#155 = VECTOR('',#156,1.);
#156 = DIRECTION('',(0.994388306883,-0.105791753624,0.));
#157 = ORIENTED_EDGE('',*,*,#158,.T.);
#158 = EDGE_CURVE('',#151,#159,#161,.T.);
#159 = VERTEX_POINT('',#160);
#160 = CARTESIAN_POINT('',(14.5011,13.32226,-6.4));
#161 = LINE('',#162,#163);
#162 = CARTESIAN_POINT('',(14.5011,7.466400333537,-6.4));
#163 = VECTOR('',#164,1.);
#164 = DIRECTION('',(-3.033468936378E-16,1.,-0.));
#165 = ORIENTED_EDGE('',*,*,#166,.T.);
#166 = EDGE_CURVE('',#159,#22,#167,.T.);
#167 = LINE('',#168,#169);
#168 = CARTESIAN_POINT('',(14.5011,13.32226,-6.4));
#169 = VECTOR('',#170,1.);
#170 = DIRECTION('',(-1.,0.,0.));
#171 = PLANE('',#172);
#172 = AXIS2_PLACEMENT_3D('',#173,#174,#175);
#173 = CARTESIAN_POINT('',(34.834576530354,-20.98303399545,-6.4));
#174 = DIRECTION('',(0.,0.,1.));
#175 = DIRECTION('',(1.,0.,0.));
#176 = ADVANCED_FACE('',(#177),#195,.F.);
#177 = FACE_BOUND('',#178,.T.);
#178 = EDGE_LOOP('',(#179,#180,#181,#189));
#179 = ORIENTED_EDGE('',*,*,#31,.F.);
#180 = ORIENTED_EDGE('',*,*,#94,.T.);
#181 = ORIENTED_EDGE('',*,*,#182,.T.);
#182 = EDGE_CURVE('',#95,#183,#185,.T.);
#183 = VERTEX_POINT('',#184);
#184 = CARTESIAN_POINT('',(7.055042488863,6.628946304072,-5.7));
#185 = LINE('',#186,#187);
#186 = CARTESIAN_POINT('',(6.776658720048,6.95927684325,-6.091847793539)
  );
#187 = VECTOR('',#188,1.);
#188 = DIRECTION('',(0.477311591727,-0.566378550454,0.671854881644));
#189 = ORIENTED_EDGE('',*,*,#190,.F.);
#190 = EDGE_CURVE('',#32,#183,#191,.T.);
#191 = LINE('',#192,#193);
#192 = CARTESIAN_POINT('',(6.35608,6.438695167404,-5.7));
#193 = VECTOR('',#194,1.);
#194 = DIRECTION('',(0.964895109648,0.262635540963,0.));
#195 = PLANE('',#196);
#196 = AXIS2_PLACEMENT_3D('',#197,#198,#199);
#197 = CARTESIAN_POINT('',(6.264157560663,6.776408455781,-6.05));
#198 = DIRECTION('',(-0.185711371996,0.682283875166,0.707106781187));
#199 = DIRECTION('',(-0.964895109648,-0.262635540963,2.775557561563E-17)
  );
#200 = ADVANCED_FACE('',(#201),#219,.T.);
#201 = FACE_BOUND('',#202,.T.);
#202 = EDGE_LOOP('',(#203,#211,#212,#213));
#203 = ORIENTED_EDGE('',*,*,#204,.T.);
#204 = EDGE_CURVE('',#205,#159,#207,.T.);
#205 = VERTEX_POINT('',#206);
#206 = CARTESIAN_POINT('',(14.5011,13.32226,1.6));
#207 = LINE('',#208,#209);
#208 = CARTESIAN_POINT('',(14.5011,13.32226,-4.8));
#209 = VECTOR('',#210,1.);
#210 = DIRECTION('',(0.,0.,-1.));
#211 = ORIENTED_EDGE('',*,*,#166,.T.);
#212 = ORIENTED_EDGE('',*,*,#79,.T.);
#213 = ORIENTED_EDGE('',*,*,#214,.F.);
#214 = EDGE_CURVE('',#205,#72,#215,.T.);
#215 = LINE('',#216,#217);
#216 = CARTESIAN_POINT('',(14.5011,13.32226,1.6));
#217 = VECTOR('',#218,1.);
#218 = DIRECTION('',(-1.,0.,0.));
#219 = PLANE('',#220);
#220 = AXIS2_PLACEMENT_3D('',#221,#222,#223);
#221 = CARTESIAN_POINT('',(10.42859,13.32226,-2.4));
#222 = DIRECTION('',(0.,1.,0.));
#223 = DIRECTION('',(0.,0.,1.));
#224 = ADVANCED_FACE('',(#225),#243,.T.);
#225 = FACE_BOUND('',#226,.T.);
#226 = EDGE_LOOP('',(#227,#228,#229,#237));
#227 = ORIENTED_EDGE('',*,*,#39,.T.);
#228 = ORIENTED_EDGE('',*,*,#190,.T.);
#229 = ORIENTED_EDGE('',*,*,#230,.F.);
#230 = EDGE_CURVE('',#231,#183,#233,.T.);
#231 = VERTEX_POINT('',#232);
#232 = CARTESIAN_POINT('',(7.055042488863,6.628946304072,-4.8));
#233 = LINE('',#234,#235);
#234 = CARTESIAN_POINT('',(7.055042488863,6.628946304072,-4.8));
#235 = VECTOR('',#236,1.);
#236 = DIRECTION('',(0.,0.,-1.));
#237 = ORIENTED_EDGE('',*,*,#238,.F.);
#238 = EDGE_CURVE('',#40,#231,#239,.T.);
#239 = LINE('',#240,#241);
#240 = CARTESIAN_POINT('',(6.35608,6.438695167404,-4.8));
#241 = VECTOR('',#242,1.);
#242 = DIRECTION('',(0.964895109648,0.262635540963,0.));
#243 = PLANE('',#244);
#244 = AXIS2_PLACEMENT_3D('',#245,#246,#247);
#245 = CARTESIAN_POINT('',(6.35608,6.438695167404,-4.8));
#246 = DIRECTION('',(0.262635540963,-0.964895109648,0.));
#247 = DIRECTION('',(0.964895109648,0.262635540963,0.));
#248 = ADVANCED_FACE('',(#249,#506,#517,#528),#539,.T.);
#249 = FACE_BOUND('',#250,.F.);
#250 = EDGE_LOOP('',(#251,#262,#271,#279,#288,#297,#305,#313,#321,#330,
    #339,#347,#355,#363,#371,#379,#388,#396,#404,#412,#420,#428,#436,
    #444,#452,#460,#468,#476,#484,#492,#498,#499,#500));
#251 = ORIENTED_EDGE('',*,*,#252,.T.);
#252 = EDGE_CURVE('',#253,#255,#257,.T.);
#253 = VERTEX_POINT('',#254);
#254 = CARTESIAN_POINT('',(14.5011,6.84801,1.6));
#255 = VERTEX_POINT('',#256);
#256 = CARTESIAN_POINT('',(32.369587508747,-4.337963815894,1.6));
#257 = CIRCLE('',#258,12.435547660163);
#258 = AXIS2_PLACEMENT_3D('',#259,#260,#261);
#259 = CARTESIAN_POINT('',(26.936647660163,6.84801,1.6));
#260 = DIRECTION('',(0.,0.,1.));
#261 = DIRECTION('',(1.,0.,0.));
#262 = ORIENTED_EDGE('',*,*,#263,.F.);
#263 = EDGE_CURVE('',#264,#255,#266,.T.);
#264 = VERTEX_POINT('',#265);
#265 = CARTESIAN_POINT('',(36.348366400055,-5.061781485373,1.6));
#266 = CIRCLE('',#267,3.2);
#267 = AXIS2_PLACEMENT_3D('',#268,#269,#270);
#268 = CARTESIAN_POINT('',(33.915067310135,-7.14001524003,1.6));
#269 = DIRECTION('',(0.,0.,1.));
#270 = DIRECTION('',(1.,0.,0.));
#271 = ORIENTED_EDGE('',*,*,#272,.T.);
#272 = EDGE_CURVE('',#264,#273,#275,.T.);
#273 = VERTEX_POINT('',#274);
#274 = CARTESIAN_POINT('',(38.909025425868,-8.059927994709,1.6));
#275 = LINE('',#276,#277);
#276 = CARTESIAN_POINT('',(36.348366400055,-5.061781485373,1.6));
#277 = VECTOR('',#278,1.);
#278 = DIRECTION('',(0.64944804833,-0.7604059656,0.));
#279 = ORIENTED_EDGE('',*,*,#280,.T.);
#280 = EDGE_CURVE('',#273,#281,#283,.T.);
#281 = VERTEX_POINT('',#282);
#282 = CARTESIAN_POINT('',(41.589247806948,-7.335837322565,1.6));
#283 = CIRCLE('',#284,1.536468730917);
#284 = AXIS2_PLACEMENT_3D('',#285,#286,#287);
#285 = CARTESIAN_POINT('',(40.077365414816,-7.062071376095,1.6));
#286 = DIRECTION('',(0.,0.,1.));
#287 = DIRECTION('',(1.,0.,0.));
#288 = ORIENTED_EDGE('',*,*,#289,.F.);
#289 = EDGE_CURVE('',#290,#281,#292,.T.);
#290 = VERTEX_POINT('',#291);
#291 = CARTESIAN_POINT('',(45.73,-2.84323,1.6));
#292 = CIRCLE('',#293,5.700868036336);
#293 = AXIS2_PLACEMENT_3D('',#294,#295,#296);
#294 = CARTESIAN_POINT('',(47.198891420625,-8.351610375585,1.6));
#295 = DIRECTION('',(0.,0.,1.));
#296 = DIRECTION('',(1.,0.,0.));
#297 = ORIENTED_EDGE('',*,*,#298,.F.);
#298 = EDGE_CURVE('',#299,#290,#301,.T.);
#299 = VERTEX_POINT('',#300);
#300 = CARTESIAN_POINT('',(55.2039,-0.316874,1.6));
#301 = LINE('',#302,#303);
#302 = CARTESIAN_POINT('',(55.2039,-0.316874,1.6));
#303 = VECTOR('',#304,1.);
#304 = DIRECTION('',(-0.966235379719,-0.257661000112,0.));
#305 = ORIENTED_EDGE('',*,*,#306,.F.);
#306 = EDGE_CURVE('',#307,#299,#309,.T.);
#307 = VERTEX_POINT('',#308);
#308 = CARTESIAN_POINT('',(68.5725,-3.36956,1.6));
#309 = LINE('',#310,#311);
#310 = CARTESIAN_POINT('',(68.5725,-3.36956,1.6));
#311 = VECTOR('',#312,1.);
#312 = DIRECTION('',(-0.974905912366,0.222617299493,0.));
#313 = ORIENTED_EDGE('',*,*,#314,.F.);
#314 = EDGE_CURVE('',#315,#307,#317,.T.);
#315 = VERTEX_POINT('',#316);
#316 = CARTESIAN_POINT('',(77.099,-10.9486,1.6));
#317 = LINE('',#318,#319);
#318 = CARTESIAN_POINT('',(77.099,-10.9486,1.6));
#319 = VECTOR('',#320,1.);
#320 = DIRECTION('',(-0.747412413895,0.664360356701,0.));
#321 = ORIENTED_EDGE('',*,*,#322,.F.);
#322 = EDGE_CURVE('',#323,#315,#325,.T.);
#323 = VERTEX_POINT('',#324);
#324 = CARTESIAN_POINT('',(76.012968075215,-17.68350406639,1.6));
#325 = CIRCLE('',#326,4.043113411148);
#326 = AXIS2_PLACEMENT_3D('',#327,#328,#329);
#327 = CARTESIAN_POINT('',(74.412915731989,-13.97047315427,1.6));
#328 = DIRECTION('',(0.,0.,1.));
#329 = DIRECTION('',(1.,0.,0.));
#330 = ORIENTED_EDGE('',*,*,#331,.T.);
#331 = EDGE_CURVE('',#323,#332,#334,.T.);
#332 = VERTEX_POINT('',#333);
#333 = CARTESIAN_POINT('',(70.130676696701,-41.27044874254,1.6));
#334 = CIRCLE('',#335,15.283025116534);
#335 = AXIS2_PLACEMENT_3D('',#336,#337,#338);
#336 = CARTESIAN_POINT('',(82.061188261635,-31.71881273023,1.6));
#337 = DIRECTION('',(0.,0.,1.));
#338 = DIRECTION('',(1.,0.,0.));
#339 = ORIENTED_EDGE('',*,*,#340,.T.);
#340 = EDGE_CURVE('',#332,#341,#343,.T.);
#341 = VERTEX_POINT('',#342);
#342 = CARTESIAN_POINT('',(80.093760270359,-53.71488063303,1.6));
#343 = LINE('',#344,#345);
#344 = CARTESIAN_POINT('',(70.130676696701,-41.27044874254,1.6));
#345 = VECTOR('',#346,1.);
#346 = DIRECTION('',(0.624983335398,-0.780638091867,0.));
#347 = ORIENTED_EDGE('',*,*,#348,.F.);
#348 = EDGE_CURVE('',#349,#341,#351,.T.);
#349 = VERTEX_POINT('',#350);
#350 = CARTESIAN_POINT('',(80.093760270359,-60.11488063303,1.6));
#351 = LINE('',#352,#353);
#352 = CARTESIAN_POINT('',(80.093760270359,-60.11488063303,1.6));
#353 = VECTOR('',#354,1.);
#354 = DIRECTION('',(0.,1.,0.));
#355 = ORIENTED_EDGE('',*,*,#356,.F.);
#356 = EDGE_CURVE('',#357,#349,#359,.T.);
#357 = VERTEX_POINT('',#358);
#358 = CARTESIAN_POINT('',(73.693760270359,-60.11488063303,1.6));
#359 = LINE('',#360,#361);
#360 = CARTESIAN_POINT('',(73.693760270359,-60.11488063303,1.6));
#361 = VECTOR('',#362,1.);
#362 = DIRECTION('',(1.,0.,0.));
#363 = ORIENTED_EDGE('',*,*,#364,.T.);
#364 = EDGE_CURVE('',#357,#365,#367,.T.);
#365 = VERTEX_POINT('',#366);
#366 = CARTESIAN_POINT('',(54.861908134039,-36.59287566843,1.6));
#367 = LINE('',#368,#369);
#368 = CARTESIAN_POINT('',(73.693760270359,-60.11488063303,1.6));
#369 = VECTOR('',#370,1.);
#370 = DIRECTION('',(-0.624983335398,0.780638091867,0.));
#371 = ORIENTED_EDGE('',*,*,#372,.F.);
#372 = EDGE_CURVE('',#373,#365,#375,.T.);
#373 = VERTEX_POINT('',#374);
#374 = CARTESIAN_POINT('',(47.804352582677,-28.32953981331,1.6));
#375 = LINE('',#376,#377);
#376 = CARTESIAN_POINT('',(47.804352582677,-28.32953981331,1.6));
#377 = VECTOR('',#378,1.);
#378 = DIRECTION('',(0.64944804833,-0.7604059656,0.));
#379 = ORIENTED_EDGE('',*,*,#380,.T.);
#380 = EDGE_CURVE('',#373,#381,#383,.T.);
#381 = VERTEX_POINT('',#382);
#382 = CARTESIAN_POINT('',(13.453051248301,-22.08036649791,1.6));
#383 = CIRCLE('',#384,27.627613213223);
#384 = AXIS2_PLACEMENT_3D('',#385,#386,#387);
#385 = CARTESIAN_POINT('',(26.796150680052,-46.27223929466,1.6));
#386 = DIRECTION('',(0.,0.,1.));
#387 = DIRECTION('',(1.,0.,0.));
#388 = ORIENTED_EDGE('',*,*,#389,.T.);
#389 = EDGE_CURVE('',#381,#390,#392,.T.);
#390 = VERTEX_POINT('',#391);
#391 = CARTESIAN_POINT('',(5.956697993396,-26.21500244347,1.6));
#392 = LINE('',#393,#394);
#393 = CARTESIAN_POINT('',(13.453051248301,-22.08036649791,1.6));
#394 = VECTOR('',#395,1.);
#395 = DIRECTION('',(-0.875641070042,-0.482962437934,0.));
#396 = ORIENTED_EDGE('',*,*,#397,.F.);
#397 = EDGE_CURVE('',#398,#390,#400,.T.);
#398 = VERTEX_POINT('',#399);
#399 = CARTESIAN_POINT('',(5.956697993396,-52.70607162814,1.6));
#400 = LINE('',#401,#402);
#401 = CARTESIAN_POINT('',(5.956697993396,-52.70607162814,1.6));
#402 = VECTOR('',#403,1.);
#403 = DIRECTION('',(0.,1.,0.));
#404 = ORIENTED_EDGE('',*,*,#405,.T.);
#405 = EDGE_CURVE('',#398,#406,#408,.T.);
#406 = VERTEX_POINT('',#407);
#407 = CARTESIAN_POINT('',(6.4,-59.10607162814,1.6));
#408 = LINE('',#409,#410);
#409 = CARTESIAN_POINT('',(5.956697993396,-52.70607162814,1.6));
#410 = VECTOR('',#411,1.);
#411 = DIRECTION('',(6.910037302391E-02,-0.997609712487,0.));
#412 = ORIENTED_EDGE('',*,*,#413,.F.);
#413 = EDGE_CURVE('',#414,#406,#416,.T.);
#414 = VERTEX_POINT('',#415);
#415 = CARTESIAN_POINT('',(6.4,-65.50607162814,1.6));
#416 = LINE('',#417,#418);
#417 = CARTESIAN_POINT('',(6.4,-65.50607162814,1.6));
#418 = VECTOR('',#419,1.);
#419 = DIRECTION('',(0.,1.,0.));
#420 = ORIENTED_EDGE('',*,*,#421,.F.);
#421 = EDGE_CURVE('',#422,#414,#424,.T.);
#422 = VERTEX_POINT('',#423);
#423 = CARTESIAN_POINT('',(0.,-65.50607162814,1.6));
#424 = LINE('',#425,#426);
#425 = CARTESIAN_POINT('',(0.,-65.50607162814,1.6));
#426 = VECTOR('',#427,1.);
#427 = DIRECTION('',(1.,0.,0.));
#428 = ORIENTED_EDGE('',*,*,#429,.F.);
#429 = EDGE_CURVE('',#430,#422,#432,.T.);
#430 = VERTEX_POINT('',#431);
#431 = CARTESIAN_POINT('',(-8.453302006604,-55.90607162814,1.6));
#432 = LINE('',#433,#434);
#433 = CARTESIAN_POINT('',(-8.453302006604,-55.90607162814,1.6));
#434 = VECTOR('',#435,1.);
#435 = DIRECTION('',(0.660861462876,-0.750507912607,0.));
#436 = ORIENTED_EDGE('',*,*,#437,.F.);
#437 = EDGE_CURVE('',#438,#430,#440,.T.);
#438 = VERTEX_POINT('',#439);
#439 = CARTESIAN_POINT('',(-34.0533020066,-55.90607162814,1.6));
#440 = LINE('',#441,#442);
#441 = CARTESIAN_POINT('',(-34.0533020066,-55.90607162814,1.6));
#442 = VECTOR('',#443,1.);
#443 = DIRECTION('',(1.,0.,0.));
#444 = ORIENTED_EDGE('',*,*,#445,.F.);
#445 = EDGE_CURVE('',#446,#438,#448,.T.);
#446 = VERTEX_POINT('',#447);
#447 = CARTESIAN_POINT('',(-42.7133020066,-48.60607162814,1.6));
#448 = LINE('',#449,#450);
#449 = CARTESIAN_POINT('',(-42.7133020066,-48.60607162814,1.6));
#450 = VECTOR('',#451,1.);
#451 = DIRECTION('',(0.764590569562,-0.644516299977,0.));
#452 = ORIENTED_EDGE('',*,*,#453,.F.);
#453 = EDGE_CURVE('',#454,#446,#456,.T.);
#454 = VERTEX_POINT('',#455);
#455 = CARTESIAN_POINT('',(-42.7133020066,-23.00607162814,1.6));
#456 = LINE('',#457,#458);
#457 = CARTESIAN_POINT('',(-42.7133020066,-23.00607162814,1.6));
#458 = VECTOR('',#459,1.);
#459 = DIRECTION('',(0.,-1.,0.));
#460 = ORIENTED_EDGE('',*,*,#461,.F.);
#461 = EDGE_CURVE('',#462,#454,#464,.T.);
#462 = VERTEX_POINT('',#463);
#463 = CARTESIAN_POINT('',(-34.0533020066,-15.70607162814,1.6));
#464 = LINE('',#465,#466);
#465 = CARTESIAN_POINT('',(-34.0533020066,-15.70607162814,1.6));
#466 = VECTOR('',#467,1.);
#467 = DIRECTION('',(-0.764590569562,-0.644516299977,0.));
#468 = ORIENTED_EDGE('',*,*,#469,.F.);
#469 = EDGE_CURVE('',#470,#462,#472,.T.);
#470 = VERTEX_POINT('',#471);
#471 = CARTESIAN_POINT('',(-8.453302006604,-15.70607162814,1.6));
#472 = LINE('',#473,#474);
#473 = CARTESIAN_POINT('',(-8.453302006604,-15.70607162814,1.6));
#474 = VECTOR('',#475,1.);
#475 = DIRECTION('',(-1.,0.,0.));
#476 = ORIENTED_EDGE('',*,*,#477,.T.);
#477 = EDGE_CURVE('',#470,#478,#480,.T.);
#478 = VERTEX_POINT('',#479);
#479 = CARTESIAN_POINT('',(-0.443302006604,-18.90607162814,1.6));
#480 = LINE('',#481,#482);
#481 = CARTESIAN_POINT('',(-8.453302006604,-15.70607162814,1.6));
#482 = VECTOR('',#483,1.);
#483 = DIRECTION('',(0.928636514676,-0.370990867286,0.));
#484 = ORIENTED_EDGE('',*,*,#485,.F.);
#485 = EDGE_CURVE('',#486,#478,#488,.T.);
#486 = VERTEX_POINT('',#487);
#487 = CARTESIAN_POINT('',(5.956697993396,-18.90607162814,1.6));
#488 = LINE('',#489,#490);
#489 = CARTESIAN_POINT('',(5.956697993396,-18.90607162814,1.6));
#490 = VECTOR('',#491,1.);
#491 = DIRECTION('',(-1.,0.,0.));
#492 = ORIENTED_EDGE('',*,*,#493,.F.);
#493 = EDGE_CURVE('',#64,#486,#494,.T.);
#494 = LINE('',#495,#496);
#495 = CARTESIAN_POINT('',(6.35608,5.94301,1.6));
#496 = VECTOR('',#497,1.);
#497 = DIRECTION('',(-1.607022901678E-02,-0.999870865532,0.));
#498 = ORIENTED_EDGE('',*,*,#71,.F.);
#499 = ORIENTED_EDGE('',*,*,#214,.F.);
#500 = ORIENTED_EDGE('',*,*,#501,.F.);
#501 = EDGE_CURVE('',#253,#205,#502,.T.);
#502 = LINE('',#503,#504);
#503 = CARTESIAN_POINT('',(14.5011,6.84801,1.6));
#504 = VECTOR('',#505,1.);
#505 = DIRECTION('',(0.,1.,0.));
#506 = FACE_BOUND('',#507,.F.);
#507 = EDGE_LOOP('',(#508));
#508 = ORIENTED_EDGE('',*,*,#509,.T.);
#509 = EDGE_CURVE('',#510,#510,#512,.T.);
#510 = VERTEX_POINT('',#511);
#511 = CARTESIAN_POINT('',(-10.80549565534,-35.3529,1.6));
#512 = CIRCLE('',#513,10.616504344651);
#513 = AXIS2_PLACEMENT_3D('',#514,#515,#516);
#514 = CARTESIAN_POINT('',(-21.422,-35.3529,1.6));
#515 = DIRECTION('',(0.,0.,1.));
#516 = DIRECTION('',(1.,0.,0.));
#517 = FACE_BOUND('',#518,.F.);
#518 = EDGE_LOOP('',(#519));
#519 = ORIENTED_EDGE('',*,*,#520,.T.);
#520 = EDGE_CURVE('',#521,#521,#523,.T.);
#521 = VERTEX_POINT('',#522);
#522 = CARTESIAN_POINT('',(65.1845422846,-15.32798419303,1.6));
#523 = CIRCLE('',#524,8.668361249414);
#524 = AXIS2_PLACEMENT_3D('',#525,#526,#527);
#525 = CARTESIAN_POINT('',(56.516181035186,-15.32798419303,1.6));
#526 = DIRECTION('',(0.,0.,1.));
#527 = DIRECTION('',(1.,0.,0.));
#528 = FACE_BOUND('',#529,.F.);
#529 = EDGE_LOOP('',(#530));
#530 = ORIENTED_EDGE('',*,*,#531,.T.);
#531 = EDGE_CURVE('',#532,#532,#534,.T.);
#532 = VERTEX_POINT('',#533);
#533 = CARTESIAN_POINT('',(19.865224421922,-11.5327,1.6));
#534 = CIRCLE('',#535,4.256024421922);
#535 = AXIS2_PLACEMENT_3D('',#536,#537,#538);
#536 = CARTESIAN_POINT('',(15.6092,-11.5327,1.6));
#537 = DIRECTION('',(0.,0.,1.));
#538 = DIRECTION('',(1.,0.,0.));
#539 = PLANE('',#540);
#540 = AXIS2_PLACEMENT_3D('',#541,#542,#543);
#541 = CARTESIAN_POINT('',(19.498051757947,-26.5151027335,1.6));
#542 = DIRECTION('',(0.,0.,1.));
#543 = DIRECTION('',(1.,0.,0.));
#544 = ADVANCED_FACE('',(#545),#619,.F.);
#545 = FACE_BOUND('',#546,.F.);
#546 = EDGE_LOOP('',(#547,#548,#549,#557,#565,#573,#581,#589,#597,#605,
    #613));
#547 = ORIENTED_EDGE('',*,*,#238,.F.);
#548 = ORIENTED_EDGE('',*,*,#47,.T.);
#549 = ORIENTED_EDGE('',*,*,#550,.T.);
#550 = EDGE_CURVE('',#48,#551,#553,.T.);
#551 = VERTEX_POINT('',#552);
#552 = CARTESIAN_POINT('',(14.5011,6.84801,-4.8));
#553 = LINE('',#554,#555);
#554 = CARTESIAN_POINT('',(6.35608,5.94301,-4.8));
#555 = VECTOR('',#556,1.);
#556 = DIRECTION('',(0.993883764435,0.110431258218,0.));
#557 = ORIENTED_EDGE('',*,*,#558,.T.);
#558 = EDGE_CURVE('',#551,#559,#561,.T.);
#559 = VERTEX_POINT('',#560);
#560 = CARTESIAN_POINT('',(14.5011,7.466400333537,-4.8));
#561 = LINE('',#562,#563);
#562 = CARTESIAN_POINT('',(14.5011,6.84801,-4.8));
#563 = VECTOR('',#564,1.);
#564 = DIRECTION('',(0.,1.,0.));
#565 = ORIENTED_EDGE('',*,*,#566,.F.);
#566 = EDGE_CURVE('',#567,#559,#569,.T.);
#567 = VERTEX_POINT('',#568);
#568 = CARTESIAN_POINT('',(14.115380518444,7.507436556588,-4.8));
#569 = LINE('',#570,#571);
#570 = CARTESIAN_POINT('',(14.115380518444,7.507436556588,-4.8));
#571 = VECTOR('',#572,1.);
#572 = DIRECTION('',(0.994388306883,-0.105791753624,0.));
#573 = ORIENTED_EDGE('',*,*,#574,.F.);
#574 = EDGE_CURVE('',#575,#567,#577,.T.);
#575 = VERTEX_POINT('',#576);
#576 = CARTESIAN_POINT('',(11.898793961757,10.05954788181,-4.8));
#577 = LINE('',#578,#579);
#578 = CARTESIAN_POINT('',(11.898793961757,10.05954788181,-4.8));
#579 = VECTOR('',#580,1.);
#580 = DIRECTION('',(0.655733765841,-0.754992204155,0.));
#581 = ORIENTED_EDGE('',*,*,#582,.F.);
#582 = EDGE_CURVE('',#583,#575,#585,.T.);
#583 = VERTEX_POINT('',#584);
#584 = CARTESIAN_POINT('',(10.681328730196,11.184247244981,-4.8));
#585 = LINE('',#586,#587);
#586 = CARTESIAN_POINT('',(10.681328730196,11.184247244981,-4.8));
#587 = VECTOR('',#588,1.);
#588 = DIRECTION('',(0.734537174859,-0.678568448095,0.));
#589 = ORIENTED_EDGE('',*,*,#590,.F.);
#590 = EDGE_CURVE('',#591,#583,#593,.T.);
#591 = VERTEX_POINT('',#592);
#592 = CARTESIAN_POINT('',(9.891797003313,11.645979554954,-4.8));
#593 = LINE('',#594,#595);
#594 = CARTESIAN_POINT('',(9.891797003313,11.645979554954,-4.8));
#595 = VECTOR('',#596,1.);
#596 = DIRECTION('',(0.863220605495,-0.504826887406,0.));
#597 = ORIENTED_EDGE('',*,*,#598,.F.);
#598 = EDGE_CURVE('',#599,#591,#601,.T.);
#599 = VERTEX_POINT('',#600);
#600 = CARTESIAN_POINT('',(9.315561206884,11.060849161695,-4.8));
#601 = LINE('',#602,#603);
#602 = CARTESIAN_POINT('',(9.315561206884,11.060849161695,-4.8));
#603 = VECTOR('',#604,1.);
#604 = DIRECTION('',(0.70167065878,0.712501429197,0.));
#605 = ORIENTED_EDGE('',*,*,#606,.F.);
#606 = EDGE_CURVE('',#607,#599,#609,.T.);
#607 = VERTEX_POINT('',#608);
#608 = CARTESIAN_POINT('',(8.539707348664,9.815442294207,-4.8));
#609 = LINE('',#610,#611);
#610 = CARTESIAN_POINT('',(8.539707348664,9.815442294207,-4.8));
#611 = VECTOR('',#612,1.);
#612 = DIRECTION('',(0.528760704453,0.848770945206,0.));
#613 = ORIENTED_EDGE('',*,*,#614,.F.);
#614 = EDGE_CURVE('',#231,#607,#615,.T.);
#615 = LINE('',#616,#617);
#616 = CARTESIAN_POINT('',(7.055042488863,6.628946304072,-4.8));
#617 = VECTOR('',#618,1.);
#618 = DIRECTION('',(0.422332567115,0.906440953816,0.));
#619 = PLANE('',#620);
#620 = AXIS2_PLACEMENT_3D('',#621,#622,#623);
#621 = CARTESIAN_POINT('',(8.062176256024,-29.32708540046,-4.8));
#622 = DIRECTION('',(0.,0.,1.));
#623 = DIRECTION('',(1.,0.,0.));
#624 = ADVANCED_FACE('',(#625),#643,.F.);
#625 = FACE_BOUND('',#626,.F.);
#626 = EDGE_LOOP('',(#627,#628,#629,#637));
#627 = ORIENTED_EDGE('',*,*,#63,.T.);
#628 = ORIENTED_EDGE('',*,*,#493,.T.);
#629 = ORIENTED_EDGE('',*,*,#630,.F.);
#630 = EDGE_CURVE('',#631,#486,#633,.T.);
#631 = VERTEX_POINT('',#632);
#632 = CARTESIAN_POINT('',(5.956697993396,-18.90607162814,
    2.6645352591E-15));
#633 = LINE('',#634,#635);
#634 = CARTESIAN_POINT('',(5.956697993396,-18.90607162814,
    5.329070518201E-15));
#635 = VECTOR('',#636,1.);
#636 = DIRECTION('',(0.,0.,1.));
#637 = ORIENTED_EDGE('',*,*,#638,.F.);
#638 = EDGE_CURVE('',#56,#631,#639,.T.);
#639 = LINE('',#640,#641);
#640 = CARTESIAN_POINT('',(6.35608,5.94301,5.329070518201E-15));
#641 = VECTOR('',#642,1.);
#642 = DIRECTION('',(-1.607022901678E-02,-0.999870865532,0.));
#643 = PLANE('',#644);
#644 = AXIS2_PLACEMENT_3D('',#645,#646,#647);
#645 = CARTESIAN_POINT('',(6.35608,5.94301,5.329070518201E-15));
#646 = DIRECTION('',(0.999870865532,-1.607022901678E-02,0.));
#647 = DIRECTION('',(-1.607022901678E-02,-0.999870865532,0.));
#648 = ADVANCED_FACE('',(#649),#667,.T.);
#649 = FACE_BOUND('',#650,.T.);
#650 = EDGE_LOOP('',(#651,#652,#653,#661));
#651 = ORIENTED_EDGE('',*,*,#55,.T.);
#652 = ORIENTED_EDGE('',*,*,#550,.T.);
#653 = ORIENTED_EDGE('',*,*,#654,.F.);
#654 = EDGE_CURVE('',#655,#551,#657,.T.);
#655 = VERTEX_POINT('',#656);
#656 = CARTESIAN_POINT('',(14.5011,6.84801,3.360432871947E-15));
#657 = LINE('',#658,#659);
#658 = CARTESIAN_POINT('',(14.5011,6.84801,0.));
#659 = VECTOR('',#660,1.);
#660 = DIRECTION('',(-0.,-0.,-1.));
#661 = ORIENTED_EDGE('',*,*,#662,.F.);
#662 = EDGE_CURVE('',#56,#655,#663,.T.);
#663 = LINE('',#664,#665);
#664 = CARTESIAN_POINT('',(6.35608,5.94301,0.));
#665 = VECTOR('',#666,1.);
#666 = DIRECTION('',(0.993883764435,0.110431258218,0.));
#667 = PLANE('',#668);
#668 = AXIS2_PLACEMENT_3D('',#669,#670,#671);
#669 = CARTESIAN_POINT('',(6.35608,5.94301,0.));
#670 = DIRECTION('',(0.110431258218,-0.993883764435,0.));
#671 = DIRECTION('',(0.993883764435,0.110431258218,0.));
#672 = ADVANCED_FACE('',(#673),#691,.F.);
#673 = FACE_BOUND('',#674,.T.);
#674 = EDGE_LOOP('',(#675,#676,#677,#685));
#675 = ORIENTED_EDGE('',*,*,#182,.F.);
#676 = ORIENTED_EDGE('',*,*,#102,.T.);
#677 = ORIENTED_EDGE('',*,*,#678,.T.);
#678 = EDGE_CURVE('',#103,#679,#681,.T.);
#679 = VERTEX_POINT('',#680);
#680 = CARTESIAN_POINT('',(8.539707348664,9.815442294207,-5.7));
#681 = LINE('',#682,#683);
#682 = CARTESIAN_POINT('',(8.278834540688,9.956800937308,-5.996166155511
    ));
#683 = VECTOR('',#684,1.);
#684 = DIRECTION('',(0.622271004601,-0.337188783814,0.706457727612));
#685 = ORIENTED_EDGE('',*,*,#686,.F.);
#686 = EDGE_CURVE('',#183,#679,#687,.T.);
#687 = LINE('',#688,#689);
#688 = CARTESIAN_POINT('',(7.055042488863,6.628946304072,-5.7));
#689 = VECTOR('',#690,1.);
#690 = DIRECTION('',(0.422332567115,0.906440953816,0.));
#691 = PLANE('',#692);
#692 = AXIS2_PLACEMENT_3D('',#693,#694,#695);
#693 = CARTESIAN_POINT('',(6.737788155027,6.776762702562,-6.05));
#694 = DIRECTION('',(-0.640950545188,0.298634222123,0.707106781187));
#695 = DIRECTION('',(-0.422332567115,-0.906440953816,5.551115123126E-17)
  );
#696 = ADVANCED_FACE('',(#697),#724,.T.);
#697 = FACE_BOUND('',#698,.T.);
#698 = EDGE_LOOP('',(#699,#707,#713,#714,#715,#716,#722,#723));
#699 = ORIENTED_EDGE('',*,*,#700,.T.);
#700 = EDGE_CURVE('',#559,#701,#703,.T.);
#701 = VERTEX_POINT('',#702);
#702 = CARTESIAN_POINT('',(14.5011,7.466400333537,-5.7));
#703 = LINE('',#704,#705);
#704 = CARTESIAN_POINT('',(14.5011,7.466400333537,-4.8));
#705 = VECTOR('',#706,1.);
#706 = DIRECTION('',(0.,0.,-1.));
#707 = ORIENTED_EDGE('',*,*,#708,.F.);
#708 = EDGE_CURVE('',#151,#701,#709,.T.);
#709 = LINE('',#710,#711);
#710 = CARTESIAN_POINT('',(14.5011,7.485143492388,-5.718637977995));
#711 = VECTOR('',#712,1.);
#712 = DIRECTION('',(0.,-0.70909358988,0.705114374262));
#713 = ORIENTED_EDGE('',*,*,#158,.T.);
#714 = ORIENTED_EDGE('',*,*,#204,.F.);
#715 = ORIENTED_EDGE('',*,*,#501,.F.);
#716 = ORIENTED_EDGE('',*,*,#717,.F.);
#717 = EDGE_CURVE('',#655,#253,#718,.T.);
#718 = LINE('',#719,#720);
#719 = CARTESIAN_POINT('',(14.5011,6.84801,5.329070518201E-15));
#720 = VECTOR('',#721,1.);
#721 = DIRECTION('',(0.,0.,1.));
#722 = ORIENTED_EDGE('',*,*,#654,.T.);
#723 = ORIENTED_EDGE('',*,*,#558,.T.);
#724 = PLANE('',#725);
#725 = AXIS2_PLACEMENT_3D('',#726,#727,#728);
#726 = CARTESIAN_POINT('',(14.5011,10.119313784174,-2.365821215826));
#727 = DIRECTION('',(1.,0.,0.));
#728 = DIRECTION('',(0.,0.,1.));
#729 = ADVANCED_FACE('',(#730),#748,.F.);
#730 = FACE_BOUND('',#731,.T.);
#731 = EDGE_LOOP('',(#732,#733,#734,#742));
#732 = ORIENTED_EDGE('',*,*,#678,.F.);
#733 = ORIENTED_EDGE('',*,*,#110,.T.);
#734 = ORIENTED_EDGE('',*,*,#735,.T.);
#735 = EDGE_CURVE('',#111,#736,#738,.T.);
#736 = VERTEX_POINT('',#737);
#737 = CARTESIAN_POINT('',(9.315561206884,11.060849161695,-5.7));
#738 = LINE('',#739,#740);
#739 = CARTESIAN_POINT('',(9.072580446646,11.252341147949,
    -6.007488447083));
#740 = VECTOR('',#741,1.);
#741 = DIRECTION('',(0.557058045023,-0.439014806753,0.704948461893));
#742 = ORIENTED_EDGE('',*,*,#743,.F.);
#743 = EDGE_CURVE('',#679,#736,#744,.T.);
#744 = LINE('',#745,#746);
#745 = CARTESIAN_POINT('',(8.539707348664,9.815442294207,-5.7));
#746 = VECTOR('',#747,1.);
#747 = DIRECTION('',(0.528760704453,0.848770945206,0.));
#748 = PLANE('',#749);
#749 = AXIS2_PLACEMENT_3D('',#750,#751,#752);
#750 = CARTESIAN_POINT('',(8.242637517842,10.000508540765,-6.05));
#751 = DIRECTION('',(-0.60017169103,0.373890279743,0.707106781187));
#752 = DIRECTION('',(-0.528760704453,-0.848770945206,-8.326672684689E-17
    ));
#753 = ADVANCED_FACE('',(#754),#772,.F.);
#754 = FACE_BOUND('',#755,.T.);
#755 = EDGE_LOOP('',(#756,#764,#765,#766));
#756 = ORIENTED_EDGE('',*,*,#757,.F.);
#757 = EDGE_CURVE('',#143,#758,#760,.T.);
#758 = VERTEX_POINT('',#759);
#759 = CARTESIAN_POINT('',(14.115380518444,7.507436556588,-5.7));
#760 = LINE('',#761,#762);
#761 = CARTESIAN_POINT('',(14.430212127974,8.110968468844,
    -6.333451664446));
#762 = VECTOR('',#763,1.);
#763 = DIRECTION('',(-0.338581323334,-0.649060092251,0.681236878139));
#764 = ORIENTED_EDGE('',*,*,#150,.T.);
#765 = ORIENTED_EDGE('',*,*,#708,.T.);
#766 = ORIENTED_EDGE('',*,*,#767,.F.);
#767 = EDGE_CURVE('',#758,#701,#768,.T.);
#768 = LINE('',#769,#770);
#769 = CARTESIAN_POINT('',(14.115380518444,7.507436556588,-5.7));
#770 = VECTOR('',#771,1.);
#771 = DIRECTION('',(0.994388306883,-0.105791753624,0.));
#772 = PLANE('',#773);
#773 = AXIS2_PLACEMENT_3D('',#774,#775,#776);
#774 = CARTESIAN_POINT('',(14.152407632212,7.855472463997,-6.05));
#775 = DIRECTION('',(7.480606638113E-02,0.703138714929,0.707106781187));
#776 = DIRECTION('',(-0.994388306883,0.105791753624,-2.081668171172E-17)
  );
#777 = ADVANCED_FACE('',(#778),#796,.F.);
#778 = FACE_BOUND('',#779,.T.);
#779 = EDGE_LOOP('',(#780,#781,#782,#790));
#780 = ORIENTED_EDGE('',*,*,#735,.F.);
#781 = ORIENTED_EDGE('',*,*,#118,.T.);
#782 = ORIENTED_EDGE('',*,*,#783,.T.);
#783 = EDGE_CURVE('',#119,#784,#786,.T.);
#784 = VERTEX_POINT('',#785);
#785 = CARTESIAN_POINT('',(9.891797003313,11.645979554954,-5.7));
#786 = LINE('',#787,#788);
#787 = CARTESIAN_POINT('',(9.867448000709,11.829456745468,
    -5.846089260294));
#788 = VECTOR('',#789,1.);
#789 = DIRECTION('',(0.10326386312,-0.778124828971,0.619563011414));
#790 = ORIENTED_EDGE('',*,*,#791,.F.);
#791 = EDGE_CURVE('',#736,#784,#792,.T.);
#792 = LINE('',#793,#794);
#793 = CARTESIAN_POINT('',(9.315561206884,11.060849161695,-5.7));
#794 = VECTOR('',#795,1.);
#795 = DIRECTION('',(0.70167065878,0.712501429197,0.));
#796 = PLANE('',#797);
#797 = AXIS2_PLACEMENT_3D('',#798,#799,#800);
#798 = CARTESIAN_POINT('',(9.066185706665,11.306433892268,-6.05));
#799 = DIRECTION('',(-0.50381459219,0.496156080983,0.707106781187));
#800 = DIRECTION('',(-0.70167065878,-0.712501429197,-1.665334536938E-16)
  );
#801 = ADVANCED_FACE('',(#802),#820,.F.);
#802 = FACE_BOUND('',#803,.T.);
#803 = EDGE_LOOP('',(#804,#812,#813,#814));
#804 = ORIENTED_EDGE('',*,*,#805,.F.);
#805 = EDGE_CURVE('',#135,#806,#808,.T.);
#806 = VERTEX_POINT('',#807);
#807 = CARTESIAN_POINT('',(11.898793961757,10.05954788181,-5.7));
#808 = LINE('',#809,#810);
#809 = CARTESIAN_POINT('',(12.133694233934,10.287354791727,
    -6.026728557172));
#810 = VECTOR('',#811,1.);
#811 = DIRECTION('',(-0.507988163464,-0.492648274613,0.706573211565));
#812 = ORIENTED_EDGE('',*,*,#142,.T.);
#813 = ORIENTED_EDGE('',*,*,#757,.T.);
#814 = ORIENTED_EDGE('',*,*,#815,.F.);
#815 = EDGE_CURVE('',#806,#758,#816,.T.);
#816 = LINE('',#817,#818);
#817 = CARTESIAN_POINT('',(11.898793961757,10.05954788181,-5.7));
#818 = VECTOR('',#819,1.);
#819 = DIRECTION('',(0.655733765841,-0.754992204155,0.));
#820 = PLANE('',#821);
#821 = AXIS2_PLACEMENT_3D('',#822,#823,#824);
#822 = CARTESIAN_POINT('',(12.163041233212,10.289054699854,-6.05));
#823 = DIRECTION('',(0.533860107301,0.463673792479,0.707106781187));
#824 = DIRECTION('',(-0.655733765841,0.754992204155,8.326672684689E-17)
  );
#825 = ADVANCED_FACE('',(#826),#844,.F.);
#826 = FACE_BOUND('',#827,.T.);
#827 = EDGE_LOOP('',(#828,#829,#830,#838));
#828 = ORIENTED_EDGE('',*,*,#783,.F.);
#829 = ORIENTED_EDGE('',*,*,#126,.T.);
#830 = ORIENTED_EDGE('',*,*,#831,.T.);
#831 = EDGE_CURVE('',#127,#832,#834,.T.);
#832 = VERTEX_POINT('',#833);
#833 = CARTESIAN_POINT('',(10.681328730196,11.184247244981,-5.7));
#834 = LINE('',#835,#836);
#835 = CARTESIAN_POINT('',(10.874841350534,11.445517748139,
    -6.023224455733));
#836 = VECTOR('',#837,1.);
#837 = DIRECTION('',(-0.422094823824,-0.569890102302,0.705025695276));
#838 = ORIENTED_EDGE('',*,*,#839,.F.);
#839 = EDGE_CURVE('',#784,#832,#840,.T.);
#840 = LINE('',#841,#842);
#841 = CARTESIAN_POINT('',(9.891797003313,11.645979554954,-5.7));
#842 = VECTOR('',#843,1.);
#843 = DIRECTION('',(0.863220605495,-0.504826887406,0.));
#844 = PLANE('',#845);
#845 = AXIS2_PLACEMENT_3D('',#846,#847,#848);
#846 = CARTESIAN_POINT('',(10.068486413905,11.948106766877,-6.05));
#847 = DIRECTION('',(0.35696651541,0.610389143806,0.707106781187));
#848 = DIRECTION('',(-0.863220605495,0.504826887406,8.326672684689E-17)
  );
#849 = ADVANCED_FACE('',(#850),#861,.F.);
#850 = FACE_BOUND('',#851,.T.);
#851 = EDGE_LOOP('',(#852,#853,#854,#855));
#852 = ORIENTED_EDGE('',*,*,#831,.F.);
#853 = ORIENTED_EDGE('',*,*,#134,.T.);
#854 = ORIENTED_EDGE('',*,*,#805,.T.);
#855 = ORIENTED_EDGE('',*,*,#856,.F.);
#856 = EDGE_CURVE('',#832,#806,#857,.T.);
#857 = LINE('',#858,#859);
#858 = CARTESIAN_POINT('',(10.681328730196,11.184247244981,-5.7));
#859 = VECTOR('',#860,1.);
#860 = DIRECTION('',(0.734537174859,-0.678568448095,0.));
#861 = PLANE('',#862);
#862 = AXIS2_PLACEMENT_3D('',#863,#864,#865);
#863 = CARTESIAN_POINT('',(10.91882768703,11.441335256182,-6.05));
#864 = DIRECTION('',(0.479820351147,0.519396217376,0.707106781187));
#865 = DIRECTION('',(-0.734537174859,0.678568448095,8.326672684689E-17)
  );
#866 = ADVANCED_FACE('',(#867),#878,.T.);
#867 = FACE_BOUND('',#868,.T.);
#868 = EDGE_LOOP('',(#869,#870,#871,#877));
#869 = ORIENTED_EDGE('',*,*,#230,.T.);
#870 = ORIENTED_EDGE('',*,*,#686,.T.);
#871 = ORIENTED_EDGE('',*,*,#872,.F.);
#872 = EDGE_CURVE('',#607,#679,#873,.T.);
#873 = LINE('',#874,#875);
#874 = CARTESIAN_POINT('',(8.539707348664,9.815442294207,-4.8));
#875 = VECTOR('',#876,1.);
#876 = DIRECTION('',(0.,0.,-1.));
#877 = ORIENTED_EDGE('',*,*,#614,.F.);
#878 = PLANE('',#879);
#879 = AXIS2_PLACEMENT_3D('',#880,#881,#882);
#880 = CARTESIAN_POINT('',(7.055042488863,6.628946304072,-4.8));
#881 = DIRECTION('',(0.906440953816,-0.422332567115,0.));
#882 = DIRECTION('',(0.422332567115,0.906440953816,0.));
#883 = ADVANCED_FACE('',(#884),#903,.F.);
#884 = FACE_BOUND('',#885,.T.);
#885 = EDGE_LOOP('',(#886,#887,#888,#896));
#886 = ORIENTED_EDGE('',*,*,#717,.T.);
#887 = ORIENTED_EDGE('',*,*,#252,.T.);
#888 = ORIENTED_EDGE('',*,*,#889,.F.);
#889 = EDGE_CURVE('',#890,#255,#892,.T.);
#890 = VERTEX_POINT('',#891);
#891 = CARTESIAN_POINT('',(32.369587508747,-4.337963815894,
    5.329070518201E-15));
#892 = LINE('',#893,#894);
#893 = CARTESIAN_POINT('',(32.369587508747,-4.337963815894,
    5.329070518201E-15));
#894 = VECTOR('',#895,1.);
#895 = DIRECTION('',(0.,0.,1.));
#896 = ORIENTED_EDGE('',*,*,#897,.F.);
#897 = EDGE_CURVE('',#655,#890,#898,.T.);
#898 = CIRCLE('',#899,12.435547660163);
#899 = AXIS2_PLACEMENT_3D('',#900,#901,#902);
#900 = CARTESIAN_POINT('',(26.936647660163,6.84801,5.329070518201E-15));
#901 = DIRECTION('',(0.,0.,1.));
#902 = DIRECTION('',(1.,0.,0.));
#903 = CYLINDRICAL_SURFACE('',#904,12.435547660163);
#904 = AXIS2_PLACEMENT_3D('',#905,#906,#907);
#905 = CARTESIAN_POINT('',(26.936647660163,6.84801,5.329070518201E-15));
#906 = DIRECTION('',(-0.,-0.,-1.));
#907 = DIRECTION('',(1.,0.,0.));
#908 = ADVANCED_FACE('',(#909),#952,.T.);
#909 = FACE_BOUND('',#910,.F.);
#910 = EDGE_LOOP('',(#911,#922,#928,#929,#930,#937,#944,#951));
#911 = ORIENTED_EDGE('',*,*,#912,.T.);
#912 = EDGE_CURVE('',#913,#915,#917,.T.);
#913 = VERTEX_POINT('',#914);
#914 = CARTESIAN_POINT('',(37.115067310135,-7.14001524003,0.));
#915 = VERTEX_POINT('',#916);
#916 = CARTESIAN_POINT('',(36.348366400055,-5.061781485373,
    5.329070518201E-15));
#917 = CIRCLE('',#918,3.2);
#918 = AXIS2_PLACEMENT_3D('',#919,#920,#921);
#919 = CARTESIAN_POINT('',(33.915067310135,-7.14001524003,0.));
#920 = DIRECTION('',(0.,0.,1.));
#921 = DIRECTION('',(1.,0.,0.));
#922 = ORIENTED_EDGE('',*,*,#923,.T.);
#923 = EDGE_CURVE('',#915,#264,#924,.T.);
#924 = LINE('',#925,#926);
#925 = CARTESIAN_POINT('',(36.348366400055,-5.061781485373,
    5.329070518201E-15));
#926 = VECTOR('',#927,1.);
#927 = DIRECTION('',(0.,0.,1.));
#928 = ORIENTED_EDGE('',*,*,#263,.T.);
#929 = ORIENTED_EDGE('',*,*,#889,.F.);
#930 = ORIENTED_EDGE('',*,*,#931,.T.);
#931 = EDGE_CURVE('',#890,#913,#932,.T.);
#932 = CIRCLE('',#933,3.2);
#933 = AXIS2_PLACEMENT_3D('',#934,#935,#936);
#934 = CARTESIAN_POINT('',(33.915067310135,-7.14001524003,0.));
#935 = DIRECTION('',(0.,0.,1.));
#936 = DIRECTION('',(1.,0.,0.));
#937 = ORIENTED_EDGE('',*,*,#938,.T.);
#938 = EDGE_CURVE('',#913,#939,#941,.T.);
#939 = VERTEX_POINT('',#940);
#940 = CARTESIAN_POINT('',(37.115067310135,-7.14001524003,-4.8));
#941 = B_SPLINE_CURVE_WITH_KNOTS('',1,(#942,#943),.UNSPECIFIED.,.F.,.F.,
  (2,2),(5.329070518201E-15,4.8),.PIECEWISE_BEZIER_KNOTS.);
#942 = CARTESIAN_POINT('',(37.115067310135,-7.14001524003,0.));
#943 = CARTESIAN_POINT('',(37.115067310135,-7.14001524003,-4.8));
#944 = ORIENTED_EDGE('',*,*,#945,.F.);
#945 = EDGE_CURVE('',#939,#939,#946,.T.);
#946 = CIRCLE('',#947,3.2);
#947 = AXIS2_PLACEMENT_3D('',#948,#949,#950);
#948 = CARTESIAN_POINT('',(33.915067310135,-7.14001524003,-4.8));
#949 = DIRECTION('',(0.,0.,1.));
#950 = DIRECTION('',(1.,0.,0.));
#951 = ORIENTED_EDGE('',*,*,#938,.F.);
#952 = CYLINDRICAL_SURFACE('',#953,3.2);
#953 = AXIS2_PLACEMENT_3D('',#954,#955,#956);
#954 = CARTESIAN_POINT('',(33.915067310135,-7.14001524003,
    5.329070518201E-15));
#955 = DIRECTION('',(-0.,-0.,-1.));
#956 = DIRECTION('',(1.,0.,0.));
#957 = ADVANCED_FACE('',(#958),#976,.T.);
#958 = FACE_BOUND('',#959,.T.);
#959 = EDGE_LOOP('',(#960,#961,#962,#970));
#960 = ORIENTED_EDGE('',*,*,#923,.T.);
#961 = ORIENTED_EDGE('',*,*,#272,.T.);
#962 = ORIENTED_EDGE('',*,*,#963,.F.);
#963 = EDGE_CURVE('',#964,#273,#966,.T.);
#964 = VERTEX_POINT('',#965);
#965 = CARTESIAN_POINT('',(38.909025425868,-8.059927994709,
    5.329070518201E-15));
#966 = LINE('',#967,#968);
#967 = CARTESIAN_POINT('',(38.909025425868,-8.059927994709,
    5.329070518201E-15));
#968 = VECTOR('',#969,1.);
#969 = DIRECTION('',(0.,0.,1.));
#970 = ORIENTED_EDGE('',*,*,#971,.F.);
#971 = EDGE_CURVE('',#915,#964,#972,.T.);
#972 = LINE('',#973,#974);
#973 = CARTESIAN_POINT('',(36.348366400055,-5.061781485373,
    5.329070518201E-15));
#974 = VECTOR('',#975,1.);
#975 = DIRECTION('',(0.64944804833,-0.7604059656,0.));
#976 = PLANE('',#977);
#977 = AXIS2_PLACEMENT_3D('',#978,#979,#980);
#978 = CARTESIAN_POINT('',(36.348366400055,-5.061781485373,
    5.329070518201E-15));
#979 = DIRECTION('',(0.7604059656,0.64944804833,0.));
#980 = DIRECTION('',(0.64944804833,-0.7604059656,0.));
#981 = ADVANCED_FACE('',(#982),#1001,.F.);
#982 = FACE_BOUND('',#983,.T.);
#983 = EDGE_LOOP('',(#984,#985,#986,#994));
#984 = ORIENTED_EDGE('',*,*,#963,.T.);
#985 = ORIENTED_EDGE('',*,*,#280,.T.);
#986 = ORIENTED_EDGE('',*,*,#987,.F.);
#987 = EDGE_CURVE('',#988,#281,#990,.T.);
#988 = VERTEX_POINT('',#989);
#989 = CARTESIAN_POINT('',(41.589247806948,-7.335837322565,
    5.329070518201E-15));
#990 = LINE('',#991,#992);
#991 = CARTESIAN_POINT('',(41.589247806948,-7.335837322565,
    5.329070518201E-15));
#992 = VECTOR('',#993,1.);
#993 = DIRECTION('',(0.,0.,1.));
#994 = ORIENTED_EDGE('',*,*,#995,.F.);
#995 = EDGE_CURVE('',#964,#988,#996,.T.);
#996 = CIRCLE('',#997,1.536468730917);
#997 = AXIS2_PLACEMENT_3D('',#998,#999,#1000);
#998 = CARTESIAN_POINT('',(40.077365414816,-7.062071376095,
    5.329070518201E-15));
#999 = DIRECTION('',(0.,0.,1.));
#1000 = DIRECTION('',(1.,0.,0.));
#1001 = CYLINDRICAL_SURFACE('',#1002,1.536468730917);
#1002 = AXIS2_PLACEMENT_3D('',#1003,#1004,#1005);
#1003 = CARTESIAN_POINT('',(40.077365414816,-7.062071376095,
    5.329070518201E-15));
#1004 = DIRECTION('',(-0.,-0.,-1.));
#1005 = DIRECTION('',(1.,0.,0.));
#1006 = ADVANCED_FACE('',(#1007),#1026,.T.);
#1007 = FACE_BOUND('',#1008,.F.);
#1008 = EDGE_LOOP('',(#1009,#1017,#1018,#1019));
#1009 = ORIENTED_EDGE('',*,*,#1010,.T.);
#1010 = EDGE_CURVE('',#1011,#290,#1013,.T.);
#1011 = VERTEX_POINT('',#1012);
#1012 = CARTESIAN_POINT('',(45.73,-2.84323,3.552713678801E-15));
#1013 = LINE('',#1014,#1015);
#1014 = CARTESIAN_POINT('',(45.73,-2.84323,5.329070518201E-15));
#1015 = VECTOR('',#1016,1.);
#1016 = DIRECTION('',(0.,0.,1.));
#1017 = ORIENTED_EDGE('',*,*,#289,.T.);
#1018 = ORIENTED_EDGE('',*,*,#987,.F.);
#1019 = ORIENTED_EDGE('',*,*,#1020,.F.);
#1020 = EDGE_CURVE('',#1011,#988,#1021,.T.);
#1021 = CIRCLE('',#1022,5.700868036336);
#1022 = AXIS2_PLACEMENT_3D('',#1023,#1024,#1025);
#1023 = CARTESIAN_POINT('',(47.198891420625,-8.351610375585,
    5.329070518201E-15));
#1024 = DIRECTION('',(0.,0.,1.));
#1025 = DIRECTION('',(1.,0.,0.));
#1026 = CYLINDRICAL_SURFACE('',#1027,5.700868036336);
#1027 = AXIS2_PLACEMENT_3D('',#1028,#1029,#1030);
#1028 = CARTESIAN_POINT('',(47.198891420625,-8.351610375585,
    5.329070518201E-15));
#1029 = DIRECTION('',(-0.,-0.,-1.));
#1030 = DIRECTION('',(1.,0.,0.));
#1031 = ADVANCED_FACE('',(#1032),#1058,.T.);
#1032 = FACE_BOUND('',#1033,.T.);
#1033 = EDGE_LOOP('',(#1034,#1042,#1050,#1056,#1057));
#1034 = ORIENTED_EDGE('',*,*,#1035,.F.);
#1035 = EDGE_CURVE('',#1036,#299,#1038,.T.);
#1036 = VERTEX_POINT('',#1037);
#1037 = CARTESIAN_POINT('',(55.2039,-0.316874,-6.4));
#1038 = LINE('',#1039,#1040);
#1039 = CARTESIAN_POINT('',(55.2039,-0.316874,5.329070518201E-15));
#1040 = VECTOR('',#1041,1.);
#1041 = DIRECTION('',(0.,0.,1.));
#1042 = ORIENTED_EDGE('',*,*,#1043,.T.);
#1043 = EDGE_CURVE('',#1036,#1044,#1046,.T.);
#1044 = VERTEX_POINT('',#1045);
#1045 = CARTESIAN_POINT('',(45.73,-2.84323,-6.4));
#1046 = LINE('',#1047,#1048);
#1047 = CARTESIAN_POINT('',(55.2039,-0.316874,-6.4));
#1048 = VECTOR('',#1049,1.);
#1049 = DIRECTION('',(-0.966235379719,-0.257661000112,0.));
#1050 = ORIENTED_EDGE('',*,*,#1051,.F.);
#1051 = EDGE_CURVE('',#1011,#1044,#1052,.T.);
#1052 = LINE('',#1053,#1054);
#1053 = CARTESIAN_POINT('',(45.73,-2.84323,0.));
#1054 = VECTOR('',#1055,1.);
#1055 = DIRECTION('',(-0.,-0.,-1.));
#1056 = ORIENTED_EDGE('',*,*,#1010,.T.);
#1057 = ORIENTED_EDGE('',*,*,#298,.F.);
#1058 = PLANE('',#1059);
#1059 = AXIS2_PLACEMENT_3D('',#1060,#1061,#1062);
#1060 = CARTESIAN_POINT('',(50.46695,-1.580052,-2.4));
#1061 = DIRECTION('',(-0.257661000112,0.966235379719,0.));
#1062 = DIRECTION('',(0.966235379719,0.257661000112,0.));
#1063 = ADVANCED_FACE('',(#1064),#1082,.T.);
#1064 = FACE_BOUND('',#1065,.T.);
#1065 = EDGE_LOOP('',(#1066,#1074,#1080,#1081));
#1066 = ORIENTED_EDGE('',*,*,#1067,.T.);
#1067 = EDGE_CURVE('',#307,#1068,#1070,.T.);
#1068 = VERTEX_POINT('',#1069);
#1069 = CARTESIAN_POINT('',(68.5725,-3.36956,-6.4));
#1070 = LINE('',#1071,#1072);
#1071 = CARTESIAN_POINT('',(68.5725,-3.36956,-4.8));
#1072 = VECTOR('',#1073,1.);
#1073 = DIRECTION('',(0.,0.,-1.));
#1074 = ORIENTED_EDGE('',*,*,#1075,.F.);
#1075 = EDGE_CURVE('',#1036,#1068,#1076,.T.);
#1076 = LINE('',#1077,#1078);
#1077 = CARTESIAN_POINT('',(55.2039,-0.316874,-6.4));
#1078 = VECTOR('',#1079,1.);
#1079 = DIRECTION('',(0.974905912366,-0.222617299493,0.));
#1080 = ORIENTED_EDGE('',*,*,#1035,.T.);
#1081 = ORIENTED_EDGE('',*,*,#306,.F.);
#1082 = PLANE('',#1083);
#1083 = AXIS2_PLACEMENT_3D('',#1084,#1085,#1086);
#1084 = CARTESIAN_POINT('',(61.8882,-1.843217,-2.4));
#1085 = DIRECTION('',(0.222617299493,0.974905912366,0.));
#1086 = DIRECTION('',(0.974905912366,-0.222617299493,0.));
#1087 = ADVANCED_FACE('',(#1088),#1114,.T.);
#1088 = FACE_BOUND('',#1089,.T.);
#1089 = EDGE_LOOP('',(#1090,#1098,#1106,#1112,#1113));
#1090 = ORIENTED_EDGE('',*,*,#1091,.F.);
#1091 = EDGE_CURVE('',#1092,#315,#1094,.T.);
#1092 = VERTEX_POINT('',#1093);
#1093 = CARTESIAN_POINT('',(77.099,-10.9486,3.507135295744E-15));
#1094 = LINE('',#1095,#1096);
#1095 = CARTESIAN_POINT('',(77.099,-10.9486,5.329070518201E-15));
#1096 = VECTOR('',#1097,1.);
#1097 = DIRECTION('',(0.,0.,1.));
#1098 = ORIENTED_EDGE('',*,*,#1099,.T.);
#1099 = EDGE_CURVE('',#1092,#1100,#1102,.T.);
#1100 = VERTEX_POINT('',#1101);
#1101 = CARTESIAN_POINT('',(77.099,-10.9486,-6.4));
#1102 = LINE('',#1103,#1104);
#1103 = CARTESIAN_POINT('',(77.099,-10.9486,-4.8));
#1104 = VECTOR('',#1105,1.);
#1105 = DIRECTION('',(0.,0.,-1.));
#1106 = ORIENTED_EDGE('',*,*,#1107,.T.);
#1107 = EDGE_CURVE('',#1100,#1068,#1108,.T.);
#1108 = LINE('',#1109,#1110);
#1109 = CARTESIAN_POINT('',(77.099,-10.9486,-6.4));
#1110 = VECTOR('',#1111,1.);
#1111 = DIRECTION('',(-0.747412413895,0.664360356701,-0.));
#1112 = ORIENTED_EDGE('',*,*,#1067,.F.);
#1113 = ORIENTED_EDGE('',*,*,#314,.F.);
#1114 = PLANE('',#1115);
#1115 = AXIS2_PLACEMENT_3D('',#1116,#1117,#1118);
#1116 = CARTESIAN_POINT('',(72.83575,-7.15908,-2.4));
#1117 = DIRECTION('',(0.664360356701,0.747412413895,0.));
#1118 = DIRECTION('',(0.747412413895,-0.664360356701,0.));
#1119 = ADVANCED_FACE('',(#1120),#1139,.T.);
#1120 = FACE_BOUND('',#1121,.F.);
#1121 = EDGE_LOOP('',(#1122,#1130,#1131,#1132));
#1122 = ORIENTED_EDGE('',*,*,#1123,.T.);
#1123 = EDGE_CURVE('',#1124,#323,#1126,.T.);
#1124 = VERTEX_POINT('',#1125);
#1125 = CARTESIAN_POINT('',(76.012968075215,-17.68350406639,
    5.329070518201E-15));
#1126 = LINE('',#1127,#1128);
#1127 = CARTESIAN_POINT('',(76.012968075215,-17.68350406639,
    5.329070518201E-15));
#1128 = VECTOR('',#1129,1.);
#1129 = DIRECTION('',(0.,0.,1.));
#1130 = ORIENTED_EDGE('',*,*,#322,.T.);
#1131 = ORIENTED_EDGE('',*,*,#1091,.F.);
#1132 = ORIENTED_EDGE('',*,*,#1133,.F.);
#1133 = EDGE_CURVE('',#1124,#1092,#1134,.T.);
#1134 = CIRCLE('',#1135,4.043113411148);
#1135 = AXIS2_PLACEMENT_3D('',#1136,#1137,#1138);
#1136 = CARTESIAN_POINT('',(74.412915731989,-13.97047315427,
    5.329070518201E-15));
#1137 = DIRECTION('',(0.,0.,1.));
#1138 = DIRECTION('',(1.,0.,0.));
#1139 = CYLINDRICAL_SURFACE('',#1140,4.043113411148);
#1140 = AXIS2_PLACEMENT_3D('',#1141,#1142,#1143);
#1141 = CARTESIAN_POINT('',(74.412915731989,-13.97047315427,
    5.329070518201E-15));
#1142 = DIRECTION('',(-0.,-0.,-1.));
#1143 = DIRECTION('',(1.,0.,0.));
#1144 = ADVANCED_FACE('',(#1145),#1164,.F.);
#1145 = FACE_BOUND('',#1146,.T.);
#1146 = EDGE_LOOP('',(#1147,#1148,#1149,#1157));
#1147 = ORIENTED_EDGE('',*,*,#1123,.T.);
#1148 = ORIENTED_EDGE('',*,*,#331,.T.);
#1149 = ORIENTED_EDGE('',*,*,#1150,.F.);
#1150 = EDGE_CURVE('',#1151,#332,#1153,.T.);
#1151 = VERTEX_POINT('',#1152);
#1152 = CARTESIAN_POINT('',(70.130676696701,-41.27044874254,
    5.329070518201E-15));
#1153 = LINE('',#1154,#1155);
#1154 = CARTESIAN_POINT('',(70.130676696701,-41.27044874254,
    5.329070518201E-15));
#1155 = VECTOR('',#1156,1.);
#1156 = DIRECTION('',(0.,0.,1.));
#1157 = ORIENTED_EDGE('',*,*,#1158,.F.);
#1158 = EDGE_CURVE('',#1124,#1151,#1159,.T.);
#1159 = CIRCLE('',#1160,15.283025116534);
#1160 = AXIS2_PLACEMENT_3D('',#1161,#1162,#1163);
#1161 = CARTESIAN_POINT('',(82.061188261635,-31.71881273023,
    5.329070518201E-15));
#1162 = DIRECTION('',(0.,0.,1.));
#1163 = DIRECTION('',(1.,0.,0.));
#1164 = CYLINDRICAL_SURFACE('',#1165,15.283025116534);
#1165 = AXIS2_PLACEMENT_3D('',#1166,#1167,#1168);
#1166 = CARTESIAN_POINT('',(82.061188261635,-31.71881273023,
    5.329070518201E-15));
#1167 = DIRECTION('',(-0.,-0.,-1.));
#1168 = DIRECTION('',(1.,0.,0.));
#1169 = ADVANCED_FACE('',(#1170),#1188,.T.);
#1170 = FACE_BOUND('',#1171,.T.);
#1171 = EDGE_LOOP('',(#1172,#1173,#1174,#1182));
#1172 = ORIENTED_EDGE('',*,*,#1150,.T.);
#1173 = ORIENTED_EDGE('',*,*,#340,.T.);
#1174 = ORIENTED_EDGE('',*,*,#1175,.F.);
#1175 = EDGE_CURVE('',#1176,#341,#1178,.T.);
#1176 = VERTEX_POINT('',#1177);
#1177 = CARTESIAN_POINT('',(80.093760270359,-53.71488063303,
    3.552713678801E-15));
#1178 = LINE('',#1179,#1180);
#1179 = CARTESIAN_POINT('',(80.093760270359,-53.71488063303,
    5.329070518201E-15));
#1180 = VECTOR('',#1181,1.);
#1181 = DIRECTION('',(0.,0.,1.));
#1182 = ORIENTED_EDGE('',*,*,#1183,.F.);
#1183 = EDGE_CURVE('',#1151,#1176,#1184,.T.);
#1184 = LINE('',#1185,#1186);
#1185 = CARTESIAN_POINT('',(70.130676696701,-41.27044874254,
    5.329070518201E-15));
#1186 = VECTOR('',#1187,1.);
#1187 = DIRECTION('',(0.624983335398,-0.780638091867,0.));
#1188 = PLANE('',#1189);
#1189 = AXIS2_PLACEMENT_3D('',#1190,#1191,#1192);
#1190 = CARTESIAN_POINT('',(70.130676696701,-41.27044874254,
    5.329070518201E-15));
#1191 = DIRECTION('',(0.780638091867,0.624983335398,0.));
#1192 = DIRECTION('',(0.624983335398,-0.780638091867,0.));
#1193 = ADVANCED_FACE('',(#1194),#1244,.T.);
#1194 = FACE_BOUND('',#1195,.T.);
#1195 = EDGE_LOOP('',(#1196,#1206,#1214,#1222,#1230,#1236,#1237,#1238));
#1196 = ORIENTED_EDGE('',*,*,#1197,.F.);
#1197 = EDGE_CURVE('',#1198,#1200,#1202,.T.);
#1198 = VERTEX_POINT('',#1199);
#1199 = CARTESIAN_POINT('',(80.093760270359,-55.39619222371,-6.4));
#1200 = VERTEX_POINT('',#1201);
#1201 = CARTESIAN_POINT('',(80.093760270359,-60.11488063303,-6.4));
#1202 = LINE('',#1203,#1204);
#1203 = CARTESIAN_POINT('',(80.093760270359,-54.04346108876,-6.4));
#1204 = VECTOR('',#1205,1.);
#1205 = DIRECTION('',(-1.872491875957E-14,-1.,0.));
#1206 = ORIENTED_EDGE('',*,*,#1207,.T.);
#1207 = EDGE_CURVE('',#1198,#1208,#1210,.T.);
#1208 = VERTEX_POINT('',#1209);
#1209 = CARTESIAN_POINT('',(80.093760270359,-54.04346108876,-5.6));
#1210 = LINE('',#1211,#1212);
#1211 = CARTESIAN_POINT('',(80.093760270359,-55.01334364509,
    -6.173584820379));
#1212 = VECTOR('',#1213,1.);
#1213 = DIRECTION('',(1.763901979468E-15,0.860742853105,0.509040018888)
  );
#1214 = ORIENTED_EDGE('',*,*,#1215,.F.);
#1215 = EDGE_CURVE('',#1216,#1208,#1218,.T.);
#1216 = VERTEX_POINT('',#1217);
#1217 = CARTESIAN_POINT('',(80.093760270359,-54.04346108876,-4.8));
#1218 = LINE('',#1219,#1220);
#1219 = CARTESIAN_POINT('',(80.093760270359,-54.04346108876,-4.8));
#1220 = VECTOR('',#1221,1.);
#1221 = DIRECTION('',(0.,0.,-1.));
#1222 = ORIENTED_EDGE('',*,*,#1223,.T.);
#1223 = EDGE_CURVE('',#1216,#1224,#1226,.T.);
#1224 = VERTEX_POINT('',#1225);
#1225 = CARTESIAN_POINT('',(80.093760270359,-53.71488063303,-4.8));
#1226 = LINE('',#1227,#1228);
#1227 = CARTESIAN_POINT('',(80.093760270359,-60.11488063303,-4.8));
#1228 = VECTOR('',#1229,1.);
#1229 = DIRECTION('',(0.,1.,0.));
#1230 = ORIENTED_EDGE('',*,*,#1231,.F.);
#1231 = EDGE_CURVE('',#1176,#1224,#1232,.T.);
#1232 = LINE('',#1233,#1234);
#1233 = CARTESIAN_POINT('',(80.093760270359,-53.71488063303,0.));
#1234 = VECTOR('',#1235,1.);
#1235 = DIRECTION('',(-0.,-0.,-1.));
#1236 = ORIENTED_EDGE('',*,*,#1175,.T.);
#1237 = ORIENTED_EDGE('',*,*,#348,.F.);
#1238 = ORIENTED_EDGE('',*,*,#1239,.F.);
#1239 = EDGE_CURVE('',#1200,#349,#1240,.T.);
#1240 = LINE('',#1241,#1242);
#1241 = CARTESIAN_POINT('',(80.093760270359,-60.11488063303,
    5.329070518201E-15));
#1242 = VECTOR('',#1243,1.);
#1243 = DIRECTION('',(0.,0.,1.));
#1244 = PLANE('',#1245);
#1245 = AXIS2_PLACEMENT_3D('',#1246,#1247,#1248);
#1246 = CARTESIAN_POINT('',(80.093760270359,-56.93313510279,
    -2.381745530237));
#1247 = DIRECTION('',(1.,-5.402781681197E-15,5.670484897855E-15));
#1248 = DIRECTION('',(-5.670484897855E-15,0.,1.));
#1249 = ADVANCED_FACE('',(#1250),#1301,.T.);
#1250 = FACE_BOUND('',#1251,.T.);
#1251 = EDGE_LOOP('',(#1252,#1262,#1271,#1277,#1278,#1279,#1287,#1295));
#1252 = ORIENTED_EDGE('',*,*,#1253,.T.);
#1253 = EDGE_CURVE('',#1254,#1256,#1258,.T.);
#1254 = VERTEX_POINT('',#1255);
#1255 = CARTESIAN_POINT('',(73.651266262856,-60.11488063303,-4.8));
#1256 = VERTEX_POINT('',#1257);
#1257 = CARTESIAN_POINT('',(73.651266262856,-60.11488063303,-5.6));
#1258 = LINE('',#1259,#1260);
#1259 = CARTESIAN_POINT('',(73.651266262856,-60.11488063303,-4.8));
#1260 = VECTOR('',#1261,1.);
#1261 = DIRECTION('',(0.,0.,-1.));
#1262 = ORIENTED_EDGE('',*,*,#1263,.F.);
#1263 = EDGE_CURVE('',#1264,#1256,#1266,.T.);
#1264 = VERTEX_POINT('',#1265);
#1265 = CARTESIAN_POINT('',(75.099911129507,-60.11488063303,-6.4));
#1266 = HYPERBOLA('',#1267,20.188388164792,20.188388164792);
#1267 = AXIS2_PLACEMENT_3D('',#1268,#1269,#1270);
#1268 = CARTESIAN_POINT('',(60.99664291377,-60.11488063303,
    18.226676411106));
#1269 = DIRECTION('',(-7.863355144193E-15,1.,-7.562524578651E-15));
#1270 = DIRECTION('',(5.946681654862E-29,-7.562524578651E-15,-1.));
#1271 = ORIENTED_EDGE('',*,*,#1272,.T.);
#1272 = EDGE_CURVE('',#1264,#1200,#1273,.T.);
#1273 = LINE('',#1274,#1275);
#1274 = CARTESIAN_POINT('',(73.651266262856,-60.11488063303,-6.4));
#1275 = VECTOR('',#1276,1.);
#1276 = DIRECTION('',(1.,2.316090233625E-14,0.));
#1277 = ORIENTED_EDGE('',*,*,#1239,.T.);
#1278 = ORIENTED_EDGE('',*,*,#356,.F.);
#1279 = ORIENTED_EDGE('',*,*,#1280,.F.);
#1280 = EDGE_CURVE('',#1281,#357,#1283,.T.);
#1281 = VERTEX_POINT('',#1282);
#1282 = CARTESIAN_POINT('',(73.693760270359,-60.11488063303,
    3.552713678801E-15));
#1283 = LINE('',#1284,#1285);
#1284 = CARTESIAN_POINT('',(73.693760270359,-60.11488063303,
    5.329070518201E-15));
#1285 = VECTOR('',#1286,1.);
#1286 = DIRECTION('',(0.,0.,1.));
#1287 = ORIENTED_EDGE('',*,*,#1288,.T.);
#1288 = EDGE_CURVE('',#1281,#1289,#1291,.T.);
#1289 = VERTEX_POINT('',#1290);
#1290 = CARTESIAN_POINT('',(73.693760270359,-60.11488063303,-4.8));
#1291 = LINE('',#1292,#1293);
#1292 = CARTESIAN_POINT('',(73.693760270359,-60.11488063303,0.));
#1293 = VECTOR('',#1294,1.);
#1294 = DIRECTION('',(-0.,-0.,-1.));
#1295 = ORIENTED_EDGE('',*,*,#1296,.F.);
#1296 = EDGE_CURVE('',#1254,#1289,#1297,.T.);
#1297 = LINE('',#1298,#1299);
#1298 = CARTESIAN_POINT('',(73.651266262856,-60.11488063303,-4.8));
#1299 = VECTOR('',#1300,1.);
#1300 = DIRECTION('',(1.,2.316090233625E-14,0.));
#1301 = PLANE('',#1302);
#1302 = AXIS2_PLACEMENT_3D('',#1303,#1304,#1305);
#1303 = CARTESIAN_POINT('',(76.881928595008,-60.11488063303,
    -2.409415328401));
#1304 = DIRECTION('',(7.863355144193E-15,-1.,7.562524578651E-15));
#1305 = DIRECTION('',(-1.,-7.863355144193E-15,0.));
#1306 = ADVANCED_FACE('',(#1307),#1325,.T.);
#1307 = FACE_BOUND('',#1308,.T.);
#1308 = EDGE_LOOP('',(#1309,#1310,#1311,#1319));
#1309 = ORIENTED_EDGE('',*,*,#1280,.T.);
#1310 = ORIENTED_EDGE('',*,*,#364,.T.);
#1311 = ORIENTED_EDGE('',*,*,#1312,.F.);
#1312 = EDGE_CURVE('',#1313,#365,#1315,.T.);
#1313 = VERTEX_POINT('',#1314);
#1314 = CARTESIAN_POINT('',(54.861908134039,-36.59287566843,
    5.329070518201E-15));
#1315 = LINE('',#1316,#1317);
#1316 = CARTESIAN_POINT('',(54.861908134039,-36.59287566843,
    5.329070518201E-15));
#1317 = VECTOR('',#1318,1.);
#1318 = DIRECTION('',(0.,0.,1.));
#1319 = ORIENTED_EDGE('',*,*,#1320,.F.);
#1320 = EDGE_CURVE('',#1281,#1313,#1321,.T.);
#1321 = LINE('',#1322,#1323);
#1322 = CARTESIAN_POINT('',(73.693760270359,-60.11488063303,
    5.329070518201E-15));
#1323 = VECTOR('',#1324,1.);
#1324 = DIRECTION('',(-0.624983335398,0.780638091867,0.));
#1325 = PLANE('',#1326);
#1326 = AXIS2_PLACEMENT_3D('',#1327,#1328,#1329);
#1327 = CARTESIAN_POINT('',(73.693760270359,-60.11488063303,
    5.329070518201E-15));
#1328 = DIRECTION('',(-0.780638091867,-0.624983335398,0.));
#1329 = DIRECTION('',(-0.624983335398,0.780638091867,0.));
#1330 = ADVANCED_FACE('',(#1331),#1349,.F.);
#1331 = FACE_BOUND('',#1332,.F.);
#1332 = EDGE_LOOP('',(#1333,#1341,#1342,#1343));
#1333 = ORIENTED_EDGE('',*,*,#1334,.T.);
#1334 = EDGE_CURVE('',#1335,#373,#1337,.T.);
#1335 = VERTEX_POINT('',#1336);
#1336 = CARTESIAN_POINT('',(47.804352582677,-28.32953981331,
    5.329070518201E-15));
#1337 = LINE('',#1338,#1339);
#1338 = CARTESIAN_POINT('',(47.804352582677,-28.32953981331,
    5.329070518201E-15));
#1339 = VECTOR('',#1340,1.);
#1340 = DIRECTION('',(0.,0.,1.));
#1341 = ORIENTED_EDGE('',*,*,#372,.T.);
#1342 = ORIENTED_EDGE('',*,*,#1312,.F.);
#1343 = ORIENTED_EDGE('',*,*,#1344,.F.);
#1344 = EDGE_CURVE('',#1335,#1313,#1345,.T.);
#1345 = LINE('',#1346,#1347);
#1346 = CARTESIAN_POINT('',(47.804352582677,-28.32953981331,
    5.329070518201E-15));
#1347 = VECTOR('',#1348,1.);
#1348 = DIRECTION('',(0.64944804833,-0.7604059656,0.));
#1349 = PLANE('',#1350);
#1350 = AXIS2_PLACEMENT_3D('',#1351,#1352,#1353);
#1351 = CARTESIAN_POINT('',(47.804352582677,-28.32953981331,
    5.329070518201E-15));
#1352 = DIRECTION('',(0.7604059656,0.64944804833,0.));
#1353 = DIRECTION('',(0.64944804833,-0.7604059656,0.));
#1354 = ADVANCED_FACE('',(#1355),#1374,.F.);
#1355 = FACE_BOUND('',#1356,.T.);
#1356 = EDGE_LOOP('',(#1357,#1358,#1359,#1367));
#1357 = ORIENTED_EDGE('',*,*,#1334,.T.);
#1358 = ORIENTED_EDGE('',*,*,#380,.T.);
#1359 = ORIENTED_EDGE('',*,*,#1360,.F.);
#1360 = EDGE_CURVE('',#1361,#381,#1363,.T.);
#1361 = VERTEX_POINT('',#1362);
#1362 = CARTESIAN_POINT('',(13.453051248301,-22.08036649791,
    5.329070518201E-15));
#1363 = LINE('',#1364,#1365);
#1364 = CARTESIAN_POINT('',(13.453051248301,-22.08036649791,
    5.329070518201E-15));
#1365 = VECTOR('',#1366,1.);
#1366 = DIRECTION('',(0.,0.,1.));
#1367 = ORIENTED_EDGE('',*,*,#1368,.F.);
#1368 = EDGE_CURVE('',#1335,#1361,#1369,.T.);
#1369 = CIRCLE('',#1370,27.627613213223);
#1370 = AXIS2_PLACEMENT_3D('',#1371,#1372,#1373);
#1371 = CARTESIAN_POINT('',(26.796150680052,-46.27223929466,
    5.329070518201E-15));
#1372 = DIRECTION('',(0.,0.,1.));
#1373 = DIRECTION('',(1.,0.,0.));
#1374 = CYLINDRICAL_SURFACE('',#1375,27.627613213223);
#1375 = AXIS2_PLACEMENT_3D('',#1376,#1377,#1378);
#1376 = CARTESIAN_POINT('',(26.796150680052,-46.27223929466,
    5.329070518201E-15));
#1377 = DIRECTION('',(-0.,-0.,-1.));
#1378 = DIRECTION('',(1.,0.,0.));
#1379 = ADVANCED_FACE('',(#1380),#1398,.T.);
#1380 = FACE_BOUND('',#1381,.T.);
#1381 = EDGE_LOOP('',(#1382,#1383,#1384,#1392));
#1382 = ORIENTED_EDGE('',*,*,#1360,.T.);
#1383 = ORIENTED_EDGE('',*,*,#389,.T.);
#1384 = ORIENTED_EDGE('',*,*,#1385,.F.);
#1385 = EDGE_CURVE('',#1386,#390,#1388,.T.);
#1386 = VERTEX_POINT('',#1387);
#1387 = CARTESIAN_POINT('',(5.956697993396,-26.21500244347,
    5.329070518201E-15));
#1388 = LINE('',#1389,#1390);
#1389 = CARTESIAN_POINT('',(5.956697993396,-26.21500244347,
    5.329070518201E-15));
#1390 = VECTOR('',#1391,1.);
#1391 = DIRECTION('',(0.,0.,1.));
#1392 = ORIENTED_EDGE('',*,*,#1393,.F.);
#1393 = EDGE_CURVE('',#1361,#1386,#1394,.T.);
#1394 = LINE('',#1395,#1396);
#1395 = CARTESIAN_POINT('',(13.453051248301,-22.08036649791,
    5.329070518201E-15));
#1396 = VECTOR('',#1397,1.);
#1397 = DIRECTION('',(-0.875641070042,-0.482962437934,0.));
#1398 = PLANE('',#1399);
#1399 = AXIS2_PLACEMENT_3D('',#1400,#1401,#1402);
#1400 = CARTESIAN_POINT('',(13.453051248301,-22.08036649791,
    5.329070518201E-15));
#1401 = DIRECTION('',(0.482962437934,-0.875641070042,0.));
#1402 = DIRECTION('',(-0.875641070042,-0.482962437934,0.));
#1403 = ADVANCED_FACE('',(#1404),#1444,.T.);
#1404 = FACE_BOUND('',#1405,.T.);
#1405 = EDGE_LOOP('',(#1406,#1416,#1424,#1430,#1436,#1437,#1438));
#1406 = ORIENTED_EDGE('',*,*,#1407,.T.);
#1407 = EDGE_CURVE('',#1408,#1410,#1412,.T.);
#1408 = VERTEX_POINT('',#1409);
#1409 = CARTESIAN_POINT('',(5.956697993396,-52.70607162814,
    2.6645352591E-15));
#1410 = VERTEX_POINT('',#1411);
#1411 = CARTESIAN_POINT('',(5.956697993396,-52.70607162814,-4.8));
#1412 = LINE('',#1413,#1414);
#1413 = CARTESIAN_POINT('',(5.956697993396,-52.70607162814,0.));
#1414 = VECTOR('',#1415,1.);
#1415 = DIRECTION('',(-0.,-0.,-1.));
#1416 = ORIENTED_EDGE('',*,*,#1417,.T.);
#1417 = EDGE_CURVE('',#1410,#1418,#1420,.T.);
#1418 = VERTEX_POINT('',#1419);
#1419 = CARTESIAN_POINT('',(5.956697993396,-18.90607162814,-4.8));
#1420 = LINE('',#1421,#1422);
#1421 = CARTESIAN_POINT('',(5.956697993396,-52.70607162814,-4.8));
#1422 = VECTOR('',#1423,1.);
#1423 = DIRECTION('',(0.,1.,0.));
#1424 = ORIENTED_EDGE('',*,*,#1425,.F.);
#1425 = EDGE_CURVE('',#631,#1418,#1426,.T.);
#1426 = LINE('',#1427,#1428);
#1427 = CARTESIAN_POINT('',(5.956697993396,-18.90607162814,0.));
#1428 = VECTOR('',#1429,1.);
#1429 = DIRECTION('',(-0.,-0.,-1.));
#1430 = ORIENTED_EDGE('',*,*,#1431,.F.);
#1431 = EDGE_CURVE('',#1386,#631,#1432,.T.);
#1432 = LINE('',#1433,#1434);
#1433 = CARTESIAN_POINT('',(5.956697993396,-52.70607162814,0.));
#1434 = VECTOR('',#1435,1.);
#1435 = DIRECTION('',(0.,1.,0.));
#1436 = ORIENTED_EDGE('',*,*,#1385,.T.);
#1437 = ORIENTED_EDGE('',*,*,#397,.F.);
#1438 = ORIENTED_EDGE('',*,*,#1439,.F.);
#1439 = EDGE_CURVE('',#1408,#398,#1440,.T.);
#1440 = LINE('',#1441,#1442);
#1441 = CARTESIAN_POINT('',(5.956697993396,-52.70607162814,
    5.329070518201E-15));
#1442 = VECTOR('',#1443,1.);
#1443 = DIRECTION('',(0.,0.,1.));
#1444 = PLANE('',#1445);
#1445 = AXIS2_PLACEMENT_3D('',#1446,#1447,#1448);
#1446 = CARTESIAN_POINT('',(5.956697993396,-35.95152298765,
    -1.745451359509));
#1447 = DIRECTION('',(1.,0.,0.));
#1448 = DIRECTION('',(0.,0.,1.));
#1449 = ADVANCED_FACE('',(#1450),#1468,.T.);
#1450 = FACE_BOUND('',#1451,.T.);
#1451 = EDGE_LOOP('',(#1452,#1453,#1454,#1462));
#1452 = ORIENTED_EDGE('',*,*,#1439,.T.);
#1453 = ORIENTED_EDGE('',*,*,#405,.T.);
#1454 = ORIENTED_EDGE('',*,*,#1455,.F.);
#1455 = EDGE_CURVE('',#1456,#406,#1458,.T.);
#1456 = VERTEX_POINT('',#1457);
#1457 = CARTESIAN_POINT('',(6.4,-59.10607162814,2.6645352591E-15));
#1458 = LINE('',#1459,#1460);
#1459 = CARTESIAN_POINT('',(6.4,-59.10607162814,5.329070518201E-15));
#1460 = VECTOR('',#1461,1.);
#1461 = DIRECTION('',(0.,0.,1.));
#1462 = ORIENTED_EDGE('',*,*,#1463,.F.);
#1463 = EDGE_CURVE('',#1408,#1456,#1464,.T.);
#1464 = LINE('',#1465,#1466);
#1465 = CARTESIAN_POINT('',(5.956697993396,-52.70607162814,
    5.329070518201E-15));
#1466 = VECTOR('',#1467,1.);
#1467 = DIRECTION('',(6.910037302391E-02,-0.997609712487,0.));
#1468 = PLANE('',#1469);
#1469 = AXIS2_PLACEMENT_3D('',#1470,#1471,#1472);
#1470 = CARTESIAN_POINT('',(5.956697993396,-52.70607162814,
    5.329070518201E-15));
#1471 = DIRECTION('',(0.997609712487,6.910037302391E-02,0.));
#1472 = DIRECTION('',(6.910037302391E-02,-0.997609712487,0.));
#1473 = ADVANCED_FACE('',(#1474),#1516,.T.);
#1474 = FACE_BOUND('',#1475,.T.);
#1475 = EDGE_LOOP('',(#1476,#1484,#1492,#1500,#1508,#1514,#1515));
#1476 = ORIENTED_EDGE('',*,*,#1477,.F.);
#1477 = EDGE_CURVE('',#1478,#414,#1480,.T.);
#1478 = VERTEX_POINT('',#1479);
#1479 = CARTESIAN_POINT('',(6.4,-65.50607162814,-5.905108650573));
#1480 = LINE('',#1481,#1482);
#1481 = CARTESIAN_POINT('',(6.4,-65.50607162814,5.329070518201E-15));
#1482 = VECTOR('',#1483,1.);
#1483 = DIRECTION('',(0.,0.,1.));
#1484 = ORIENTED_EDGE('',*,*,#1485,.F.);
#1485 = EDGE_CURVE('',#1486,#1478,#1488,.T.);
#1486 = VERTEX_POINT('',#1487);
#1487 = CARTESIAN_POINT('',(6.4,-65.12571610919,-5.6));
#1488 = LINE('',#1489,#1490);
#1489 = CARTESIAN_POINT('',(6.4,-63.33449813715,-4.163144029465));
#1490 = VECTOR('',#1491,1.);
#1491 = DIRECTION('',(0.,-0.780043561074,-0.625725213514));
#1492 = ORIENTED_EDGE('',*,*,#1493,.F.);
#1493 = EDGE_CURVE('',#1494,#1486,#1496,.T.);
#1494 = VERTEX_POINT('',#1495);
#1495 = CARTESIAN_POINT('',(6.4,-65.12571610919,-4.8));
#1496 = LINE('',#1497,#1498);
#1497 = CARTESIAN_POINT('',(6.4,-65.12571610919,-4.8));
#1498 = VECTOR('',#1499,1.);
#1499 = DIRECTION('',(0.,0.,-1.));
#1500 = ORIENTED_EDGE('',*,*,#1501,.T.);
#1501 = EDGE_CURVE('',#1494,#1502,#1504,.T.);
#1502 = VERTEX_POINT('',#1503);
#1503 = CARTESIAN_POINT('',(6.4,-59.10607162814,-4.8));
#1504 = LINE('',#1505,#1506);
#1505 = CARTESIAN_POINT('',(6.4,-65.50607162814,-4.8));
#1506 = VECTOR('',#1507,1.);
#1507 = DIRECTION('',(0.,1.,0.));
#1508 = ORIENTED_EDGE('',*,*,#1509,.F.);
#1509 = EDGE_CURVE('',#1456,#1502,#1510,.T.);
#1510 = LINE('',#1511,#1512);
#1511 = CARTESIAN_POINT('',(6.4,-59.10607162814,0.));
#1512 = VECTOR('',#1513,1.);
#1513 = DIRECTION('',(-0.,-0.,-1.));
#1514 = ORIENTED_EDGE('',*,*,#1455,.T.);
#1515 = ORIENTED_EDGE('',*,*,#413,.F.);
#1516 = PLANE('',#1517);
#1517 = AXIS2_PLACEMENT_3D('',#1518,#1519,#1520);
#1518 = CARTESIAN_POINT('',(6.4,-62.64049632153,-2.065575306608));
#1519 = DIRECTION('',(1.,0.,0.));
#1520 = DIRECTION('',(0.,0.,1.));
#1521 = ADVANCED_FACE('',(#1522),#1556,.T.);
#1522 = FACE_BOUND('',#1523,.T.);
#1523 = EDGE_LOOP('',(#1524,#1534,#1540,#1541,#1542,#1550));
#1524 = ORIENTED_EDGE('',*,*,#1525,.T.);
#1525 = EDGE_CURVE('',#1526,#1528,#1530,.T.);
#1526 = VERTEX_POINT('',#1527);
#1527 = CARTESIAN_POINT('',(0.,-65.50607162814,-6.4));
#1528 = VERTEX_POINT('',#1529);
#1529 = CARTESIAN_POINT('',(5.571174717182,-65.50607162814,-6.4));
#1530 = LINE('',#1531,#1532);
#1531 = CARTESIAN_POINT('',(0.,-65.50607162814,-6.4));
#1532 = VECTOR('',#1533,1.);
#1533 = DIRECTION('',(1.,0.,0.));
#1534 = ORIENTED_EDGE('',*,*,#1535,.F.);
#1535 = EDGE_CURVE('',#1478,#1528,#1536,.T.);
#1536 = LINE('',#1537,#1538);
#1537 = CARTESIAN_POINT('',(5.284377097955,-65.50607162814,
    -6.571246779911));
#1538 = VECTOR('',#1539,1.);
#1539 = DIRECTION('',(-0.858589564179,0.,-0.512663593678));
#1540 = ORIENTED_EDGE('',*,*,#1477,.T.);
#1541 = ORIENTED_EDGE('',*,*,#421,.F.);
#1542 = ORIENTED_EDGE('',*,*,#1543,.F.);
#1543 = EDGE_CURVE('',#1544,#422,#1546,.T.);
#1544 = VERTEX_POINT('',#1545);
#1545 = CARTESIAN_POINT('',(0.,-65.50607162814,2.6645352591E-15));
#1546 = LINE('',#1547,#1548);
#1547 = CARTESIAN_POINT('',(0.,-65.50607162814,5.329070518201E-15));
#1548 = VECTOR('',#1549,1.);
#1549 = DIRECTION('',(0.,0.,1.));
#1550 = ORIENTED_EDGE('',*,*,#1551,.T.);
#1551 = EDGE_CURVE('',#1544,#1526,#1552,.T.);
#1552 = LINE('',#1553,#1554);
#1553 = CARTESIAN_POINT('',(0.,-65.50607162814,0.));
#1554 = VECTOR('',#1555,1.);
#1555 = DIRECTION('',(-0.,-0.,-1.));
#1556 = PLANE('',#1557);
#1557 = AXIS2_PLACEMENT_3D('',#1558,#1559,#1560);
#1558 = CARTESIAN_POINT('',(3.2,-65.50607162814,-2.4));
#1559 = DIRECTION('',(-0.,-1.,-0.));
#1560 = DIRECTION('',(0.,0.,-1.));
#1561 = ADVANCED_FACE('',(#1562),#1580,.F.);
#1562 = FACE_BOUND('',#1563,.F.);
#1563 = EDGE_LOOP('',(#1564,#1572,#1573,#1574));
#1564 = ORIENTED_EDGE('',*,*,#1565,.T.);
#1565 = EDGE_CURVE('',#1566,#430,#1568,.T.);
#1566 = VERTEX_POINT('',#1567);
#1567 = CARTESIAN_POINT('',(-8.453302006604,-55.90607162814,
    2.920054808595E-15));
#1568 = LINE('',#1569,#1570);
#1569 = CARTESIAN_POINT('',(-8.453302006604,-55.90607162814,
    5.329070518201E-15));
#1570 = VECTOR('',#1571,1.);
#1571 = DIRECTION('',(0.,0.,1.));
#1572 = ORIENTED_EDGE('',*,*,#429,.T.);
#1573 = ORIENTED_EDGE('',*,*,#1543,.F.);
#1574 = ORIENTED_EDGE('',*,*,#1575,.F.);
#1575 = EDGE_CURVE('',#1566,#1544,#1576,.T.);
#1576 = LINE('',#1577,#1578);
#1577 = CARTESIAN_POINT('',(-8.453302006604,-55.90607162814,
    5.329070518201E-15));
#1578 = VECTOR('',#1579,1.);
#1579 = DIRECTION('',(0.660861462876,-0.750507912607,0.));
#1580 = PLANE('',#1581);
#1581 = AXIS2_PLACEMENT_3D('',#1582,#1583,#1584);
#1582 = CARTESIAN_POINT('',(-8.453302006604,-55.90607162814,
    5.329070518201E-15));
#1583 = DIRECTION('',(0.750507912607,0.660861462876,0.));
#1584 = DIRECTION('',(0.660861462876,-0.750507912607,0.));
#1585 = ADVANCED_FACE('',(#1586),#1620,.T.);
#1586 = FACE_BOUND('',#1587,.T.);
#1587 = EDGE_LOOP('',(#1588,#1596,#1604,#1612,#1618,#1619));
#1588 = ORIENTED_EDGE('',*,*,#1589,.F.);
#1589 = EDGE_CURVE('',#1590,#438,#1592,.T.);
#1590 = VERTEX_POINT('',#1591);
#1591 = CARTESIAN_POINT('',(-34.0533020066,-55.90607162814,
    2.920054808595E-15));
#1592 = LINE('',#1593,#1594);
#1593 = CARTESIAN_POINT('',(-34.0533020066,-55.90607162814,
    5.329070518201E-15));
#1594 = VECTOR('',#1595,1.);
#1595 = DIRECTION('',(0.,0.,1.));
#1596 = ORIENTED_EDGE('',*,*,#1597,.T.);
#1597 = EDGE_CURVE('',#1590,#1598,#1600,.T.);
#1598 = VERTEX_POINT('',#1599);
#1599 = CARTESIAN_POINT('',(-34.0533020066,-55.90607162814,-7.3));
#1600 = LINE('',#1601,#1602);
#1601 = CARTESIAN_POINT('',(-34.0533020066,-55.90607162814,-5.7));
#1602 = VECTOR('',#1603,1.);
#1603 = DIRECTION('',(0.,0.,-1.));
#1604 = ORIENTED_EDGE('',*,*,#1605,.F.);
#1605 = EDGE_CURVE('',#1606,#1598,#1608,.T.);
#1606 = VERTEX_POINT('',#1607);
#1607 = CARTESIAN_POINT('',(-8.453302006604,-55.90607162814,-7.3));
#1608 = LINE('',#1609,#1610);
#1609 = CARTESIAN_POINT('',(-8.453302006604,-55.90607162814,-7.3));
#1610 = VECTOR('',#1611,1.);
#1611 = DIRECTION('',(-1.,0.,0.));
#1612 = ORIENTED_EDGE('',*,*,#1613,.F.);
#1613 = EDGE_CURVE('',#1566,#1606,#1614,.T.);
#1614 = LINE('',#1615,#1616);
#1615 = CARTESIAN_POINT('',(-8.453302006604,-55.90607162814,-4.8));
#1616 = VECTOR('',#1617,1.);
#1617 = DIRECTION('',(0.,0.,-1.));
#1618 = ORIENTED_EDGE('',*,*,#1565,.T.);
#1619 = ORIENTED_EDGE('',*,*,#437,.F.);
#1620 = PLANE('',#1621);
#1621 = AXIS2_PLACEMENT_3D('',#1622,#1623,#1624);
#1622 = CARTESIAN_POINT('',(-21.2533020066,-55.90607162814,-2.85));
#1623 = DIRECTION('',(-0.,-1.,-0.));
#1624 = DIRECTION('',(0.,0.,-1.));
#1625 = ADVANCED_FACE('',(#1626),#1644,.F.);
#1626 = FACE_BOUND('',#1627,.F.);
#1627 = EDGE_LOOP('',(#1628,#1636,#1637,#1638));
#1628 = ORIENTED_EDGE('',*,*,#1629,.T.);
#1629 = EDGE_CURVE('',#1630,#446,#1632,.T.);
#1630 = VERTEX_POINT('',#1631);
#1631 = CARTESIAN_POINT('',(-42.7133020066,-48.60607162814,
    3.552713678801E-15));
#1632 = LINE('',#1633,#1634);
#1633 = CARTESIAN_POINT('',(-42.7133020066,-48.60607162814,
    5.329070518201E-15));
#1634 = VECTOR('',#1635,1.);
#1635 = DIRECTION('',(0.,0.,1.));
#1636 = ORIENTED_EDGE('',*,*,#445,.T.);
#1637 = ORIENTED_EDGE('',*,*,#1589,.F.);
#1638 = ORIENTED_EDGE('',*,*,#1639,.F.);
#1639 = EDGE_CURVE('',#1630,#1590,#1640,.T.);
#1640 = LINE('',#1641,#1642);
#1641 = CARTESIAN_POINT('',(-42.7133020066,-48.60607162814,
    5.329070518201E-15));
#1642 = VECTOR('',#1643,1.);
#1643 = DIRECTION('',(0.764590569562,-0.644516299977,0.));
#1644 = PLANE('',#1645);
#1645 = AXIS2_PLACEMENT_3D('',#1646,#1647,#1648);
#1646 = CARTESIAN_POINT('',(-42.7133020066,-48.60607162814,
    5.329070518201E-15));
#1647 = DIRECTION('',(0.644516299977,0.764590569562,0.));
#1648 = DIRECTION('',(0.764590569562,-0.644516299977,0.));
#1649 = ADVANCED_FACE('',(#1650),#1684,.T.);
#1650 = FACE_BOUND('',#1651,.T.);
#1651 = EDGE_LOOP('',(#1652,#1660,#1668,#1676,#1682,#1683));
#1652 = ORIENTED_EDGE('',*,*,#1653,.F.);
#1653 = EDGE_CURVE('',#1654,#454,#1656,.T.);
#1654 = VERTEX_POINT('',#1655);
#1655 = CARTESIAN_POINT('',(-42.7133020066,-23.00607162814,
    3.552713678801E-15));
#1656 = LINE('',#1657,#1658);
#1657 = CARTESIAN_POINT('',(-42.7133020066,-23.00607162814,
    5.329070518201E-15));
#1658 = VECTOR('',#1659,1.);
#1659 = DIRECTION('',(0.,0.,1.));
#1660 = ORIENTED_EDGE('',*,*,#1661,.T.);
#1661 = EDGE_CURVE('',#1654,#1662,#1664,.T.);
#1662 = VERTEX_POINT('',#1663);
#1663 = CARTESIAN_POINT('',(-42.7133020066,-23.00607162814,-7.3));
#1664 = LINE('',#1665,#1666);
#1665 = CARTESIAN_POINT('',(-42.7133020066,-23.00607162814,-5.7));
#1666 = VECTOR('',#1667,1.);
#1667 = DIRECTION('',(0.,0.,-1.));
#1668 = ORIENTED_EDGE('',*,*,#1669,.F.);
#1669 = EDGE_CURVE('',#1670,#1662,#1672,.T.);
#1670 = VERTEX_POINT('',#1671);
#1671 = CARTESIAN_POINT('',(-42.7133020066,-48.60607162814,-7.3));
#1672 = LINE('',#1673,#1674);
#1673 = CARTESIAN_POINT('',(-42.7133020066,-48.60607162814,-7.3));
#1674 = VECTOR('',#1675,1.);
#1675 = DIRECTION('',(0.,1.,0.));
#1676 = ORIENTED_EDGE('',*,*,#1677,.F.);
#1677 = EDGE_CURVE('',#1630,#1670,#1678,.T.);
#1678 = LINE('',#1679,#1680);
#1679 = CARTESIAN_POINT('',(-42.7133020066,-48.60607162814,-4.8));
#1680 = VECTOR('',#1681,1.);
#1681 = DIRECTION('',(0.,0.,-1.));
#1682 = ORIENTED_EDGE('',*,*,#1629,.T.);
#1683 = ORIENTED_EDGE('',*,*,#453,.F.);
#1684 = PLANE('',#1685);
#1685 = AXIS2_PLACEMENT_3D('',#1686,#1687,#1688);
#1686 = CARTESIAN_POINT('',(-42.7133020066,-35.80607162814,-2.85));
#1687 = DIRECTION('',(-1.,-0.,-0.));
#1688 = DIRECTION('',(0.,0.,-1.));
#1689 = ADVANCED_FACE('',(#1690),#1708,.F.);
#1690 = FACE_BOUND('',#1691,.F.);
#1691 = EDGE_LOOP('',(#1692,#1700,#1701,#1702));
#1692 = ORIENTED_EDGE('',*,*,#1693,.T.);
#1693 = EDGE_CURVE('',#1694,#462,#1696,.T.);
#1694 = VERTEX_POINT('',#1695);
#1695 = CARTESIAN_POINT('',(-34.0533020066,-15.70607162814,
    3.552713678801E-15));
#1696 = LINE('',#1697,#1698);
#1697 = CARTESIAN_POINT('',(-34.0533020066,-15.70607162814,
    5.329070518201E-15));
#1698 = VECTOR('',#1699,1.);
#1699 = DIRECTION('',(0.,0.,1.));
#1700 = ORIENTED_EDGE('',*,*,#461,.T.);
#1701 = ORIENTED_EDGE('',*,*,#1653,.F.);
#1702 = ORIENTED_EDGE('',*,*,#1703,.F.);
#1703 = EDGE_CURVE('',#1694,#1654,#1704,.T.);
#1704 = LINE('',#1705,#1706);
#1705 = CARTESIAN_POINT('',(-34.0533020066,-15.70607162814,
    5.329070518201E-15));
#1706 = VECTOR('',#1707,1.);
#1707 = DIRECTION('',(-0.764590569562,-0.644516299977,0.));
#1708 = PLANE('',#1709);
#1709 = AXIS2_PLACEMENT_3D('',#1710,#1711,#1712);
#1710 = CARTESIAN_POINT('',(-34.0533020066,-15.70607162814,
    5.329070518201E-15));
#1711 = DIRECTION('',(0.644516299977,-0.764590569562,0.));
#1712 = DIRECTION('',(-0.764590569562,-0.644516299977,0.));
#1713 = ADVANCED_FACE('',(#1714),#1748,.T.);
#1714 = FACE_BOUND('',#1715,.T.);
#1715 = EDGE_LOOP('',(#1716,#1724,#1732,#1740,#1746,#1747));
#1716 = ORIENTED_EDGE('',*,*,#1717,.F.);
#1717 = EDGE_CURVE('',#1718,#470,#1720,.T.);
#1718 = VERTEX_POINT('',#1719);
#1719 = CARTESIAN_POINT('',(-8.453302006604,-15.70607162814,
    3.552713678801E-15));
#1720 = LINE('',#1721,#1722);
#1721 = CARTESIAN_POINT('',(-8.453302006604,-15.70607162814,
    5.329070518201E-15));
#1722 = VECTOR('',#1723,1.);
#1723 = DIRECTION('',(0.,0.,1.));
#1724 = ORIENTED_EDGE('',*,*,#1725,.T.);
#1725 = EDGE_CURVE('',#1718,#1726,#1728,.T.);
#1726 = VERTEX_POINT('',#1727);
#1727 = CARTESIAN_POINT('',(-8.453302006604,-15.70607162814,-7.3));
#1728 = LINE('',#1729,#1730);
#1729 = CARTESIAN_POINT('',(-8.453302006604,-15.70607162814,-5.7));
#1730 = VECTOR('',#1731,1.);
#1731 = DIRECTION('',(0.,0.,-1.));
#1732 = ORIENTED_EDGE('',*,*,#1733,.F.);
#1733 = EDGE_CURVE('',#1734,#1726,#1736,.T.);
#1734 = VERTEX_POINT('',#1735);
#1735 = CARTESIAN_POINT('',(-34.0533020066,-15.70607162814,-7.3));
#1736 = LINE('',#1737,#1738);
#1737 = CARTESIAN_POINT('',(-34.0533020066,-15.70607162814,-7.3));
#1738 = VECTOR('',#1739,1.);
#1739 = DIRECTION('',(1.,0.,0.));
#1740 = ORIENTED_EDGE('',*,*,#1741,.F.);
#1741 = EDGE_CURVE('',#1694,#1734,#1742,.T.);
#1742 = LINE('',#1743,#1744);
#1743 = CARTESIAN_POINT('',(-34.0533020066,-15.70607162814,-4.8));
#1744 = VECTOR('',#1745,1.);
#1745 = DIRECTION('',(0.,0.,-1.));
#1746 = ORIENTED_EDGE('',*,*,#1693,.T.);
#1747 = ORIENTED_EDGE('',*,*,#469,.F.);
#1748 = PLANE('',#1749);
#1749 = AXIS2_PLACEMENT_3D('',#1750,#1751,#1752);
#1750 = CARTESIAN_POINT('',(-21.2533020066,-15.70607162814,-2.85));
#1751 = DIRECTION('',(0.,1.,0.));
#1752 = DIRECTION('',(0.,0.,1.));
#1753 = ADVANCED_FACE('',(#1754),#1772,.T.);
#1754 = FACE_BOUND('',#1755,.T.);
#1755 = EDGE_LOOP('',(#1756,#1757,#1758,#1766));
#1756 = ORIENTED_EDGE('',*,*,#1717,.T.);
#1757 = ORIENTED_EDGE('',*,*,#477,.T.);
#1758 = ORIENTED_EDGE('',*,*,#1759,.F.);
#1759 = EDGE_CURVE('',#1760,#478,#1762,.T.);
#1760 = VERTEX_POINT('',#1761);
#1761 = CARTESIAN_POINT('',(-0.443302006604,-18.90607162814,
    2.6645352591E-15));
#1762 = LINE('',#1763,#1764);
#1763 = CARTESIAN_POINT('',(-0.443302006604,-18.90607162814,
    5.329070518201E-15));
#1764 = VECTOR('',#1765,1.);
#1765 = DIRECTION('',(0.,0.,1.));
#1766 = ORIENTED_EDGE('',*,*,#1767,.F.);
#1767 = EDGE_CURVE('',#1718,#1760,#1768,.T.);
#1768 = LINE('',#1769,#1770);
#1769 = CARTESIAN_POINT('',(-8.453302006604,-15.70607162814,
    5.329070518201E-15));
#1770 = VECTOR('',#1771,1.);
#1771 = DIRECTION('',(0.928636514676,-0.370990867286,0.));
#1772 = PLANE('',#1773);
#1773 = AXIS2_PLACEMENT_3D('',#1774,#1775,#1776);
#1774 = CARTESIAN_POINT('',(-8.453302006604,-15.70607162814,
    5.329070518201E-15));
#1775 = DIRECTION('',(0.370990867286,0.928636514676,0.));
#1776 = DIRECTION('',(0.928636514676,-0.370990867286,0.));
#1777 = ADVANCED_FACE('',(#1778),#1798,.T.);
#1778 = FACE_BOUND('',#1779,.T.);
#1779 = EDGE_LOOP('',(#1780,#1781,#1789,#1795,#1796,#1797));
#1780 = ORIENTED_EDGE('',*,*,#1425,.T.);
#1781 = ORIENTED_EDGE('',*,*,#1782,.T.);
#1782 = EDGE_CURVE('',#1418,#1783,#1785,.T.);
#1783 = VERTEX_POINT('',#1784);
#1784 = CARTESIAN_POINT('',(-0.443302006604,-18.90607162814,-4.8));
#1785 = LINE('',#1786,#1787);
#1786 = CARTESIAN_POINT('',(5.956697993396,-18.90607162814,-4.8));
#1787 = VECTOR('',#1788,1.);
#1788 = DIRECTION('',(-1.,0.,0.));
#1789 = ORIENTED_EDGE('',*,*,#1790,.F.);
#1790 = EDGE_CURVE('',#1760,#1783,#1791,.T.);
#1791 = LINE('',#1792,#1793);
#1792 = CARTESIAN_POINT('',(-0.443302006604,-18.90607162814,0.));
#1793 = VECTOR('',#1794,1.);
#1794 = DIRECTION('',(-0.,-0.,-1.));
#1795 = ORIENTED_EDGE('',*,*,#1759,.T.);
#1796 = ORIENTED_EDGE('',*,*,#485,.F.);
#1797 = ORIENTED_EDGE('',*,*,#630,.F.);
#1798 = PLANE('',#1799);
#1799 = AXIS2_PLACEMENT_3D('',#1800,#1801,#1802);
#1800 = CARTESIAN_POINT('',(2.756697993396,-18.90607162814,-1.6));
#1801 = DIRECTION('',(0.,1.,0.));
#1802 = DIRECTION('',(0.,0.,1.));
#1803 = ADVANCED_FACE('',(#1804),#1823,.F.);
#1804 = FACE_BOUND('',#1805,.T.);
#1805 = EDGE_LOOP('',(#1806,#1814,#1815,#1816));
#1806 = ORIENTED_EDGE('',*,*,#1807,.T.);
#1807 = EDGE_CURVE('',#1808,#510,#1810,.T.);
#1808 = VERTEX_POINT('',#1809);
#1809 = CARTESIAN_POINT('',(-10.80549565534,-35.3529,5.329070518201E-15)
  );
#1810 = LINE('',#1811,#1812);
#1811 = CARTESIAN_POINT('',(-10.80549565534,-35.3529,5.329070518201E-15)
  );
#1812 = VECTOR('',#1813,1.);
#1813 = DIRECTION('',(0.,0.,1.));
#1814 = ORIENTED_EDGE('',*,*,#509,.T.);
#1815 = ORIENTED_EDGE('',*,*,#1807,.F.);
#1816 = ORIENTED_EDGE('',*,*,#1817,.F.);
#1817 = EDGE_CURVE('',#1808,#1808,#1818,.T.);
#1818 = CIRCLE('',#1819,10.616504344651);
#1819 = AXIS2_PLACEMENT_3D('',#1820,#1821,#1822);
#1820 = CARTESIAN_POINT('',(-21.422,-35.3529,5.329070518201E-15));
#1821 = DIRECTION('',(0.,0.,1.));
#1822 = DIRECTION('',(1.,0.,0.));
#1823 = CYLINDRICAL_SURFACE('',#1824,10.616504344651);
#1824 = AXIS2_PLACEMENT_3D('',#1825,#1826,#1827);
#1825 = CARTESIAN_POINT('',(-21.422,-35.3529,5.329070518201E-15));
#1826 = DIRECTION('',(-0.,-0.,-1.));
#1827 = DIRECTION('',(1.,0.,0.));
#1828 = ADVANCED_FACE('',(#1829),#1866,.F.);
#1829 = FACE_BOUND('',#1830,.T.);
#1830 = EDGE_LOOP('',(#1831,#1842,#1848,#1849,#1850,#1859));
#1831 = ORIENTED_EDGE('',*,*,#1832,.F.);
#1832 = EDGE_CURVE('',#1833,#1835,#1837,.T.);
#1833 = VERTEX_POINT('',#1834);
#1834 = CARTESIAN_POINT('',(65.1845422846,-15.32798419303,
    5.329070518201E-15));
#1835 = VERTEX_POINT('',#1836);
#1836 = CARTESIAN_POINT('',(58.557466683248,-6.90339876387,
    2.6645352591E-15));
#1837 = CIRCLE('',#1838,8.668361249414);
#1838 = AXIS2_PLACEMENT_3D('',#1839,#1840,#1841);
#1839 = CARTESIAN_POINT('',(56.516181035186,-15.32798419303,
    5.329070518201E-15));
#1840 = DIRECTION('',(0.,0.,1.));
#1841 = DIRECTION('',(1.,0.,0.));
#1842 = ORIENTED_EDGE('',*,*,#1843,.T.);
#1843 = EDGE_CURVE('',#1833,#521,#1844,.T.);
#1844 = LINE('',#1845,#1846);
#1845 = CARTESIAN_POINT('',(65.1845422846,-15.32798419303,
    5.329070518201E-15));
#1846 = VECTOR('',#1847,1.);
#1847 = DIRECTION('',(0.,0.,1.));
#1848 = ORIENTED_EDGE('',*,*,#520,.T.);
#1849 = ORIENTED_EDGE('',*,*,#1843,.F.);
#1850 = ORIENTED_EDGE('',*,*,#1851,.F.);
#1851 = EDGE_CURVE('',#1852,#1833,#1854,.T.);
#1852 = VERTEX_POINT('',#1853);
#1853 = CARTESIAN_POINT('',(57.923133952151,-6.774565564222,
    2.6645352591E-15));
#1854 = CIRCLE('',#1855,8.668361249414);
#1855 = AXIS2_PLACEMENT_3D('',#1856,#1857,#1858);
#1856 = CARTESIAN_POINT('',(56.516181035186,-15.32798419303,
    5.329070518201E-15));
#1857 = DIRECTION('',(0.,0.,1.));
#1858 = DIRECTION('',(1.,0.,0.));
#1859 = ORIENTED_EDGE('',*,*,#1860,.F.);
#1860 = EDGE_CURVE('',#1835,#1852,#1861,.T.);
#1861 = CIRCLE('',#1862,8.668361249414);
#1862 = AXIS2_PLACEMENT_3D('',#1863,#1864,#1865);
#1863 = CARTESIAN_POINT('',(56.516181035186,-15.32798419303,
    5.329070518201E-15));
#1864 = DIRECTION('',(0.,0.,1.));
#1865 = DIRECTION('',(1.,0.,0.));
#1866 = CYLINDRICAL_SURFACE('',#1867,8.668361249414);
#1867 = AXIS2_PLACEMENT_3D('',#1868,#1869,#1870);
#1868 = CARTESIAN_POINT('',(56.516181035186,-15.32798419303,
    5.329070518201E-15));
#1869 = DIRECTION('',(-0.,-0.,-1.));
#1870 = DIRECTION('',(1.,0.,0.));
#1871 = ADVANCED_FACE('',(#1872),#1891,.F.);
#1872 = FACE_BOUND('',#1873,.T.);
#1873 = EDGE_LOOP('',(#1874,#1882,#1883,#1884));
#1874 = ORIENTED_EDGE('',*,*,#1875,.T.);
#1875 = EDGE_CURVE('',#1876,#532,#1878,.T.);
#1876 = VERTEX_POINT('',#1877);
#1877 = CARTESIAN_POINT('',(19.865224421922,-11.5327,5.329070518201E-15)
  );
#1878 = LINE('',#1879,#1880);
#1879 = CARTESIAN_POINT('',(19.865224421922,-11.5327,5.329070518201E-15)
  );
#1880 = VECTOR('',#1881,1.);
#1881 = DIRECTION('',(0.,0.,1.));
#1882 = ORIENTED_EDGE('',*,*,#531,.T.);
#1883 = ORIENTED_EDGE('',*,*,#1875,.F.);
#1884 = ORIENTED_EDGE('',*,*,#1885,.F.);
#1885 = EDGE_CURVE('',#1876,#1876,#1886,.T.);
#1886 = CIRCLE('',#1887,4.256024421922);
#1887 = AXIS2_PLACEMENT_3D('',#1888,#1889,#1890);
#1888 = CARTESIAN_POINT('',(15.6092,-11.5327,5.329070518201E-15));
#1889 = DIRECTION('',(0.,0.,1.));
#1890 = DIRECTION('',(1.,0.,0.));
#1891 = CYLINDRICAL_SURFACE('',#1892,4.256024421922);
#1892 = AXIS2_PLACEMENT_3D('',#1893,#1894,#1895);
#1893 = CARTESIAN_POINT('',(15.6092,-11.5327,5.329070518201E-15));
#1894 = DIRECTION('',(-0.,-0.,-1.));
#1895 = DIRECTION('',(1.,0.,0.));
#1896 = ADVANCED_FACE('',(#1897),#1908,.T.);
#1897 = FACE_BOUND('',#1898,.T.);
#1898 = EDGE_LOOP('',(#1899,#1900,#1901,#1907));
#1899 = ORIENTED_EDGE('',*,*,#872,.T.);
#1900 = ORIENTED_EDGE('',*,*,#743,.T.);
#1901 = ORIENTED_EDGE('',*,*,#1902,.F.);
#1902 = EDGE_CURVE('',#599,#736,#1903,.T.);
#1903 = LINE('',#1904,#1905);
#1904 = CARTESIAN_POINT('',(9.315561206884,11.060849161695,-4.8));
#1905 = VECTOR('',#1906,1.);
#1906 = DIRECTION('',(0.,0.,-1.));
#1907 = ORIENTED_EDGE('',*,*,#606,.F.);
#1908 = PLANE('',#1909);
#1909 = AXIS2_PLACEMENT_3D('',#1910,#1911,#1912);
#1910 = CARTESIAN_POINT('',(8.539707348664,9.815442294207,-4.8));
#1911 = DIRECTION('',(0.848770945206,-0.528760704453,0.));
#1912 = DIRECTION('',(0.528760704453,0.848770945206,0.));
#1913 = ADVANCED_FACE('',(#1914),#1925,.T.);
#1914 = FACE_BOUND('',#1915,.T.);
#1915 = EDGE_LOOP('',(#1916,#1917,#1918,#1924));
#1916 = ORIENTED_EDGE('',*,*,#1902,.T.);
#1917 = ORIENTED_EDGE('',*,*,#791,.T.);
#1918 = ORIENTED_EDGE('',*,*,#1919,.F.);
#1919 = EDGE_CURVE('',#591,#784,#1920,.T.);
#1920 = LINE('',#1921,#1922);
#1921 = CARTESIAN_POINT('',(9.891797003313,11.645979554954,-4.8));
#1922 = VECTOR('',#1923,1.);
#1923 = DIRECTION('',(0.,0.,-1.));
#1924 = ORIENTED_EDGE('',*,*,#598,.F.);
#1925 = PLANE('',#1926);
#1926 = AXIS2_PLACEMENT_3D('',#1927,#1928,#1929);
#1927 = CARTESIAN_POINT('',(9.315561206884,11.060849161695,-4.8));
#1928 = DIRECTION('',(0.712501429197,-0.70167065878,0.));
#1929 = DIRECTION('',(0.70167065878,0.712501429197,0.));
#1930 = ADVANCED_FACE('',(#1931),#1942,.T.);
#1931 = FACE_BOUND('',#1932,.T.);
#1932 = EDGE_LOOP('',(#1933,#1934,#1935,#1941));
#1933 = ORIENTED_EDGE('',*,*,#1919,.T.);
#1934 = ORIENTED_EDGE('',*,*,#839,.T.);
#1935 = ORIENTED_EDGE('',*,*,#1936,.F.);
#1936 = EDGE_CURVE('',#583,#832,#1937,.T.);
#1937 = LINE('',#1938,#1939);
#1938 = CARTESIAN_POINT('',(10.681328730196,11.184247244981,-4.8));
#1939 = VECTOR('',#1940,1.);
#1940 = DIRECTION('',(0.,0.,-1.));
#1941 = ORIENTED_EDGE('',*,*,#590,.F.);
#1942 = PLANE('',#1943);
#1943 = AXIS2_PLACEMENT_3D('',#1944,#1945,#1946);
#1944 = CARTESIAN_POINT('',(9.891797003313,11.645979554954,-4.8));
#1945 = DIRECTION('',(-0.504826887406,-0.863220605495,-0.));
#1946 = DIRECTION('',(0.863220605495,-0.504826887406,0.));
#1947 = ADVANCED_FACE('',(#1948),#1959,.T.);
#1948 = FACE_BOUND('',#1949,.T.);
#1949 = EDGE_LOOP('',(#1950,#1951,#1952,#1958));
#1950 = ORIENTED_EDGE('',*,*,#1936,.T.);
#1951 = ORIENTED_EDGE('',*,*,#856,.T.);
#1952 = ORIENTED_EDGE('',*,*,#1953,.F.);
#1953 = EDGE_CURVE('',#575,#806,#1954,.T.);
#1954 = LINE('',#1955,#1956);
#1955 = CARTESIAN_POINT('',(11.898793961757,10.05954788181,-4.8));
#1956 = VECTOR('',#1957,1.);
#1957 = DIRECTION('',(0.,0.,-1.));
#1958 = ORIENTED_EDGE('',*,*,#582,.F.);
#1959 = PLANE('',#1960);
#1960 = AXIS2_PLACEMENT_3D('',#1961,#1962,#1963);
#1961 = CARTESIAN_POINT('',(10.681328730196,11.184247244981,-4.8));
#1962 = DIRECTION('',(-0.678568448095,-0.734537174859,-0.));
#1963 = DIRECTION('',(0.734537174859,-0.678568448095,0.));
#1964 = ADVANCED_FACE('',(#1965),#1976,.T.);
#1965 = FACE_BOUND('',#1966,.T.);
#1966 = EDGE_LOOP('',(#1967,#1968,#1969,#1975));
#1967 = ORIENTED_EDGE('',*,*,#1953,.T.);
#1968 = ORIENTED_EDGE('',*,*,#815,.T.);
#1969 = ORIENTED_EDGE('',*,*,#1970,.F.);
#1970 = EDGE_CURVE('',#567,#758,#1971,.T.);
#1971 = LINE('',#1972,#1973);
#1972 = CARTESIAN_POINT('',(14.115380518444,7.507436556588,-4.8));
#1973 = VECTOR('',#1974,1.);
#1974 = DIRECTION('',(0.,0.,-1.));
#1975 = ORIENTED_EDGE('',*,*,#574,.F.);
#1976 = PLANE('',#1977);
#1977 = AXIS2_PLACEMENT_3D('',#1978,#1979,#1980);
#1978 = CARTESIAN_POINT('',(11.898793961757,10.05954788181,-4.8));
#1979 = DIRECTION('',(-0.754992204155,-0.655733765841,-0.));
#1980 = DIRECTION('',(0.655733765841,-0.754992204155,0.));
#1981 = ADVANCED_FACE('',(#1982),#1988,.T.);
#1982 = FACE_BOUND('',#1983,.T.);
#1983 = EDGE_LOOP('',(#1984,#1985,#1986,#1987));
#1984 = ORIENTED_EDGE('',*,*,#1970,.T.);
#1985 = ORIENTED_EDGE('',*,*,#767,.T.);
#1986 = ORIENTED_EDGE('',*,*,#700,.F.);
#1987 = ORIENTED_EDGE('',*,*,#566,.F.);
#1988 = PLANE('',#1989);
#1989 = AXIS2_PLACEMENT_3D('',#1990,#1991,#1992);
#1990 = CARTESIAN_POINT('',(14.115380518444,7.507436556588,-4.8));
#1991 = DIRECTION('',(-0.105791753624,-0.994388306883,-0.));
#1992 = DIRECTION('',(0.994388306883,-0.105791753624,0.));
#1993 = ADVANCED_FACE('',(#1994,#2128,#2146),#2149,.F.);
#1994 = FACE_BOUND('',#1995,.F.);
#1995 = EDGE_LOOP('',(#1996,#1997,#1998,#1999,#2000,#2001,#2002,#2003,
    #2004,#2012,#2018,#2019,#2020,#2021,#2029,#2037,#2045,#2053,#2061,
    #2069,#2075,#2076,#2077,#2085,#2093,#2101,#2109,#2117,#2123,#2124,
    #2125,#2126,#2127));
#1996 = ORIENTED_EDGE('',*,*,#897,.F.);
#1997 = ORIENTED_EDGE('',*,*,#662,.F.);
#1998 = ORIENTED_EDGE('',*,*,#638,.T.);
#1999 = ORIENTED_EDGE('',*,*,#1431,.F.);
#2000 = ORIENTED_EDGE('',*,*,#1393,.F.);
#2001 = ORIENTED_EDGE('',*,*,#1368,.F.);
#2002 = ORIENTED_EDGE('',*,*,#1344,.T.);
#2003 = ORIENTED_EDGE('',*,*,#1320,.F.);
#2004 = ORIENTED_EDGE('',*,*,#2005,.F.);
#2005 = EDGE_CURVE('',#2006,#1281,#2008,.T.);
#2006 = VERTEX_POINT('',#2007);
#2007 = CARTESIAN_POINT('',(73.693760270359,-53.71488063303,0.));
#2008 = LINE('',#2009,#2010);
#2009 = CARTESIAN_POINT('',(73.693760270359,-53.71488063303,0.));
#2010 = VECTOR('',#2011,1.);
#2011 = DIRECTION('',(0.,-1.,0.));
#2012 = ORIENTED_EDGE('',*,*,#2013,.F.);
#2013 = EDGE_CURVE('',#1176,#2006,#2014,.T.);
#2014 = LINE('',#2015,#2016);
#2015 = CARTESIAN_POINT('',(80.093760270359,-53.71488063303,0.));
#2016 = VECTOR('',#2017,1.);
#2017 = DIRECTION('',(-1.,0.,0.));
#2018 = ORIENTED_EDGE('',*,*,#1183,.F.);
#2019 = ORIENTED_EDGE('',*,*,#1158,.F.);
#2020 = ORIENTED_EDGE('',*,*,#1133,.T.);
#2021 = ORIENTED_EDGE('',*,*,#2022,.F.);
#2022 = EDGE_CURVE('',#2023,#1092,#2025,.T.);
#2023 = VERTEX_POINT('',#2024);
#2024 = CARTESIAN_POINT('',(69.098167,-13.048987,0.));
#2025 = LINE('',#2026,#2027);
#2026 = CARTESIAN_POINT('',(69.098167,-13.048987,0.));
#2027 = VECTOR('',#2028,1.);
#2028 = DIRECTION('',(0.967225967571,0.253917166919,0.));
#2029 = ORIENTED_EDGE('',*,*,#2030,.F.);
#2030 = EDGE_CURVE('',#2031,#2023,#2033,.T.);
#2031 = VERTEX_POINT('',#2032);
#2032 = CARTESIAN_POINT('',(69.798256,-9.688598,0.));
#2033 = LINE('',#2034,#2035);
#2034 = CARTESIAN_POINT('',(69.798256,-9.688598,0.));
#2035 = VECTOR('',#2036,1.);
#2036 = DIRECTION('',(-0.203956476164,-0.978979956807,0.));
#2037 = ORIENTED_EDGE('',*,*,#2038,.F.);
#2038 = EDGE_CURVE('',#2039,#2031,#2041,.T.);
#2039 = VERTEX_POINT('',#2040);
#2040 = CARTESIAN_POINT('',(67.044594,-8.381779,0.));
#2041 = LINE('',#2042,#2043);
#2042 = CARTESIAN_POINT('',(67.044594,-8.381779,0.));
#2043 = VECTOR('',#2044,1.);
#2044 = DIRECTION('',(0.903426273323,-0.428743476533,0.));
#2045 = ORIENTED_EDGE('',*,*,#2046,.F.);
#2046 = EDGE_CURVE('',#2047,#2039,#2049,.T.);
#2047 = VERTEX_POINT('',#2048);
#2048 = CARTESIAN_POINT('',(63.964237,-9.968629,0.));
#2049 = LINE('',#2050,#2051);
#2050 = CARTESIAN_POINT('',(63.964237,-9.968629,0.));
#2051 = VECTOR('',#2052,1.);
#2052 = DIRECTION('',(0.888974624073,0.457956458362,0.));
#2053 = ORIENTED_EDGE('',*,*,#2054,.F.);
#2054 = EDGE_CURVE('',#2055,#2047,#2057,.T.);
#2055 = VERTEX_POINT('',#2056);
#2056 = CARTESIAN_POINT('',(63.730877,-6.374877,0.));
#2057 = LINE('',#2058,#2059);
#2058 = CARTESIAN_POINT('',(63.730877,-6.374877,0.));
#2059 = VECTOR('',#2060,1.);
#2060 = DIRECTION('',(6.479845133278E-02,-0.997898371932,0.));
#2061 = ORIENTED_EDGE('',*,*,#2062,.F.);
#2062 = EDGE_CURVE('',#2063,#2055,#2065,.T.);
#2063 = VERTEX_POINT('',#2064);
#2064 = CARTESIAN_POINT('',(60.697193,-5.674795,0.));
#2065 = LINE('',#2066,#2067);
#2066 = CARTESIAN_POINT('',(60.697193,-5.674795,0.));
#2067 = VECTOR('',#2068,1.);
#2068 = DIRECTION('',(0.974391119908,-0.224859835107,0.));
#2069 = ORIENTED_EDGE('',*,*,#2070,.F.);
#2070 = EDGE_CURVE('',#1835,#2063,#2071,.T.);
#2071 = LINE('',#2072,#2073);
#2072 = CARTESIAN_POINT('',(58.1488,-7.13805,0.));
#2073 = VECTOR('',#2074,1.);
#2074 = DIRECTION('',(0.867210681894,0.497941395356,0.));
#2075 = ORIENTED_EDGE('',*,*,#1832,.F.);
#2076 = ORIENTED_EDGE('',*,*,#1851,.F.);
#2077 = ORIENTED_EDGE('',*,*,#2078,.F.);
#2078 = EDGE_CURVE('',#2079,#1852,#2081,.T.);
#2079 = VERTEX_POINT('',#2080);
#2080 = CARTESIAN_POINT('',(56.776737,-4.928043,0.));
#2081 = LINE('',#2082,#2083);
#2082 = CARTESIAN_POINT('',(56.776737,-4.928043,0.));
#2083 = VECTOR('',#2084,1.);
#2084 = DIRECTION('',(0.527455691229,-0.849582540893,0.));
#2085 = ORIENTED_EDGE('',*,*,#2086,.F.);
#2086 = EDGE_CURVE('',#2087,#2079,#2089,.T.);
#2087 = VERTEX_POINT('',#2088);
#2088 = CARTESIAN_POINT('',(53.929737,-4.741354,0.));
#2089 = LINE('',#2090,#2091);
#2090 = CARTESIAN_POINT('',(53.929737,-4.741354,0.));
#2091 = VECTOR('',#2092,1.);
#2092 = DIRECTION('',(0.997856938171,-6.543340847564E-02,0.));
#2093 = ORIENTED_EDGE('',*,*,#2094,.F.);
#2094 = EDGE_CURVE('',#2095,#2087,#2097,.T.);
#2095 = VERTEX_POINT('',#2096);
#2096 = CARTESIAN_POINT('',(51.922836,-7.588353,0.));
#2097 = LINE('',#2098,#2099);
#2098 = CARTESIAN_POINT('',(51.922836,-7.588353,0.));
#2099 = VECTOR('',#2100,1.);
#2100 = DIRECTION('',(0.576157032866,0.817339019917,0.));
#2101 = ORIENTED_EDGE('',*,*,#2102,.F.);
#2102 = EDGE_CURVE('',#2103,#2095,#2105,.T.);
#2103 = VERTEX_POINT('',#2104);
#2104 = CARTESIAN_POINT('',(49.58923,-5.30142,0.));
#2105 = LINE('',#2106,#2107);
#2106 = CARTESIAN_POINT('',(49.58923,-5.30142,0.));
#2107 = VECTOR('',#2108,1.);
#2108 = DIRECTION('',(0.714212973779,-0.699928444975,0.));
#2109 = ORIENTED_EDGE('',*,*,#2110,.F.);
#2110 = EDGE_CURVE('',#2111,#2103,#2113,.T.);
#2111 = VERTEX_POINT('',#2112);
#2112 = CARTESIAN_POINT('',(47.302299,-6.328205,0.));
#2113 = LINE('',#2114,#2115);
#2114 = CARTESIAN_POINT('',(47.302299,-6.328205,0.));
#2115 = VECTOR('',#2116,1.);
#2116 = DIRECTION('',(0.912269585297,0.409590287656,0.));
#2117 = ORIENTED_EDGE('',*,*,#2118,.F.);
#2118 = EDGE_CURVE('',#1011,#2111,#2119,.T.);
#2119 = LINE('',#2120,#2121);
#2120 = CARTESIAN_POINT('',(45.73,-2.84323,0.));
#2121 = VECTOR('',#2122,1.);
#2122 = DIRECTION('',(0.411247637928,-0.911523658661,0.));
#2123 = ORIENTED_EDGE('',*,*,#1020,.T.);
#2124 = ORIENTED_EDGE('',*,*,#995,.F.);
#2125 = ORIENTED_EDGE('',*,*,#971,.F.);
#2126 = ORIENTED_EDGE('',*,*,#912,.F.);
#2127 = ORIENTED_EDGE('',*,*,#931,.F.);
#2128 = FACE_BOUND('',#2129,.F.);
#2129 = EDGE_LOOP('',(#2130,#2139));
#2130 = ORIENTED_EDGE('',*,*,#2131,.F.);
#2131 = EDGE_CURVE('',#1313,#2132,#2134,.T.);
#2132 = VERTEX_POINT('',#2133);
#2133 = CARTESIAN_POINT('',(60.495197050022,-34.51463000163,0.));
#2134 = CIRCLE('',#2135,3.2);
#2135 = AXIS2_PLACEMENT_3D('',#2136,#2137,#2138);
#2136 = CARTESIAN_POINT('',(57.295197050022,-34.51463000163,0.));
#2137 = DIRECTION('',(0.,0.,1.));
#2138 = DIRECTION('',(1.,0.,0.));
#2139 = ORIENTED_EDGE('',*,*,#2140,.F.);
#2140 = EDGE_CURVE('',#2132,#1313,#2141,.T.);
#2141 = CIRCLE('',#2142,3.2);
#2142 = AXIS2_PLACEMENT_3D('',#2143,#2144,#2145);
#2143 = CARTESIAN_POINT('',(57.295197050022,-34.51463000163,0.));
#2144 = DIRECTION('',(0.,0.,1.));
#2145 = DIRECTION('',(1.,0.,0.));
#2146 = FACE_BOUND('',#2147,.F.);
#2147 = EDGE_LOOP('',(#2148));
#2148 = ORIENTED_EDGE('',*,*,#1885,.F.);
#2149 = PLANE('',#2150);
#2150 = AXIS2_PLACEMENT_3D('',#2151,#2152,#2153);
#2151 = CARTESIAN_POINT('',(19.498051757947,-26.5151027335,
    5.329070518201E-15));
#2152 = DIRECTION('',(0.,0.,1.));
#2153 = DIRECTION('',(1.,0.,0.));
#2154 = ADVANCED_FACE('',(#2155,#2158),#2169,.F.);
#2155 = FACE_BOUND('',#2156,.F.);
#2156 = EDGE_LOOP('',(#2157));
#2157 = ORIENTED_EDGE('',*,*,#945,.T.);
#2158 = FACE_BOUND('',#2159,.F.);
#2159 = EDGE_LOOP('',(#2160));
#2160 = ORIENTED_EDGE('',*,*,#2161,.T.);
#2161 = EDGE_CURVE('',#2162,#2162,#2164,.T.);
#2162 = VERTEX_POINT('',#2163);
#2163 = CARTESIAN_POINT('',(35.340067310135,-7.14001524003,-4.8));
#2164 = CIRCLE('',#2165,1.425);
#2165 = AXIS2_PLACEMENT_3D('',#2166,#2167,#2168);
#2166 = CARTESIAN_POINT('',(33.915067310135,-7.14001524003,-4.8));
#2167 = DIRECTION('',(0.,0.,-1.));
#2168 = DIRECTION('',(1.,0.,0.));
#2169 = PLANE('',#2170);
#2170 = AXIS2_PLACEMENT_3D('',#2171,#2172,#2173);
#2171 = CARTESIAN_POINT('',(8.062176256024,-29.32708540046,-4.8));
#2172 = DIRECTION('',(0.,0.,1.));
#2173 = DIRECTION('',(1.,0.,0.));
#2174 = ADVANCED_FACE('',(#2175),#2275,.F.);
#2175 = FACE_BOUND('',#2176,.F.);
#2176 = EDGE_LOOP('',(#2177,#2185,#2193,#2201,#2209,#2217,#2225,#2233,
    #2241,#2250,#2258,#2266,#2272,#2273,#2274));
#2177 = ORIENTED_EDGE('',*,*,#2178,.F.);
#2178 = EDGE_CURVE('',#2179,#1044,#2181,.T.);
#2179 = VERTEX_POINT('',#2180);
#2180 = CARTESIAN_POINT('',(46.427370258518,-4.388939764287,-6.4));
#2181 = LINE('',#2182,#2183);
#2182 = CARTESIAN_POINT('',(46.838653933812,-5.30054329918,-6.4));
#2183 = VECTOR('',#2184,1.);
#2184 = DIRECTION('',(-0.411247637928,0.911523658661,-0.));
#2185 = ORIENTED_EDGE('',*,*,#2186,.F.);
#2186 = EDGE_CURVE('',#2187,#2179,#2189,.T.);
#2187 = VERTEX_POINT('',#2188);
#2188 = CARTESIAN_POINT('',(48.024639366,-3.642704586998,-6.4));
#2189 = LINE('',#2190,#2191);
#2190 = CARTESIAN_POINT('',(47.949747055788,-3.677693854696,-6.4));
#2191 = VECTOR('',#2192,1.);
#2192 = DIRECTION('',(-0.905999832445,-0.423278045272,0.));
#2193 = ORIENTED_EDGE('',*,*,#2194,.F.);
#2194 = EDGE_CURVE('',#2195,#2187,#2197,.T.);
#2195 = VERTEX_POINT('',#2196);
#2196 = CARTESIAN_POINT('',(49.917633538515,-3.114499897404,-6.4));
#2197 = LINE('',#2198,#2199);
#2198 = CARTESIAN_POINT('',(49.856687530742,-3.131505743267,-6.4));
#2199 = VECTOR('',#2200,1.);
#2200 = DIRECTION('',(-0.9632058852,-0.268764623259,0.));
#2201 = ORIENTED_EDGE('',*,*,#2202,.F.);
#2202 = EDGE_CURVE('',#2203,#2195,#2205,.T.);
#2203 = VERTEX_POINT('',#2204);
#2204 = CARTESIAN_POINT('',(54.239005299745,-2.480248057914,-6.4));
#2205 = LINE('',#2206,#2207);
#2206 = CARTESIAN_POINT('',(54.157973298757,-2.492141201694,-6.4));
#2207 = VECTOR('',#2208,1.);
#2208 = DIRECTION('',(-0.989400095005,-0.145215192055,0.));
#2209 = ORIENTED_EDGE('',*,*,#2210,.F.);
#2210 = EDGE_CURVE('',#2211,#2203,#2213,.T.);
#2211 = VERTEX_POINT('',#2212);
#2212 = CARTESIAN_POINT('',(56.954997307934,-2.528339809433,-6.4));
#2213 = LINE('',#2214,#2215);
#2214 = CARTESIAN_POINT('',(56.877800366528,-2.526972892258,-6.4));
#2215 = VECTOR('',#2216,1.);
#2216 = DIRECTION('',(-0.999843270009,1.77041073591E-02,0.));
#2217 = ORIENTED_EDGE('',*,*,#2218,.F.);
#2218 = EDGE_CURVE('',#2219,#2211,#2221,.T.);
#2219 = VERTEX_POINT('',#2220);
#2220 = CARTESIAN_POINT('',(60.017482481531,-3.064411079792,-6.4));
#2221 = LINE('',#2222,#2223);
#2222 = CARTESIAN_POINT('',(59.924125684929,-3.043567691793,-6.4));
#2223 = VECTOR('',#2224,1.);
#2224 = DIRECTION('',(-0.985275672706,0.170973239932,0.));
#2225 = ORIENTED_EDGE('',*,*,#2226,.F.);
#2226 = EDGE_CURVE('',#2227,#2219,#2229,.T.);
#2227 = VERTEX_POINT('',#2228);
#2228 = CARTESIAN_POINT('',(63.009042447446,-3.887446765002,-6.4));
#2229 = LINE('',#2230,#2231);
#2230 = CARTESIAN_POINT('',(62.9351500385,-3.864080672108,-6.4));
#2231 = VECTOR('',#2232,1.);
#2232 = DIRECTION('',(-0.964432284707,0.264330036534,0.));
#2233 = ORIENTED_EDGE('',*,*,#2234,.F.);
#2234 = EDGE_CURVE('',#2235,#2227,#2237,.T.);
#2235 = VERTEX_POINT('',#2236);
#2236 = CARTESIAN_POINT('',(65.603761483842,-4.819997764558,-6.4));
#2237 = LINE('',#2238,#2239);
#2238 = CARTESIAN_POINT('',(65.603761483842,-4.819997764558,-6.4));
#2239 = VECTOR('',#2240,1.);
#2240 = DIRECTION('',(-0.941066191813,0.33822244548,0.));
#2241 = ORIENTED_EDGE('',*,*,#2242,.F.);
#2242 = EDGE_CURVE('',#2243,#2235,#2245,.T.);
#2243 = VERTEX_POINT('',#2244);
#2244 = CARTESIAN_POINT('',(68.552771364357,-6.414365943136,-6.4));
#2245 = CIRCLE('',#2246,11.171980115198);
#2246 = AXIS2_PLACEMENT_3D('',#2247,#2248,#2249);
#2247 = CARTESIAN_POINT('',(61.825147048426,-15.33357054657,-6.4));
#2248 = DIRECTION('',(0.,-0.,1.));
#2249 = DIRECTION('',(0.602187279834,0.798354858447,0.));
#2250 = ORIENTED_EDGE('',*,*,#2251,.F.);
#2251 = EDGE_CURVE('',#2252,#2243,#2254,.T.);
#2252 = VERTEX_POINT('',#2253);
#2253 = CARTESIAN_POINT('',(73.803466501874,-10.37571740749,-6.4));
#2254 = LINE('',#2255,#2256);
#2255 = CARTESIAN_POINT('',(73.774812576947,-10.35327451207,-6.4));
#2256 = VECTOR('',#2257,1.);
#2257 = DIRECTION('',(-0.798354858447,0.602187279834,0.));
#2258 = ORIENTED_EDGE('',*,*,#2259,.F.);
#2259 = EDGE_CURVE('',#2260,#2252,#2262,.T.);
#2260 = VERTEX_POINT('',#2261);
#2261 = CARTESIAN_POINT('',(75.140480584021,-11.46275255393,-6.4));
#2262 = LINE('',#2263,#2264);
#2263 = CARTESIAN_POINT('',(74.573048864688,-11.00141244513,-6.4));
#2264 = VECTOR('',#2265,1.);
#2265 = DIRECTION('',(-0.775911963032,0.630841204761,0.));
#2266 = ORIENTED_EDGE('',*,*,#2267,.F.);
#2267 = EDGE_CURVE('',#1100,#2260,#2268,.T.);
#2268 = LINE('',#2269,#2270);
#2269 = CARTESIAN_POINT('',(77.099,-10.9486,-6.4));
#2270 = VECTOR('',#2271,1.);
#2271 = DIRECTION('',(-0.967225967571,-0.253917166919,0.));
#2272 = ORIENTED_EDGE('',*,*,#1107,.T.);
#2273 = ORIENTED_EDGE('',*,*,#1075,.F.);
#2274 = ORIENTED_EDGE('',*,*,#1043,.T.);
#2275 = PLANE('',#2276);
#2276 = AXIS2_PLACEMENT_3D('',#2277,#2278,#2279);
#2277 = CARTESIAN_POINT('',(34.834576530354,-20.98303399545,-6.4));
#2278 = DIRECTION('',(0.,0.,1.));
#2279 = DIRECTION('',(1.,0.,0.));
#2280 = ADVANCED_FACE('',(#2281),#2316,.T.);
#2281 = FACE_BOUND('',#2282,.T.);
#2282 = EDGE_LOOP('',(#2283,#2284,#2292,#2300,#2308,#2314,#2315));
#2283 = ORIENTED_EDGE('',*,*,#2178,.F.);
#2284 = ORIENTED_EDGE('',*,*,#2285,.T.);
#2285 = EDGE_CURVE('',#2179,#2286,#2288,.T.);
#2286 = VERTEX_POINT('',#2287);
#2287 = CARTESIAN_POINT('',(46.838653933812,-5.30054329918,-5.4));
#2288 = LINE('',#2289,#2290);
#2289 = CARTESIAN_POINT('',(46.879089128458,-5.390167246317,
    -5.30168538876));
#2290 = VECTOR('',#2291,1.);
#2291 = DIRECTION('',(0.290808733822,-0.644572798908,0.707075800209));
#2292 = ORIENTED_EDGE('',*,*,#2293,.F.);
#2293 = EDGE_CURVE('',#2294,#2286,#2296,.T.);
#2294 = VERTEX_POINT('',#2295);
#2295 = CARTESIAN_POINT('',(46.838653933812,-5.30054329918,-4.8));
#2296 = LINE('',#2297,#2298);
#2297 = CARTESIAN_POINT('',(46.838653933812,-5.30054329918,-4.8));
#2298 = VECTOR('',#2299,1.);
#2299 = DIRECTION('',(0.,0.,-1.));
#2300 = ORIENTED_EDGE('',*,*,#2301,.T.);
#2301 = EDGE_CURVE('',#2294,#2302,#2304,.T.);
#2302 = VERTEX_POINT('',#2303);
#2303 = CARTESIAN_POINT('',(47.302299,-6.328205,-4.8));
#2304 = LINE('',#2305,#2306);
#2305 = CARTESIAN_POINT('',(45.73,-2.84323,-4.8));
#2306 = VECTOR('',#2307,1.);
#2307 = DIRECTION('',(0.411247637928,-0.911523658661,0.));
#2308 = ORIENTED_EDGE('',*,*,#2309,.F.);
#2309 = EDGE_CURVE('',#2111,#2302,#2310,.T.);
#2310 = LINE('',#2311,#2312);
#2311 = CARTESIAN_POINT('',(47.302299,-6.328205,0.));
#2312 = VECTOR('',#2313,1.);
#2313 = DIRECTION('',(-0.,-0.,-1.));
#2314 = ORIENTED_EDGE('',*,*,#2118,.F.);
#2315 = ORIENTED_EDGE('',*,*,#1051,.T.);
#2316 = PLANE('',#2317);
#2317 = AXIS2_PLACEMENT_3D('',#2318,#2319,#2320);
#2318 = CARTESIAN_POINT('',(46.479867851353,-4.505299819589,
    -3.111776639424));
#2319 = DIRECTION('',(-0.911523658661,-0.411247637928,-0.));
#2320 = DIRECTION('',(0.411247637928,-0.911523658661,0.));
#2321 = ADVANCED_FACE('',(#2322),#2357,.T.);
#2322 = FACE_BOUND('',#2323,.T.);
#2323 = EDGE_LOOP('',(#2324,#2334,#2340,#2341,#2342,#2343,#2351));
#2324 = ORIENTED_EDGE('',*,*,#2325,.T.);
#2325 = EDGE_CURVE('',#2326,#2328,#2330,.T.);
#2326 = VERTEX_POINT('',#2327);
#2327 = CARTESIAN_POINT('',(73.942207659928,-11.77732440816,-4.8));
#2328 = VERTEX_POINT('',#2329);
#2329 = CARTESIAN_POINT('',(73.942207659928,-11.77732440816,-5.4));
#2330 = LINE('',#2331,#2332);
#2331 = CARTESIAN_POINT('',(73.942207659928,-11.77732440816,-4.8));
#2332 = VECTOR('',#2333,1.);
#2333 = DIRECTION('',(0.,0.,-1.));
#2334 = ORIENTED_EDGE('',*,*,#2335,.F.);
#2335 = EDGE_CURVE('',#2260,#2328,#2336,.T.);
#2336 = LINE('',#2337,#2338);
#2337 = CARTESIAN_POINT('',(73.418585583369,-11.91478622027,
    -4.963019353913));
#2338 = VECTOR('',#2339,1.);
#2339 = DIRECTION('',(-0.752632112848,-0.197581765,0.628097403951));
#2340 = ORIENTED_EDGE('',*,*,#2267,.F.);
#2341 = ORIENTED_EDGE('',*,*,#1099,.F.);
#2342 = ORIENTED_EDGE('',*,*,#2022,.F.);
#2343 = ORIENTED_EDGE('',*,*,#2344,.T.);
#2344 = EDGE_CURVE('',#2023,#2345,#2347,.T.);
#2345 = VERTEX_POINT('',#2346);
#2346 = CARTESIAN_POINT('',(69.098167,-13.048987,-4.8));
#2347 = LINE('',#2348,#2349);
#2348 = CARTESIAN_POINT('',(69.098167,-13.048987,0.));
#2349 = VECTOR('',#2350,1.);
#2350 = DIRECTION('',(-0.,-0.,-1.));
#2351 = ORIENTED_EDGE('',*,*,#2352,.T.);
#2352 = EDGE_CURVE('',#2345,#2326,#2353,.T.);
#2353 = LINE('',#2354,#2355);
#2354 = CARTESIAN_POINT('',(69.098167,-13.048987,-4.8));
#2355 = VECTOR('',#2356,1.);
#2356 = DIRECTION('',(0.967225967571,0.253917166919,0.));
#2357 = PLANE('',#2358);
#2358 = AXIS2_PLACEMENT_3D('',#2359,#2360,#2361);
#2359 = CARTESIAN_POINT('',(73.362708974925,-11.92945500563,
    -2.926924747908));
#2360 = DIRECTION('',(0.253917166919,-0.967225967571,2.917599671405E-16)
  );
#2361 = DIRECTION('',(-0.967225967571,-0.253917166919,1.232595164408E-32
    ));
#2362 = ADVANCED_FACE('',(#2363),#2391,.F.);
#2363 = FACE_BOUND('',#2364,.F.);
#2364 = EDGE_LOOP('',(#2365,#2366,#2367,#2375,#2384));
#2365 = ORIENTED_EDGE('',*,*,#1272,.T.);
#2366 = ORIENTED_EDGE('',*,*,#1197,.F.);
#2367 = ORIENTED_EDGE('',*,*,#2368,.F.);
#2368 = EDGE_CURVE('',#2369,#1198,#2371,.T.);
#2369 = VERTEX_POINT('',#2370);
#2370 = CARTESIAN_POINT('',(79.863936484066,-55.70777436099,-6.4));
#2371 = LINE('',#2372,#2373);
#2372 = CARTESIAN_POINT('',(79.889102625702,-55.67524724725,-6.4));
#2373 = VECTOR('',#2374,1.);
#2374 = DIRECTION('',(0.591396160946,0.806381163482,0.));
#2375 = ORIENTED_EDGE('',*,*,#2376,.F.);
#2376 = EDGE_CURVE('',#2377,#2369,#2379,.T.);
#2377 = VERTEX_POINT('',#2378);
#2378 = CARTESIAN_POINT('',(76.506401622522,-59.055543042,-6.4));
#2379 = CIRCLE('',#2380,23.134920002811);
#2380 = AXIS2_PLACEMENT_3D('',#2381,#2382,#2383);
#2381 = CARTESIAN_POINT('',(61.936143617055,-41.08523126979,-6.4));
#2382 = DIRECTION('',(-0.,0.,1.));
#2383 = DIRECTION('',(0.629795046052,-0.776761353292,0.));
#2384 = ORIENTED_EDGE('',*,*,#2385,.F.);
#2385 = EDGE_CURVE('',#1264,#2377,#2386,.T.);
#2386 = CIRCLE('',#2387,24.626676411106);
#2387 = AXIS2_PLACEMENT_3D('',#2388,#2389,#2390);
#2388 = CARTESIAN_POINT('',(60.99664291377,-39.92649246824,-6.4));
#2389 = DIRECTION('',(-0.,0.,1.));
#2390 = DIRECTION('',(0.53111156297,-0.847301898782,0.));
#2391 = PLANE('',#2392);
#2392 = AXIS2_PLACEMENT_3D('',#2393,#2394,#2395);
#2393 = CARTESIAN_POINT('',(34.834576530354,-20.98303399545,-6.4));
#2394 = DIRECTION('',(0.,0.,1.));
#2395 = DIRECTION('',(1.,0.,0.));
#2396 = ADVANCED_FACE('',(#2397),#2415,.T.);
#2397 = FACE_BOUND('',#2398,.F.);
#2398 = EDGE_LOOP('',(#2399,#2407,#2408,#2409));
#2399 = ORIENTED_EDGE('',*,*,#2400,.F.);
#2400 = EDGE_CURVE('',#2369,#2401,#2403,.T.);
#2401 = VERTEX_POINT('',#2402);
#2402 = CARTESIAN_POINT('',(79.243997694916,-55.20213031849,-5.6));
#2403 = LINE('',#2404,#2405);
#2404 = CARTESIAN_POINT('',(79.243997694916,-55.20213031849,-5.6));
#2405 = VECTOR('',#2406,1.);
#2406 = DIRECTION('',(-0.54795365216,0.446930414141,0.707106781187));
#2407 = ORIENTED_EDGE('',*,*,#2368,.T.);
#2408 = ORIENTED_EDGE('',*,*,#1207,.T.);
#2409 = ORIENTED_EDGE('',*,*,#2410,.F.);
#2410 = EDGE_CURVE('',#2401,#1208,#2411,.T.);
#2411 = LINE('',#2412,#2413);
#2412 = CARTESIAN_POINT('',(79.243997694916,-55.20213031849,-5.6));
#2413 = VECTOR('',#2414,1.);
#2414 = DIRECTION('',(0.591396160946,0.806381163482,0.));
#2415 = PLANE('',#2416);
#2416 = AXIS2_PLACEMENT_3D('',#2417,#2418,#2419);
#2417 = CARTESIAN_POINT('',(79.566550160309,-55.43868878287,-6.));
#2418 = DIRECTION('',(-0.570197588919,0.418180235773,-0.707106781187));
#2419 = DIRECTION('',(-0.591396160946,-0.806381163482,5.551115123126E-17
    ));
#2420 = ADVANCED_FACE('',(#2421),#2439,.F.);
#2421 = FACE_BOUND('',#2422,.F.);
#2422 = EDGE_LOOP('',(#2423,#2431,#2432,#2433));
#2423 = ORIENTED_EDGE('',*,*,#2424,.T.);
#2424 = EDGE_CURVE('',#2425,#2401,#2427,.T.);
#2425 = VERTEX_POINT('',#2426);
#2426 = CARTESIAN_POINT('',(79.243997694916,-55.20213031849,-4.8));
#2427 = LINE('',#2428,#2429);
#2428 = CARTESIAN_POINT('',(79.243997694916,-55.20213031849,-4.8));
#2429 = VECTOR('',#2430,1.);
#2430 = DIRECTION('',(0.,0.,-1.));
#2431 = ORIENTED_EDGE('',*,*,#2410,.T.);
#2432 = ORIENTED_EDGE('',*,*,#1215,.F.);
#2433 = ORIENTED_EDGE('',*,*,#2434,.F.);
#2434 = EDGE_CURVE('',#2425,#1216,#2435,.T.);
#2435 = LINE('',#2436,#2437);
#2436 = CARTESIAN_POINT('',(79.243997694916,-55.20213031849,-4.8));
#2437 = VECTOR('',#2438,1.);
#2438 = DIRECTION('',(0.591396160946,0.806381163482,0.));
#2439 = PLANE('',#2440);
#2440 = AXIS2_PLACEMENT_3D('',#2441,#2442,#2443);
#2441 = CARTESIAN_POINT('',(79.243997694916,-55.20213031849,-4.8));
#2442 = DIRECTION('',(0.806381163482,-0.591396160946,0.));
#2443 = DIRECTION('',(0.591396160946,0.806381163482,0.));
#2444 = ADVANCED_FACE('',(#2445),#2481,.F.);
#2445 = FACE_BOUND('',#2446,.F.);
#2446 = EDGE_LOOP('',(#2447,#2455,#2463,#2472,#2479,#2480));
#2447 = ORIENTED_EDGE('',*,*,#2448,.T.);
#2448 = EDGE_CURVE('',#1224,#2449,#2451,.T.);
#2449 = VERTEX_POINT('',#2450);
#2450 = CARTESIAN_POINT('',(73.693760270359,-53.71488063303,-4.8));
#2451 = LINE('',#2452,#2453);
#2452 = CARTESIAN_POINT('',(80.093760270359,-53.71488063303,-4.8));
#2453 = VECTOR('',#2454,1.);
#2454 = DIRECTION('',(-1.,0.,0.));
#2455 = ORIENTED_EDGE('',*,*,#2456,.T.);
#2456 = EDGE_CURVE('',#2449,#2457,#2459,.T.);
#2457 = VERTEX_POINT('',#2458);
#2458 = CARTESIAN_POINT('',(73.693760270358,-60.08818187246,-4.8));
#2459 = LINE('',#2460,#2461);
#2460 = CARTESIAN_POINT('',(73.693760270359,-53.71488063303,-4.8));
#2461 = VECTOR('',#2462,1.);
#2462 = DIRECTION('',(0.,-1.,0.));
#2463 = ORIENTED_EDGE('',*,*,#2464,.F.);
#2464 = EDGE_CURVE('',#2465,#2457,#2467,.T.);
#2465 = VERTEX_POINT('',#2466);
#2466 = CARTESIAN_POINT('',(76.002565588789,-58.43413395685,-4.8));
#2467 = CIRCLE('',#2468,23.826676411106);
#2468 = AXIS2_PLACEMENT_3D('',#2469,#2470,#2471);
#2469 = CARTESIAN_POINT('',(60.99664291377,-39.92649246824,-4.8));
#2470 = DIRECTION('',(0.,0.,-1.));
#2471 = DIRECTION('',(1.,0.,0.));
#2472 = ORIENTED_EDGE('',*,*,#2473,.F.);
#2473 = EDGE_CURVE('',#2425,#2465,#2474,.T.);
#2474 = CIRCLE('',#2475,22.334920002811);
#2475 = AXIS2_PLACEMENT_3D('',#2476,#2477,#2478);
#2476 = CARTESIAN_POINT('',(61.936143617055,-41.08523126979,-4.8));
#2477 = DIRECTION('',(0.,0.,-1.));
#2478 = DIRECTION('',(1.,0.,0.));
#2479 = ORIENTED_EDGE('',*,*,#2434,.T.);
#2480 = ORIENTED_EDGE('',*,*,#1223,.T.);
#2481 = PLANE('',#2482);
#2482 = AXIS2_PLACEMENT_3D('',#2483,#2484,#2485);
#2483 = CARTESIAN_POINT('',(8.062176256024,-29.32708540046,-4.8));
#2484 = DIRECTION('',(0.,0.,1.));
#2485 = DIRECTION('',(1.,0.,0.));
#2486 = ADVANCED_FACE('',(#2487),#2498,.T.);
#2487 = FACE_BOUND('',#2488,.T.);
#2488 = EDGE_LOOP('',(#2489,#2490,#2491,#2497));
#2489 = ORIENTED_EDGE('',*,*,#1231,.T.);
#2490 = ORIENTED_EDGE('',*,*,#2448,.T.);
#2491 = ORIENTED_EDGE('',*,*,#2492,.F.);
#2492 = EDGE_CURVE('',#2006,#2449,#2493,.T.);
#2493 = LINE('',#2494,#2495);
#2494 = CARTESIAN_POINT('',(73.693760270359,-53.71488063303,0.));
#2495 = VECTOR('',#2496,1.);
#2496 = DIRECTION('',(-0.,-0.,-1.));
#2497 = ORIENTED_EDGE('',*,*,#2013,.F.);
#2498 = PLANE('',#2499);
#2499 = AXIS2_PLACEMENT_3D('',#2500,#2501,#2502);
#2500 = CARTESIAN_POINT('',(80.093760270359,-53.71488063303,0.));
#2501 = DIRECTION('',(0.,1.,0.));
#2502 = DIRECTION('',(-1.,0.,0.));
#2503 = ADVANCED_FACE('',(#2504),#2530,.F.);
#2504 = FACE_BOUND('',#2505,.T.);
#2505 = EDGE_LOOP('',(#2506,#2514,#2521,#2522,#2529));
#2506 = ORIENTED_EDGE('',*,*,#2507,.T.);
#2507 = EDGE_CURVE('',#2465,#2508,#2510,.T.);
#2508 = VERTEX_POINT('',#2509);
#2509 = CARTESIAN_POINT('',(76.002565588789,-58.43413395685,-5.6));
#2510 = LINE('',#2511,#2512);
#2511 = CARTESIAN_POINT('',(76.002565588789,-58.43413395685,-4.8));
#2512 = VECTOR('',#2513,1.);
#2513 = DIRECTION('',(0.,0.,-1.));
#2514 = ORIENTED_EDGE('',*,*,#2515,.F.);
#2515 = EDGE_CURVE('',#1256,#2508,#2516,.T.);
#2516 = CIRCLE('',#2517,23.826676411106);
#2517 = AXIS2_PLACEMENT_3D('',#2518,#2519,#2520);
#2518 = CARTESIAN_POINT('',(60.99664291377,-39.92649246824,-5.6));
#2519 = DIRECTION('',(-0.,0.,1.));
#2520 = DIRECTION('',(0.53111156297,-0.847301898782,0.));
#2521 = ORIENTED_EDGE('',*,*,#1253,.F.);
#2522 = ORIENTED_EDGE('',*,*,#2523,.F.);
#2523 = EDGE_CURVE('',#2457,#1254,#2524,.T.);
#2524 = CIRCLE('',#2525,23.826676411106);
#2525 = AXIS2_PLACEMENT_3D('',#2526,#2527,#2528);
#2526 = CARTESIAN_POINT('',(60.99664291377,-39.92649246824,-4.8));
#2527 = DIRECTION('',(0.,0.,-1.));
#2528 = DIRECTION('',(1.,0.,0.));
#2529 = ORIENTED_EDGE('',*,*,#2464,.F.);
#2530 = CYLINDRICAL_SURFACE('',#2531,23.826676411106);
#2531 = AXIS2_PLACEMENT_3D('',#2532,#2533,#2534);
#2532 = CARTESIAN_POINT('',(60.99664291377,-39.92649246824,-4.8));
#2533 = DIRECTION('',(0.,0.,1.));
#2534 = DIRECTION('',(1.,0.,0.));
#2535 = ADVANCED_FACE('',(#2536),#2547,.F.);
#2536 = FACE_BOUND('',#2537,.F.);
#2537 = EDGE_LOOP('',(#2538,#2539,#2540,#2546));
#2538 = ORIENTED_EDGE('',*,*,#1263,.F.);
#2539 = ORIENTED_EDGE('',*,*,#2385,.T.);
#2540 = ORIENTED_EDGE('',*,*,#2541,.T.);
#2541 = EDGE_CURVE('',#2377,#2508,#2542,.T.);
#2542 = LINE('',#2543,#2544);
#2543 = CARTESIAN_POINT('',(76.002565588789,-58.43413395685,-5.6));
#2544 = VECTOR('',#2545,1.);
#2545 = DIRECTION('',(-0.445332345074,0.549253222504,0.707106781187));
#2546 = ORIENTED_EDGE('',*,*,#2515,.F.);
#2547 = CONICAL_SURFACE('',#2548,23.826676411106,0.785398163397);
#2548 = AXIS2_PLACEMENT_3D('',#2549,#2550,#2551);
#2549 = CARTESIAN_POINT('',(60.99664291377,-39.92649246824,-5.6));
#2550 = DIRECTION('',(-0.,-0.,-1.));
#2551 = DIRECTION('',(0.53111156297,-0.847301898782,0.));
#2552 = ADVANCED_FACE('',(#2553),#2563,.T.);
#2553 = FACE_BOUND('',#2554,.T.);
#2554 = EDGE_LOOP('',(#2555,#2561,#2562));
#2555 = ORIENTED_EDGE('',*,*,#2556,.F.);
#2556 = EDGE_CURVE('',#2457,#1289,#2557,.T.);
#2557 = LINE('',#2558,#2559);
#2558 = CARTESIAN_POINT('',(73.693760270359,-53.71488063303,-4.8));
#2559 = VECTOR('',#2560,1.);
#2560 = DIRECTION('',(0.,-1.,0.));
#2561 = ORIENTED_EDGE('',*,*,#2523,.T.);
#2562 = ORIENTED_EDGE('',*,*,#1296,.T.);
#2563 = PLANE('',#2564);
#2564 = AXIS2_PLACEMENT_3D('',#2565,#2566,#2567);
#2565 = CARTESIAN_POINT('',(34.834576530354,-20.98303399545,-4.8));
#2566 = DIRECTION('',(0.,0.,1.));
#2567 = DIRECTION('',(1.,0.,0.));
#2568 = ADVANCED_FACE('',(#2569),#2576,.T.);
#2569 = FACE_BOUND('',#2570,.T.);
#2570 = EDGE_LOOP('',(#2571,#2572,#2573,#2574,#2575));
#2571 = ORIENTED_EDGE('',*,*,#2492,.T.);
#2572 = ORIENTED_EDGE('',*,*,#2456,.T.);
#2573 = ORIENTED_EDGE('',*,*,#2556,.T.);
#2574 = ORIENTED_EDGE('',*,*,#1288,.F.);
#2575 = ORIENTED_EDGE('',*,*,#2005,.F.);
#2576 = PLANE('',#2577);
#2577 = AXIS2_PLACEMENT_3D('',#2578,#2579,#2580);
#2578 = CARTESIAN_POINT('',(73.693760270359,-53.71488063303,0.));
#2579 = DIRECTION('',(-1.,0.,0.));
#2580 = DIRECTION('',(0.,-1.,0.));
#2581 = ADVANCED_FACE('',(#2582),#2631,.T.);
#2582 = FACE_BOUND('',#2583,.T.);
#2583 = EDGE_LOOP('',(#2584,#2594,#2602,#2610,#2616,#2617,#2625));
#2584 = ORIENTED_EDGE('',*,*,#2585,.F.);
#2585 = EDGE_CURVE('',#2586,#2588,#2590,.T.);
#2586 = VERTEX_POINT('',#2587);
#2587 = CARTESIAN_POINT('',(-1.543302006604,-52.70607162814,-6.4));
#2588 = VERTEX_POINT('',#2589);
#2589 = CARTESIAN_POINT('',(-2.043302006604,-52.70607162814,-6.4));
#2590 = LINE('',#2591,#2592);
#2591 = CARTESIAN_POINT('',(-0.543302006604,-52.70607162814,-6.4));
#2592 = VECTOR('',#2593,1.);
#2593 = DIRECTION('',(-1.,0.,0.));
#2594 = ORIENTED_EDGE('',*,*,#2595,.T.);
#2595 = EDGE_CURVE('',#2586,#2596,#2598,.T.);
#2596 = VERTEX_POINT('',#2597);
#2597 = CARTESIAN_POINT('',(-0.543302006604,-52.70607162814,-5.4));
#2598 = LINE('',#2599,#2600);
#2599 = CARTESIAN_POINT('',(0.381697993396,-52.70607162814,-4.475));
#2600 = VECTOR('',#2601,1.);
#2601 = DIRECTION('',(0.707106781187,0.,0.707106781187));
#2602 = ORIENTED_EDGE('',*,*,#2603,.F.);
#2603 = EDGE_CURVE('',#2604,#2596,#2606,.T.);
#2604 = VERTEX_POINT('',#2605);
#2605 = CARTESIAN_POINT('',(-0.543302006604,-52.70607162814,-4.8));
#2606 = LINE('',#2607,#2608);
#2607 = CARTESIAN_POINT('',(-0.543302006604,-52.70607162814,-4.8));
#2608 = VECTOR('',#2609,1.);
#2609 = DIRECTION('',(0.,0.,-1.));
#2610 = ORIENTED_EDGE('',*,*,#2611,.T.);
#2611 = EDGE_CURVE('',#2604,#1410,#2612,.T.);
#2612 = LINE('',#2613,#2614);
#2613 = CARTESIAN_POINT('',(-0.443302006604,-52.70607162814,-4.8));
#2614 = VECTOR('',#2615,1.);
#2615 = DIRECTION('',(1.,0.,0.));
#2616 = ORIENTED_EDGE('',*,*,#1407,.F.);
#2617 = ORIENTED_EDGE('',*,*,#2618,.F.);
#2618 = EDGE_CURVE('',#2619,#1408,#2621,.T.);
#2619 = VERTEX_POINT('',#2620);
#2620 = CARTESIAN_POINT('',(-2.043302006604,-52.70607162814,0.));
#2621 = LINE('',#2622,#2623);
#2622 = CARTESIAN_POINT('',(-2.043302006604,-52.70607162814,0.));
#2623 = VECTOR('',#2624,1.);
#2624 = DIRECTION('',(1.,0.,0.));
#2625 = ORIENTED_EDGE('',*,*,#2626,.T.);
#2626 = EDGE_CURVE('',#2619,#2588,#2627,.T.);
#2627 = LINE('',#2628,#2629);
#2628 = CARTESIAN_POINT('',(-2.043302006604,-52.70607162814,0.));
#2629 = VECTOR('',#2630,1.);
#2630 = DIRECTION('',(-0.,-0.,-1.));
#2631 = PLANE('',#2632);
#2632 = AXIS2_PLACEMENT_3D('',#2633,#2634,#2635);
#2633 = CARTESIAN_POINT('',(1.595586882285,-52.70607162814,
    -2.838888888889));
#2634 = DIRECTION('',(-0.,-1.,-0.));
#2635 = DIRECTION('',(0.,0.,-1.));
#2636 = ADVANCED_FACE('',(#2637),#2696,.F.);
#2637 = FACE_BOUND('',#2638,.F.);
#2638 = EDGE_LOOP('',(#2639,#2649,#2657,#2663,#2664,#2665,#2666,#2674,
    #2682,#2690));
#2639 = ORIENTED_EDGE('',*,*,#2640,.F.);
#2640 = EDGE_CURVE('',#2641,#2643,#2645,.T.);
#2641 = VERTEX_POINT('',#2642);
#2642 = CARTESIAN_POINT('',(-0.443302006604,-44.70607162814,-4.8));
#2643 = VERTEX_POINT('',#2644);
#2644 = CARTESIAN_POINT('',(-0.443302006604,-26.90607162814,-4.8));
#2645 = LINE('',#2646,#2647);
#2646 = CARTESIAN_POINT('',(-0.443302006604,-44.70607162814,-4.8));
#2647 = VECTOR('',#2648,1.);
#2648 = DIRECTION('',(0.,1.,0.));
#2649 = ORIENTED_EDGE('',*,*,#2650,.T.);
#2650 = EDGE_CURVE('',#2641,#2651,#2653,.T.);
#2651 = VERTEX_POINT('',#2652);
#2652 = CARTESIAN_POINT('',(-0.543302006604,-44.70607162814,-4.8));
#2653 = LINE('',#2654,#2655);
#2654 = CARTESIAN_POINT('',(-0.443302006604,-44.70607162814,-4.8));
#2655 = VECTOR('',#2656,1.);
#2656 = DIRECTION('',(-1.,0.,0.));
#2657 = ORIENTED_EDGE('',*,*,#2658,.T.);
#2658 = EDGE_CURVE('',#2651,#2604,#2659,.T.);
#2659 = LINE('',#2660,#2661);
#2660 = CARTESIAN_POINT('',(-0.543302006604,-44.70607162814,-4.8));
#2661 = VECTOR('',#2662,1.);
#2662 = DIRECTION('',(0.,-1.,0.));
#2663 = ORIENTED_EDGE('',*,*,#2611,.T.);
#2664 = ORIENTED_EDGE('',*,*,#1417,.T.);
#2665 = ORIENTED_EDGE('',*,*,#1782,.T.);
#2666 = ORIENTED_EDGE('',*,*,#2667,.F.);
#2667 = EDGE_CURVE('',#2668,#1783,#2670,.T.);
#2668 = VERTEX_POINT('',#2669);
#2669 = CARTESIAN_POINT('',(-0.443302006604,-20.55291084582,-4.8));
#2670 = LINE('',#2671,#2672);
#2671 = CARTESIAN_POINT('',(-0.443302006604,-20.55291084582,-4.8));
#2672 = VECTOR('',#2673,1.);
#2673 = DIRECTION('',(0.,1.,0.));
#2674 = ORIENTED_EDGE('',*,*,#2675,.F.);
#2675 = EDGE_CURVE('',#2676,#2668,#2678,.T.);
#2676 = VERTEX_POINT('',#2677);
#2677 = CARTESIAN_POINT('',(-0.543302006604,-20.55291084582,-4.8));
#2678 = LINE('',#2679,#2680);
#2679 = CARTESIAN_POINT('',(-2.043302006604,-20.55291084582,-4.8));
#2680 = VECTOR('',#2681,1.);
#2681 = DIRECTION('',(1.,0.,0.));
#2682 = ORIENTED_EDGE('',*,*,#2683,.T.);
#2683 = EDGE_CURVE('',#2676,#2684,#2686,.T.);
#2684 = VERTEX_POINT('',#2685);
#2685 = CARTESIAN_POINT('',(-0.543302006604,-26.90607162814,-4.8));
#2686 = LINE('',#2687,#2688);
#2687 = CARTESIAN_POINT('',(-0.543302006604,-20.55291084582,-4.8));
#2688 = VECTOR('',#2689,1.);
#2689 = DIRECTION('',(0.,-1.,0.));
#2690 = ORIENTED_EDGE('',*,*,#2691,.T.);
#2691 = EDGE_CURVE('',#2684,#2643,#2692,.T.);
#2692 = LINE('',#2693,#2694);
#2693 = CARTESIAN_POINT('',(-2.043302006604,-26.90607162814,-4.8));
#2694 = VECTOR('',#2695,1.);
#2695 = DIRECTION('',(1.,0.,0.));
#2696 = PLANE('',#2697);
#2697 = AXIS2_PLACEMENT_3D('',#2698,#2699,#2700);
#2698 = CARTESIAN_POINT('',(8.062176256024,-29.32708540046,-4.8));
#2699 = DIRECTION('',(0.,0.,1.));
#2700 = DIRECTION('',(1.,0.,0.));
#2701 = ADVANCED_FACE('',(#2702,#2844),#2847,.F.);
#2702 = FACE_BOUND('',#2703,.F.);
#2703 = EDGE_LOOP('',(#2704,#2712,#2713,#2721,#2729,#2735,#2736,#2744,
    #2752,#2758,#2759,#2767,#2775,#2781,#2782,#2790,#2796,#2797,#2798,
    #2806,#2814,#2822,#2830,#2838));
#2704 = ORIENTED_EDGE('',*,*,#2705,.T.);
#2705 = EDGE_CURVE('',#2706,#1760,#2708,.T.);
#2706 = VERTEX_POINT('',#2707);
#2707 = CARTESIAN_POINT('',(-0.443302006604,-20.55291084582,0.));
#2708 = LINE('',#2709,#2710);
#2709 = CARTESIAN_POINT('',(-0.443302006604,-20.55291084582,0.));
#2710 = VECTOR('',#2711,1.);
#2711 = DIRECTION('',(0.,1.,0.));
#2712 = ORIENTED_EDGE('',*,*,#1767,.F.);
#2713 = ORIENTED_EDGE('',*,*,#2714,.F.);
#2714 = EDGE_CURVE('',#2715,#1718,#2717,.T.);
#2715 = VERTEX_POINT('',#2716);
#2716 = CARTESIAN_POINT('',(-8.453302006604,-22.10607162814,0.));
#2717 = LINE('',#2718,#2719);
#2718 = CARTESIAN_POINT('',(-8.453302006604,-22.10607162814,0.));
#2719 = VECTOR('',#2720,1.);
#2720 = DIRECTION('',(0.,1.,0.));
#2721 = ORIENTED_EDGE('',*,*,#2722,.F.);
#2722 = EDGE_CURVE('',#2723,#2715,#2725,.T.);
#2723 = VERTEX_POINT('',#2724);
#2724 = CARTESIAN_POINT('',(-34.0533020066,-22.10607162814,0.));
#2725 = LINE('',#2726,#2727);
#2726 = CARTESIAN_POINT('',(-34.0533020066,-22.10607162814,0.));
#2727 = VECTOR('',#2728,1.);
#2728 = DIRECTION('',(1.,0.,0.));
#2729 = ORIENTED_EDGE('',*,*,#2730,.F.);
#2730 = EDGE_CURVE('',#1694,#2723,#2731,.T.);
#2731 = LINE('',#2732,#2733);
#2732 = CARTESIAN_POINT('',(-34.0533020066,-15.70607162814,0.));
#2733 = VECTOR('',#2734,1.);
#2734 = DIRECTION('',(0.,-1.,0.));
#2735 = ORIENTED_EDGE('',*,*,#1703,.T.);
#2736 = ORIENTED_EDGE('',*,*,#2737,.F.);
#2737 = EDGE_CURVE('',#2738,#1654,#2740,.T.);
#2738 = VERTEX_POINT('',#2739);
#2739 = CARTESIAN_POINT('',(-36.3133020066,-23.00607162814,0.));
#2740 = LINE('',#2741,#2742);
#2741 = CARTESIAN_POINT('',(-36.3133020066,-23.00607162814,0.));
#2742 = VECTOR('',#2743,1.);
#2743 = DIRECTION('',(-1.,0.,0.));
#2744 = ORIENTED_EDGE('',*,*,#2745,.F.);
#2745 = EDGE_CURVE('',#2746,#2738,#2748,.T.);
#2746 = VERTEX_POINT('',#2747);
#2747 = CARTESIAN_POINT('',(-36.3133020066,-48.60607162814,0.));
#2748 = LINE('',#2749,#2750);
#2749 = CARTESIAN_POINT('',(-36.3133020066,-48.60607162814,0.));
#2750 = VECTOR('',#2751,1.);
#2751 = DIRECTION('',(0.,1.,0.));
#2752 = ORIENTED_EDGE('',*,*,#2753,.F.);
#2753 = EDGE_CURVE('',#1630,#2746,#2754,.T.);
#2754 = LINE('',#2755,#2756);
#2755 = CARTESIAN_POINT('',(-42.7133020066,-48.60607162814,0.));
#2756 = VECTOR('',#2757,1.);
#2757 = DIRECTION('',(1.,0.,0.));
#2758 = ORIENTED_EDGE('',*,*,#1639,.T.);
#2759 = ORIENTED_EDGE('',*,*,#2760,.F.);
#2760 = EDGE_CURVE('',#2761,#1590,#2763,.T.);
#2761 = VERTEX_POINT('',#2762);
#2762 = CARTESIAN_POINT('',(-34.0533020066,-49.50607162814,0.));
#2763 = LINE('',#2764,#2765);
#2764 = CARTESIAN_POINT('',(-34.0533020066,-49.50607162814,0.));
#2765 = VECTOR('',#2766,1.);
#2766 = DIRECTION('',(0.,-1.,0.));
#2767 = ORIENTED_EDGE('',*,*,#2768,.F.);
#2768 = EDGE_CURVE('',#2769,#2761,#2771,.T.);
#2769 = VERTEX_POINT('',#2770);
#2770 = CARTESIAN_POINT('',(-8.453302006604,-49.50607162814,0.));
#2771 = LINE('',#2772,#2773);
#2772 = CARTESIAN_POINT('',(-8.453302006604,-49.50607162814,0.));
#2773 = VECTOR('',#2774,1.);
#2774 = DIRECTION('',(-1.,0.,0.));
#2775 = ORIENTED_EDGE('',*,*,#2776,.F.);
#2776 = EDGE_CURVE('',#1566,#2769,#2777,.T.);
#2777 = LINE('',#2778,#2779);
#2778 = CARTESIAN_POINT('',(-8.453302006604,-55.90607162814,0.));
#2779 = VECTOR('',#2780,1.);
#2780 = DIRECTION('',(0.,1.,0.));
#2781 = ORIENTED_EDGE('',*,*,#1575,.T.);
#2782 = ORIENTED_EDGE('',*,*,#2783,.F.);
#2783 = EDGE_CURVE('',#2784,#1544,#2786,.T.);
#2784 = VERTEX_POINT('',#2785);
#2785 = CARTESIAN_POINT('',(0.,-59.10607162814,0.));
#2786 = LINE('',#2787,#2788);
#2787 = CARTESIAN_POINT('',(0.,-59.10607162814,0.));
#2788 = VECTOR('',#2789,1.);
#2789 = DIRECTION('',(0.,-1.,0.));
#2790 = ORIENTED_EDGE('',*,*,#2791,.F.);
#2791 = EDGE_CURVE('',#1456,#2784,#2792,.T.);
#2792 = LINE('',#2793,#2794);
#2793 = CARTESIAN_POINT('',(6.4,-59.10607162814,0.));
#2794 = VECTOR('',#2795,1.);
#2795 = DIRECTION('',(-1.,0.,0.));
#2796 = ORIENTED_EDGE('',*,*,#1463,.F.);
#2797 = ORIENTED_EDGE('',*,*,#2618,.F.);
#2798 = ORIENTED_EDGE('',*,*,#2799,.F.);
#2799 = EDGE_CURVE('',#2800,#2619,#2802,.T.);
#2800 = VERTEX_POINT('',#2801);
#2801 = CARTESIAN_POINT('',(-2.043302006604,-44.70607162814,0.));
#2802 = LINE('',#2803,#2804);
#2803 = CARTESIAN_POINT('',(-2.043302006604,-44.70607162814,0.));
#2804 = VECTOR('',#2805,1.);
#2805 = DIRECTION('',(0.,-1.,0.));
#2806 = ORIENTED_EDGE('',*,*,#2807,.F.);
#2807 = EDGE_CURVE('',#2808,#2800,#2810,.T.);
#2808 = VERTEX_POINT('',#2809);
#2809 = CARTESIAN_POINT('',(-0.443302006604,-44.70607162814,0.));
#2810 = LINE('',#2811,#2812);
#2811 = CARTESIAN_POINT('',(-0.443302006604,-44.70607162814,0.));
#2812 = VECTOR('',#2813,1.);
#2813 = DIRECTION('',(-1.,0.,0.));
#2814 = ORIENTED_EDGE('',*,*,#2815,.T.);
#2815 = EDGE_CURVE('',#2808,#2816,#2818,.T.);
#2816 = VERTEX_POINT('',#2817);
#2817 = CARTESIAN_POINT('',(-0.443302006604,-26.90607162814,0.));
#2818 = LINE('',#2819,#2820);
#2819 = CARTESIAN_POINT('',(-0.443302006604,-44.70607162814,0.));
#2820 = VECTOR('',#2821,1.);
#2821 = DIRECTION('',(0.,1.,0.));
#2822 = ORIENTED_EDGE('',*,*,#2823,.F.);
#2823 = EDGE_CURVE('',#2824,#2816,#2826,.T.);
#2824 = VERTEX_POINT('',#2825);
#2825 = CARTESIAN_POINT('',(-2.043302006604,-26.90607162814,0.));
#2826 = LINE('',#2827,#2828);
#2827 = CARTESIAN_POINT('',(-2.043302006604,-26.90607162814,0.));
#2828 = VECTOR('',#2829,1.);
#2829 = DIRECTION('',(1.,0.,0.));
#2830 = ORIENTED_EDGE('',*,*,#2831,.F.);
#2831 = EDGE_CURVE('',#2832,#2824,#2834,.T.);
#2832 = VERTEX_POINT('',#2833);
#2833 = CARTESIAN_POINT('',(-2.043302006604,-20.55291084582,0.));
#2834 = LINE('',#2835,#2836);
#2835 = CARTESIAN_POINT('',(-2.043302006604,-20.55291084582,0.));
#2836 = VECTOR('',#2837,1.);
#2837 = DIRECTION('',(0.,-1.,0.));
#2838 = ORIENTED_EDGE('',*,*,#2839,.T.);
#2839 = EDGE_CURVE('',#2832,#2706,#2840,.T.);
#2840 = LINE('',#2841,#2842);
#2841 = CARTESIAN_POINT('',(-2.043302006604,-20.55291084582,0.));
#2842 = VECTOR('',#2843,1.);
#2843 = DIRECTION('',(1.,0.,0.));
#2844 = FACE_BOUND('',#2845,.F.);
#2845 = EDGE_LOOP('',(#2846));
#2846 = ORIENTED_EDGE('',*,*,#1817,.F.);
#2847 = PLANE('',#2848);
#2848 = AXIS2_PLACEMENT_3D('',#2849,#2850,#2851);
#2849 = CARTESIAN_POINT('',(19.498051757947,-26.5151027335,
    5.329070518201E-15));
#2850 = DIRECTION('',(0.,0.,1.));
#2851 = DIRECTION('',(1.,0.,0.));
#2852 = ADVANCED_FACE('',(#2853),#2879,.T.);
#2853 = FACE_BOUND('',#2854,.T.);
#2854 = EDGE_LOOP('',(#2855,#2856,#2857,#2865,#2873));
#2855 = ORIENTED_EDGE('',*,*,#1485,.T.);
#2856 = ORIENTED_EDGE('',*,*,#1535,.T.);
#2857 = ORIENTED_EDGE('',*,*,#2858,.F.);
#2858 = EDGE_CURVE('',#2859,#1528,#2861,.T.);
#2859 = VERTEX_POINT('',#2860);
#2860 = CARTESIAN_POINT('',(4.231636513477,-64.50897516127,-6.4));
#2861 = LINE('',#2862,#2863);
#2862 = CARTESIAN_POINT('',(4.298172699423,-64.55850192784,-6.4));
#2863 = VECTOR('',#2864,1.);
#2864 = DIRECTION('',(0.802167013151,-0.597099726187,0.));
#2865 = ORIENTED_EDGE('',*,*,#2866,.F.);
#2866 = EDGE_CURVE('',#2867,#2859,#2869,.T.);
#2867 = VERTEX_POINT('',#2868);
#2868 = CARTESIAN_POINT('',(4.775852480372,-63.91676831732,-5.6));
#2869 = LINE('',#2870,#2871);
#2870 = CARTESIAN_POINT('',(4.564561376116,-64.14669181391,
    -5.910598905007));
#2871 = VECTOR('',#2872,1.);
#2872 = DIRECTION('',(-0.479735944876,-0.522040746922,-0.705214068029));
#2873 = ORIENTED_EDGE('',*,*,#2874,.T.);
#2874 = EDGE_CURVE('',#2867,#1486,#2875,.T.);
#2875 = LINE('',#2876,#2877);
#2876 = CARTESIAN_POINT('',(4.775852480372,-63.91676831732,-5.6));
#2877 = VECTOR('',#2878,1.);
#2878 = DIRECTION('',(0.802167013151,-0.597099726187,0.));
#2879 = PLANE('',#2880);
#2880 = AXIS2_PLACEMENT_3D('',#2881,#2882,#2883);
#2881 = CARTESIAN_POINT('',(4.537012589897,-64.23763512258,-6.));
#2882 = DIRECTION('',(0.422213265431,0.567217734643,-0.707106781187));
#2883 = DIRECTION('',(0.802167013151,-0.597099726187,1.942890293094E-16)
  );
#2884 = ADVANCED_FACE('',(#2885),#2903,.F.);
#2885 = FACE_BOUND('',#2886,.F.);
#2886 = EDGE_LOOP('',(#2887,#2895,#2896,#2897));
#2887 = ORIENTED_EDGE('',*,*,#2888,.T.);
#2888 = EDGE_CURVE('',#2889,#2867,#2891,.T.);
#2889 = VERTEX_POINT('',#2890);
#2890 = CARTESIAN_POINT('',(4.775852480372,-63.91676831732,-4.8));
#2891 = LINE('',#2892,#2893);
#2892 = CARTESIAN_POINT('',(4.775852480372,-63.91676831732,-4.8));
#2893 = VECTOR('',#2894,1.);
#2894 = DIRECTION('',(0.,0.,-1.));
#2895 = ORIENTED_EDGE('',*,*,#2874,.T.);
#2896 = ORIENTED_EDGE('',*,*,#1493,.F.);
#2897 = ORIENTED_EDGE('',*,*,#2898,.F.);
#2898 = EDGE_CURVE('',#2889,#1494,#2899,.T.);
#2899 = LINE('',#2900,#2901);
#2900 = CARTESIAN_POINT('',(4.775852480372,-63.91676831732,-4.8));
#2901 = VECTOR('',#2902,1.);
#2902 = DIRECTION('',(0.802167013151,-0.597099726187,0.));
#2903 = PLANE('',#2904);
#2904 = AXIS2_PLACEMENT_3D('',#2905,#2906,#2907);
#2905 = CARTESIAN_POINT('',(4.775852480372,-63.91676831732,-4.8));
#2906 = DIRECTION('',(-0.597099726187,-0.802167013151,-0.));
#2907 = DIRECTION('',(0.802167013151,-0.597099726187,0.));
#2908 = ADVANCED_FACE('',(#2909),#2935,.F.);
#2909 = FACE_BOUND('',#2910,.F.);
#2910 = EDGE_LOOP('',(#2911,#2919,#2927,#2933,#2934));
#2911 = ORIENTED_EDGE('',*,*,#2912,.T.);
#2912 = EDGE_CURVE('',#1502,#2913,#2915,.T.);
#2913 = VERTEX_POINT('',#2914);
#2914 = CARTESIAN_POINT('',(0.883363772767,-59.10607162814,-4.8));
#2915 = LINE('',#2916,#2917);
#2916 = CARTESIAN_POINT('',(6.4,-59.10607162814,-4.8));
#2917 = VECTOR('',#2918,1.);
#2918 = DIRECTION('',(-1.,0.,0.));
#2919 = ORIENTED_EDGE('',*,*,#2920,.T.);
#2920 = EDGE_CURVE('',#2913,#2921,#2923,.T.);
#2921 = VERTEX_POINT('',#2922);
#2922 = CARTESIAN_POINT('',(2.533173684362,-61.38177086668,-4.8));
#2923 = LINE('',#2924,#2925);
#2924 = CARTESIAN_POINT('',(0.883363772767,-59.10607162814,-4.8));
#2925 = VECTOR('',#2926,1.);
#2926 = DIRECTION('',(0.58695077279,-0.809622622165,0.));
#2927 = ORIENTED_EDGE('',*,*,#2928,.T.);
#2928 = EDGE_CURVE('',#2921,#2889,#2929,.T.);
#2929 = LINE('',#2930,#2931);
#2930 = CARTESIAN_POINT('',(2.533173684362,-61.38177086668,-4.8));
#2931 = VECTOR('',#2932,1.);
#2932 = DIRECTION('',(0.662603890427,-0.748970015682,0.));
#2933 = ORIENTED_EDGE('',*,*,#2898,.T.);
#2934 = ORIENTED_EDGE('',*,*,#1501,.T.);
#2935 = PLANE('',#2936);
#2936 = AXIS2_PLACEMENT_3D('',#2937,#2938,#2939);
#2937 = CARTESIAN_POINT('',(8.062176256024,-29.32708540046,-4.8));
#2938 = DIRECTION('',(0.,0.,1.));
#2939 = DIRECTION('',(1.,0.,0.));
#2940 = ADVANCED_FACE('',(#2941),#2968,.T.);
#2941 = FACE_BOUND('',#2942,.T.);
#2942 = EDGE_LOOP('',(#2943,#2951,#2959,#2965,#2966,#2967));
#2943 = ORIENTED_EDGE('',*,*,#2944,.T.);
#2944 = EDGE_CURVE('',#2913,#2945,#2947,.T.);
#2945 = VERTEX_POINT('',#2946);
#2946 = CARTESIAN_POINT('',(0.883363772767,-59.10607162814,-5.6));
#2947 = LINE('',#2948,#2949);
#2948 = CARTESIAN_POINT('',(0.883363772767,-59.10607162814,-4.8));
#2949 = VECTOR('',#2950,1.);
#2950 = DIRECTION('',(0.,0.,-1.));
#2951 = ORIENTED_EDGE('',*,*,#2952,.T.);
#2952 = EDGE_CURVE('',#2945,#2953,#2955,.T.);
#2953 = VERTEX_POINT('',#2954);
#2954 = CARTESIAN_POINT('',(5.107025913276E-15,-59.10607162814,
    -6.315191294033));
#2955 = LINE('',#2956,#2957);
#2956 = CARTESIAN_POINT('',(1.954465030661,-59.10607162814,
    -4.73281219098));
#2957 = VECTOR('',#2958,1.);
#2958 = DIRECTION('',(-0.77720731199,1.432519277867E-16,-0.629244621899)
  );
#2959 = ORIENTED_EDGE('',*,*,#2960,.F.);
#2960 = EDGE_CURVE('',#2784,#2953,#2961,.T.);
#2961 = LINE('',#2962,#2963);
#2962 = CARTESIAN_POINT('',(0.,-59.10607162814,-4.8));
#2963 = VECTOR('',#2964,1.);
#2964 = DIRECTION('',(0.,0.,-1.));
#2965 = ORIENTED_EDGE('',*,*,#2791,.F.);
#2966 = ORIENTED_EDGE('',*,*,#1509,.T.);
#2967 = ORIENTED_EDGE('',*,*,#2912,.T.);
#2968 = PLANE('',#2969);
#2969 = AXIS2_PLACEMENT_3D('',#2970,#2971,#2972);
#2970 = CARTESIAN_POINT('',(2.855210235798,-59.10607162814,
    -2.855210235798));
#2971 = DIRECTION('',(0.,1.,2.276569760014E-16));
#2972 = DIRECTION('',(0.,-2.276569760014E-16,1.));
#2973 = ADVANCED_FACE('',(#2974),#3000,.F.);
#2974 = FACE_BOUND('',#2975,.F.);
#2975 = EDGE_LOOP('',(#2976,#2977,#2978,#2986,#2994));
#2976 = ORIENTED_EDGE('',*,*,#1525,.T.);
#2977 = ORIENTED_EDGE('',*,*,#2858,.F.);
#2978 = ORIENTED_EDGE('',*,*,#2979,.F.);
#2979 = EDGE_CURVE('',#2980,#2859,#2982,.T.);
#2980 = VERTEX_POINT('',#2981);
#2981 = CARTESIAN_POINT('',(1.88547558663,-61.85133148491,-6.4));
#2982 = LINE('',#2983,#2984);
#2983 = CARTESIAN_POINT('',(1.933997671816,-61.91185397902,-6.4));
#2984 = VECTOR('',#2985,1.);
#2985 = DIRECTION('',(0.662603890427,-0.748970015682,0.));
#2986 = ORIENTED_EDGE('',*,*,#2987,.F.);
#2987 = EDGE_CURVE('',#2988,#2980,#2990,.T.);
#2988 = VERTEX_POINT('',#2989);
#2989 = CARTESIAN_POINT('',(1.33226762955E-15,-59.25056194981,-6.4));
#2990 = LINE('',#2991,#2992);
#2991 = CARTESIAN_POINT('',(0.235665675035,-59.57563224637,-6.4));
#2992 = VECTOR('',#2993,1.);
#2993 = DIRECTION('',(0.58695077279,-0.809622622165,0.));
#2994 = ORIENTED_EDGE('',*,*,#2995,.T.);
#2995 = EDGE_CURVE('',#2988,#1526,#2996,.T.);
#2996 = LINE('',#2997,#2998);
#2997 = CARTESIAN_POINT('',(0.,-59.10607162814,-6.4));
#2998 = VECTOR('',#2999,1.);
#2999 = DIRECTION('',(0.,-1.,0.));
#3000 = PLANE('',#3001);
#3001 = AXIS2_PLACEMENT_3D('',#3002,#3003,#3004);
#3002 = CARTESIAN_POINT('',(34.834576530354,-20.98303399545,-6.4));
#3003 = DIRECTION('',(0.,0.,1.));
#3004 = DIRECTION('',(1.,0.,0.));
#3005 = ADVANCED_FACE('',(#3006),#3018,.T.);
#3006 = FACE_BOUND('',#3007,.T.);
#3007 = EDGE_LOOP('',(#3008,#3009,#3015,#3016,#3017));
#3008 = ORIENTED_EDGE('',*,*,#2960,.T.);
#3009 = ORIENTED_EDGE('',*,*,#3010,.T.);
#3010 = EDGE_CURVE('',#2953,#2988,#3011,.T.);
#3011 = LINE('',#3012,#3013);
#3012 = CARTESIAN_POINT('',(0.,-59.63463345338,-6.625431065825));
#3013 = VECTOR('',#3014,1.);
#3014 = DIRECTION('',(0.,-0.862417948253,-0.506196881195));
#3015 = ORIENTED_EDGE('',*,*,#2995,.T.);
#3016 = ORIENTED_EDGE('',*,*,#1551,.F.);
#3017 = ORIENTED_EDGE('',*,*,#2783,.F.);
#3018 = PLANE('',#3019);
#3019 = AXIS2_PLACEMENT_3D('',#3020,#3021,#3022);
#3020 = CARTESIAN_POINT('',(0.,-62.30607162814,-3.2));
#3021 = DIRECTION('',(-1.,-0.,-0.));
#3022 = DIRECTION('',(0.,0.,-1.));
#3023 = ADVANCED_FACE('',(#3024),#3066,.T.);
#3024 = FACE_BOUND('',#3025,.T.);
#3025 = EDGE_LOOP('',(#3026,#3036,#3044,#3050,#3051,#3052,#3060));
#3026 = ORIENTED_EDGE('',*,*,#3027,.T.);
#3027 = EDGE_CURVE('',#3028,#3030,#3032,.T.);
#3028 = VERTEX_POINT('',#3029);
#3029 = CARTESIAN_POINT('',(-34.0533020066,-52.80607162814,-5.7));
#3030 = VERTEX_POINT('',#3031);
#3031 = CARTESIAN_POINT('',(-34.0533020066,-52.80607162814,-6.5));
#3032 = LINE('',#3033,#3034);
#3033 = CARTESIAN_POINT('',(-34.0533020066,-52.80607162814,-5.7));
#3034 = VECTOR('',#3035,1.);
#3035 = DIRECTION('',(0.,0.,-1.));
#3036 = ORIENTED_EDGE('',*,*,#3037,.T.);
#3037 = EDGE_CURVE('',#3030,#3038,#3040,.T.);
#3038 = VERTEX_POINT('',#3039);
#3039 = CARTESIAN_POINT('',(-34.0533020066,-53.60607162814,-7.3));
#3040 = LINE('',#3041,#3042);
#3041 = CARTESIAN_POINT('',(-34.0533020066,-52.26857162814,-5.9625));
#3042 = VECTOR('',#3043,1.);
#3043 = DIRECTION('',(0.,-0.707106781187,-0.707106781187));
#3044 = ORIENTED_EDGE('',*,*,#3045,.F.);
#3045 = EDGE_CURVE('',#1598,#3038,#3046,.T.);
#3046 = LINE('',#3047,#3048);
#3047 = CARTESIAN_POINT('',(-34.0533020066,-55.90607162814,-7.3));
#3048 = VECTOR('',#3049,1.);
#3049 = DIRECTION('',(0.,1.,0.));
#3050 = ORIENTED_EDGE('',*,*,#1597,.F.);
#3051 = ORIENTED_EDGE('',*,*,#2760,.F.);
#3052 = ORIENTED_EDGE('',*,*,#3053,.T.);
#3053 = EDGE_CURVE('',#2761,#3054,#3056,.T.);
#3054 = VERTEX_POINT('',#3055);
#3055 = CARTESIAN_POINT('',(-34.0533020066,-49.50607162814,-5.7));
#3056 = LINE('',#3057,#3058);
#3057 = CARTESIAN_POINT('',(-34.0533020066,-49.50607162814,0.));
#3058 = VECTOR('',#3059,1.);
#3059 = DIRECTION('',(-0.,-0.,-1.));
#3060 = ORIENTED_EDGE('',*,*,#3061,.T.);
#3061 = EDGE_CURVE('',#3054,#3028,#3062,.T.);
#3062 = LINE('',#3063,#3064);
#3063 = CARTESIAN_POINT('',(-34.0533020066,-49.50607162814,-5.7));
#3064 = VECTOR('',#3065,1.);
#3065 = DIRECTION('',(0.,-1.,0.));
#3066 = PLANE('',#3067);
#3067 = AXIS2_PLACEMENT_3D('',#3068,#3069,#3070);
#3068 = CARTESIAN_POINT('',(-34.0533020066,-52.89877235807,
    -3.457299270073));
#3069 = DIRECTION('',(-1.,-0.,-0.));
#3070 = DIRECTION('',(0.,0.,-1.));
#3071 = ADVANCED_FACE('',(#3072),#3090,.F.);
#3072 = FACE_BOUND('',#3073,.F.);
#3073 = EDGE_LOOP('',(#3074,#3075,#3076,#3084));
#3074 = ORIENTED_EDGE('',*,*,#3045,.F.);
#3075 = ORIENTED_EDGE('',*,*,#1605,.F.);
#3076 = ORIENTED_EDGE('',*,*,#3077,.F.);
#3077 = EDGE_CURVE('',#3078,#1606,#3080,.T.);
#3078 = VERTEX_POINT('',#3079);
#3079 = CARTESIAN_POINT('',(-8.453302006604,-53.60607162814,-7.3));
#3080 = LINE('',#3081,#3082);
#3081 = CARTESIAN_POINT('',(-8.453302006604,-52.80607162814,-7.3));
#3082 = VECTOR('',#3083,1.);
#3083 = DIRECTION('',(0.,-1.,0.));
#3084 = ORIENTED_EDGE('',*,*,#3085,.F.);
#3085 = EDGE_CURVE('',#3038,#3078,#3086,.T.);
#3086 = LINE('',#3087,#3088);
#3087 = CARTESIAN_POINT('',(-34.0533020066,-53.60607162814,-7.3));
#3088 = VECTOR('',#3089,1.);
#3089 = DIRECTION('',(1.,0.,0.));
#3090 = PLANE('',#3091);
#3091 = AXIS2_PLACEMENT_3D('',#3092,#3093,#3094);
#3092 = CARTESIAN_POINT('',(-27.88996867327,-35.80607162814,-7.3));
#3093 = DIRECTION('',(0.,0.,1.));
#3094 = DIRECTION('',(1.,0.,0.));
#3095 = ADVANCED_FACE('',(#3096),#3131,.T.);
#3096 = FACE_BOUND('',#3097,.T.);
#3097 = EDGE_LOOP('',(#3098,#3099,#3107,#3115,#3123,#3129,#3130));
#3098 = ORIENTED_EDGE('',*,*,#3077,.F.);
#3099 = ORIENTED_EDGE('',*,*,#3100,.F.);
#3100 = EDGE_CURVE('',#3101,#3078,#3103,.T.);
#3101 = VERTEX_POINT('',#3102);
#3102 = CARTESIAN_POINT('',(-8.453302006604,-52.80607162814,-6.5));
#3103 = LINE('',#3104,#3105);
#3104 = CARTESIAN_POINT('',(-8.453302006604,-52.26857162814,-5.9625));
#3105 = VECTOR('',#3106,1.);
#3106 = DIRECTION('',(0.,-0.707106781187,-0.707106781187));
#3107 = ORIENTED_EDGE('',*,*,#3108,.F.);
#3108 = EDGE_CURVE('',#3109,#3101,#3111,.T.);
#3109 = VERTEX_POINT('',#3110);
#3110 = CARTESIAN_POINT('',(-8.453302006604,-52.80607162814,-5.7));
#3111 = LINE('',#3112,#3113);
#3112 = CARTESIAN_POINT('',(-8.453302006604,-52.80607162814,-5.7));
#3113 = VECTOR('',#3114,1.);
#3114 = DIRECTION('',(0.,0.,-1.));
#3115 = ORIENTED_EDGE('',*,*,#3116,.T.);
#3116 = EDGE_CURVE('',#3109,#3117,#3119,.T.);
#3117 = VERTEX_POINT('',#3118);
#3118 = CARTESIAN_POINT('',(-8.453302006604,-49.50607162814,-5.7));
#3119 = LINE('',#3120,#3121);
#3120 = CARTESIAN_POINT('',(-8.453302006604,-55.90607162814,-5.7));
#3121 = VECTOR('',#3122,1.);
#3122 = DIRECTION('',(0.,1.,0.));
#3123 = ORIENTED_EDGE('',*,*,#3124,.F.);
#3124 = EDGE_CURVE('',#2769,#3117,#3125,.T.);
#3125 = LINE('',#3126,#3127);
#3126 = CARTESIAN_POINT('',(-8.453302006604,-49.50607162814,-4.8));
#3127 = VECTOR('',#3128,1.);
#3128 = DIRECTION('',(0.,0.,-1.));
#3129 = ORIENTED_EDGE('',*,*,#2776,.F.);
#3130 = ORIENTED_EDGE('',*,*,#1613,.T.);
#3131 = PLANE('',#3132);
#3132 = AXIS2_PLACEMENT_3D('',#3133,#3134,#3135);
#3133 = CARTESIAN_POINT('',(-8.453302006604,-52.89877235807,
    -3.457299270073));
#3134 = DIRECTION('',(1.,0.,0.));
#3135 = DIRECTION('',(0.,0.,1.));
#3136 = ADVANCED_FACE('',(#3137),#3179,.T.);
#3137 = FACE_BOUND('',#3138,.T.);
#3138 = EDGE_LOOP('',(#3139,#3149,#3157,#3163,#3164,#3165,#3173));
#3139 = ORIENTED_EDGE('',*,*,#3140,.T.);
#3140 = EDGE_CURVE('',#3141,#3143,#3145,.T.);
#3141 = VERTEX_POINT('',#3142);
#3142 = CARTESIAN_POINT('',(-39.6133020066,-23.00607162814,-5.7));
#3143 = VERTEX_POINT('',#3144);
#3144 = CARTESIAN_POINT('',(-39.6133020066,-23.00607162814,-6.5));
#3145 = LINE('',#3146,#3147);
#3146 = CARTESIAN_POINT('',(-39.6133020066,-23.00607162814,-5.7));
#3147 = VECTOR('',#3148,1.);
#3148 = DIRECTION('',(0.,0.,-1.));
#3149 = ORIENTED_EDGE('',*,*,#3150,.T.);
#3150 = EDGE_CURVE('',#3143,#3151,#3153,.T.);
#3151 = VERTEX_POINT('',#3152);
#3152 = CARTESIAN_POINT('',(-40.4133020066,-23.00607162814,-7.3));
#3153 = LINE('',#3154,#3155);
#3154 = CARTESIAN_POINT('',(-39.0758020066,-23.00607162814,-5.9625));
#3155 = VECTOR('',#3156,1.);
#3156 = DIRECTION('',(-0.707106781187,0.,-0.707106781187));
#3157 = ORIENTED_EDGE('',*,*,#3158,.F.);
#3158 = EDGE_CURVE('',#1662,#3151,#3159,.T.);
#3159 = LINE('',#3160,#3161);
#3160 = CARTESIAN_POINT('',(-42.7133020066,-23.00607162814,-7.3));
#3161 = VECTOR('',#3162,1.);
#3162 = DIRECTION('',(1.,0.,0.));
#3163 = ORIENTED_EDGE('',*,*,#1661,.F.);
#3164 = ORIENTED_EDGE('',*,*,#2737,.F.);
#3165 = ORIENTED_EDGE('',*,*,#3166,.T.);
#3166 = EDGE_CURVE('',#2738,#3167,#3169,.T.);
#3167 = VERTEX_POINT('',#3168);
#3168 = CARTESIAN_POINT('',(-36.3133020066,-23.00607162814,-5.7));
#3169 = LINE('',#3170,#3171);
#3170 = CARTESIAN_POINT('',(-36.3133020066,-23.00607162814,0.));
#3171 = VECTOR('',#3172,1.);
#3172 = DIRECTION('',(-0.,-0.,-1.));
#3173 = ORIENTED_EDGE('',*,*,#3174,.T.);
#3174 = EDGE_CURVE('',#3167,#3141,#3175,.T.);
#3175 = LINE('',#3176,#3177);
#3176 = CARTESIAN_POINT('',(-36.3133020066,-23.00607162814,-5.7));
#3177 = VECTOR('',#3178,1.);
#3178 = DIRECTION('',(-1.,0.,0.));
#3179 = PLANE('',#3180);
#3180 = AXIS2_PLACEMENT_3D('',#3181,#3182,#3183);
#3181 = CARTESIAN_POINT('',(-39.70600273653,-23.00607162814,
    -3.457299270073));
#3182 = DIRECTION('',(0.,1.,0.));
#3183 = DIRECTION('',(0.,0.,1.));
#3184 = ADVANCED_FACE('',(#3185),#3203,.F.);
#3185 = FACE_BOUND('',#3186,.F.);
#3186 = EDGE_LOOP('',(#3187,#3188,#3189,#3197));
#3187 = ORIENTED_EDGE('',*,*,#3158,.F.);
#3188 = ORIENTED_EDGE('',*,*,#1669,.F.);
#3189 = ORIENTED_EDGE('',*,*,#3190,.F.);
#3190 = EDGE_CURVE('',#3191,#1670,#3193,.T.);
#3191 = VERTEX_POINT('',#3192);
#3192 = CARTESIAN_POINT('',(-40.4133020066,-48.60607162814,-7.3));
#3193 = LINE('',#3194,#3195);
#3194 = CARTESIAN_POINT('',(-39.6133020066,-48.60607162814,-7.3));
#3195 = VECTOR('',#3196,1.);
#3196 = DIRECTION('',(-1.,0.,0.));
#3197 = ORIENTED_EDGE('',*,*,#3198,.F.);
#3198 = EDGE_CURVE('',#3151,#3191,#3199,.T.);
#3199 = LINE('',#3200,#3201);
#3200 = CARTESIAN_POINT('',(-40.4133020066,-23.00607162814,-7.3));
#3201 = VECTOR('',#3202,1.);
#3202 = DIRECTION('',(0.,-1.,0.));
#3203 = PLANE('',#3204);
#3204 = AXIS2_PLACEMENT_3D('',#3205,#3206,#3207);
#3205 = CARTESIAN_POINT('',(-27.88996867327,-35.80607162814,-7.3));
#3206 = DIRECTION('',(0.,0.,1.));
#3207 = DIRECTION('',(1.,0.,0.));
#3208 = ADVANCED_FACE('',(#3209),#3244,.T.);
#3209 = FACE_BOUND('',#3210,.T.);
#3210 = EDGE_LOOP('',(#3211,#3212,#3220,#3228,#3236,#3242,#3243));
#3211 = ORIENTED_EDGE('',*,*,#3190,.F.);
#3212 = ORIENTED_EDGE('',*,*,#3213,.F.);
#3213 = EDGE_CURVE('',#3214,#3191,#3216,.T.);
#3214 = VERTEX_POINT('',#3215);
#3215 = CARTESIAN_POINT('',(-39.6133020066,-48.60607162814,-6.5));
#3216 = LINE('',#3217,#3218);
#3217 = CARTESIAN_POINT('',(-39.0758020066,-48.60607162814,-5.9625));
#3218 = VECTOR('',#3219,1.);
#3219 = DIRECTION('',(-0.707106781187,0.,-0.707106781187));
#3220 = ORIENTED_EDGE('',*,*,#3221,.F.);
#3221 = EDGE_CURVE('',#3222,#3214,#3224,.T.);
#3222 = VERTEX_POINT('',#3223);
#3223 = CARTESIAN_POINT('',(-39.6133020066,-48.60607162814,-5.7));
#3224 = LINE('',#3225,#3226);
#3225 = CARTESIAN_POINT('',(-39.6133020066,-48.60607162814,-5.7));
#3226 = VECTOR('',#3227,1.);
#3227 = DIRECTION('',(0.,0.,-1.));
#3228 = ORIENTED_EDGE('',*,*,#3229,.T.);
#3229 = EDGE_CURVE('',#3222,#3230,#3232,.T.);
#3230 = VERTEX_POINT('',#3231);
#3231 = CARTESIAN_POINT('',(-36.3133020066,-48.60607162814,-5.7));
#3232 = LINE('',#3233,#3234);
#3233 = CARTESIAN_POINT('',(-42.7133020066,-48.60607162814,-5.7));
#3234 = VECTOR('',#3235,1.);
#3235 = DIRECTION('',(1.,0.,0.));
#3236 = ORIENTED_EDGE('',*,*,#3237,.F.);
#3237 = EDGE_CURVE('',#2746,#3230,#3238,.T.);
#3238 = LINE('',#3239,#3240);
#3239 = CARTESIAN_POINT('',(-36.3133020066,-48.60607162814,-4.8));
#3240 = VECTOR('',#3241,1.);
#3241 = DIRECTION('',(0.,0.,-1.));
#3242 = ORIENTED_EDGE('',*,*,#2753,.F.);
#3243 = ORIENTED_EDGE('',*,*,#1677,.T.);
#3244 = PLANE('',#3245);
#3245 = AXIS2_PLACEMENT_3D('',#3246,#3247,#3248);
#3246 = CARTESIAN_POINT('',(-39.70600273653,-48.60607162814,
    -3.457299270073));
#3247 = DIRECTION('',(-0.,-1.,-0.));
#3248 = DIRECTION('',(0.,0.,-1.));
#3249 = ADVANCED_FACE('',(#3250),#3292,.T.);
#3250 = FACE_BOUND('',#3251,.T.);
#3251 = EDGE_LOOP('',(#3252,#3262,#3270,#3276,#3277,#3278,#3286));
#3252 = ORIENTED_EDGE('',*,*,#3253,.T.);
#3253 = EDGE_CURVE('',#3254,#3256,#3258,.T.);
#3254 = VERTEX_POINT('',#3255);
#3255 = CARTESIAN_POINT('',(-8.453302006604,-18.80607162814,-5.7));
#3256 = VERTEX_POINT('',#3257);
#3257 = CARTESIAN_POINT('',(-8.453302006604,-18.80607162814,-6.5));
#3258 = LINE('',#3259,#3260);
#3259 = CARTESIAN_POINT('',(-8.453302006604,-18.80607162814,-5.7));
#3260 = VECTOR('',#3261,1.);
#3261 = DIRECTION('',(0.,0.,-1.));
#3262 = ORIENTED_EDGE('',*,*,#3263,.T.);
#3263 = EDGE_CURVE('',#3256,#3264,#3266,.T.);
#3264 = VERTEX_POINT('',#3265);
#3265 = CARTESIAN_POINT('',(-8.453302006604,-18.00607162814,-7.3));
#3266 = LINE('',#3267,#3268);
#3267 = CARTESIAN_POINT('',(-8.453302006604,-19.34357162814,-5.9625));
#3268 = VECTOR('',#3269,1.);
#3269 = DIRECTION('',(0.,0.707106781187,-0.707106781187));
#3270 = ORIENTED_EDGE('',*,*,#3271,.F.);
#3271 = EDGE_CURVE('',#1726,#3264,#3272,.T.);
#3272 = LINE('',#3273,#3274);
#3273 = CARTESIAN_POINT('',(-8.453302006604,-15.70607162814,-7.3));
#3274 = VECTOR('',#3275,1.);
#3275 = DIRECTION('',(0.,-1.,0.));
#3276 = ORIENTED_EDGE('',*,*,#1725,.F.);
#3277 = ORIENTED_EDGE('',*,*,#2714,.F.);
#3278 = ORIENTED_EDGE('',*,*,#3279,.T.);
#3279 = EDGE_CURVE('',#2715,#3280,#3282,.T.);
#3280 = VERTEX_POINT('',#3281);
#3281 = CARTESIAN_POINT('',(-8.453302006604,-22.10607162814,-5.7));
#3282 = LINE('',#3283,#3284);
#3283 = CARTESIAN_POINT('',(-8.453302006604,-22.10607162814,0.));
#3284 = VECTOR('',#3285,1.);
#3285 = DIRECTION('',(-0.,-0.,-1.));
#3286 = ORIENTED_EDGE('',*,*,#3287,.T.);
#3287 = EDGE_CURVE('',#3280,#3254,#3288,.T.);
#3288 = LINE('',#3289,#3290);
#3289 = CARTESIAN_POINT('',(-8.453302006604,-22.10607162814,-5.7));
#3290 = VECTOR('',#3291,1.);
#3291 = DIRECTION('',(0.,1.,0.));
#3292 = PLANE('',#3293);
#3293 = AXIS2_PLACEMENT_3D('',#3294,#3295,#3296);
#3294 = CARTESIAN_POINT('',(-8.453302006604,-18.71337089821,
    -3.457299270073));
#3295 = DIRECTION('',(1.,0.,0.));
#3296 = DIRECTION('',(0.,0.,1.));
#3297 = ADVANCED_FACE('',(#3298),#3316,.F.);
#3298 = FACE_BOUND('',#3299,.F.);
#3299 = EDGE_LOOP('',(#3300,#3308,#3314,#3315));
#3300 = ORIENTED_EDGE('',*,*,#3301,.F.);
#3301 = EDGE_CURVE('',#3302,#1734,#3304,.T.);
#3302 = VERTEX_POINT('',#3303);
#3303 = CARTESIAN_POINT('',(-34.0533020066,-18.00607162814,-7.3));
#3304 = LINE('',#3305,#3306);
#3305 = CARTESIAN_POINT('',(-34.0533020066,-18.80607162814,-7.3));
#3306 = VECTOR('',#3307,1.);
#3307 = DIRECTION('',(0.,1.,0.));
#3308 = ORIENTED_EDGE('',*,*,#3309,.F.);
#3309 = EDGE_CURVE('',#3264,#3302,#3310,.T.);
#3310 = LINE('',#3311,#3312);
#3311 = CARTESIAN_POINT('',(-8.453302006604,-18.00607162814,-7.3));
#3312 = VECTOR('',#3313,1.);
#3313 = DIRECTION('',(-1.,0.,0.));
#3314 = ORIENTED_EDGE('',*,*,#3271,.F.);
#3315 = ORIENTED_EDGE('',*,*,#1733,.F.);
#3316 = PLANE('',#3317);
#3317 = AXIS2_PLACEMENT_3D('',#3318,#3319,#3320);
#3318 = CARTESIAN_POINT('',(-27.88996867327,-35.80607162814,-7.3));
#3319 = DIRECTION('',(0.,0.,1.));
#3320 = DIRECTION('',(1.,0.,0.));
#3321 = ADVANCED_FACE('',(#3322),#3357,.T.);
#3322 = FACE_BOUND('',#3323,.T.);
#3323 = EDGE_LOOP('',(#3324,#3325,#3333,#3341,#3349,#3355,#3356));
#3324 = ORIENTED_EDGE('',*,*,#3301,.F.);
#3325 = ORIENTED_EDGE('',*,*,#3326,.F.);
#3326 = EDGE_CURVE('',#3327,#3302,#3329,.T.);
#3327 = VERTEX_POINT('',#3328);
#3328 = CARTESIAN_POINT('',(-34.0533020066,-18.80607162814,-6.5));
#3329 = LINE('',#3330,#3331);
#3330 = CARTESIAN_POINT('',(-34.0533020066,-19.34357162814,-5.9625));
#3331 = VECTOR('',#3332,1.);
#3332 = DIRECTION('',(0.,0.707106781187,-0.707106781187));
#3333 = ORIENTED_EDGE('',*,*,#3334,.F.);
#3334 = EDGE_CURVE('',#3335,#3327,#3337,.T.);
#3335 = VERTEX_POINT('',#3336);
#3336 = CARTESIAN_POINT('',(-34.0533020066,-18.80607162814,-5.7));
#3337 = LINE('',#3338,#3339);
#3338 = CARTESIAN_POINT('',(-34.0533020066,-18.80607162814,-5.7));
#3339 = VECTOR('',#3340,1.);
#3340 = DIRECTION('',(0.,0.,-1.));
#3341 = ORIENTED_EDGE('',*,*,#3342,.T.);
#3342 = EDGE_CURVE('',#3335,#3343,#3345,.T.);
#3343 = VERTEX_POINT('',#3344);
#3344 = CARTESIAN_POINT('',(-34.0533020066,-22.10607162814,-5.7));
#3345 = LINE('',#3346,#3347);
#3346 = CARTESIAN_POINT('',(-34.0533020066,-15.70607162814,-5.7));
#3347 = VECTOR('',#3348,1.);
#3348 = DIRECTION('',(0.,-1.,0.));
#3349 = ORIENTED_EDGE('',*,*,#3350,.F.);
#3350 = EDGE_CURVE('',#2723,#3343,#3351,.T.);
#3351 = LINE('',#3352,#3353);
#3352 = CARTESIAN_POINT('',(-34.0533020066,-22.10607162814,-4.8));
#3353 = VECTOR('',#3354,1.);
#3354 = DIRECTION('',(0.,0.,-1.));
#3355 = ORIENTED_EDGE('',*,*,#2730,.F.);
#3356 = ORIENTED_EDGE('',*,*,#1741,.T.);
#3357 = PLANE('',#3358);
#3358 = AXIS2_PLACEMENT_3D('',#3359,#3360,#3361);
#3359 = CARTESIAN_POINT('',(-34.0533020066,-18.71337089821,
    -3.457299270073));
#3360 = DIRECTION('',(-1.,-0.,-0.));
#3361 = DIRECTION('',(0.,0.,-1.));
#3362 = ADVANCED_FACE('',(#3363),#3374,.F.);
#3363 = FACE_BOUND('',#3364,.F.);
#3364 = EDGE_LOOP('',(#3365,#3371,#3372,#3373));
#3365 = ORIENTED_EDGE('',*,*,#3366,.T.);
#3366 = EDGE_CURVE('',#2706,#2668,#3367,.T.);
#3367 = LINE('',#3368,#3369);
#3368 = CARTESIAN_POINT('',(-0.443302006604,-20.55291084582,0.));
#3369 = VECTOR('',#3370,1.);
#3370 = DIRECTION('',(-0.,-0.,-1.));
#3371 = ORIENTED_EDGE('',*,*,#2667,.T.);
#3372 = ORIENTED_EDGE('',*,*,#1790,.F.);
#3373 = ORIENTED_EDGE('',*,*,#2705,.F.);
#3374 = PLANE('',#3375);
#3375 = AXIS2_PLACEMENT_3D('',#3376,#3377,#3378);
#3376 = CARTESIAN_POINT('',(-0.443302006604,-20.55291084582,0.));
#3377 = DIRECTION('',(1.,0.,0.));
#3378 = DIRECTION('',(0.,1.,0.));
#3379 = ADVANCED_FACE('',(#3380),#3397,.T.);
#3380 = FACE_BOUND('',#3381,.T.);
#3381 = EDGE_LOOP('',(#3382,#3383,#3391));
#3382 = ORIENTED_EDGE('',*,*,#1860,.T.);
#3383 = ORIENTED_EDGE('',*,*,#3384,.T.);
#3384 = EDGE_CURVE('',#1852,#3385,#3387,.T.);
#3385 = VERTEX_POINT('',#3386);
#3386 = CARTESIAN_POINT('',(58.1488,-7.13805,0.));
#3387 = LINE('',#3388,#3389);
#3388 = CARTESIAN_POINT('',(56.776737,-4.928043,0.));
#3389 = VECTOR('',#3390,1.);
#3390 = DIRECTION('',(0.527455691229,-0.849582540893,0.));
#3391 = ORIENTED_EDGE('',*,*,#3392,.T.);
#3392 = EDGE_CURVE('',#3385,#1835,#3393,.T.);
#3393 = LINE('',#3394,#3395);
#3394 = CARTESIAN_POINT('',(58.1488,-7.13805,0.));
#3395 = VECTOR('',#3396,1.);
#3396 = DIRECTION('',(0.867210681894,0.497941395356,0.));
#3397 = PLANE('',#3398);
#3398 = AXIS2_PLACEMENT_3D('',#3399,#3400,#3401);
#3399 = CARTESIAN_POINT('',(8.062176256024,-29.32708540046,
    5.329070518201E-15));
#3400 = DIRECTION('',(0.,0.,1.));
#3401 = DIRECTION('',(1.,0.,0.));
#3402 = ADVANCED_FACE('',(#3403),#3421,.T.);
#3403 = FACE_BOUND('',#3404,.T.);
#3404 = EDGE_LOOP('',(#3405,#3406,#3414,#3420));
#3405 = ORIENTED_EDGE('',*,*,#2309,.T.);
#3406 = ORIENTED_EDGE('',*,*,#3407,.T.);
#3407 = EDGE_CURVE('',#2302,#3408,#3410,.T.);
#3408 = VERTEX_POINT('',#3409);
#3409 = CARTESIAN_POINT('',(49.58923,-5.30142,-4.8));
#3410 = LINE('',#3411,#3412);
#3411 = CARTESIAN_POINT('',(47.302299,-6.328205,-4.8));
#3412 = VECTOR('',#3413,1.);
#3413 = DIRECTION('',(0.912269585297,0.409590287656,0.));
#3414 = ORIENTED_EDGE('',*,*,#3415,.F.);
#3415 = EDGE_CURVE('',#2103,#3408,#3416,.T.);
#3416 = LINE('',#3417,#3418);
#3417 = CARTESIAN_POINT('',(49.58923,-5.30142,0.));
#3418 = VECTOR('',#3419,1.);
#3419 = DIRECTION('',(-0.,-0.,-1.));
#3420 = ORIENTED_EDGE('',*,*,#2110,.F.);
#3421 = PLANE('',#3422);
#3422 = AXIS2_PLACEMENT_3D('',#3423,#3424,#3425);
#3423 = CARTESIAN_POINT('',(47.302299,-6.328205,0.));
#3424 = DIRECTION('',(0.409590287656,-0.912269585297,0.));
#3425 = DIRECTION('',(0.912269585297,0.409590287656,0.));
#3426 = ADVANCED_FACE('',(#3427),#3445,.T.);
#3427 = FACE_BOUND('',#3428,.T.);
#3428 = EDGE_LOOP('',(#3429,#3430,#3438,#3444));
#3429 = ORIENTED_EDGE('',*,*,#3415,.T.);
#3430 = ORIENTED_EDGE('',*,*,#3431,.T.);
#3431 = EDGE_CURVE('',#3408,#3432,#3434,.T.);
#3432 = VERTEX_POINT('',#3433);
#3433 = CARTESIAN_POINT('',(51.922836,-7.588353,-4.8));
#3434 = LINE('',#3435,#3436);
#3435 = CARTESIAN_POINT('',(49.58923,-5.30142,-4.8));
#3436 = VECTOR('',#3437,1.);
#3437 = DIRECTION('',(0.714212973779,-0.699928444975,0.));
#3438 = ORIENTED_EDGE('',*,*,#3439,.F.);
#3439 = EDGE_CURVE('',#2095,#3432,#3440,.T.);
#3440 = LINE('',#3441,#3442);
#3441 = CARTESIAN_POINT('',(51.922836,-7.588353,0.));
#3442 = VECTOR('',#3443,1.);
#3443 = DIRECTION('',(-0.,-0.,-1.));
#3444 = ORIENTED_EDGE('',*,*,#2102,.F.);
#3445 = PLANE('',#3446);
#3446 = AXIS2_PLACEMENT_3D('',#3447,#3448,#3449);
#3447 = CARTESIAN_POINT('',(49.58923,-5.30142,0.));
#3448 = DIRECTION('',(-0.699928444975,-0.714212973779,0.));
#3449 = DIRECTION('',(0.714212973779,-0.699928444975,0.));
#3450 = ADVANCED_FACE('',(#3451),#3469,.T.);
#3451 = FACE_BOUND('',#3452,.T.);
#3452 = EDGE_LOOP('',(#3453,#3454,#3462,#3468));
#3453 = ORIENTED_EDGE('',*,*,#3439,.T.);
#3454 = ORIENTED_EDGE('',*,*,#3455,.T.);
#3455 = EDGE_CURVE('',#3432,#3456,#3458,.T.);
#3456 = VERTEX_POINT('',#3457);
#3457 = CARTESIAN_POINT('',(53.929737,-4.741354,-4.8));
#3458 = LINE('',#3459,#3460);
#3459 = CARTESIAN_POINT('',(51.922836,-7.588353,-4.8));
#3460 = VECTOR('',#3461,1.);
#3461 = DIRECTION('',(0.576157032866,0.817339019917,0.));
#3462 = ORIENTED_EDGE('',*,*,#3463,.F.);
#3463 = EDGE_CURVE('',#2087,#3456,#3464,.T.);
#3464 = LINE('',#3465,#3466);
#3465 = CARTESIAN_POINT('',(53.929737,-4.741354,0.));
#3466 = VECTOR('',#3467,1.);
#3467 = DIRECTION('',(-0.,-0.,-1.));
#3468 = ORIENTED_EDGE('',*,*,#2094,.F.);
#3469 = PLANE('',#3470);
#3470 = AXIS2_PLACEMENT_3D('',#3471,#3472,#3473);
#3471 = CARTESIAN_POINT('',(51.922836,-7.588353,0.));
#3472 = DIRECTION('',(0.817339019917,-0.576157032866,0.));
#3473 = DIRECTION('',(0.576157032866,0.817339019917,0.));
#3474 = ADVANCED_FACE('',(#3475),#3493,.T.);
#3475 = FACE_BOUND('',#3476,.T.);
#3476 = EDGE_LOOP('',(#3477,#3478,#3486,#3492));
#3477 = ORIENTED_EDGE('',*,*,#3463,.T.);
#3478 = ORIENTED_EDGE('',*,*,#3479,.T.);
#3479 = EDGE_CURVE('',#3456,#3480,#3482,.T.);
#3480 = VERTEX_POINT('',#3481);
#3481 = CARTESIAN_POINT('',(56.776737,-4.928043,-4.8));
#3482 = LINE('',#3483,#3484);
#3483 = CARTESIAN_POINT('',(53.929737,-4.741354,-4.8));
#3484 = VECTOR('',#3485,1.);
#3485 = DIRECTION('',(0.997856938171,-6.543340847564E-02,0.));
#3486 = ORIENTED_EDGE('',*,*,#3487,.F.);
#3487 = EDGE_CURVE('',#2079,#3480,#3488,.T.);
#3488 = LINE('',#3489,#3490);
#3489 = CARTESIAN_POINT('',(56.776737,-4.928043,0.));
#3490 = VECTOR('',#3491,1.);
#3491 = DIRECTION('',(-0.,-0.,-1.));
#3492 = ORIENTED_EDGE('',*,*,#2086,.F.);
#3493 = PLANE('',#3494);
#3494 = AXIS2_PLACEMENT_3D('',#3495,#3496,#3497);
#3495 = CARTESIAN_POINT('',(53.929737,-4.741354,0.));
#3496 = DIRECTION('',(-6.543340847564E-02,-0.997856938171,0.));
#3497 = DIRECTION('',(0.997856938171,-6.543340847564E-02,0.));
#3498 = ADVANCED_FACE('',(#3499),#3518,.T.);
#3499 = FACE_BOUND('',#3500,.T.);
#3500 = EDGE_LOOP('',(#3501,#3502,#3510,#3516,#3517));
#3501 = ORIENTED_EDGE('',*,*,#3487,.T.);
#3502 = ORIENTED_EDGE('',*,*,#3503,.T.);
#3503 = EDGE_CURVE('',#3480,#3504,#3506,.T.);
#3504 = VERTEX_POINT('',#3505);
#3505 = CARTESIAN_POINT('',(58.1488,-7.13805,-4.8));
#3506 = LINE('',#3507,#3508);
#3507 = CARTESIAN_POINT('',(56.776737,-4.928043,-4.8));
#3508 = VECTOR('',#3509,1.);
#3509 = DIRECTION('',(0.527455691229,-0.849582540893,0.));
#3510 = ORIENTED_EDGE('',*,*,#3511,.F.);
#3511 = EDGE_CURVE('',#3385,#3504,#3512,.T.);
#3512 = LINE('',#3513,#3514);
#3513 = CARTESIAN_POINT('',(58.1488,-7.13805,0.));
#3514 = VECTOR('',#3515,1.);
#3515 = DIRECTION('',(-0.,-0.,-1.));
#3516 = ORIENTED_EDGE('',*,*,#3384,.F.);
#3517 = ORIENTED_EDGE('',*,*,#2078,.F.);
#3518 = PLANE('',#3519);
#3519 = AXIS2_PLACEMENT_3D('',#3520,#3521,#3522);
#3520 = CARTESIAN_POINT('',(56.776737,-4.928043,0.));
#3521 = DIRECTION('',(-0.849582540893,-0.527455691229,0.));
#3522 = DIRECTION('',(0.527455691229,-0.849582540893,0.));
#3523 = ADVANCED_FACE('',(#3524),#3543,.T.);
#3524 = FACE_BOUND('',#3525,.T.);
#3525 = EDGE_LOOP('',(#3526,#3527,#3535,#3541,#3542));
#3526 = ORIENTED_EDGE('',*,*,#3511,.T.);
#3527 = ORIENTED_EDGE('',*,*,#3528,.T.);
#3528 = EDGE_CURVE('',#3504,#3529,#3531,.T.);
#3529 = VERTEX_POINT('',#3530);
#3530 = CARTESIAN_POINT('',(60.697193,-5.674795,-4.8));
#3531 = LINE('',#3532,#3533);
#3532 = CARTESIAN_POINT('',(58.1488,-7.13805,-4.8));
#3533 = VECTOR('',#3534,1.);
#3534 = DIRECTION('',(0.867210681894,0.497941395356,0.));
#3535 = ORIENTED_EDGE('',*,*,#3536,.F.);
#3536 = EDGE_CURVE('',#2063,#3529,#3537,.T.);
#3537 = LINE('',#3538,#3539);
#3538 = CARTESIAN_POINT('',(60.697193,-5.674795,0.));
#3539 = VECTOR('',#3540,1.);
#3540 = DIRECTION('',(-0.,-0.,-1.));
#3541 = ORIENTED_EDGE('',*,*,#2070,.F.);
#3542 = ORIENTED_EDGE('',*,*,#3392,.F.);
#3543 = PLANE('',#3544);
#3544 = AXIS2_PLACEMENT_3D('',#3545,#3546,#3547);
#3545 = CARTESIAN_POINT('',(58.1488,-7.13805,0.));
#3546 = DIRECTION('',(0.497941395356,-0.867210681894,0.));
#3547 = DIRECTION('',(0.867210681894,0.497941395356,0.));
#3548 = ADVANCED_FACE('',(#3549),#3567,.T.);
#3549 = FACE_BOUND('',#3550,.T.);
#3550 = EDGE_LOOP('',(#3551,#3552,#3560,#3566));
#3551 = ORIENTED_EDGE('',*,*,#3536,.T.);
#3552 = ORIENTED_EDGE('',*,*,#3553,.T.);
#3553 = EDGE_CURVE('',#3529,#3554,#3556,.T.);
#3554 = VERTEX_POINT('',#3555);
#3555 = CARTESIAN_POINT('',(63.730877,-6.374877,-4.8));
#3556 = LINE('',#3557,#3558);
#3557 = CARTESIAN_POINT('',(60.697193,-5.674795,-4.8));
#3558 = VECTOR('',#3559,1.);
#3559 = DIRECTION('',(0.974391119908,-0.224859835107,0.));
#3560 = ORIENTED_EDGE('',*,*,#3561,.F.);
#3561 = EDGE_CURVE('',#2055,#3554,#3562,.T.);
#3562 = LINE('',#3563,#3564);
#3563 = CARTESIAN_POINT('',(63.730877,-6.374877,0.));
#3564 = VECTOR('',#3565,1.);
#3565 = DIRECTION('',(-0.,-0.,-1.));
#3566 = ORIENTED_EDGE('',*,*,#2062,.F.);
#3567 = PLANE('',#3568);
#3568 = AXIS2_PLACEMENT_3D('',#3569,#3570,#3571);
#3569 = CARTESIAN_POINT('',(60.697193,-5.674795,0.));
#3570 = DIRECTION('',(-0.224859835107,-0.974391119908,0.));
#3571 = DIRECTION('',(0.974391119908,-0.224859835107,0.));
#3572 = ADVANCED_FACE('',(#3573),#3591,.T.);
#3573 = FACE_BOUND('',#3574,.T.);
#3574 = EDGE_LOOP('',(#3575,#3576,#3584,#3590));
#3575 = ORIENTED_EDGE('',*,*,#3561,.T.);
#3576 = ORIENTED_EDGE('',*,*,#3577,.T.);
#3577 = EDGE_CURVE('',#3554,#3578,#3580,.T.);
#3578 = VERTEX_POINT('',#3579);
#3579 = CARTESIAN_POINT('',(63.964237,-9.968629,-4.8));
#3580 = LINE('',#3581,#3582);
#3581 = CARTESIAN_POINT('',(63.730877,-6.374877,-4.8));
#3582 = VECTOR('',#3583,1.);
#3583 = DIRECTION('',(6.479845133278E-02,-0.997898371932,0.));
#3584 = ORIENTED_EDGE('',*,*,#3585,.F.);
#3585 = EDGE_CURVE('',#2047,#3578,#3586,.T.);
#3586 = LINE('',#3587,#3588);
#3587 = CARTESIAN_POINT('',(63.964237,-9.968629,0.));
#3588 = VECTOR('',#3589,1.);
#3589 = DIRECTION('',(-0.,-0.,-1.));
#3590 = ORIENTED_EDGE('',*,*,#2054,.F.);
#3591 = PLANE('',#3592);
#3592 = AXIS2_PLACEMENT_3D('',#3593,#3594,#3595);
#3593 = CARTESIAN_POINT('',(63.730877,-6.374877,0.));
#3594 = DIRECTION('',(-0.997898371932,-6.479845133278E-02,0.));
#3595 = DIRECTION('',(6.479845133278E-02,-0.997898371932,0.));
#3596 = ADVANCED_FACE('',(#3597),#3615,.T.);
#3597 = FACE_BOUND('',#3598,.T.);
#3598 = EDGE_LOOP('',(#3599,#3600,#3608,#3614));
#3599 = ORIENTED_EDGE('',*,*,#3585,.T.);
#3600 = ORIENTED_EDGE('',*,*,#3601,.T.);
#3601 = EDGE_CURVE('',#3578,#3602,#3604,.T.);
#3602 = VERTEX_POINT('',#3603);
#3603 = CARTESIAN_POINT('',(67.044594,-8.381779,-4.8));
#3604 = LINE('',#3605,#3606);
#3605 = CARTESIAN_POINT('',(63.964237,-9.968629,-4.8));
#3606 = VECTOR('',#3607,1.);
#3607 = DIRECTION('',(0.888974624073,0.457956458362,0.));
#3608 = ORIENTED_EDGE('',*,*,#3609,.F.);
#3609 = EDGE_CURVE('',#2039,#3602,#3610,.T.);
#3610 = LINE('',#3611,#3612);
#3611 = CARTESIAN_POINT('',(67.044594,-8.381779,0.));
#3612 = VECTOR('',#3613,1.);
#3613 = DIRECTION('',(-0.,-0.,-1.));
#3614 = ORIENTED_EDGE('',*,*,#2046,.F.);
#3615 = PLANE('',#3616);
#3616 = AXIS2_PLACEMENT_3D('',#3617,#3618,#3619);
#3617 = CARTESIAN_POINT('',(63.964237,-9.968629,0.));
#3618 = DIRECTION('',(0.457956458362,-0.888974624073,0.));
#3619 = DIRECTION('',(0.888974624073,0.457956458362,0.));
#3620 = ADVANCED_FACE('',(#3621),#3639,.T.);
#3621 = FACE_BOUND('',#3622,.T.);
#3622 = EDGE_LOOP('',(#3623,#3624,#3632,#3638));
#3623 = ORIENTED_EDGE('',*,*,#3609,.T.);
#3624 = ORIENTED_EDGE('',*,*,#3625,.T.);
#3625 = EDGE_CURVE('',#3602,#3626,#3628,.T.);
#3626 = VERTEX_POINT('',#3627);
#3627 = CARTESIAN_POINT('',(69.798256,-9.688598,-4.8));
#3628 = LINE('',#3629,#3630);
#3629 = CARTESIAN_POINT('',(67.044594,-8.381779,-4.8));
#3630 = VECTOR('',#3631,1.);
#3631 = DIRECTION('',(0.903426273323,-0.428743476533,0.));
#3632 = ORIENTED_EDGE('',*,*,#3633,.F.);
#3633 = EDGE_CURVE('',#2031,#3626,#3634,.T.);
#3634 = LINE('',#3635,#3636);
#3635 = CARTESIAN_POINT('',(69.798256,-9.688598,0.));
#3636 = VECTOR('',#3637,1.);
#3637 = DIRECTION('',(-0.,-0.,-1.));
#3638 = ORIENTED_EDGE('',*,*,#2038,.F.);
#3639 = PLANE('',#3640);
#3640 = AXIS2_PLACEMENT_3D('',#3641,#3642,#3643);
#3641 = CARTESIAN_POINT('',(67.044594,-8.381779,0.));
#3642 = DIRECTION('',(-0.428743476533,-0.903426273323,0.));
#3643 = DIRECTION('',(0.903426273323,-0.428743476533,0.));
#3644 = ADVANCED_FACE('',(#3645),#3656,.T.);
#3645 = FACE_BOUND('',#3646,.T.);
#3646 = EDGE_LOOP('',(#3647,#3648,#3654,#3655));
#3647 = ORIENTED_EDGE('',*,*,#3633,.T.);
#3648 = ORIENTED_EDGE('',*,*,#3649,.T.);
#3649 = EDGE_CURVE('',#3626,#2345,#3650,.T.);
#3650 = LINE('',#3651,#3652);
#3651 = CARTESIAN_POINT('',(69.798256,-9.688598,-4.8));
#3652 = VECTOR('',#3653,1.);
#3653 = DIRECTION('',(-0.203956476164,-0.978979956807,0.));
#3654 = ORIENTED_EDGE('',*,*,#2344,.F.);
#3655 = ORIENTED_EDGE('',*,*,#2030,.F.);
#3656 = PLANE('',#3657);
#3657 = AXIS2_PLACEMENT_3D('',#3658,#3659,#3660);
#3658 = CARTESIAN_POINT('',(69.798256,-9.688598,0.));
#3659 = DIRECTION('',(-0.978979956807,0.203956476164,0.));
#3660 = DIRECTION('',(-0.203956476164,-0.978979956807,0.));
#3661 = ADVANCED_FACE('',(#3662),#3682,.T.);
#3662 = FACE_BOUND('',#3663,.T.);
#3663 = EDGE_LOOP('',(#3664,#3665,#3673,#3680,#3681));
#3664 = ORIENTED_EDGE('',*,*,#2140,.F.);
#3665 = ORIENTED_EDGE('',*,*,#3666,.T.);
#3666 = EDGE_CURVE('',#2132,#3667,#3669,.T.);
#3667 = VERTEX_POINT('',#3668);
#3668 = CARTESIAN_POINT('',(60.495197050022,-34.51463000163,-4.8));
#3669 = LINE('',#3670,#3671);
#3670 = CARTESIAN_POINT('',(60.495197050022,-34.51463000163,0.));
#3671 = VECTOR('',#3672,1.);
#3672 = DIRECTION('',(-0.,-0.,-1.));
#3673 = ORIENTED_EDGE('',*,*,#3674,.T.);
#3674 = EDGE_CURVE('',#3667,#3667,#3675,.T.);
#3675 = CIRCLE('',#3676,3.2);
#3676 = AXIS2_PLACEMENT_3D('',#3677,#3678,#3679);
#3677 = CARTESIAN_POINT('',(57.295197050022,-34.51463000163,-4.8));
#3678 = DIRECTION('',(0.,0.,1.));
#3679 = DIRECTION('',(1.,0.,0.));
#3680 = ORIENTED_EDGE('',*,*,#3666,.F.);
#3681 = ORIENTED_EDGE('',*,*,#2131,.F.);
#3682 = CYLINDRICAL_SURFACE('',#3683,3.2);
#3683 = AXIS2_PLACEMENT_3D('',#3684,#3685,#3686);
#3684 = CARTESIAN_POINT('',(57.295197050022,-34.51463000163,0.));
#3685 = DIRECTION('',(0.,0.,1.));
#3686 = DIRECTION('',(1.,0.,0.));
#3687 = ADVANCED_FACE('',(#3688),#3707,.T.);
#3688 = FACE_BOUND('',#3689,.F.);
#3689 = EDGE_LOOP('',(#3690,#3698,#3705,#3706));
#3690 = ORIENTED_EDGE('',*,*,#3691,.T.);
#3691 = EDGE_CURVE('',#2162,#3692,#3694,.T.);
#3692 = VERTEX_POINT('',#3693);
#3693 = CARTESIAN_POINT('',(35.340067310135,-7.14001524003,-5.6));
#3694 = LINE('',#3695,#3696);
#3695 = CARTESIAN_POINT('',(35.340067310135,-7.14001524003,-4.8));
#3696 = VECTOR('',#3697,1.);
#3697 = DIRECTION('',(0.,0.,-1.));
#3698 = ORIENTED_EDGE('',*,*,#3699,.T.);
#3699 = EDGE_CURVE('',#3692,#3692,#3700,.T.);
#3700 = CIRCLE('',#3701,1.425);
#3701 = AXIS2_PLACEMENT_3D('',#3702,#3703,#3704);
#3702 = CARTESIAN_POINT('',(33.915067310135,-7.14001524003,-5.6));
#3703 = DIRECTION('',(0.,-0.,-1.));
#3704 = DIRECTION('',(1.,-6.232831015439E-16,0.));
#3705 = ORIENTED_EDGE('',*,*,#3691,.F.);
#3706 = ORIENTED_EDGE('',*,*,#2161,.F.);
#3707 = CYLINDRICAL_SURFACE('',#3708,1.425);
#3708 = AXIS2_PLACEMENT_3D('',#3709,#3710,#3711);
#3709 = CARTESIAN_POINT('',(33.915067310135,-7.14001524003,-4.8));
#3710 = DIRECTION('',(0.,0.,1.));
#3711 = DIRECTION('',(1.,0.,0.));
#3712 = ADVANCED_FACE('',(#3713),#3731,.T.);
#3713 = FACE_BOUND('',#3714,.F.);
#3714 = EDGE_LOOP('',(#3715,#3723,#3724,#3725));
#3715 = ORIENTED_EDGE('',*,*,#3716,.F.);
#3716 = EDGE_CURVE('',#2187,#3717,#3719,.T.);
#3717 = VERTEX_POINT('',#3718);
#3718 = CARTESIAN_POINT('',(48.373025101061,-4.583693687142,-5.4));
#3719 = LINE('',#3720,#3721);
#3720 = CARTESIAN_POINT('',(48.212479509736,-4.15006039993,
    -5.860827109629));
#3721 = VECTOR('',#3722,1.);
#3722 = DIRECTION('',(0.245926164003,-0.664246025248,0.705901933558));
#3723 = ORIENTED_EDGE('',*,*,#2186,.T.);
#3724 = ORIENTED_EDGE('',*,*,#2285,.T.);
#3725 = ORIENTED_EDGE('',*,*,#3726,.F.);
#3726 = EDGE_CURVE('',#3717,#2286,#3727,.T.);
#3727 = LINE('',#3728,#3729);
#3728 = CARTESIAN_POINT('',(48.373025101061,-4.583693687142,-5.4));
#3729 = VECTOR('',#3730,1.);
#3730 = DIRECTION('',(-0.905999832445,-0.423278045272,0.));
#3731 = PLANE('',#3732);
#3732 = AXIS2_PLACEMENT_3D('',#3733,#3734,#3735);
#3733 = CARTESIAN_POINT('',(48.161386078425,-4.130693770919,-5.9));
#3734 = DIRECTION('',(0.299302776139,-0.640638625276,-0.707106781187));
#3735 = DIRECTION('',(0.905999832445,0.423278045272,2.775557561563E-17)
  );
#3736 = ADVANCED_FACE('',(#3737),#3755,.T.);
#3737 = FACE_BOUND('',#3738,.F.);
#3738 = EDGE_LOOP('',(#3739,#3747,#3748,#3749));
#3739 = ORIENTED_EDGE('',*,*,#3740,.F.);
#3740 = EDGE_CURVE('',#2195,#3741,#3743,.T.);
#3741 = VERTEX_POINT('',#3742);
#3742 = CARTESIAN_POINT('',(50.125452154001,-4.094711628467,-5.4));
#3743 = LINE('',#3744,#3745);
#3744 = CARTESIAN_POINT('',(50.035603670985,-3.670926026466,
    -5.832340879599));
#3745 = VECTOR('',#3746,1.);
#3746 = DIRECTION('',(0.146803089976,-0.692421661146,0.706400096227));
#3747 = ORIENTED_EDGE('',*,*,#2194,.T.);
#3748 = ORIENTED_EDGE('',*,*,#3716,.T.);
#3749 = ORIENTED_EDGE('',*,*,#3750,.F.);
#3750 = EDGE_CURVE('',#3741,#3717,#3751,.T.);
#3751 = LINE('',#3752,#3753);
#3752 = CARTESIAN_POINT('',(50.125452154001,-4.094711628467,-5.4));
#3753 = VECTOR('',#3754,1.);
#3754 = DIRECTION('',(-0.9632058852,-0.268764623259,0.));
#3755 = PLANE('',#3756);
#3756 = AXIS2_PLACEMENT_3D('',#3757,#3758,#3759);
#3757 = CARTESIAN_POINT('',(49.991069842371,-3.613108685867,-5.9));
#3758 = DIRECTION('',(0.19004528765,-0.681089413104,-0.707106781187));
#3759 = DIRECTION('',(0.9632058852,0.268764623259,2.775557561563E-17));
#3760 = ADVANCED_FACE('',(#3761),#3779,.T.);
#3761 = FACE_BOUND('',#3762,.F.);
#3762 = EDGE_LOOP('',(#3763,#3771,#3772,#3773));
#3763 = ORIENTED_EDGE('',*,*,#3764,.F.);
#3764 = EDGE_CURVE('',#2203,#3765,#3767,.T.);
#3765 = VERTEX_POINT('',#3766);
#3766 = CARTESIAN_POINT('',(54.303188490812,-3.4815412967,-5.4));
#3767 = LINE('',#3768,#3769);
#3768 = CARTESIAN_POINT('',(54.274553626076,-3.034821587431,
    -5.846142740173));
#3769 = VECTOR('',#3770,1.);
#3770 = DIRECTION('',(4.530845512801E-02,-0.706836930745,0.705924002446)
  );
#3771 = ORIENTED_EDGE('',*,*,#2202,.T.);
#3772 = ORIENTED_EDGE('',*,*,#3740,.T.);
#3773 = ORIENTED_EDGE('',*,*,#3774,.F.);
#3774 = EDGE_CURVE('',#3765,#3741,#3775,.T.);
#3775 = LINE('',#3776,#3777);
#3776 = CARTESIAN_POINT('',(54.303188490812,-3.4815412967,-5.4));
#3777 = VECTOR('',#3778,1.);
#3778 = DIRECTION('',(-0.989400095005,-0.145215192055,0.));
#3779 = PLANE('',#3780);
#3780 = AXIS2_PLACEMENT_3D('',#3781,#3782,#3783);
#3781 = CARTESIAN_POINT('',(54.230580894785,-2.986841249197,-5.9));
#3782 = DIRECTION('',(0.102682647033,-0.699611516485,-0.707106781187));
#3783 = DIRECTION('',(0.989400095005,0.145215192055,2.775557561563E-17)
  );
#3784 = ADVANCED_FACE('',(#3785),#3803,.T.);
#3785 = FACE_BOUND('',#3786,.F.);
#3786 = EDGE_LOOP('',(#3787,#3795,#3796,#3797));
#3787 = ORIENTED_EDGE('',*,*,#3788,.F.);
#3788 = EDGE_CURVE('',#2211,#3789,#3791,.T.);
#3789 = VERTEX_POINT('',#3790);
#3790 = CARTESIAN_POINT('',(56.860096259169,-3.526816162267,-5.4));
#3791 = LINE('',#3792,#3793);
#3792 = CARTESIAN_POINT('',(56.902043044155,-3.085484128204,
    -5.842005494483));
#3793 = VECTOR('',#3794,1.);
#3794 = DIRECTION('',(-6.700539068193E-02,-0.704979544267,0.706055323459
    ));
#3795 = ORIENTED_EDGE('',*,*,#2210,.T.);
#3796 = ORIENTED_EDGE('',*,*,#3764,.T.);
#3797 = ORIENTED_EDGE('',*,*,#3798,.F.);
#3798 = EDGE_CURVE('',#3789,#3765,#3799,.T.);
#3799 = LINE('',#3800,#3801);
#3800 = CARTESIAN_POINT('',(56.860096259169,-3.526816162267,-5.4));
#3801 = VECTOR('',#3802,1.);
#3802 = DIRECTION('',(-0.999843270009,1.77041073591E-02,0.));
#3803 = PLANE('',#3804);
#3804 = AXIS2_PLACEMENT_3D('',#3805,#3806,#3807);
#3805 = CARTESIAN_POINT('',(56.868948312849,-3.026894527263,-5.9));
#3806 = DIRECTION('',(-1.251869436848E-02,-0.706995956347,
    -0.707106781187));
#3807 = DIRECTION('',(0.999843270009,-1.77041073591E-02,
    8.673617379884E-18));
#3808 = ADVANCED_FACE('',(#3809),#3827,.T.);
#3809 = FACE_BOUND('',#3810,.F.);
#3810 = EDGE_LOOP('',(#3811,#3819,#3820,#3821));
#3811 = ORIENTED_EDGE('',*,*,#3812,.F.);
#3812 = EDGE_CURVE('',#2219,#3813,#3815,.T.);
#3813 = VERTEX_POINT('',#3814);
#3814 = CARTESIAN_POINT('',(59.753152444997,-4.0288433645,-5.4));
#3815 = LINE('',#3816,#3817);
#3816 = CARTESIAN_POINT('',(59.885317463264,-3.546627222146,-5.9));
#3817 = VECTOR('',#3818,1.);
#3818 = DIRECTION('',(-0.186909561305,-0.681956608512,0.707106781187));
#3819 = ORIENTED_EDGE('',*,*,#2218,.T.);
#3820 = ORIENTED_EDGE('',*,*,#3788,.T.);
#3821 = ORIENTED_EDGE('',*,*,#3822,.F.);
#3822 = EDGE_CURVE('',#3813,#3789,#3823,.T.);
#3823 = LINE('',#3824,#3825);
#3824 = CARTESIAN_POINT('',(59.753152444997,-4.0288433645,-5.4));
#3825 = VECTOR('',#3826,1.);
#3826 = DIRECTION('',(-0.985275672706,0.170973239932,0.));
#3827 = PLANE('',#3828);
#3828 = AXIS2_PLACEMENT_3D('',#3829,#3830,#3831);
#3829 = CARTESIAN_POINT('',(59.838639064963,-3.536205528146,-5.9));
#3830 = DIRECTION('',(-0.120896337357,-0.696695109509,-0.707106781187));
#3831 = DIRECTION('',(0.985275672706,-0.170973239932,-1.387778780781E-17
    ));
#3832 = ADVANCED_FACE('',(#3833),#3851,.T.);
#3833 = FACE_BOUND('',#3834,.F.);
#3834 = EDGE_LOOP('',(#3835,#3836,#3837,#3845));
#3835 = ORIENTED_EDGE('',*,*,#2335,.F.);
#3836 = ORIENTED_EDGE('',*,*,#2259,.T.);
#3837 = ORIENTED_EDGE('',*,*,#3838,.T.);
#3838 = EDGE_CURVE('',#2252,#3839,#3841,.T.);
#3839 = VERTEX_POINT('',#3840);
#3840 = CARTESIAN_POINT('',(73.172625297113,-11.15162937052,-5.4));
#3841 = LINE('',#3842,#3843);
#3842 = CARTESIAN_POINT('',(73.488045899494,-10.763673389,-5.9));
#3843 = VECTOR('',#3844,1.);
#3844 = DIRECTION('',(-0.446072093738,-0.548652610664,0.707106781187));
#3845 = ORIENTED_EDGE('',*,*,#3846,.F.);
#3846 = EDGE_CURVE('',#2328,#3839,#3847,.T.);
#3847 = LINE('',#3848,#3849);
#3848 = CARTESIAN_POINT('',(73.942207659928,-11.77732440816,-5.4));
#3849 = VECTOR('',#3850,1.);
#3850 = DIRECTION('',(-0.775911963032,0.630841204761,0.));
#3851 = PLANE('',#3852);
#3852 = AXIS2_PLACEMENT_3D('',#3853,#3854,#3855);
#3853 = CARTESIAN_POINT('',(74.257628262308,-11.38936842665,-5.9));
#3854 = DIRECTION('',(-0.446072093738,-0.548652610664,-0.707106781187));
#3855 = DIRECTION('',(0.775911963032,-0.630841204761,1.387778780781E-16)
  );
#3856 = ADVANCED_FACE('',(#3857),#3875,.T.);
#3857 = FACE_BOUND('',#3858,.F.);
#3858 = EDGE_LOOP('',(#3859,#3867,#3868,#3869));
#3859 = ORIENTED_EDGE('',*,*,#3860,.F.);
#3860 = EDGE_CURVE('',#2227,#3861,#3863,.T.);
#3861 = VERTEX_POINT('',#3862);
#3862 = CARTESIAN_POINT('',(62.670820001966,-4.828512956815,-5.4));
#3863 = LINE('',#3864,#3865);
#3864 = CARTESIAN_POINT('',(62.839931224706,-4.357979860909,-5.9));
#3865 = VECTOR('',#3866,1.);
#3866 = DIRECTION('',(-0.239159384748,-0.665434285776,0.707106781187));
#3867 = ORIENTED_EDGE('',*,*,#2226,.T.);
#3868 = ORIENTED_EDGE('',*,*,#3812,.T.);
#3869 = ORIENTED_EDGE('',*,*,#3870,.F.);
#3870 = EDGE_CURVE('',#3861,#3813,#3871,.T.);
#3871 = LINE('',#3872,#3873);
#3872 = CARTESIAN_POINT('',(62.670820001966,-4.828512956815,-5.4));
#3873 = VECTOR('',#3874,1.);
#3874 = DIRECTION('',(-0.964432284707,0.264330036534,0.));
#3875 = PLANE('',#3876);
#3876 = AXIS2_PLACEMENT_3D('',#3877,#3878,#3879);
#3877 = CARTESIAN_POINT('',(62.802985020233,-4.346296814461,-5.9));
#3878 = DIRECTION('',(-0.186909561305,-0.681956608512,-0.707106781187));
#3879 = DIRECTION('',(0.964432284707,-0.264330036534,-2.775557561563E-17
    ));
#3880 = ADVANCED_FACE('',(#3881),#3899,.T.);
#3881 = FACE_BOUND('',#3882,.F.);
#3882 = EDGE_LOOP('',(#3883,#3884,#3885,#3893));
#3883 = ORIENTED_EDGE('',*,*,#3838,.F.);
#3884 = ORIENTED_EDGE('',*,*,#2251,.T.);
#3885 = ORIENTED_EDGE('',*,*,#3886,.T.);
#3886 = EDGE_CURVE('',#2243,#3887,#3889,.T.);
#3887 = VERTEX_POINT('',#3888);
#3888 = CARTESIAN_POINT('',(67.950584084523,-7.212720801583,-5.4));
#3889 = LINE('',#3890,#3891);
#3890 = CARTESIAN_POINT('',(68.25167772444,-6.81354337236,-5.9));
#3891 = VECTOR('',#3892,1.);
#3892 = DIRECTION('',(-0.425810709115,-0.564522134201,0.707106781187));
#3893 = ORIENTED_EDGE('',*,*,#3894,.F.);
#3894 = EDGE_CURVE('',#3839,#3887,#3895,.T.);
#3895 = LINE('',#3896,#3897);
#3896 = CARTESIAN_POINT('',(73.172625297113,-11.15162937052,-5.4));
#3897 = VECTOR('',#3898,1.);
#3898 = DIRECTION('',(-0.798354858447,0.602187279834,0.));
#3899 = PLANE('',#3900);
#3900 = AXIS2_PLACEMENT_3D('',#3901,#3902,#3903);
#3901 = CARTESIAN_POINT('',(73.47371893703,-10.75245194129,-5.9));
#3902 = DIRECTION('',(-0.425810709115,-0.564522134201,-0.707106781187));
#3903 = DIRECTION('',(0.798354858447,-0.602187279834,2.775557561563E-17)
  );
#3904 = ADVANCED_FACE('',(#3905),#3923,.T.);
#3905 = FACE_BOUND('',#3906,.F.);
#3906 = EDGE_LOOP('',(#3907,#3915,#3916,#3917));
#3907 = ORIENTED_EDGE('',*,*,#3908,.F.);
#3908 = EDGE_CURVE('',#2235,#3909,#3911,.T.);
#3909 = VERTEX_POINT('',#3910);
#3910 = CARTESIAN_POINT('',(65.265539038362,-5.761063956371,-5.4));
#3911 = LINE('',#3912,#3913);
#3912 = CARTESIAN_POINT('',(65.265539038362,-5.761063956371,-5.4));
#3913 = VECTOR('',#3914,1.);
#3914 = DIRECTION('',(-0.239159384748,-0.665434285776,0.707106781187));
#3915 = ORIENTED_EDGE('',*,*,#2234,.T.);
#3916 = ORIENTED_EDGE('',*,*,#3860,.T.);
#3917 = ORIENTED_EDGE('',*,*,#3918,.F.);
#3918 = EDGE_CURVE('',#3909,#3861,#3919,.T.);
#3919 = LINE('',#3920,#3921);
#3920 = CARTESIAN_POINT('',(65.265539038362,-5.761063956371,-5.4));
#3921 = VECTOR('',#3922,1.);
#3922 = DIRECTION('',(-0.941066191813,0.33822244548,0.));
#3923 = PLANE('',#3924);
#3924 = AXIS2_PLACEMENT_3D('',#3925,#3926,#3927);
#3925 = CARTESIAN_POINT('',(65.434650261102,-5.290530860465,-5.9));
#3926 = DIRECTION('',(-0.239159384748,-0.665434285776,-0.707106781187));
#3927 = DIRECTION('',(0.941066191813,-0.33822244548,0.));
#3928 = ADVANCED_FACE('',(#3929),#3941,.F.);
#3929 = FACE_BOUND('',#3930,.F.);
#3930 = EDGE_LOOP('',(#3931,#3932,#3933,#3934));
#3931 = ORIENTED_EDGE('',*,*,#3886,.F.);
#3932 = ORIENTED_EDGE('',*,*,#2242,.T.);
#3933 = ORIENTED_EDGE('',*,*,#3908,.T.);
#3934 = ORIENTED_EDGE('',*,*,#3935,.F.);
#3935 = EDGE_CURVE('',#3887,#3909,#3936,.T.);
#3936 = CIRCLE('',#3937,10.171980115198);
#3937 = AXIS2_PLACEMENT_3D('',#3938,#3939,#3940);
#3938 = CARTESIAN_POINT('',(61.825147048426,-15.33357054657,-5.4));
#3939 = DIRECTION('',(0.,-0.,1.));
#3940 = DIRECTION('',(0.602187279834,0.798354858447,0.));
#3941 = CONICAL_SURFACE('',#3942,10.171980115198,0.785398163397);
#3942 = AXIS2_PLACEMENT_3D('',#3943,#3944,#3945);
#3943 = CARTESIAN_POINT('',(61.825147048426,-15.33357054657,-5.4));
#3944 = DIRECTION('',(-0.,-0.,-1.));
#3945 = DIRECTION('',(0.602187279834,0.798354858447,0.));
#3946 = ADVANCED_FACE('',(#3947),#3965,.F.);
#3947 = FACE_BOUND('',#3948,.F.);
#3948 = EDGE_LOOP('',(#3949,#3957,#3958,#3959));
#3949 = ORIENTED_EDGE('',*,*,#3950,.T.);
#3950 = EDGE_CURVE('',#3951,#3717,#3953,.T.);
#3951 = VERTEX_POINT('',#3952);
#3952 = CARTESIAN_POINT('',(48.373025101061,-4.583693687142,-4.8));
#3953 = LINE('',#3954,#3955);
#3954 = CARTESIAN_POINT('',(48.373025101061,-4.583693687142,-4.8));
#3955 = VECTOR('',#3956,1.);
#3956 = DIRECTION('',(0.,0.,-1.));
#3957 = ORIENTED_EDGE('',*,*,#3726,.T.);
#3958 = ORIENTED_EDGE('',*,*,#2293,.F.);
#3959 = ORIENTED_EDGE('',*,*,#3960,.F.);
#3960 = EDGE_CURVE('',#3951,#2294,#3961,.T.);
#3961 = LINE('',#3962,#3963);
#3962 = CARTESIAN_POINT('',(48.373025101061,-4.583693687142,-4.8));
#3963 = VECTOR('',#3964,1.);
#3964 = DIRECTION('',(-0.905999832445,-0.423278045272,0.));
#3965 = PLANE('',#3966);
#3966 = AXIS2_PLACEMENT_3D('',#3967,#3968,#3969);
#3967 = CARTESIAN_POINT('',(48.373025101061,-4.583693687142,-4.8));
#3968 = DIRECTION('',(-0.423278045272,0.905999832445,0.));
#3969 = DIRECTION('',(-0.905999832445,-0.423278045272,0.));
#3970 = ADVANCED_FACE('',(#3971),#4058,.F.);
#3971 = FACE_BOUND('',#3972,.F.);
#3972 = EDGE_LOOP('',(#3973,#3974,#3975,#3976,#3977,#3978,#3979,#3980,
    #3981,#3982,#3983,#3984,#3985,#3986,#3994,#4002,#4011,#4019,#4027,
    #4035,#4043,#4051,#4057));
#3973 = ORIENTED_EDGE('',*,*,#2301,.T.);
#3974 = ORIENTED_EDGE('',*,*,#3407,.T.);
#3975 = ORIENTED_EDGE('',*,*,#3431,.T.);
#3976 = ORIENTED_EDGE('',*,*,#3455,.T.);
#3977 = ORIENTED_EDGE('',*,*,#3479,.T.);
#3978 = ORIENTED_EDGE('',*,*,#3503,.T.);
#3979 = ORIENTED_EDGE('',*,*,#3528,.T.);
#3980 = ORIENTED_EDGE('',*,*,#3553,.T.);
#3981 = ORIENTED_EDGE('',*,*,#3577,.T.);
#3982 = ORIENTED_EDGE('',*,*,#3601,.T.);
#3983 = ORIENTED_EDGE('',*,*,#3625,.T.);
#3984 = ORIENTED_EDGE('',*,*,#3649,.T.);
#3985 = ORIENTED_EDGE('',*,*,#2352,.T.);
#3986 = ORIENTED_EDGE('',*,*,#3987,.T.);
#3987 = EDGE_CURVE('',#2326,#3988,#3990,.T.);
#3988 = VERTEX_POINT('',#3989);
#3989 = CARTESIAN_POINT('',(73.172625297113,-11.15162937052,-4.8));
#3990 = LINE('',#3991,#3992);
#3991 = CARTESIAN_POINT('',(73.942207659928,-11.77732440816,-4.8));
#3992 = VECTOR('',#3993,1.);
#3993 = DIRECTION('',(-0.775911963032,0.630841204761,-0.));
#3994 = ORIENTED_EDGE('',*,*,#3995,.T.);
#3995 = EDGE_CURVE('',#3988,#3996,#3998,.T.);
#3996 = VERTEX_POINT('',#3997);
#3997 = CARTESIAN_POINT('',(67.950584084523,-7.212720801583,-4.8));
#3998 = LINE('',#3999,#4000);
#3999 = CARTESIAN_POINT('',(73.172625297113,-11.15162937052,-4.8));
#4000 = VECTOR('',#4001,1.);
#4001 = DIRECTION('',(-0.798354858447,0.602187279834,-0.));
#4002 = ORIENTED_EDGE('',*,*,#4003,.F.);
#4003 = EDGE_CURVE('',#4004,#3996,#4006,.T.);
#4004 = VERTEX_POINT('',#4005);
#4005 = CARTESIAN_POINT('',(65.265539038362,-5.761063956371,-4.8));
#4006 = CIRCLE('',#4007,10.171980115198);
#4007 = AXIS2_PLACEMENT_3D('',#4008,#4009,#4010);
#4008 = CARTESIAN_POINT('',(61.825147048426,-15.33357054657,-4.8));
#4009 = DIRECTION('',(0.,0.,-1.));
#4010 = DIRECTION('',(1.,0.,0.));
#4011 = ORIENTED_EDGE('',*,*,#4012,.T.);
#4012 = EDGE_CURVE('',#4004,#4013,#4015,.T.);
#4013 = VERTEX_POINT('',#4014);
#4014 = CARTESIAN_POINT('',(62.670820001966,-4.828512956815,-4.8));
#4015 = LINE('',#4016,#4017);
#4016 = CARTESIAN_POINT('',(65.265539038362,-5.761063956371,-4.8));
#4017 = VECTOR('',#4018,1.);
#4018 = DIRECTION('',(-0.941066191813,0.33822244548,-0.));
#4019 = ORIENTED_EDGE('',*,*,#4020,.T.);
#4020 = EDGE_CURVE('',#4013,#4021,#4023,.T.);
#4021 = VERTEX_POINT('',#4022);
#4022 = CARTESIAN_POINT('',(59.753152444997,-4.0288433645,-4.8));
#4023 = LINE('',#4024,#4025);
#4024 = CARTESIAN_POINT('',(62.670820001966,-4.828512956815,-4.8));
#4025 = VECTOR('',#4026,1.);
#4026 = DIRECTION('',(-0.964432284707,0.264330036534,-0.));
#4027 = ORIENTED_EDGE('',*,*,#4028,.T.);
#4028 = EDGE_CURVE('',#4021,#4029,#4031,.T.);
#4029 = VERTEX_POINT('',#4030);
#4030 = CARTESIAN_POINT('',(56.860096259169,-3.526816162267,-4.8));
#4031 = LINE('',#4032,#4033);
#4032 = CARTESIAN_POINT('',(59.753152444997,-4.0288433645,-4.8));
#4033 = VECTOR('',#4034,1.);
#4034 = DIRECTION('',(-0.985275672706,0.170973239932,-0.));
#4035 = ORIENTED_EDGE('',*,*,#4036,.T.);
#4036 = EDGE_CURVE('',#4029,#4037,#4039,.T.);
#4037 = VERTEX_POINT('',#4038);
#4038 = CARTESIAN_POINT('',(54.303188490812,-3.4815412967,-4.8));
#4039 = LINE('',#4040,#4041);
#4040 = CARTESIAN_POINT('',(56.860096259169,-3.526816162267,-4.8));
#4041 = VECTOR('',#4042,1.);
#4042 = DIRECTION('',(-0.999843270009,1.77041073591E-02,-0.));
#4043 = ORIENTED_EDGE('',*,*,#4044,.T.);
#4044 = EDGE_CURVE('',#4037,#4045,#4047,.T.);
#4045 = VERTEX_POINT('',#4046);
#4046 = CARTESIAN_POINT('',(50.125452154001,-4.094711628467,-4.8));
#4047 = LINE('',#4048,#4049);
#4048 = CARTESIAN_POINT('',(54.303188490812,-3.4815412967,-4.8));
#4049 = VECTOR('',#4050,1.);
#4050 = DIRECTION('',(-0.989400095005,-0.145215192055,0.));
#4051 = ORIENTED_EDGE('',*,*,#4052,.T.);
#4052 = EDGE_CURVE('',#4045,#3951,#4053,.T.);
#4053 = LINE('',#4054,#4055);
#4054 = CARTESIAN_POINT('',(50.125452154001,-4.094711628467,-4.8));
#4055 = VECTOR('',#4056,1.);
#4056 = DIRECTION('',(-0.9632058852,-0.268764623259,0.));
#4057 = ORIENTED_EDGE('',*,*,#3960,.T.);
#4058 = PLANE('',#4059);
#4059 = AXIS2_PLACEMENT_3D('',#4060,#4061,#4062);
#4060 = CARTESIAN_POINT('',(8.062176256024,-29.32708540046,-4.8));
#4061 = DIRECTION('',(0.,0.,1.));
#4062 = DIRECTION('',(1.,0.,0.));
#4063 = ADVANCED_FACE('',(#4064),#4075,.F.);
#4064 = FACE_BOUND('',#4065,.F.);
#4065 = EDGE_LOOP('',(#4066,#4067,#4068,#4074));
#4066 = ORIENTED_EDGE('',*,*,#2325,.T.);
#4067 = ORIENTED_EDGE('',*,*,#3846,.T.);
#4068 = ORIENTED_EDGE('',*,*,#4069,.F.);
#4069 = EDGE_CURVE('',#3988,#3839,#4070,.T.);
#4070 = LINE('',#4071,#4072);
#4071 = CARTESIAN_POINT('',(73.172625297113,-11.15162937052,-4.8));
#4072 = VECTOR('',#4073,1.);
#4073 = DIRECTION('',(0.,0.,-1.));
#4074 = ORIENTED_EDGE('',*,*,#3987,.F.);
#4075 = PLANE('',#4076);
#4076 = AXIS2_PLACEMENT_3D('',#4077,#4078,#4079);
#4077 = CARTESIAN_POINT('',(73.942207659928,-11.77732440816,-4.8));
#4078 = DIRECTION('',(0.630841204761,0.775911963032,0.));
#4079 = DIRECTION('',(-0.775911963032,0.630841204761,0.));
#4080 = ADVANCED_FACE('',(#4081),#4093,.F.);
#4081 = FACE_BOUND('',#4082,.F.);
#4082 = EDGE_LOOP('',(#4083,#4084,#4085,#4086));
#4083 = ORIENTED_EDGE('',*,*,#2541,.F.);
#4084 = ORIENTED_EDGE('',*,*,#2376,.T.);
#4085 = ORIENTED_EDGE('',*,*,#2400,.T.);
#4086 = ORIENTED_EDGE('',*,*,#4087,.F.);
#4087 = EDGE_CURVE('',#2508,#2401,#4088,.T.);
#4088 = CIRCLE('',#4089,22.334920002811);
#4089 = AXIS2_PLACEMENT_3D('',#4090,#4091,#4092);
#4090 = CARTESIAN_POINT('',(61.936143617055,-41.08523126979,-5.6));
#4091 = DIRECTION('',(-0.,0.,1.));
#4092 = DIRECTION('',(0.629795046052,-0.776761353292,0.));
#4093 = CONICAL_SURFACE('',#4094,22.334920002811,0.785398163397);
#4094 = AXIS2_PLACEMENT_3D('',#4095,#4096,#4097);
#4095 = CARTESIAN_POINT('',(61.936143617055,-41.08523126979,-5.6));
#4096 = DIRECTION('',(-0.,-0.,-1.));
#4097 = DIRECTION('',(0.629795046052,-0.776761353292,0.));
#4098 = ADVANCED_FACE('',(#4099),#4105,.F.);
#4099 = FACE_BOUND('',#4100,.T.);
#4100 = EDGE_LOOP('',(#4101,#4102,#4103,#4104));
#4101 = ORIENTED_EDGE('',*,*,#2424,.T.);
#4102 = ORIENTED_EDGE('',*,*,#4087,.F.);
#4103 = ORIENTED_EDGE('',*,*,#2507,.F.);
#4104 = ORIENTED_EDGE('',*,*,#2473,.F.);
#4105 = CYLINDRICAL_SURFACE('',#4106,22.334920002811);
#4106 = AXIS2_PLACEMENT_3D('',#4107,#4108,#4109);
#4107 = CARTESIAN_POINT('',(61.936143617055,-41.08523126979,-4.8));
#4108 = DIRECTION('',(0.,0.,1.));
#4109 = DIRECTION('',(1.,0.,0.));
#4110 = ADVANCED_FACE('',(#4111),#4136,.F.);
#4111 = FACE_BOUND('',#4112,.F.);
#4112 = EDGE_LOOP('',(#4113,#4123,#4129,#4130));
#4113 = ORIENTED_EDGE('',*,*,#4114,.F.);
#4114 = EDGE_CURVE('',#4115,#4117,#4119,.T.);
#4115 = VERTEX_POINT('',#4116);
#4116 = CARTESIAN_POINT('',(-2.043302006604,-44.70607162814,-6.4));
#4117 = VERTEX_POINT('',#4118);
#4118 = CARTESIAN_POINT('',(-1.543302006604,-44.70607162814,-6.4));
#4119 = LINE('',#4120,#4121);
#4120 = CARTESIAN_POINT('',(-2.043302006604,-44.70607162814,-6.4));
#4121 = VECTOR('',#4122,1.);
#4122 = DIRECTION('',(1.,0.,0.));
#4123 = ORIENTED_EDGE('',*,*,#4124,.F.);
#4124 = EDGE_CURVE('',#2588,#4115,#4125,.T.);
#4125 = LINE('',#4126,#4127);
#4126 = CARTESIAN_POINT('',(-2.043302006604,-52.70607162814,-6.4));
#4127 = VECTOR('',#4128,1.);
#4128 = DIRECTION('',(0.,1.,0.));
#4129 = ORIENTED_EDGE('',*,*,#2585,.F.);
#4130 = ORIENTED_EDGE('',*,*,#4131,.F.);
#4131 = EDGE_CURVE('',#4117,#2586,#4132,.T.);
#4132 = LINE('',#4133,#4134);
#4133 = CARTESIAN_POINT('',(-1.543302006604,-44.70607162814,-6.4));
#4134 = VECTOR('',#4135,1.);
#4135 = DIRECTION('',(0.,-1.,0.));
#4136 = PLANE('',#4137);
#4137 = AXIS2_PLACEMENT_3D('',#4138,#4139,#4140);
#4138 = CARTESIAN_POINT('',(34.834576530354,-20.98303399545,-6.4));
#4139 = DIRECTION('',(0.,0.,1.));
#4140 = DIRECTION('',(1.,0.,0.));
#4141 = ADVANCED_FACE('',(#4142),#4160,.T.);
#4142 = FACE_BOUND('',#4143,.F.);
#4143 = EDGE_LOOP('',(#4144,#4152,#4153,#4154));
#4144 = ORIENTED_EDGE('',*,*,#4145,.F.);
#4145 = EDGE_CURVE('',#4117,#4146,#4148,.T.);
#4146 = VERTEX_POINT('',#4147);
#4147 = CARTESIAN_POINT('',(-0.543302006604,-44.70607162814,-5.4));
#4148 = LINE('',#4149,#4150);
#4149 = CARTESIAN_POINT('',(-0.418302006604,-44.70607162814,-5.275));
#4150 = VECTOR('',#4151,1.);
#4151 = DIRECTION('',(0.707106781187,0.,0.707106781187));
#4152 = ORIENTED_EDGE('',*,*,#4131,.T.);
#4153 = ORIENTED_EDGE('',*,*,#2595,.T.);
#4154 = ORIENTED_EDGE('',*,*,#4155,.F.);
#4155 = EDGE_CURVE('',#4146,#2596,#4156,.T.);
#4156 = LINE('',#4157,#4158);
#4157 = CARTESIAN_POINT('',(-0.543302006604,-44.70607162814,-5.4));
#4158 = VECTOR('',#4159,1.);
#4159 = DIRECTION('',(0.,-1.,0.));
#4160 = PLANE('',#4161);
#4161 = AXIS2_PLACEMENT_3D('',#4162,#4163,#4164);
#4162 = CARTESIAN_POINT('',(-1.043302006604,-44.70607162814,-5.9));
#4163 = DIRECTION('',(0.707106781187,0.,-0.707106781187));
#4164 = DIRECTION('',(0.,1.,0.));
#4165 = ADVANCED_FACE('',(#4166),#4177,.T.);
#4166 = FACE_BOUND('',#4167,.T.);
#4167 = EDGE_LOOP('',(#4168,#4174,#4175,#4176));
#4168 = ORIENTED_EDGE('',*,*,#4169,.T.);
#4169 = EDGE_CURVE('',#2800,#4115,#4170,.T.);
#4170 = LINE('',#4171,#4172);
#4171 = CARTESIAN_POINT('',(-2.043302006604,-44.70607162814,0.));
#4172 = VECTOR('',#4173,1.);
#4173 = DIRECTION('',(-0.,-0.,-1.));
#4174 = ORIENTED_EDGE('',*,*,#4124,.F.);
#4175 = ORIENTED_EDGE('',*,*,#2626,.F.);
#4176 = ORIENTED_EDGE('',*,*,#2799,.F.);
#4177 = PLANE('',#4178);
#4178 = AXIS2_PLACEMENT_3D('',#4179,#4180,#4181);
#4179 = CARTESIAN_POINT('',(-2.043302006604,-48.70607162814,-3.2));
#4180 = DIRECTION('',(-1.,-0.,-0.));
#4181 = DIRECTION('',(0.,0.,-1.));
#4182 = ADVANCED_FACE('',(#4183),#4194,.F.);
#4183 = FACE_BOUND('',#4184,.F.);
#4184 = EDGE_LOOP('',(#4185,#4191,#4192,#4193));
#4185 = ORIENTED_EDGE('',*,*,#4186,.T.);
#4186 = EDGE_CURVE('',#2651,#4146,#4187,.T.);
#4187 = LINE('',#4188,#4189);
#4188 = CARTESIAN_POINT('',(-0.543302006604,-44.70607162814,-4.8));
#4189 = VECTOR('',#4190,1.);
#4190 = DIRECTION('',(0.,0.,-1.));
#4191 = ORIENTED_EDGE('',*,*,#4155,.T.);
#4192 = ORIENTED_EDGE('',*,*,#2603,.F.);
#4193 = ORIENTED_EDGE('',*,*,#2658,.F.);
#4194 = PLANE('',#4195);
#4195 = AXIS2_PLACEMENT_3D('',#4196,#4197,#4198);
#4196 = CARTESIAN_POINT('',(-0.543302006604,-44.70607162814,-4.8));
#4197 = DIRECTION('',(-1.,-0.,-0.));
#4198 = DIRECTION('',(0.,-1.,0.));
#4199 = ADVANCED_FACE('',(#4200),#4216,.F.);
#4200 = FACE_BOUND('',#4201,.F.);
#4201 = EDGE_LOOP('',(#4202,#4208,#4209,#4215));
#4202 = ORIENTED_EDGE('',*,*,#4203,.T.);
#4203 = EDGE_CURVE('',#2808,#2641,#4204,.T.);
#4204 = LINE('',#4205,#4206);
#4205 = CARTESIAN_POINT('',(-0.443302006604,-44.70607162814,0.));
#4206 = VECTOR('',#4207,1.);
#4207 = DIRECTION('',(-0.,-0.,-1.));
#4208 = ORIENTED_EDGE('',*,*,#2640,.T.);
#4209 = ORIENTED_EDGE('',*,*,#4210,.F.);
#4210 = EDGE_CURVE('',#2816,#2643,#4211,.T.);
#4211 = LINE('',#4212,#4213);
#4212 = CARTESIAN_POINT('',(-0.443302006604,-26.90607162814,0.));
#4213 = VECTOR('',#4214,1.);
#4214 = DIRECTION('',(-0.,-0.,-1.));
#4215 = ORIENTED_EDGE('',*,*,#2815,.F.);
#4216 = PLANE('',#4217);
#4217 = AXIS2_PLACEMENT_3D('',#4218,#4219,#4220);
#4218 = CARTESIAN_POINT('',(-0.443302006604,-44.70607162814,0.));
#4219 = DIRECTION('',(1.,0.,0.));
#4220 = DIRECTION('',(0.,1.,0.));
#4221 = ADVANCED_FACE('',(#4222),#4257,.T.);
#4222 = FACE_BOUND('',#4223,.T.);
#4223 = EDGE_LOOP('',(#4224,#4234,#4242,#4248,#4249,#4250,#4251));
#4224 = ORIENTED_EDGE('',*,*,#4225,.F.);
#4225 = EDGE_CURVE('',#4226,#4228,#4230,.T.);
#4226 = VERTEX_POINT('',#4227);
#4227 = CARTESIAN_POINT('',(-1.543302006604,-26.90607162814,-6.4));
#4228 = VERTEX_POINT('',#4229);
#4229 = CARTESIAN_POINT('',(-2.043302006604,-26.90607162814,-6.4));
#4230 = LINE('',#4231,#4232);
#4231 = CARTESIAN_POINT('',(-0.543302006604,-26.90607162814,-6.4));
#4232 = VECTOR('',#4233,1.);
#4233 = DIRECTION('',(-1.,0.,0.));
#4234 = ORIENTED_EDGE('',*,*,#4235,.F.);
#4235 = EDGE_CURVE('',#4236,#4226,#4238,.T.);
#4236 = VERTEX_POINT('',#4237);
#4237 = CARTESIAN_POINT('',(-0.543302006604,-26.90607162814,-5.4));
#4238 = LINE('',#4239,#4240);
#4239 = CARTESIAN_POINT('',(-0.418302006604,-26.90607162814,-5.275));
#4240 = VECTOR('',#4241,1.);
#4241 = DIRECTION('',(-0.707106781187,0.,-0.707106781187));
#4242 = ORIENTED_EDGE('',*,*,#4243,.F.);
#4243 = EDGE_CURVE('',#2684,#4236,#4244,.T.);
#4244 = LINE('',#4245,#4246);
#4245 = CARTESIAN_POINT('',(-0.543302006604,-26.90607162814,-4.8));
#4246 = VECTOR('',#4247,1.);
#4247 = DIRECTION('',(0.,0.,-1.));
#4248 = ORIENTED_EDGE('',*,*,#2691,.T.);
#4249 = ORIENTED_EDGE('',*,*,#4210,.F.);
#4250 = ORIENTED_EDGE('',*,*,#2823,.F.);
#4251 = ORIENTED_EDGE('',*,*,#4252,.T.);
#4252 = EDGE_CURVE('',#2824,#4228,#4253,.T.);
#4253 = LINE('',#4254,#4255);
#4254 = CARTESIAN_POINT('',(-2.043302006604,-26.90607162814,-4.8));
#4255 = VECTOR('',#4256,1.);
#4256 = DIRECTION('',(0.,0.,-1.));
#4257 = PLANE('',#4258);
#4258 = AXIS2_PLACEMENT_3D('',#4259,#4260,#4261);
#4259 = CARTESIAN_POINT('',(-1.253302006604,-26.90607162814,-3.19));
#4260 = DIRECTION('',(-0.,-1.,-0.));
#4261 = DIRECTION('',(0.,0.,-1.));
#4262 = ADVANCED_FACE('',(#4263),#4281,.F.);
#4263 = FACE_BOUND('',#4264,.F.);
#4264 = EDGE_LOOP('',(#4265,#4273,#4279,#4280));
#4265 = ORIENTED_EDGE('',*,*,#4266,.T.);
#4266 = EDGE_CURVE('',#2676,#4267,#4269,.T.);
#4267 = VERTEX_POINT('',#4268);
#4268 = CARTESIAN_POINT('',(-0.543302006604,-20.55291084582,-5.4));
#4269 = LINE('',#4270,#4271);
#4270 = CARTESIAN_POINT('',(-0.543302006604,-20.55291084582,-4.8));
#4271 = VECTOR('',#4272,1.);
#4272 = DIRECTION('',(0.,0.,-1.));
#4273 = ORIENTED_EDGE('',*,*,#4274,.T.);
#4274 = EDGE_CURVE('',#4267,#4236,#4275,.T.);
#4275 = LINE('',#4276,#4277);
#4276 = CARTESIAN_POINT('',(-0.543302006604,-20.55291084582,-5.4));
#4277 = VECTOR('',#4278,1.);
#4278 = DIRECTION('',(0.,-1.,0.));
#4279 = ORIENTED_EDGE('',*,*,#4243,.F.);
#4280 = ORIENTED_EDGE('',*,*,#2683,.F.);
#4281 = PLANE('',#4282);
#4282 = AXIS2_PLACEMENT_3D('',#4283,#4284,#4285);
#4283 = CARTESIAN_POINT('',(-0.543302006604,-20.55291084582,-4.8));
#4284 = DIRECTION('',(-1.,-0.,-0.));
#4285 = DIRECTION('',(0.,-1.,0.));
#4286 = ADVANCED_FACE('',(#4287),#4315,.T.);
#4287 = FACE_BOUND('',#4288,.T.);
#4288 = EDGE_LOOP('',(#4289,#4290,#4298,#4306,#4312,#4313,#4314));
#4289 = ORIENTED_EDGE('',*,*,#4266,.T.);
#4290 = ORIENTED_EDGE('',*,*,#4291,.T.);
#4291 = EDGE_CURVE('',#4267,#4292,#4294,.T.);
#4292 = VERTEX_POINT('',#4293);
#4293 = CARTESIAN_POINT('',(-1.543302006604,-20.55291084582,-6.4));
#4294 = LINE('',#4295,#4296);
#4295 = CARTESIAN_POINT('',(-0.418302006604,-20.55291084582,-5.275));
#4296 = VECTOR('',#4297,1.);
#4297 = DIRECTION('',(-0.707106781187,-2.760980611795E-16,
    -0.707106781187));
#4298 = ORIENTED_EDGE('',*,*,#4299,.F.);
#4299 = EDGE_CURVE('',#4300,#4292,#4302,.T.);
#4300 = VERTEX_POINT('',#4301);
#4301 = CARTESIAN_POINT('',(-2.043302006604,-20.55291084582,-6.4));
#4302 = LINE('',#4303,#4304);
#4303 = CARTESIAN_POINT('',(-2.043302006604,-20.55291084582,-6.4));
#4304 = VECTOR('',#4305,1.);
#4305 = DIRECTION('',(1.,0.,0.));
#4306 = ORIENTED_EDGE('',*,*,#4307,.F.);
#4307 = EDGE_CURVE('',#2832,#4300,#4308,.T.);
#4308 = LINE('',#4309,#4310);
#4309 = CARTESIAN_POINT('',(-2.043302006604,-20.55291084582,0.));
#4310 = VECTOR('',#4311,1.);
#4311 = DIRECTION('',(-0.,-0.,-1.));
#4312 = ORIENTED_EDGE('',*,*,#2839,.T.);
#4313 = ORIENTED_EDGE('',*,*,#3366,.T.);
#4314 = ORIENTED_EDGE('',*,*,#2675,.F.);
#4315 = PLANE('',#4316);
#4316 = AXIS2_PLACEMENT_3D('',#4317,#4318,#4319);
#4317 = CARTESIAN_POINT('',(-1.253302006604,-20.55291084582,-3.19));
#4318 = DIRECTION('',(0.,1.,-3.90461622665E-16));
#4319 = DIRECTION('',(0.,3.90461622665E-16,1.));
#4320 = ADVANCED_FACE('',(#4321),#4330,.T.);
#4321 = FACE_BOUND('',#4322,.T.);
#4322 = EDGE_LOOP('',(#4323,#4324,#4325,#4326,#4327,#4328,#4329));
#4323 = ORIENTED_EDGE('',*,*,#4186,.T.);
#4324 = ORIENTED_EDGE('',*,*,#4145,.F.);
#4325 = ORIENTED_EDGE('',*,*,#4114,.F.);
#4326 = ORIENTED_EDGE('',*,*,#4169,.F.);
#4327 = ORIENTED_EDGE('',*,*,#2807,.F.);
#4328 = ORIENTED_EDGE('',*,*,#4203,.T.);
#4329 = ORIENTED_EDGE('',*,*,#2650,.T.);
#4330 = PLANE('',#4331);
#4331 = AXIS2_PLACEMENT_3D('',#4332,#4333,#4334);
#4332 = CARTESIAN_POINT('',(-1.253302006604,-44.70607162814,-3.19));
#4333 = DIRECTION('',(0.,1.,0.));
#4334 = DIRECTION('',(0.,0.,1.));
#4335 = ADVANCED_FACE('',(#4336),#4347,.T.);
#4336 = FACE_BOUND('',#4337,.T.);
#4337 = EDGE_LOOP('',(#4338,#4339,#4345,#4346));
#4338 = ORIENTED_EDGE('',*,*,#4307,.T.);
#4339 = ORIENTED_EDGE('',*,*,#4340,.F.);
#4340 = EDGE_CURVE('',#4228,#4300,#4341,.T.);
#4341 = LINE('',#4342,#4343);
#4342 = CARTESIAN_POINT('',(-2.043302006604,-26.90607162814,-6.4));
#4343 = VECTOR('',#4344,1.);
#4344 = DIRECTION('',(0.,1.,0.));
#4345 = ORIENTED_EDGE('',*,*,#4252,.F.);
#4346 = ORIENTED_EDGE('',*,*,#2831,.F.);
#4347 = PLANE('',#4348);
#4348 = AXIS2_PLACEMENT_3D('',#4349,#4350,#4351);
#4349 = CARTESIAN_POINT('',(-2.043302006604,-23.72949123698,-3.2));
#4350 = DIRECTION('',(-1.,-0.,-0.));
#4351 = DIRECTION('',(0.,0.,-1.));
#4352 = ADVANCED_FACE('',(#4353),#4364,.T.);
#4353 = FACE_BOUND('',#4354,.T.);
#4354 = EDGE_LOOP('',(#4355,#4356,#4362,#4363));
#4355 = ORIENTED_EDGE('',*,*,#3124,.T.);
#4356 = ORIENTED_EDGE('',*,*,#4357,.T.);
#4357 = EDGE_CURVE('',#3117,#3054,#4358,.T.);
#4358 = LINE('',#4359,#4360);
#4359 = CARTESIAN_POINT('',(-8.453302006604,-49.50607162814,-5.7));
#4360 = VECTOR('',#4361,1.);
#4361 = DIRECTION('',(-1.,0.,0.));
#4362 = ORIENTED_EDGE('',*,*,#3053,.F.);
#4363 = ORIENTED_EDGE('',*,*,#2768,.F.);
#4364 = PLANE('',#4365);
#4365 = AXIS2_PLACEMENT_3D('',#4366,#4367,#4368);
#4366 = CARTESIAN_POINT('',(-21.2533020066,-49.50607162814,-2.85));
#4367 = DIRECTION('',(0.,1.,0.));
#4368 = DIRECTION('',(0.,0.,1.));
#4369 = ADVANCED_FACE('',(#4370),#4381,.T.);
#4370 = FACE_BOUND('',#4371,.T.);
#4371 = EDGE_LOOP('',(#4372,#4373,#4379,#4380));
#4372 = ORIENTED_EDGE('',*,*,#3237,.T.);
#4373 = ORIENTED_EDGE('',*,*,#4374,.T.);
#4374 = EDGE_CURVE('',#3230,#3167,#4375,.T.);
#4375 = LINE('',#4376,#4377);
#4376 = CARTESIAN_POINT('',(-36.3133020066,-48.60607162814,-5.7));
#4377 = VECTOR('',#4378,1.);
#4378 = DIRECTION('',(0.,1.,0.));
#4379 = ORIENTED_EDGE('',*,*,#3166,.F.);
#4380 = ORIENTED_EDGE('',*,*,#2745,.F.);
#4381 = PLANE('',#4382);
#4382 = AXIS2_PLACEMENT_3D('',#4383,#4384,#4385);
#4383 = CARTESIAN_POINT('',(-36.3133020066,-35.80607162814,-2.85));
#4384 = DIRECTION('',(1.,0.,0.));
#4385 = DIRECTION('',(0.,0.,1.));
#4386 = ADVANCED_FACE('',(#4387),#4398,.T.);
#4387 = FACE_BOUND('',#4388,.T.);
#4388 = EDGE_LOOP('',(#4389,#4390,#4396,#4397));
#4389 = ORIENTED_EDGE('',*,*,#3350,.T.);
#4390 = ORIENTED_EDGE('',*,*,#4391,.T.);
#4391 = EDGE_CURVE('',#3343,#3280,#4392,.T.);
#4392 = LINE('',#4393,#4394);
#4393 = CARTESIAN_POINT('',(-34.0533020066,-22.10607162814,-5.7));
#4394 = VECTOR('',#4395,1.);
#4395 = DIRECTION('',(1.,0.,0.));
#4396 = ORIENTED_EDGE('',*,*,#3279,.F.);
#4397 = ORIENTED_EDGE('',*,*,#2722,.F.);
#4398 = PLANE('',#4399);
#4399 = AXIS2_PLACEMENT_3D('',#4400,#4401,#4402);
#4400 = CARTESIAN_POINT('',(-21.2533020066,-22.10607162814,-2.85));
#4401 = DIRECTION('',(-0.,-1.,-0.));
#4402 = DIRECTION('',(0.,0.,-1.));
#4403 = ADVANCED_FACE('',(#4404),#4422,.T.);
#4404 = FACE_BOUND('',#4405,.T.);
#4405 = EDGE_LOOP('',(#4406,#4414,#4420,#4421));
#4406 = ORIENTED_EDGE('',*,*,#4407,.F.);
#4407 = EDGE_CURVE('',#4408,#2980,#4410,.T.);
#4408 = VERTEX_POINT('',#4409);
#4409 = CARTESIAN_POINT('',(2.533173684362,-61.38177086668,-5.6));
#4410 = LINE('',#4411,#4412);
#4411 = CARTESIAN_POINT('',(2.209324635496,-61.6165511758,-6.));
#4412 = VECTOR('',#4413,1.);
#4413 = DIRECTION('',(-0.572489646335,-0.415036871662,-0.707106781187));
#4414 = ORIENTED_EDGE('',*,*,#4415,.T.);
#4415 = EDGE_CURVE('',#4408,#2867,#4416,.T.);
#4416 = LINE('',#4417,#4418);
#4417 = CARTESIAN_POINT('',(2.533173684362,-61.38177086668,-5.6));
#4418 = VECTOR('',#4419,1.);
#4419 = DIRECTION('',(0.662603890427,-0.748970015682,0.));
#4420 = ORIENTED_EDGE('',*,*,#2866,.T.);
#4421 = ORIENTED_EDGE('',*,*,#2979,.F.);
#4422 = PLANE('',#4423);
#4423 = AXIS2_PLACEMENT_3D('',#4424,#4425,#4426);
#4424 = CARTESIAN_POINT('',(2.233585678089,-61.64681242285,-6.));
#4425 = DIRECTION('',(0.529601776994,0.468531704162,-0.707106781187));
#4426 = DIRECTION('',(0.662603890427,-0.748970015682,1.110223024625E-16)
  );
#4427 = ADVANCED_FACE('',(#4428),#4439,.F.);
#4428 = FACE_BOUND('',#4429,.F.);
#4429 = EDGE_LOOP('',(#4430,#4436,#4437,#4438));
#4430 = ORIENTED_EDGE('',*,*,#4431,.T.);
#4431 = EDGE_CURVE('',#2921,#4408,#4432,.T.);
#4432 = LINE('',#4433,#4434);
#4433 = CARTESIAN_POINT('',(2.533173684362,-61.38177086668,-4.8));
#4434 = VECTOR('',#4435,1.);
#4435 = DIRECTION('',(0.,0.,-1.));
#4436 = ORIENTED_EDGE('',*,*,#4415,.T.);
#4437 = ORIENTED_EDGE('',*,*,#2888,.F.);
#4438 = ORIENTED_EDGE('',*,*,#2928,.F.);
#4439 = PLANE('',#4440);
#4440 = AXIS2_PLACEMENT_3D('',#4441,#4442,#4443);
#4441 = CARTESIAN_POINT('',(2.533173684362,-61.38177086668,-4.8));
#4442 = DIRECTION('',(-0.748970015682,-0.662603890427,-0.));
#4443 = DIRECTION('',(0.662603890427,-0.748970015682,0.));
#4444 = ADVANCED_FACE('',(#4445),#4456,.F.);
#4445 = FACE_BOUND('',#4446,.F.);
#4446 = EDGE_LOOP('',(#4447,#4448,#4454,#4455));
#4447 = ORIENTED_EDGE('',*,*,#2944,.T.);
#4448 = ORIENTED_EDGE('',*,*,#4449,.T.);
#4449 = EDGE_CURVE('',#2945,#4408,#4450,.T.);
#4450 = LINE('',#4451,#4452);
#4451 = CARTESIAN_POINT('',(0.883363772767,-59.10607162814,-5.6));
#4452 = VECTOR('',#4453,1.);
#4453 = DIRECTION('',(0.58695077279,-0.809622622165,0.));
#4454 = ORIENTED_EDGE('',*,*,#4431,.F.);
#4455 = ORIENTED_EDGE('',*,*,#2920,.F.);
#4456 = PLANE('',#4457);
#4457 = AXIS2_PLACEMENT_3D('',#4458,#4459,#4460);
#4458 = CARTESIAN_POINT('',(0.883363772767,-59.10607162814,-4.8));
#4459 = DIRECTION('',(-0.809622622165,-0.58695077279,-0.));
#4460 = DIRECTION('',(0.58695077279,-0.809622622165,0.));
#4461 = ADVANCED_FACE('',(#4462),#4469,.T.);
#4462 = FACE_BOUND('',#4463,.T.);
#4463 = EDGE_LOOP('',(#4464,#4465,#4466,#4467,#4468));
#4464 = ORIENTED_EDGE('',*,*,#2952,.F.);
#4465 = ORIENTED_EDGE('',*,*,#4449,.T.);
#4466 = ORIENTED_EDGE('',*,*,#4407,.T.);
#4467 = ORIENTED_EDGE('',*,*,#2987,.F.);
#4468 = ORIENTED_EDGE('',*,*,#3010,.F.);
#4469 = PLANE('',#4470);
#4470 = AXIS2_PLACEMENT_3D('',#4471,#4472,#4473);
#4471 = CARTESIAN_POINT('',(0.559514723901,-59.34085193725,-6.));
#4472 = DIRECTION('',(0.572489646335,0.415036871662,-0.707106781187));
#4473 = DIRECTION('',(0.58695077279,-0.809622622165,2.775557561563E-17)
  );
#4474 = ADVANCED_FACE('',(#4475),#4491,.F.);
#4475 = FACE_BOUND('',#4476,.F.);
#4476 = EDGE_LOOP('',(#4477,#4478,#4484,#4485));
#4477 = ORIENTED_EDGE('',*,*,#3027,.T.);
#4478 = ORIENTED_EDGE('',*,*,#4479,.T.);
#4479 = EDGE_CURVE('',#3030,#3101,#4480,.T.);
#4480 = LINE('',#4481,#4482);
#4481 = CARTESIAN_POINT('',(-34.0533020066,-52.80607162814,-6.5));
#4482 = VECTOR('',#4483,1.);
#4483 = DIRECTION('',(1.,0.,0.));
#4484 = ORIENTED_EDGE('',*,*,#3108,.F.);
#4485 = ORIENTED_EDGE('',*,*,#4486,.F.);
#4486 = EDGE_CURVE('',#3028,#3109,#4487,.T.);
#4487 = LINE('',#4488,#4489);
#4488 = CARTESIAN_POINT('',(-34.0533020066,-52.80607162814,-5.7));
#4489 = VECTOR('',#4490,1.);
#4490 = DIRECTION('',(1.,0.,0.));
#4491 = PLANE('',#4492);
#4492 = AXIS2_PLACEMENT_3D('',#4493,#4494,#4495);
#4493 = CARTESIAN_POINT('',(-34.0533020066,-52.80607162814,-5.7));
#4494 = DIRECTION('',(0.,-1.,0.));
#4495 = DIRECTION('',(1.,0.,0.));
#4496 = ADVANCED_FACE('',(#4497),#4503,.T.);
#4497 = FACE_BOUND('',#4498,.T.);
#4498 = EDGE_LOOP('',(#4499,#4500,#4501,#4502));
#4499 = ORIENTED_EDGE('',*,*,#3037,.F.);
#4500 = ORIENTED_EDGE('',*,*,#4479,.T.);
#4501 = ORIENTED_EDGE('',*,*,#3100,.T.);
#4502 = ORIENTED_EDGE('',*,*,#3085,.F.);
#4503 = PLANE('',#4504);
#4504 = AXIS2_PLACEMENT_3D('',#4505,#4506,#4507);
#4505 = CARTESIAN_POINT('',(-34.0533020066,-53.20607162814,-6.9));
#4506 = DIRECTION('',(6.983161618628E-18,0.707106781187,-0.707106781187)
  );
#4507 = DIRECTION('',(1.,-4.937840934654E-18,4.937840934654E-18));
#4508 = ADVANCED_FACE('',(#4509),#4515,.F.);
#4509 = FACE_BOUND('',#4510,.F.);
#4510 = EDGE_LOOP('',(#4511,#4512,#4513,#4514));
#4511 = ORIENTED_EDGE('',*,*,#4357,.T.);
#4512 = ORIENTED_EDGE('',*,*,#3061,.T.);
#4513 = ORIENTED_EDGE('',*,*,#4486,.T.);
#4514 = ORIENTED_EDGE('',*,*,#3116,.T.);
#4515 = PLANE('',#4516);
#4516 = AXIS2_PLACEMENT_3D('',#4517,#4518,#4519);
#4517 = CARTESIAN_POINT('',(-27.33996867327,-35.80607162814,-5.7));
#4518 = DIRECTION('',(0.,0.,1.));
#4519 = DIRECTION('',(1.,0.,0.));
#4520 = ADVANCED_FACE('',(#4521),#4537,.F.);
#4521 = FACE_BOUND('',#4522,.F.);
#4522 = EDGE_LOOP('',(#4523,#4524,#4530,#4531));
#4523 = ORIENTED_EDGE('',*,*,#3140,.T.);
#4524 = ORIENTED_EDGE('',*,*,#4525,.T.);
#4525 = EDGE_CURVE('',#3143,#3214,#4526,.T.);
#4526 = LINE('',#4527,#4528);
#4527 = CARTESIAN_POINT('',(-39.6133020066,-23.00607162814,-6.5));
#4528 = VECTOR('',#4529,1.);
#4529 = DIRECTION('',(0.,-1.,0.));
#4530 = ORIENTED_EDGE('',*,*,#3221,.F.);
#4531 = ORIENTED_EDGE('',*,*,#4532,.F.);
#4532 = EDGE_CURVE('',#3141,#3222,#4533,.T.);
#4533 = LINE('',#4534,#4535);
#4534 = CARTESIAN_POINT('',(-39.6133020066,-23.00607162814,-5.7));
#4535 = VECTOR('',#4536,1.);
#4536 = DIRECTION('',(0.,-1.,0.));
#4537 = PLANE('',#4538);
#4538 = AXIS2_PLACEMENT_3D('',#4539,#4540,#4541);
#4539 = CARTESIAN_POINT('',(-39.6133020066,-23.00607162814,-5.7));
#4540 = DIRECTION('',(-1.,-0.,-0.));
#4541 = DIRECTION('',(0.,-1.,0.));
#4542 = ADVANCED_FACE('',(#4543),#4549,.T.);
#4543 = FACE_BOUND('',#4544,.T.);
#4544 = EDGE_LOOP('',(#4545,#4546,#4547,#4548));
#4545 = ORIENTED_EDGE('',*,*,#3150,.F.);
#4546 = ORIENTED_EDGE('',*,*,#4525,.T.);
#4547 = ORIENTED_EDGE('',*,*,#3213,.T.);
#4548 = ORIENTED_EDGE('',*,*,#3198,.F.);
#4549 = PLANE('',#4550);
#4550 = AXIS2_PLACEMENT_3D('',#4551,#4552,#4553);
#4551 = CARTESIAN_POINT('',(-40.0133020066,-23.00607162814,-6.9));
#4552 = DIRECTION('',(0.707106781187,-6.983161618628E-18,-0.707106781187
    ));
#4553 = DIRECTION('',(-4.937840934654E-18,-1.,4.937840934654E-18));
#4554 = ADVANCED_FACE('',(#4555),#4561,.F.);
#4555 = FACE_BOUND('',#4556,.F.);
#4556 = EDGE_LOOP('',(#4557,#4558,#4559,#4560));
#4557 = ORIENTED_EDGE('',*,*,#3174,.T.);
#4558 = ORIENTED_EDGE('',*,*,#4532,.T.);
#4559 = ORIENTED_EDGE('',*,*,#3229,.T.);
#4560 = ORIENTED_EDGE('',*,*,#4374,.T.);
#4561 = PLANE('',#4562);
#4562 = AXIS2_PLACEMENT_3D('',#4563,#4564,#4565);
#4563 = CARTESIAN_POINT('',(-27.33996867327,-35.80607162814,-5.7));
#4564 = DIRECTION('',(0.,0.,1.));
#4565 = DIRECTION('',(1.,0.,0.));
#4566 = ADVANCED_FACE('',(#4567),#4583,.F.);
#4567 = FACE_BOUND('',#4568,.F.);
#4568 = EDGE_LOOP('',(#4569,#4570,#4576,#4577));
#4569 = ORIENTED_EDGE('',*,*,#3253,.T.);
#4570 = ORIENTED_EDGE('',*,*,#4571,.T.);
#4571 = EDGE_CURVE('',#3256,#3327,#4572,.T.);
#4572 = LINE('',#4573,#4574);
#4573 = CARTESIAN_POINT('',(-8.453302006604,-18.80607162814,-6.5));
#4574 = VECTOR('',#4575,1.);
#4575 = DIRECTION('',(-1.,0.,0.));
#4576 = ORIENTED_EDGE('',*,*,#3334,.F.);
#4577 = ORIENTED_EDGE('',*,*,#4578,.F.);
#4578 = EDGE_CURVE('',#3254,#3335,#4579,.T.);
#4579 = LINE('',#4580,#4581);
#4580 = CARTESIAN_POINT('',(-8.453302006604,-18.80607162814,-5.7));
#4581 = VECTOR('',#4582,1.);
#4582 = DIRECTION('',(-1.,0.,0.));
#4583 = PLANE('',#4584);
#4584 = AXIS2_PLACEMENT_3D('',#4585,#4586,#4587);
#4585 = CARTESIAN_POINT('',(-8.453302006604,-18.80607162814,-5.7));
#4586 = DIRECTION('',(0.,1.,0.));
#4587 = DIRECTION('',(-1.,0.,0.));
#4588 = ADVANCED_FACE('',(#4589),#4595,.T.);
#4589 = FACE_BOUND('',#4590,.T.);
#4590 = EDGE_LOOP('',(#4591,#4592,#4593,#4594));
#4591 = ORIENTED_EDGE('',*,*,#3263,.F.);
#4592 = ORIENTED_EDGE('',*,*,#4571,.T.);
#4593 = ORIENTED_EDGE('',*,*,#3326,.T.);
#4594 = ORIENTED_EDGE('',*,*,#3309,.F.);
#4595 = PLANE('',#4596);
#4596 = AXIS2_PLACEMENT_3D('',#4597,#4598,#4599);
#4597 = CARTESIAN_POINT('',(-8.453302006604,-18.40607162814,-6.9));
#4598 = DIRECTION('',(6.983161618628E-18,-0.707106781187,-0.707106781187
    ));
#4599 = DIRECTION('',(-1.,-4.937840934654E-18,-4.937840934654E-18));
#4600 = ADVANCED_FACE('',(#4601),#4607,.F.);
#4601 = FACE_BOUND('',#4602,.F.);
#4602 = EDGE_LOOP('',(#4603,#4604,#4605,#4606));
#4603 = ORIENTED_EDGE('',*,*,#4578,.T.);
#4604 = ORIENTED_EDGE('',*,*,#3342,.T.);
#4605 = ORIENTED_EDGE('',*,*,#4391,.T.);
#4606 = ORIENTED_EDGE('',*,*,#3287,.T.);
#4607 = PLANE('',#4608);
#4608 = AXIS2_PLACEMENT_3D('',#4609,#4610,#4611);
#4609 = CARTESIAN_POINT('',(-27.33996867327,-35.80607162814,-5.7));
#4610 = DIRECTION('',(0.,0.,1.));
#4611 = DIRECTION('',(1.,0.,0.));
#4612 = ADVANCED_FACE('',(#4613),#4616,.F.);
#4613 = FACE_BOUND('',#4614,.F.);
#4614 = EDGE_LOOP('',(#4615));
#4615 = ORIENTED_EDGE('',*,*,#3674,.T.);
#4616 = PLANE('',#4617);
#4617 = AXIS2_PLACEMENT_3D('',#4618,#4619,#4620);
#4618 = CARTESIAN_POINT('',(8.062176256024,-29.32708540046,-4.8));
#4619 = DIRECTION('',(0.,0.,1.));
#4620 = DIRECTION('',(1.,0.,0.));
#4621 = ADVANCED_FACE('',(#4622),#4641,.T.);
#4622 = FACE_BOUND('',#4623,.T.);
#4623 = EDGE_LOOP('',(#4624,#4632,#4633,#4634));
#4624 = ORIENTED_EDGE('',*,*,#4625,.F.);
#4625 = EDGE_CURVE('',#3692,#4626,#4628,.T.);
#4626 = VERTEX_POINT('',#4627);
#4627 = CARTESIAN_POINT('',(34.540067310135,-7.14001524003,-6.4));
#4628 = LINE('',#4629,#4630);
#4629 = CARTESIAN_POINT('',(35.340067310135,-7.14001524003,-5.6));
#4630 = VECTOR('',#4631,1.);
#4631 = DIRECTION('',(-0.707106781187,4.407277077007E-16,-0.707106781187
    ));
#4632 = ORIENTED_EDGE('',*,*,#3699,.T.);
#4633 = ORIENTED_EDGE('',*,*,#4625,.T.);
#4634 = ORIENTED_EDGE('',*,*,#4635,.F.);
#4635 = EDGE_CURVE('',#4626,#4626,#4636,.T.);
#4636 = CIRCLE('',#4637,0.625);
#4637 = AXIS2_PLACEMENT_3D('',#4638,#4639,#4640);
#4638 = CARTESIAN_POINT('',(33.915067310135,-7.14001524003,-6.4));
#4639 = DIRECTION('',(0.,-0.,-1.));
#4640 = DIRECTION('',(1.,-6.232831015439E-16,0.));
#4641 = CONICAL_SURFACE('',#4642,1.425,0.785398163397);
#4642 = AXIS2_PLACEMENT_3D('',#4643,#4644,#4645);
#4643 = CARTESIAN_POINT('',(33.915067310135,-7.14001524003,-5.6));
#4644 = DIRECTION('',(0.,0.,1.));
#4645 = DIRECTION('',(1.,-6.232831015439E-16,0.));
#4646 = ADVANCED_FACE('',(#4647),#4658,.F.);
#4647 = FACE_BOUND('',#4648,.F.);
#4648 = EDGE_LOOP('',(#4649,#4655,#4656,#4657));
#4649 = ORIENTED_EDGE('',*,*,#4650,.T.);
#4650 = EDGE_CURVE('',#4045,#3741,#4651,.T.);
#4651 = LINE('',#4652,#4653);
#4652 = CARTESIAN_POINT('',(50.125452154001,-4.094711628467,-4.8));
#4653 = VECTOR('',#4654,1.);
#4654 = DIRECTION('',(0.,0.,-1.));
#4655 = ORIENTED_EDGE('',*,*,#3750,.T.);
#4656 = ORIENTED_EDGE('',*,*,#3950,.F.);
#4657 = ORIENTED_EDGE('',*,*,#4052,.F.);
#4658 = PLANE('',#4659);
#4659 = AXIS2_PLACEMENT_3D('',#4660,#4661,#4662);
#4660 = CARTESIAN_POINT('',(50.125452154001,-4.094711628467,-4.8));
#4661 = DIRECTION('',(-0.268764623259,0.9632058852,0.));
#4662 = DIRECTION('',(-0.9632058852,-0.268764623259,0.));
#4663 = ADVANCED_FACE('',(#4664),#4675,.F.);
#4664 = FACE_BOUND('',#4665,.F.);
#4665 = EDGE_LOOP('',(#4666,#4672,#4673,#4674));
#4666 = ORIENTED_EDGE('',*,*,#4667,.T.);
#4667 = EDGE_CURVE('',#4037,#3765,#4668,.T.);
#4668 = LINE('',#4669,#4670);
#4669 = CARTESIAN_POINT('',(54.303188490812,-3.4815412967,-4.8));
#4670 = VECTOR('',#4671,1.);
#4671 = DIRECTION('',(0.,0.,-1.));
#4672 = ORIENTED_EDGE('',*,*,#3774,.T.);
#4673 = ORIENTED_EDGE('',*,*,#4650,.F.);
#4674 = ORIENTED_EDGE('',*,*,#4044,.F.);
#4675 = PLANE('',#4676);
#4676 = AXIS2_PLACEMENT_3D('',#4677,#4678,#4679);
#4677 = CARTESIAN_POINT('',(54.303188490812,-3.4815412967,-4.8));
#4678 = DIRECTION('',(-0.145215192055,0.989400095005,0.));
#4679 = DIRECTION('',(-0.989400095005,-0.145215192055,0.));
#4680 = ADVANCED_FACE('',(#4681),#4692,.F.);
#4681 = FACE_BOUND('',#4682,.F.);
#4682 = EDGE_LOOP('',(#4683,#4689,#4690,#4691));
#4683 = ORIENTED_EDGE('',*,*,#4684,.T.);
#4684 = EDGE_CURVE('',#4029,#3789,#4685,.T.);
#4685 = LINE('',#4686,#4687);
#4686 = CARTESIAN_POINT('',(56.860096259169,-3.526816162267,-4.8));
#4687 = VECTOR('',#4688,1.);
#4688 = DIRECTION('',(0.,0.,-1.));
#4689 = ORIENTED_EDGE('',*,*,#3798,.T.);
#4690 = ORIENTED_EDGE('',*,*,#4667,.F.);
#4691 = ORIENTED_EDGE('',*,*,#4036,.F.);
#4692 = PLANE('',#4693);
#4693 = AXIS2_PLACEMENT_3D('',#4694,#4695,#4696);
#4694 = CARTESIAN_POINT('',(56.860096259169,-3.526816162267,-4.8));
#4695 = DIRECTION('',(1.77041073591E-02,0.999843270009,0.));
#4696 = DIRECTION('',(-0.999843270009,1.77041073591E-02,0.));
#4697 = ADVANCED_FACE('',(#4698),#4709,.F.);
#4698 = FACE_BOUND('',#4699,.F.);
#4699 = EDGE_LOOP('',(#4700,#4706,#4707,#4708));
#4700 = ORIENTED_EDGE('',*,*,#4701,.T.);
#4701 = EDGE_CURVE('',#4021,#3813,#4702,.T.);
#4702 = LINE('',#4703,#4704);
#4703 = CARTESIAN_POINT('',(59.753152444997,-4.0288433645,-4.8));
#4704 = VECTOR('',#4705,1.);
#4705 = DIRECTION('',(0.,0.,-1.));
#4706 = ORIENTED_EDGE('',*,*,#3822,.T.);
#4707 = ORIENTED_EDGE('',*,*,#4684,.F.);
#4708 = ORIENTED_EDGE('',*,*,#4028,.F.);
#4709 = PLANE('',#4710);
#4710 = AXIS2_PLACEMENT_3D('',#4711,#4712,#4713);
#4711 = CARTESIAN_POINT('',(59.753152444997,-4.0288433645,-4.8));
#4712 = DIRECTION('',(0.170973239932,0.985275672706,0.));
#4713 = DIRECTION('',(-0.985275672706,0.170973239932,0.));
#4714 = ADVANCED_FACE('',(#4715),#4726,.F.);
#4715 = FACE_BOUND('',#4716,.F.);
#4716 = EDGE_LOOP('',(#4717,#4723,#4724,#4725));
#4717 = ORIENTED_EDGE('',*,*,#4718,.T.);
#4718 = EDGE_CURVE('',#4013,#3861,#4719,.T.);
#4719 = LINE('',#4720,#4721);
#4720 = CARTESIAN_POINT('',(62.670820001966,-4.828512956815,-4.8));
#4721 = VECTOR('',#4722,1.);
#4722 = DIRECTION('',(0.,0.,-1.));
#4723 = ORIENTED_EDGE('',*,*,#3870,.T.);
#4724 = ORIENTED_EDGE('',*,*,#4701,.F.);
#4725 = ORIENTED_EDGE('',*,*,#4020,.F.);
#4726 = PLANE('',#4727);
#4727 = AXIS2_PLACEMENT_3D('',#4728,#4729,#4730);
#4728 = CARTESIAN_POINT('',(62.670820001966,-4.828512956815,-4.8));
#4729 = DIRECTION('',(0.264330036534,0.964432284707,0.));
#4730 = DIRECTION('',(-0.964432284707,0.264330036534,0.));
#4731 = ADVANCED_FACE('',(#4732),#4743,.F.);
#4732 = FACE_BOUND('',#4733,.F.);
#4733 = EDGE_LOOP('',(#4734,#4735,#4736,#4742));
#4734 = ORIENTED_EDGE('',*,*,#4069,.T.);
#4735 = ORIENTED_EDGE('',*,*,#3894,.T.);
#4736 = ORIENTED_EDGE('',*,*,#4737,.F.);
#4737 = EDGE_CURVE('',#3996,#3887,#4738,.T.);
#4738 = LINE('',#4739,#4740);
#4739 = CARTESIAN_POINT('',(67.950584084523,-7.212720801583,-4.8));
#4740 = VECTOR('',#4741,1.);
#4741 = DIRECTION('',(0.,0.,-1.));
#4742 = ORIENTED_EDGE('',*,*,#3995,.F.);
#4743 = PLANE('',#4744);
#4744 = AXIS2_PLACEMENT_3D('',#4745,#4746,#4747);
#4745 = CARTESIAN_POINT('',(73.172625297113,-11.15162937052,-4.8));
#4746 = DIRECTION('',(0.602187279834,0.798354858447,0.));
#4747 = DIRECTION('',(-0.798354858447,0.602187279834,0.));
#4748 = ADVANCED_FACE('',(#4749),#4760,.F.);
#4749 = FACE_BOUND('',#4750,.F.);
#4750 = EDGE_LOOP('',(#4751,#4757,#4758,#4759));
#4751 = ORIENTED_EDGE('',*,*,#4752,.T.);
#4752 = EDGE_CURVE('',#4004,#3909,#4753,.T.);
#4753 = LINE('',#4754,#4755);
#4754 = CARTESIAN_POINT('',(65.265539038362,-5.761063956371,-4.8));
#4755 = VECTOR('',#4756,1.);
#4756 = DIRECTION('',(0.,0.,-1.));
#4757 = ORIENTED_EDGE('',*,*,#3918,.T.);
#4758 = ORIENTED_EDGE('',*,*,#4718,.F.);
#4759 = ORIENTED_EDGE('',*,*,#4012,.F.);
#4760 = PLANE('',#4761);
#4761 = AXIS2_PLACEMENT_3D('',#4762,#4763,#4764);
#4762 = CARTESIAN_POINT('',(65.265539038362,-5.761063956371,-4.8));
#4763 = DIRECTION('',(0.33822244548,0.941066191813,0.));
#4764 = DIRECTION('',(-0.941066191813,0.33822244548,0.));
#4765 = ADVANCED_FACE('',(#4766),#4772,.F.);
#4766 = FACE_BOUND('',#4767,.T.);
#4767 = EDGE_LOOP('',(#4768,#4769,#4770,#4771));
#4768 = ORIENTED_EDGE('',*,*,#4752,.T.);
#4769 = ORIENTED_EDGE('',*,*,#3935,.F.);
#4770 = ORIENTED_EDGE('',*,*,#4737,.F.);
#4771 = ORIENTED_EDGE('',*,*,#4003,.F.);
#4772 = CYLINDRICAL_SURFACE('',#4773,10.171980115198);
#4773 = AXIS2_PLACEMENT_3D('',#4774,#4775,#4776);
#4774 = CARTESIAN_POINT('',(61.825147048426,-15.33357054657,-4.8));
#4775 = DIRECTION('',(0.,0.,1.));
#4776 = DIRECTION('',(1.,0.,0.));
#4777 = ADVANCED_FACE('',(#4778),#4789,.F.);
#4778 = FACE_BOUND('',#4779,.F.);
#4779 = EDGE_LOOP('',(#4780,#4781,#4782,#4783));
#4780 = ORIENTED_EDGE('',*,*,#4299,.F.);
#4781 = ORIENTED_EDGE('',*,*,#4340,.F.);
#4782 = ORIENTED_EDGE('',*,*,#4225,.F.);
#4783 = ORIENTED_EDGE('',*,*,#4784,.F.);
#4784 = EDGE_CURVE('',#4292,#4226,#4785,.T.);
#4785 = LINE('',#4786,#4787);
#4786 = CARTESIAN_POINT('',(-1.543302006604,-20.55291084582,-6.4));
#4787 = VECTOR('',#4788,1.);
#4788 = DIRECTION('',(0.,-1.,0.));
#4789 = PLANE('',#4790);
#4790 = AXIS2_PLACEMENT_3D('',#4791,#4792,#4793);
#4791 = CARTESIAN_POINT('',(34.834576530354,-20.98303399545,-6.4));
#4792 = DIRECTION('',(0.,0.,1.));
#4793 = DIRECTION('',(1.,0.,0.));
#4794 = ADVANCED_FACE('',(#4795),#4801,.T.);
#4795 = FACE_BOUND('',#4796,.T.);
#4796 = EDGE_LOOP('',(#4797,#4798,#4799,#4800));
#4797 = ORIENTED_EDGE('',*,*,#4291,.F.);
#4798 = ORIENTED_EDGE('',*,*,#4274,.T.);
#4799 = ORIENTED_EDGE('',*,*,#4235,.T.);
#4800 = ORIENTED_EDGE('',*,*,#4784,.F.);
#4801 = PLANE('',#4802);
#4802 = AXIS2_PLACEMENT_3D('',#4803,#4804,#4805);
#4803 = CARTESIAN_POINT('',(-1.043302006604,-20.55291084582,-5.9));
#4804 = DIRECTION('',(0.707106781187,0.,-0.707106781187));
#4805 = DIRECTION('',(0.,-1.,0.));
#4806 = ADVANCED_FACE('',(#4807),#4810,.F.);
#4807 = FACE_BOUND('',#4808,.F.);
#4808 = EDGE_LOOP('',(#4809));
#4809 = ORIENTED_EDGE('',*,*,#4635,.F.);
#4810 = PLANE('',#4811);
#4811 = AXIS2_PLACEMENT_3D('',#4812,#4813,#4814);
#4812 = CARTESIAN_POINT('',(34.834576530354,-20.98303399545,-6.4));
#4813 = DIRECTION('',(0.,0.,1.));
#4814 = DIRECTION('',(1.,0.,0.));
#4815 = ( GEOMETRIC_REPRESENTATION_CONTEXT(3) 
GLOBAL_UNCERTAINTY_ASSIGNED_CONTEXT((#4819)) 
GLOBAL_UNIT_ASSIGNED_CONTEXT((#4816,#4817,#4818)) REPRESENTATION_CONTEXT
('Context #1','3D Context with UNIT and UNCERTAINTY') );
#4816 = ( LENGTH_UNIT() NAMED_UNIT(*) SI_UNIT(.MILLI.,.METRE.) );
#4817 = ( NAMED_UNIT(*) PLANE_ANGLE_UNIT() SI_UNIT($,.RADIAN.) );
#4818 = ( NAMED_UNIT(*) SI_UNIT($,.STERADIAN.) SOLID_ANGLE_UNIT() );
#4819 = UNCERTAINTY_MEASURE_WITH_UNIT(LENGTH_MEASURE(2.E-03),#4816,
  'distance_accuracy_value','confusion accuracy');
#4820 = PRODUCT_RELATED_PRODUCT_CATEGORY('part',$,(#7));
#4821 = MECHANICAL_DESIGN_GEOMETRIC_PRESENTATION_REPRESENTATION('',(
    #4822),#4815);
#4822 = STYLED_ITEM('color',(#4823),#15);
#4823 = PRESENTATION_STYLE_ASSIGNMENT((#4824,#4830));
#4824 = SURFACE_STYLE_USAGE(.BOTH.,#4825);
#4825 = SURFACE_SIDE_STYLE('',(#4826));
#4826 = SURFACE_STYLE_FILL_AREA(#4827);
#4827 = FILL_AREA_STYLE('',(#4828));
#4828 = FILL_AREA_STYLE_COLOUR('',#4829);
#4829 = COLOUR_RGB('',0.447058818107,0.474509808674,0.501960817233);
#4830 = CURVE_STYLE('',#4831,POSITIVE_LENGTH_MEASURE(0.1),#4832);
#4831 = DRAUGHTING_PRE_DEFINED_CURVE_FONT('continuous');
#4832 = COLOUR_RGB('',9.803921802644E-02,9.803921802644E-02,
  9.803921802644E-02);
ENDSEC;
END-ISO-10303-21;
