:020000041000EA
:10000000002008205D0100101B0100101D010010E0
:100010001101001011010010110100101101001058
:100020001901001019010010190100101F01001022
:10003000110100101901001065F3021023010010D6
:100040001101001011010010110100101101001028
:100050001101001011010010110100101101001018
:100060001101001011010010110100101101001008
:1000700011010010110100101101001011010010F8
:1000800011010010110100101101001011010010E8
:1000900011010010110100101101001011010010D8
:1000A00011010010110100101101001011010010C8
:1000B00011010010110100101101001011010010B8
:1000C00011010010110100101101001011010010A8
:1000D0001101001011010010110100101101001098
:1000E0001101001011010010110100101101001088
:1000F0001101001011010010110100101101001078
:100100001101001011010010110100101101001067
:10011000EFF30580103800BE00BE00BE00BE00BE7A
:1001200000BE00BEF2EB8871B00405101805051082
:10013000B801001090A31AE7D3DEFFFF420121109F
:10014000FF010000DC1A0500793512AB4FF000000A
:100150002749086006C881F3088810474FF05040CF
:10016000006810B14FF00000F2E722496B46ADF590
:10017000807D6A4600F01CF868460130804740B038
:100180000DA40ECC002902D000F012F8F9E71A49AC
:100190001A4A002000E001C19142FCD11849884769
:1001A000184988471849884700BEFDE701C901C2C0
:1001B0009A42FBD3704700BF54CB031000000E409F
:1001C00000010E4018050510200100201C18002019
:1001D000141C05100000082000000820141C051045
:1001E0000000082000000820000000007047000008
:1001F00008ED00E054CB03101C1800200430002050
:10020000F1A40310D1ED0210E9A40310F8B500BF6A
:100210000348044B834202D0034B03B11847704795
:100220001C1800201C18002000000000064B074985
:10023000C91A891048BF0131491003D0044B0BB1D2
:1002400001481847704700BF1C1800201C180020E8
:100250000000000010B5064C237843B9FFF7D8FF23
:10026000044B13B10448AFF300800123237010BD89
:10027000A81900200000000054CB031008B5044B5F
:100280001BB104490448AFF30080BDE80840CDE746
:1002900000000000AC19002054CB0310034610B539
:1002A000500C1446C2F34F0221B1E10702D40C48AE
:1002B0001AF060FD904206D198420FD002460949DB
:1002C000094819F08CFD984204D9C21A074906481A
:1002D00019F085FD9A4201D20549F1E710BD00BF32
:1002E00058CC031062CC0310582A041070CC0310B1
:1002F00078CC03102DE9F74F0024DDE90CA7064662
:100300008B461546A046A1460193019B9C4204D111
:10031000B1453CD222481AF02DFDB44210D2BAF8B1
:1003200002209205F6D45BF8240009F101099AF83D
:100330000220012A24D10EF0A9FE07F8240017E0BC
:10034000BAF800100022C900284641F002010AF064
:1003500011FB88B9BAF80220D30505D5BAF80020F8
:100360001049114819F03BFDDAF8042047F8242021
:1003700001340AF1080AC8E7406808F10108D6E725
:10038000022A01D10EF03CFD47F82400F0E72B686B
:10039000B8EBD30F01D20548BDE703B0BDE8F08F3D
:1003A00096CC031091CC0310582A0410A0CC031053
:1003B00070B51E460446154686B002EB800203A8BF
:1003C0000AF0ACFA0B9B294601930A9B2046009346
:1003D00003AA3346FFF78EFF06B070BD08B501488B
:1003E0001AF0EAFCAACC031010B50446016188009B
:1003F0000AF058FA606110BD10B5044611B1C0682A
:100400000AF078FA6069BDE810400AF073BA012971
:1004100038B504460D460BDC02694FF0FF314069E8
:1004200092003BF0DFFE002325706370636038BDEF
:1004300040680AF037FA6368E060A360F3E70246B9
:10044000407810B548B913785468022B08BFD368B8
:10045000214408BF1819516010BD0020FCE700239B
:1004600043700378012B9EBF4268436943F8212003
:10047000704742684B1E134449420B40436070472B
:1004800038B50C461546FFF7DAFF10B10444A04218
:1004900000D138BD00F8015B2D0AF8E710B50C4615
:1004A0000221FFF7CCFF10B10470240A447010BD84
:1004B00038B50D4604211446FFF7C1FF28B1057079
:1004C00084702D0A240A4570C47038BD012970B5A6
:1004D000054606DC002909DA023921F00104FE266E
:1004E00006E08B1E012BF7D80024F8E70024F22643
:1004F000284646F43541FFF7D1FF44B17F2C09D897
:1005000044F43041284641F08001FFF7C7FFC5E9B8
:10051000066470BDA300A201DBB202F4E0421A43FC
:100520004FF2AD21284642F45062FFF7C1FFEEE7DB
:10053000C16910B5044629B17F290BD841F4304177
:10054000FFF7ACFFA1692046BDE8104041F43D41F2
:10055000FFF7A4BF8B008A01DBB202F4E0421A432A
:100560004FF20D2142F45062FFF7A2FFEAE7114378
:1005700041EAC301FFF792BF072A85BF083AD200BC
:10058000D20042F04002072985BF083911431143C8
:1005900041F0800141F48C41FFF780BF30B4DCB200
:1005A00044EA02225C101D0104F48064C3F30333A7
:1005B00005F4E04523432A43194330BCFFF778BFD5
:1005C00038B50546436953F821404368E41A043CB2
:1005D000C4F34A0141F46041FFF760FF2B78022B1E
:1005E0000AD1B4F5006F07D36FF30A0414F5006F56
:1005F00014BF0020012038BD0120FCE7F8B5446994
:10060000074654F8224042681E46A41A043C65106E
:10061000BBB9EDB245EA012141F45041FFF73EFF7D
:100620003B78022B0BD1FF2C09D924F0FF0414F5E1
:10063000807F14BF0024012426463046F8BD0124E3
:10064000FAE76211C5F30A0502F400522A43A51223
:10065000231205F48065C4F3053403F400632543D5
:100660001A4345EA811142F4004241F47041FFF718
:100670001FFFE2E738B50546436953F82140436858
:10068000E41A043CC4F34F02C4F30A3142F4784242
:1006900041F47041FFF70CFF2B78022B0AD1B4F51F
:1006A000800F07D36FF3150414F5800F14BF0020DB
:1006B000012038BD0120FCE7F8B504460D4616467A
:1006C000476813460A464FF24021FFF767FF20466E
:1006D0002A464FF2C021330CFFF760FF3846F8BDC1
:1006E000072910B4044609D8FF2A07D842EA012195
:1006F0005DF8044B41F40051FFF7D0BEB2F5803FE6
:1007000008D2134620460A465DF8044B4FF24021BA
:10071000FFF744BF20465DF8044BFFF7CDBF2DE93E
:10072000F84341EA0207072F06460C461546DDF856
:1007300020904AD803FA09F7FF2F0CD8914201D034
:10074000FFF71AFF47EA042141F440513046BDE863
:10075000F843FFF7A3BEFF2B4FEAC10814D891421C
:1007600018D043EA012343F40051FFF797FE44EA0F
:100770008911304641EA0801FFF790FE48EA8511E9
:10078000214341F4C051E1E7914203D03A46FFF7DB
:10079000A7FFF3E7012584F0070905FA09F53046BC
:1007A00045F43441FFF77AFE3A4649463046FFF7B2
:1007B00097FF44EA891141EA080141F4C0513046EB
:1007C000FFF76CFE45F43C41C0E7BDE8F88300004C
:1007D00008B50378012B04D9FF2902D905481AF07E
:1007E000EBFAC9B241EA022141F41041BDE80840E8
:1007F000FFF754BECECC031008B50378012B04D903
:10080000FF2A02D905481AF0D7FAD2B242EA0121EA
:1008100041F41841BDE80840FFF740BECECC0310BC
:10082000D2B242EA012141F42841FFF737BE38B580
:100830000C460546436953F8223042689B1A43F040
:1008400001030A460A3B4FF24021FFF7A7FE234669
:10085000284622464FF43241FFF789FE210101F07C
:10086000800104F00704214341F488412846BDE893
:10087000384041F07801FFF711BE000073B51F2B1F
:1008800005460C46069E11D8114307290ED81A4971
:1008900044EAC202895D41F0010142EAC12141EA14
:1008A000831102B0BDE87040FFF7F8BD03FA06F10E
:1008B000B1F5805F0DD2284642EA461641EA04327D
:1008C00046F4784141F0900102B0BDE87040FFF776
:1008D000EFBD214628461F3B0096FFF720FF064B41
:1008E000E1009B5D284643F0010341EAC321214317
:1008F00041F4F861D5E700BF581004102DE9F74323
:100900001F2B06460C46154698460A9F10D841EA0A
:100910000203072B0CD8204BD95D44EAC12141EAE0
:10092000C20141EA881103B0BDE8F043FFF7B6BD4C
:1009300008FA07F2B2F5805F0DD2304645EA47115A
:1009400041F4784142EA043241F0800103B0BDE84D
:10095000F043FFF7ADBD4FF0010909FA05F9304644
:1009600049F43441FFF79AFD2A4629463046A8F15A
:100970001F030097FFF7D3FE074B44EAC501DB5D79
:10098000304641EAC32141F4F861FFF787FD304664
:1009900049F43C41C7E700BF58100410436910B444
:1009A00053F8211043680446CB1A043B0131C3F3CA
:1009B0004A020ED0D91C0CDA23F4FF6121F00701A2
:1009C00011F5006F05D15DF8044B42F46041FFF76B
:1009D00065BDC3F30A33204642F438425DF8044B48
:1009E00043F47041FFF764BD436930B453F82220EB
:1009F00043680546D31A043B01324FEA63040ED024
:100A0000DA1C0CDA23F0FF0212F5807F07D1E4B282
:100A100044EA012141F4504130BCFFF73FBD5A1177
:100A2000C4F30A0402F4005222439C12181204F484
:100A30008064C3F3053300F400602343024343EAB8
:100A40008111284630BC42F4004241F47041FFF766
:100A50002FBD37B51446022205460B4600922146AB
:100A60000722FFF70BFF2846E10041F48F4103B056
:100A7000BDE83040FFF712BD73B50DF105050B461B
:100A8000294602F07F06D2092C4605F8016DF8D1FF
:100A9000491B984740B10146A31E01AC13F8012F32
:100AA000A34203D15B1BC25402B070BD62F07F024F
:100AB00001F8012BF2E703460268002010B512F896
:100AC000011B01F07F04090644EAC010F7D41A6044
:100AD00010BD07B5019001A8FFF7EDFF03B05DF869
:100AE00004FB10F9013B002BFBDB70472DE9F04FB5
:100AF0001E46838991B00293436804925A1C426057
:100B00001A7800230446894698461F46D0F800B05C
:100B100002F0030501936168120601F101001BD484
:100B200000234FF0060ECDE9073362680898511C88
:100B3000616012780EFB03FC02F00101994008434A
:100B40000890C2F34501079801FA0CF10843120618
:100B5000079018D50133E8E760600A780198C2F37E
:100B6000801199400F4302F0040199400D43C2F3F4
:100B7000C0019940084302F001019940019048EA00
:100B800001080133C7E70021A368E18103F1040AEA
:100B90000393029B50469B001A4605933BF022FBB1
:100BA000029B019A5B1B06939B1A013B4D450AEB86
:100BB000830107F0040273D22AB94B462A469649AC
:100BC000964819F00CF90A1FA9EB050006EB850100
:100BD0000A93099215F098FE099AAC4611460A9BB1
:100BE0004AF823003246059B0398184406EB8C0311
:100BF0009A427BD1049A07F008030B93134307F042
:100C0000020700F0EF80002F75D010460A910FF018
:100C100085FE0A990990086000230A93019B06EB60
:100C20008909EB180C930A9B049A934265D16FF0E3
:100C3000030202FB08F208F1030602EB8602B00091
:100C40004646069B5A444FEA83090AEB83031F1F5B
:100C5000002E40F09380059A0C38034452449A4287
:100C600000F296806068FFF73CFF002295420F90EB
:100C700040F09780039D08F104084D44019BB34266
:100C800040F09380079B6768089E1F44029B3E4488
:100C90005D1EBE4240F0B580666011B0BDE8F08FC9
:100CA0001AB15F4A04394AF82320049A07F008036E
:100CB000134312D1A5EB08024A4515D8029A08EB56
:100CC0000903A2EB0900039A5B1B0BEB830302EB06
:100CD00080000BEB880C634501D1CC4682E71A6992
:100CE000043340F80429F6E74B4668E752F804CB92
:100CF00040F804C97CE709978EE76068FFF7F1FECA
:100D00000021D9F800600F900C9B8B4203D847BBA1
:100D10004449F20816E00FA80D91FFF7CCFEDBF86E
:100D200004200D99926832F81020D20042F002029D
:100D3000964214D1029B5A1E521A5AF8221021B11F
:100D40003949F208354819F04AF8D9F804104AF838
:100D500022100A9B09F1080901330A9363E7013164
:100D6000D2E7099B01223146181D09F003FE4268B3
:100D7000002AE5D1D9F804204260EAE757F804CF09
:100D8000BCF1000F02D152F826103960013E5FE736
:100D900053F8040B00287FF462AFD21A2349921053
:100DA000D0E7FFF79EFE013260E70FA8FFF783FE52
:100DB000DBF8043055F804299B6833F8107062B9E9
:100DC0000B9B63B15BF82800F90041F0020104308D
:100DD00009F0D0FD18B143686B6001364EE73A4622
:100DE0001349AFE7019B13B1124819F0C3FF002F5D
:100DF0003FF448AF019803910FF090FD039908600C
:100E000040E717F8018BA5EB08085AF828000EF008
:100E10008FFF4AF828003CE762CC0310582A0410E0
:100E2000483B0410EFCC0310E4CC0310F5CC0310C6
:100E3000FFCC031007CD031030B40568ED684560A2
:100E400000F11005856030BCFFF750BE30B4046877
:100E5000E568A4682D680DB154F82540446000F1A0
:100E60001004846030BCFFF741BE000040280B46F0
:100E700010B533D00DD800F0FD003C2809D162290F
:100E800018D848294FF0010106D8422B31D0482B01
:100E900054D02F4819F0BEFD40F2C944A3F14900D7
:100EA000C0B201FA00F020424DD1622B21D0512B6B
:100EB000EFD111E0A1F16403DBB20D2BE9D80121E0
:100EC00001FA03F313F4927F3DD113F0120F35D1E1
:100ED00042F201000342DCD0082030E062291AD837
:100EE000482908D8422903D0482925D00129D0D142
:100EF0000121084623E0A1F14900012140F2C94443
:100F0000C0B201FA00F020421FD1622BF1D0512B68
:100F1000BFD10821EDE7A1F16403D9B20D29B8D8FA
:100F200001238B4013F4927F0CD142F201010B425A
:100F3000EFD113F0120FACD00221DAE7022002B198
:100F4000116010BD04210420F9E70421D1E700BF9E
:100F500018CD0310512808B52CD8412803D80128F2
:100F600057D0002051E042380F28FAD801A353F897
:100F700020F000BF13100010630F0010630F00106B
:100F8000630F0010630F0010630F00101D1000109E
:100F900023100010630F0010630F001023100010C7
:100FA000630F0010630F00106B1000107110001021
:100FB0003F1000106238C3B20F2BD2D80F28D0D800
:100FC00001A353F820F000BF09100010630F0010B8
:100FD0005D100010630F00104F100010630F001021
:100FE0001710001071100010630F0010630F001035
:100FF00071100010630F0010630F0010630F0010DA
:10100000630F00102F1000108856400040F00100C0
:101010002DE0885CF9E731F91200F6E731F81200AB
:10102000F3E751F82200BDE8084011F008BA01EBDF
:10103000C201D1E90001BDE8084011F0D5B901EBCA
:10104000C201D1E90001BDE8084011F0E8B901EBA7
:1010500082010868BDE8084010F020B901EBC20128
:10106000D1E9000135F038FAF4E751F8220008BD63
:1010700051F82200BDE8084011F0C6B970B5044629
:10108000084652B94FF0FF35621E134410B193F970
:101090000010C8170146002209E00125F6E71E7876
:1010A000090241EA10612B4446EA00200132A242C3
:1010B000F5D170BD2DE9F3410646174601AA0D464C
:1010C00098461C68FFF7D2FE402E07D13C26019BB4
:1010D000E41B5A1E14445B421C403C442318C8F8CD
:1010E00000302346A6F13E04624262415A2D94BF6D
:1010F00000210121FFF7C2FF4F2D02460B465AD0B7
:10110000532D04D102B0BDE8F04113F089BD652D27
:1011100025D1C2F30903C2F384221F2A80B21AD058
:1011200062B170325B03000443EAC25300F0004036
:10113000184302B0BDE8F04110F0B0B86BB17024B4
:1011400059008BB24905224604F1FF34F8D5A3F5C6
:1011500080639BB2E6E7FF22E4E71A46E2E7662DEA
:10116000E7D0642D02D135F0B7F9E2E75A2D12D954
:1011700010F1804441F10005B4F1004F75F1000514
:1011800004D202B0BDE8F04111F03EB902B0BDE8B2
:10119000F04111F029B9B0F1804F73F1000104D290
:1011A00002B0BDE8F04111F04AB9194602B0BDE8FD
:1011B000F04111F034B902B0BDE8F08113B5044636
:1011C0000193104629B9224601A93BF091FA02B0D9
:1011D00010BD01AB23441444A242F8D013F8011D02
:1011E00002F8011BF8E700002DE9FF470C9F80463D
:1011F000144601AA89469A463D68FFF737FEB8F1C2
:10120000400F064609D14FF03C08019BA5EB0A05AB
:101210005A1E15445B421D405544A8F13E01AB19CE
:101220003B604F424F41B9F1650F1DD014D8B9F161
:101230004F0F41D0B9F1640F51D0A3076CD1226890
:101240003F4B9A4268D12B4632463946204611F030
:1012500001F804B0BDE8F087B9F1660FEDD1204682
:101260000DF026FE044627E020460DF021FEC204C4
:10127000C0F34931C0F3C75348BF0131FF2B2AD017
:101280008BB1B3F1700221D50B3226DB41F48061C2
:1012900089B2C3F1700341FA03F313F00102C3F3FF
:1012A0004E0101D001310022264B03EA104341EAEE
:1012B000030444EA8224A4B2042E304623462A467C
:1012C000394628BF0420FFF779FFC2E73F2AEBDD4C
:1012D0001F220021E8E71F22E6E70021E3E720467E
:1012E0000DF0E6FD38F078F9CDE9020104AB03EB2F
:1012F00087032A4653F8083C39460420FFF75EFF6F
:10130000B8F13E0818BF4FF0010804AB03EB8808A2
:1013100058F8084C0435CFE720460DF071FD042E37
:101320000446C9D90028B4BFFF210021284632460F
:101330003AF058FFB8F13E0F04BF331FED18BBE77A
:101340003C3004100080FFFF10B50446712C184695
:1013500007D8612C06D8012C50D0423CE3B20F2BA9
:1013600026D910BD623C0F2CFBD801A353F824F002
:10137000FD130010631300102714001063130010F6
:101380001514001063130010011400103514001020
:101390006313001063130010351400106313001062
:1013A0006313001063130010631300100714001080
:1013B0000F2CD6D801A353F824F000BFFD13001062
:1013C0006313001063130010631300106313001005
:1013D0006313001001140010351400106313001083
:1013E0006313001035140010631300106313001012
:1013F0006313001035140010071400108854B0E770
:1014000021F81200ADE701EBC203C41741F8320026
:101410005C60A6E707EE900AF8EEE77A01EB82023D
:10142000C2ED007A9DE701EBC20435F063F8C4E930
:10143000000196E741F8220093E700BF64282DE9F8
:10144000F04106460F4614461D4620D0662816D0A9
:101450004F2826D013F0030826D11A68184B9A4259
:1014600022D1424601464020FFF700FD414600FBE5
:10147000047302462846BDE8F04110F0EBBE184662
:1014800001EB82040DF014FD2060BDE8F0811846E8
:1014900001EBC2040DF00CFD38F09EF8C4E9000128
:1014A000F3E741F82230F0E728460DF0A9FC224688
:1014B000034639463046BDE8F041FFF745BF00BF5F
:1014C0003C30041037B50C4601A9206813F0ECFE3F
:1014D0000546606813F062FE29460023019A09F070
:1014E000A9F90546A06813F059FE512807D0B0F5B8
:1014F000657F12D0502812D00A4819F08BFA0121CA
:10150000002328461A4618F07BFD074904460820A8
:101510000DF08DFB446003B030BD0021F0E70221E7
:10152000EEE700BF23CD03101C2704104FF05043FB
:10153000F0B515461A68334B012853F8223085B0B0
:10154000D3E903CE1AD94C68062C14D0A6070FD1C4
:1015500022682D4EB2420BD12646022810D08A684E
:10156000062A0DD0900703D11068274EB0422BD029
:10157000002019F0FFFB66467446EEE766467446A7
:101580000F68BA0722D13A6820498A421ED16846BC
:10159000CDE902EC1E49C3E903640DF0D1FA786885
:1015A000830708D103681B4A934202D01A4A934228
:1015B00001D143685C6018F01DFD044601200DF068
:1015C000CDFA204605B0F0BD1646D9E76DB93846CC
:1015D00013F0E4FD09F03CF9012533462246294683
:1015E00005B0BDE8F04018F00BBD6946052238464D
:1015F0000DF03AFEDDE900120023DF2009F01AF9B0
:10160000EBE700BF002000204C2904101C27041029
:10161000E19A0110902E0410702E04100222FFF7A0
:1016200085BF0122FFF782BF0022FFF77FBF70B5A1
:1016300006460D4600246B68A34200D870BDAB6817
:1016400053F8341021B1042902D0304611F035F995
:101650000134F0E72DE9F74F38B9544954480BF0FD
:1016600005F8062003B0BDE8F08F41F692030C6840
:101670009C4250D10021084611F0ACFB4D4901902D
:10168000FFF7D5FF4C490198FFF7D1FF4B4E019F63
:1016900035788DB901204A4A01A911F0EDF9019B75
:1016A000434FD3E90289DFF834A108F10306B608F5
:1016B000AE4210D14349D1E730463BF0CDF8C11ED0
:1016C0000446304613F01CFA01340146384611F046
:1016D000F4F82644DCE7AB4659F82B0013F076FD0E
:1016E000B344014638460AF0C1FFD8450DD9C0F1D0
:1016F0001200002807DD0446514638460AF0B6FFBE
:10170000013CF9D1E8E71230F3E738462E490AF0F8
:10171000ADFF0135CCE720460DF096FA05462B4982
:1017200023480AF0A3FF002120460DF0BFFAEA8803
:1017300027491F480BF048FB264B9D422AD164687D
:101740000025DFF89C801A4EDFF898900434636817
:101750009D4286D2A36853F8357003EBC502BFB132
:10176000042F15D041463046D2F804A00AF07EFF7F
:10177000002138460DF09AFA494630460AF076FFC5
:10178000002150460DF092FA30460F490AF06EFFE4
:101790000135DCE7104B9D4218BF2C46E37C002B43
:1017A0003FF45FAF04EB83042469C9E7BC890410EC
:1017B0007C21041044320410B031041008AE04102F
:1017C000B429041032CD0310C302041056CD031007
:1017D0005ECD0310D0320410183C04102102041016
:1017E000200204106ECD0310022281680248C90055
:1017F000114309F0BFB800BF4C2800202DE9F04F7D
:1018000085B0044600AF18460E46BA2198461546E4
:101810000FF06CF80022814640F6AA7108F104002E
:1018200009F0A8F807F10C018046484613F03CFD8A
:10183000FB6801460344B8F1000F00D0013C4CB9ED
:1018400099420AD11C491D4818F0C0FA13F8012D1D
:101850002E2AF3D09942F9D3F2E7D5F800905A1A1C
:1018600002EB090404F1080323F00703ADEB030DB9
:101870006B4618467A604FEAD30BE8463AF038FFD9
:1018800004F1010A7A68B9F1000F09D02E23501C27
:1018900002F83B3031684A4640443AF029FF54464A
:1018A0002146404617F012FD17F0ECFD143730606A
:1018B0002C60BD46BDE8F08F73CD0310E42B0410FF
:1018C00010B51BF028FA0822084904463AF022FE17
:1018D000024630B9014604F10800BDE8104007F0A7
:1018E00007BE2046BDE8104023F0D0BC87CD0310D2
:1018F00010B50446FFF7E4FF02280ED0616801220C
:10190000023920461BF066FA6D2303702046FFF76C
:10191000D7FF831E58425841400010BD10B5044601
:10192000FFF7CEFF012808D0204604491BF045FAF6
:101930002046BDE81040FFF7DBBF10BD8A0A041047
:1019400030B5D20085B00D4642F002024FF4F97175
:10195000044618F0E5FC4FF0504319680C4B6268E0
:1019600053F82130684619690291D9680391C3E997
:10197000032208490DF0E4F800222146284603F02E
:1019800085FF18F037FB01200DF0E8F805B030BDF9
:1019900000200020E19A0110F0B5044685B0084609
:1019A0000E461BF0B8F90822224905463AF0B2FD6E
:1019B000D0B905F108076A46384601A907F098FD35
:1019C000019B022B10D1009D04F1080395E8030050
:1019D00083E80300384617F035FD02462046A96823
:1019E000FFF7AEFF05B0F0BD284617F02BFD73687A
:1019F00007461D4415F8033C6D2B07D102A902943C
:101A000017F0DCFBDDE902013A46E9E708F020FFC8
:101A1000054602684FF4F971D200204642F00202F6
:101A200018F07EFC636801211A46284618F0E8FA8F
:101A3000D8E700BF87CD03102DE9F04F0646032EEF
:101A40000D460868B1B009D9042ED1F80CA022D0F7
:101A50000C69641005D5002018F0DCFF00244FF05D
:101A6000060A03A913F020FC0490E4B14FF05043A0
:101A70001A687A4B012E53F822301B690ED96A6816
:101A8000062A0BD0930703D11168754B994204D0F5
:101A9000002019F06FF90024E3E71346204603AA5B
:101AA00004A9FFF7ABFE039B002BD4D00026012531
:101AB0003446B046DFF8C0B1039BAB4207D2BAF15F
:101AC000060F0CBF4046204631B0BDE8F08FDDF870
:101AD000109003D019F805302E2B22D12946484604
:101AE00017F0F4FBA91B074609EB060017F0EEFB05
:101AF00006AA064605A9DBF8B4000DF02BFA059BF3
:101B00008BB1F9000022574841F0020108F032FF82
:101B100048B1D0F80490B8F1000F08BFC8464C4651
:101B20006E1C0135C8E7802110AA0CA81BF09AF89A
:101B3000002C3DD12146304611F056FA814600284E
:101B4000E9D1DBF8B40008AA07A90DF003FAA14611
:101B5000079B99450BD30121304611F045FA814688
:101B60000028D8D13A464049404818F038F90023B7
:101B70000D93089B09A953F8290013F095FB099AC6
:101B8000014632B10CA81BF045F82F210CA81BF020
:101B9000D8F8304617F076FC01460CA81BF00DF97A
:101BA0000CA8FFF7BBFE034610BB09F10109CFE704
:101BB000204640F2F51109AA18F0A4F80998002867
:101BC000D0D013F003FB01460CA81BF0F6F82F2130
:101BD0000CA81BF0B6F8304617F054FC01460CA8D0
:101BE0001BF0EBF80CA8FFF799FE03460028B9D0CC
:101BF0003846019311F0D6F91D49814609A80B9783
:101C00000CF09EFF019B012B22D1DDE90D1012F09B
:101C100077FF40F2F5110246484618F081FB15495E
:101C20000CA80D9F1BF0C9F80CA8FFF761FE022855
:101C300003D148460CA9FFF7AFFE0D9724B14A46E1
:101C40003146204618F06CFB00200CF087FF62E75D
:101C500048460CA9FFF7A0FEF0E700BF00200020D7
:101C60004C2904104C28002090CD0310E42B0410C4
:101C7000E917001012090410F8270020036A1B8BD3
:101C8000012B1EBFC3685B18C360704710B50446C4
:101C9000836A406A9B6F9847238B226A0133918C39
:101CA0009BB29942238338BF938410BD10B504467C
:101CB000038B013B0383836A406AD3F884309847DF
:101CC0002046BDE810400121FFF7D8BF2DE9F04FB5
:101CD00085B004460D46984603921BB1CB8A43F06B
:101CE0000803CB82039BEB83236ADA8A42F030023B
:101CF000DA821B78002B46D1A36A2946D3F8B46058
:101D00004346B446039A606A05B0BDE8F04F6047A9
:101D1000DB6A03EBC60B13F83630053B012B1DD8ED
:101D20004FF0000917E0EB6A03EBC90213F83930F2
:101D3000062B0ED1DBF804105368994209D1A36A2F
:101D4000BBF802201B69606A1F460023B8470AF1EE
:101D5000010A09F101092B8D4B45E4DC0136236AA8
:101D60001A8DB242D4DCD4E90903BAF1000FC3D012
:101D7000CDF80080D3F8B84052462946039BA047CF
:101D800005B0BDE8F08F0026B246E8E710B504467E
:101D9000836A0021D3F88830406A9847A36A606A52
:101DA0000F211B6B9847A36A606A0121D3F8CC30DE
:101DB00098472046BDE810400321FFF75FBF38B5C4
:101DC0000446836A00225B6C406A9847A36A606A93
:101DD000D3F8C05000231A461946A8472046BDE84C
:101DE0003840FFF7D3BF836A896800221B6D406AC1
:101DF00009091847836A8968DB6B406A184710B580
:101E00000446084611461A4619F046F9236A43600B
:101E100000238360E3690BB9E06110BD1A469B683B
:101E2000002BFBD19060F8E72DE9F04F87B0054615
:101E30000C4600AF11B90121116013E011F0030647
:101E400019D10B79682B06D1CB681B0913608C68FC
:101E5000002CF0D0012604F00F03022B0DD1210934
:101E6000002EE9D0AB6A0022DB6A686A98471C370B
:101E7000BD46BDE8F08F0026EDE716B9A3681B0943
:101E80001360A14659F8043FC8464FEA132A09EBEC
:101E90008A030AF1FF3BBB6058F8040F000917F0F2
:101EA000E6FABB6883449845F6D10BF1070323F0AB
:101EB0000703ADEB030DE8460023C7F80CD059F833
:101EC000040F07F1140100093B6017F0E7FA7A6983
:101ED000014640467A603AF00BFC3B687A68013371
:101EE0009A45904418D15946F86817F0EFF9AB6A53
:101EF00001460022DB6A686A9847002EB7D0083492
:101F0000BB689C42B3D054F8041FAB6A00221B6D1F
:101F1000686A09099847F3E74FF02E0208F8012B89
:101F2000CDE731B1826801F00303134304BF0B68AE
:101F3000836070472DE9F04107461E4659B111F004
:101F4000030510D14B68D8B290420CD14FEA132848
:101F50000C1D454501DBBDE8F081384654F8041FEF
:101F6000B0470135F5E738463346BDE8F04118473C
:101F7000F8B50E4611461A460023044685780769CF
:101F8000837003610E4BFFF7D5FF6368BBB9618AAD
:101F900051B1228A42B9A36A606AD3F8A030984747
:101FA000A36A606A1B6C984731462046238A628A7E
:101FB000FFF78CFE003D18BF01252761A570F8BD15
:101FC0003928001070B543780546012B0C4606D120
:101FD000036A0A461B8B0221FFF711FF2061284686
:101FE000A26821694C23BDE87040FFF7C1BF70B5FE
:101FF000134642780546012A0C4604D10A460721B9
:10200000FFF7FDFEA061A669284646233146E26837
:10201000FFF7AEFFB08A70BD9D22024B8968FFF7C3
:1020200089BF00BF412D00106B22024B8968FFF76A
:1020300081BF00BFD548001038B543680D4604463F
:1020400011464BB905480EF055FF29466060204601
:10205000BDE83840FFF765BF38BD00BFA02A0410B7
:10206000014AFFF7E9BF00BFA0CD03100B7970B59F
:10207000092B4FF6FF730CBF858AC58A04469D4223
:1020800002D1064AFFF7D8FF218B628BA36A606AF0
:102090008A1A5B6F2946BDE870401847ADCD031022
:1020A00038B5054679B101F00F03022B0DD10C09AB
:1020B00020460CF0FFFC002806DA224605490648B7
:1020C0000EF0AEFF6860002038BD044AFFF7B4FF91
:1020D000F9E700BFC6CD0310342A0410CBCD03109E
:1020E00070B5144605460E46127883B132B1032A04
:1020F00004D0104ABDE87040FFF79EBF032626704B
:102100006168286A19F027F800B1067070BD62B9DD
:10211000012323702146006A19F024F82378012B4B
:10212000F4D131462846044AE4E7062AEED0034AB1
:10213000E0E700BFD2CD0310DFCD0310ECCD0310DC
:102140002DE9F34143780446012B0D461AD10B7952
:10215000102B0CBF4FF001084FF0000808D0036AA5
:102160001B782BB9114A02B0BDE8F041FFF764BFFC
:102170006D2101AA05F1080016F06CF9002607464A
:10218000B74202D102B0BDE8F081019B002253F8B2
:102190002610206A090918F0BDFF43460246294669
:1021A0002046FFF79DFF0136EAE700BFF3CD03109D
:1021B00010B4026A044640780B46012804D1104648
:1021C0005DF8044B03F00DBBA16A606A20315DF835
:1021D000044B03F015BB10B4044662780B46012A89
:1021E000006A03D15DF8044B18F094BFA16A02465F
:1021F0001031606A5DF8044B03F002BB70B5054610
:102200000C4600292ED0CA0706D5836A49105B6B9D
:10221000686ABDE8704018478B0717D004F00F04B8
:10222000022C4FEA11110AD0062C0CD0052919D026
:10223000BDE87040836AC9B21B6B406A1847BDE8AD
:102240007040FFF7C8BF836A9B6BE1E7836A096848
:10225000DB68406A98472279034B2146284653F8A9
:102260002230D6E770BD00BFA41004102DE9F74F4F
:1022700005460C4616461F46204615F0B1FE40B1F5
:102280006EB93946AB6A9B6E686A03B0BDE8F04F21
:102290001847204615F0A7FE20B1002EF1D103B05B
:1022A000BDE8F08F002C48D0A30746D163684FEA01
:1022B000132BDBB21E2B18D1DEB1043404EB8B0BD5
:1022C0005C45ECD03B463246284654F8041FFFF7E5
:1022D000CDFFF5E7434628465AF8041F019209F15D
:1022E0000109FFF7C3FF019A11E01F2B1FD1002E38
:1022F000E3D04FF00009D5F80C8004F1040A08F18E
:102300000103EB600BF1FF33009386F00102009BA9
:102310004B45DFDC0BF101013B4654F821103246FE
:102320002846FFF7A3FFAB6A41469B6AACE7202B28
:1023300003D1A46886F001069EE721462846FFF7F0
:102340005DFF3A463146AB6A686ADB6E03B0BDE8B2
:10235000F04F184738B5026A044612780B46072A30
:1023600006D0022A04D0BDE83840144AFFF764BE04
:102370009D6885B9A36A0F211B6B606A9847A36AA1
:10238000606A0021D3F8CC3098472046BDE8384039
:102390000121FFF773BCAB070BD12B79AF2B08D111
:1023A0002046A968FFF72AFF2046BDE83840FFF71E
:1023B000EDBC29462046FFF721FFE0E705CE0310DC
:1023C00070B543780446012B1546CE6806D1036AE2
:1023D0000A461B8B2946FFF712FD70610023204639
:1023E0001A467169FFF772FC2046F168FFF706FF95
:1023F000062D05D1A36A0021D3F88830606A98477A
:10240000A36A606AD3F8BC500023AC46BDE87040B4
:102410001A460121604738B505460C46C968FFF7E2
:10242000EDFE2846A168BDE83840FFF7E7BE0B790E
:1024300070B5342B04460D4610D18968FFF7DEFED7
:10244000ED68AD6885B9A36A0F211B6B606A984778
:10245000A36A04220221D3F8A0301AE0836A0F2174
:102460001B6B406A9847ECE7AB071FD12B799A2B7F
:1024700013D1A36A0F211B6B606A9847A9680029D2
:10248000E6D02046FFF7BAFE04220321A36AD3F860
:10249000A030606ABDE8704018479B2B06D1A96840
:1024A0002046FFF7ABFEEB689968E8E7294620462F
:1024B000FFF7A4FECCE710B504468968FFF79EFE3F
:1024C000A36A606A0021BDE81040DB6C1847000079
:1024D0002DE9F7438D68044616465DB9002A75D08C
:1024E00002222946836AD3F8A030606A03B0BDE8AF
:1024F000F043184715F0030740F08A802B79372BFB
:1025000013D132B1836A02220121D3F8A030406A8C
:10251000984720462946FFF771FEA36A606AD3F800
:10252000A43003B0BDE8F04318479F2B70D1EB688F
:102530001A79A12A5AD1A22101AA03F1080015F0A3
:1025400089FFA968804621B38B0722D10B79372BED
:102550001FD136B1A36A411C0222D3F8A030606AB1
:1025600098472046A968FFF749FEA36A606AD3F836
:10257000A43098474FF00109474510D1B9F1000F39
:1025800024D1A36A0322D3F8A030606A791C98474B
:102590001CE02046FFF732FE4FF00009ECE7019BFC
:1025A00053F82710A9B18E0713D10E79A6F1370081
:1025B000464246412046FFF721FEB9F1000F11D0F7
:1025C0004EB9184A29462046FFF736FD03B0BDE84C
:1025D000F0830026EEE7A36A606AD3F8A430984738
:1025E0000137C9E7002EFBD00F4AEBE7AB685BB1C0
:1025F0009A0709D11B79372B06D10422294603B04B
:10260000BDE8F043FFF7DCBE052229462046F6E789
:1026100029462046FFF7F2FDA36A03220121D3F8E1
:10262000A03062E710CE03101ECE03100122FFF788
:102630004FBF70B50D460446C968FFF7DFFDA968B6
:10264000A36AC1F30711332918BF3F39606A08BF75
:102650000221BDE87040D3F8983018BFC9B21847BE
:10266000F8B54F680C46896805460026FFF7C6FD99
:102670003F0A0C340236B74204F1080400DCF8BD0E
:10268000284654F8041CFFF7B9FD54F8081CAB6A3F
:1026900009092439D3F89C30686AC9B29847E9E738
:1026A0002DE9F0410C464E6854F8081F05460127F5
:1026B000FFF7A4FDA6F10D085FFA88F8360AB742C5
:1026C00001DBBDE8F081284654F8041FFFF796FDB2
:1026D000AB6A4146D3F89C30686A98470137EEE709
:1026E0002DE9F04104464E680D46360A8968FFF729
:1026F00085FD032E98BF4FF000084FF0010782BF01
:10270000D4F80C8008F10103E3607B1C9E4222DCBC
:10271000032E55D9E568606A6B1CE360A36A2946FD
:102720009B6E9847A36A4146606A9B6A9847A36A72
:102730000121606A9B689847A36A606A1B6E98478C
:10274000A36A606ADB6D9847A36A2946606A9B6A40
:10275000BDE8F0411847204629690237FFF74EFDD2
:10276000B74207DAA36A606A5B6D9847A36A606A3A
:102770005B6E9847EB68A26A03F00F010A29D2F852
:102780009C20606A11D1C3F30713252B0EBF0621CD
:10279000343BD9B29047B74205DAA36A42460021DA
:1027A0001B6F606A98470835AFE71979852901D111
:1027B0003221EFE79B680BB90721EBE73321E9E70B
:1027C000BDE8F08110B504468968FFF717FDA36ADC
:1027D000606A0321BDE81040D3F8983018472DE90E
:1027E000F0470D460446002755F8046FD0F80C80DA
:1027F0005FFA86F9A9F11E03D3F1000949EB030939
:1028000008F10103C360360AB74206DBA36A4146FA
:10281000606A9B6ABDE8F0471847204655F8041FD8
:102820000137FFF7EBFCB742F0DAA36A42464946AC
:102830001B6F606A9847E7E701F00F03022B70B542
:10284000044612D00B79492B09D0483B082B18D8E5
:10285000DFE803F00817071717171705070001230C
:10286000A37070BD8E680D6975B9A378002BF8D17F
:10287000638A002BF5D02046BDE870401C4AFFF764
:10288000DBBBD1E90265EFE7A3783BB3238A0133D1
:102890009BB2012B23820ED1D4E90903618AD1B105
:1028A0000022D3F8A0309847A36A02220021D3F86F
:1028B000A030606A984729462046FFF79FFCA36A2C
:1028C000606A9B6B31099847A36A606AD3F8A430A9
:1028D000BDE8704018471B6C9847E5E7638A2946B6
:1028E000013320466382BDE87040FFF787BC00BF1C
:1028F0002BCE03102DE9F04104460E46C568D1F8F1
:102900000C80AB1C0022D8F80810C3602B46FFF7E0
:10291000ADFC2046B168FFF771FCA36A6F1C394615
:10292000606A9B6E9847A36A2946606A9B6A9847CB
:10293000A36A606A9B684FF0FF3198472046D8F839
:102940000C10FFF75BFCA36A3946606A9B6ABDE81E
:10295000F04118472DE9F047C668D0F814A0B31C21
:10296000C360038B06F10108B0F81A900446868212
:10297000A0F81680438388680D4615F031FBF8B93E
:10298000E768A8687B1CE36015F02DFB20B9A36AFB
:1029900041469B6E606A9847A36A39469B6A606AA3
:1029A00098472046E968FFF729FCA36A41469B6ADD
:1029B000606A98473B4601222046A968FFF756FC0B
:1029C00020462969C4F814A0A4F81A90FFF716FC51
:1029D000A36A3146606A9B6ABDE8F04718472DE953
:1029E000F347C6680446731CC36088680D4615F03B
:1029F000F7FA0246E8B9E76820467B1CA968E3605D
:102A00003B46FFF733FC2046E968FFF7F7FBA86871
:102A100015F0E9FAD8B92B690BB96B6923B1A36A30
:102A200031469B6E606A9847A36A39469B6A606A22
:102A30009847712101AA05F1100015F00BFD002740
:102A400081464F450BD120466969FFF7D7FBA36A42
:102A500031469B6A606A984702B0BDE8F087019BE7
:102A600053F82780D8F8080015F0BAFA0246F8B9EA
:102A7000D4F80CA020460AF10103D8F80810E3604E
:102A80005346FFF7F3FB2046D8F80C10FFF7B6FBD0
:102A9000D8F8080015F0A7FA0028D8D1A36A314663
:102AA0009B6E606A9847A36A51469B6A606A984722
:102AB0000137C6E7184B2DE9F041D3F83C720446C4
:102AC0000D463FBBC6680122731CC360896833464C
:102AD000FFF7CCFBA36A1F2101225B69606A98475C
:102AE000E96851B12046FFF789FBA36A3A46D3F85B
:102AF000BC5001213B46606AA847A36A606A012175
:102B0000D3F8C8309847A36A3146606A9B6ABDE82B
:102B1000F0411847BDE8F081F827002070B58D68B6
:102B200004463DB92946836AD3F8C830606ABDE8D7
:102B300070401847AB070ED12B795E2B0BD1A968DB
:102B4000FFF75CFBE9682046FFF758FBA36A022108
:102B5000D3F8C830EAE729462046FFF74FFBA36ABF
:102B60000121D3F8C830E1E710B504468968FFF7C2
:102B700045FBA36A606ADB6DBDE8104018470000A2
:102B80002DE9F041026A04461278072A04D0BDE814
:102B9000F0411A4AFFF750BA8D685DB9836A0F2178
:102BA0001B6B406A9847A36A606AD3F8C430BDE8DB
:102BB000F041184715F003021DD12B791B2B1AD1B8
:102BC000C668EF68731CC360B9683346FFF74EFBF5
:102BD000A9682046FFF712FBA36A606AD3F8C430E5
:102BE0009847A36A31469B6A606A9847F96820460D
:102BF000FFF704FBD7E72946F9E700BF49CE0310EA
:102C00002DE9F0410C46054654F8046F360A04EBF2
:102C10008607BC4208D1AB6A3146686A0022BDE82B
:102C2000F041D3F8A0301847284654F8041FFFF7A6
:102C3000E5FAEEE78968034610B441B9826A406A52
:102C4000D2F8A0400A4623465DF8044B18474A686C
:102C5000120A022A0BD1CA684AB1940707D1127925
:102C6000AC2A04D106225DF8044BFFF7A9BB184635
:102C70005DF8044BFFF7C4BF2DE9F0410E46054651
:102C80000F46002456F8043F4FEA1328444501DB61
:102C9000BDE8F081284656F8041FFFF7AFFA6B68CD
:102CA0003BB10234284657F82410BDE8F041FFF745
:102CB00038B90134EAE710B50446FFF7DDFFA36A2F
:102CC000606A2221BDE81040D3F89C30184770B5E7
:102CD0008D68044645B901222946836AD3F8A0309D
:102CE000606ABDE870401847A9071ED16B68DAB268
:102CF000922A1AD11B0A022B0CD1EB6853B19A0706
:102D000008D11B79AC2B05D12946BDE870400322C0
:102D1000FFF756BB29462046FFF7AEFF6968A36A56
:102D20000122D3F8A030090ADAE729462046FFF746
:102D300065FA0122A36A1146D3F8A030D0E700005B
:102D400001F00F03022B2DE9F04705460C4604D194
:102D5000BDE8F0470909FFF72BBA002955D011F05B
:102D6000030652D10B792C2B38D18968FFF746FA2C
:102D7000E668002E49D016F0030846D1776833463E
:102D8000FAB28E2A09D13F0A06F1040907F1FF3A87
:102D9000C24510DC013756F827301A79312A12D192
:102DA00028469968FFF72AFAAB6A686A0221BDE8EB
:102DB000F047DB6C1847284659F8041FFFF71EFA46
:102DC00008F10108E4E7322A1FD19968AB6A686A02
:102DD0000222BDE8F0471B6D090918472D2B14D1BD
:102DE0008C6894B163681B0A022B06D0271D6368A8
:102DF000B6EB132F10D3BDE8F087E368002BF5D0B6
:102E00009A07F3D11B79AC2BF0D121462846BDE8B7
:102E1000F047054AFFF710B9284657F8041FFFF797
:102E20008FFF0136E3E700BF55CE03102DE9F843CD
:102E30000446006A1746C68A0D46B20706D5374AC9
:102E400029462046BDE8F843FFF7F6B801F00F0227
:102E5000022A18D1A37809098BB1838B01338383AC
:102E60004FF000094FF00108002955D0002218F05A
:102E700051F903780646002B38D0294AE0E7438B06
:102E800001334383ECE70A798946BA420BD189685A
:102E9000A37809091BB1838B01338383E2E7438B5A
:102EA00001334383DEE79A4218D1A378002BC6D1C1
:102EB0000122A270896879B301F00F02022A1CBFB7
:102EC0008946D9F8081046F0040608BF99464FF025
:102ED0000308C6820CBF09090909C5E7896846F0DD
:102EE00002064FF005080909C682BDE7042380F8F1
:102EF00001800370236A1B8B032B0DD1482F0BD14C
:102F0000B9F1000F08D02046D9F80C10FFF7C8F827
:102F1000737843EA00137370BDE8F8835FCE031043
:102F200063CE031049234822FFF780BF4F234E2270
:102F3000FFF77CBF2DE9F04F0E4601620021427081
:102F4000C16033780446072B15468DB005D08A4AF8
:102F50000DB0BDE8F04FFFF76FB8012A05D0036B45
:102F6000021D29461B68C06A98476378D6F80C8012
:102F7000032B10D146210BAA08F10C0015F06AFAB8
:102F8000236B01469B680B9AE06A984763687083DD
:102F9000002B40F0BA80D8F81010C1B101F00F0337
:102FA000022B10D10B09752B3FD006D83E2B3ED0FB
:102FB0005E2B0CD02046714ACAE740F2D3329342CE
:102FC000F8D1032304E020466D4AFFF735F80223C9
:102FD0000493D8F81430192109AA08A8089315F009
:102FE00039FA4FF000090690069B994521D1637884
:102FF000012B16D9236B04995B68E06A98476378C4
:10300000042B0ED1049B206AE26A0393438B0521B3
:1030100002930023CDE900330069D2E9023202F0C5
:1030200024FC6368002B70D114E00023D0E7012357
:10303000CEE7099B4FEA890B53F829100B79082B2F
:1030400002D109F10109CFE7052B06D04D4A2046F0
:10305000FEF7F2FF0DB0BDE8F08F8B68002BF5D0C6
:103060009A07F3D1CA68002AF0D11A792C2AEDD137
:103070009E6806F00F02022AE8D1D3F80CA0BAF13C
:10308000000FE3D01AF0030FE0D19AF80430302B90
:10309000DCD1A4210AAA0AF1080015F0DBF93609EF
:1030A000B6F5387F07461BD1012805D10A9A136867
:1030B00003F00F03022B04D0334A099B53F80B1083
:1030C000C5E7E168012D01F10103E36019D0126841
:1030D000236BE06ADB681209984790B92B4AECE74A
:1030E000B6F5047F15D1012803D10A9B1968CB07D7
:1030F00001D4274AE1E7012D03D0E06A4910FDF72A
:10310000B8F96368002B9CD0D046D8F80030A36093
:10311000A0E740F259239E4223D1012804D90A9BFB
:103120001A6812F0010601D11A4AC6E7012DE8D04B
:10313000531007930A9A0BA952F8260014F03CFF8B
:1031400008B9154AB9E7E36A0B9805930FF099F9A6
:103150000136024607990598FDF792F9B742E9D181
:10316000CFE7012DCDD0236B0246D3F810B0314606
:103170000A9BE06AD847C4E76DCE03107ACE0310ED
:103180007ECE031086CE03108CCE031098CE031093
:103190009CCE0310A8CE0310BACE031010B4026A5E
:1031A000044640780B46012804D110465DF8044BD4
:1031B00002F017BBA16A606A18315DF8044B02F097
:1031C0001FBB00002DE9F14F8F0704460D46164640
:1031D00013D001F00F03022B18D102F0FD06012ECF
:1031E0004FEA111104D001B0BDE8F04FFFF7D6BF90
:1031F00001B0BDE8F04FFEF7EEBF4968CBB22D2B12
:103200007BD00BD8062B0DD02C2B12D02946204674
:103210004D4A01B0BDE8F04FFEF70EBF2E2B7FD018
:103220009D2BF3D1002EF1D105F10802090A2046A9
:103230007BE0022A02D0A968FEF7E0FFEF68002FCA
:10324000E4D017F00309E1D17B68B846DAB28E2AE0
:103250000DD1022E4FEA132805D007F1040A08F118
:10326000FF3BD94511DB08F1010857F8288098F891
:103270000430312B24D1022E0FD1A36A606A5B6E19
:103280009847A36A0121DB6C15E020465AF8041F19
:10329000FEF7B4FF09F10109E3E72046D8F808106A
:1032A000FEF7ACFF012EA36AECD19B6D606A9847D4
:1032B0000021A36ADB6C606A01B0BDE8F04F1847DB
:1032C000322BA3D1D4E90903012E0CD15B6D9847B1
:1032D0000022A36AD8F808101B6D606A090901B0C2
:1032E000BDE8F04F1847022E01D11B6E9847A36A24
:1032F0000122D8F808101B6DEFE7AA68002A85D0D4
:10330000002E83D15168090A022907D1D3682BB155
:10331000980703D11B79AC2B3FF478AF083286E7CE
:10332000002A7FF473AFA96821B901B0BDE8F04F5E
:1033300000F074B88E0703D10B790A46922BE1D0C6
:10334000012105F1080272E7C5CE03102DE9F0470F
:1033500004460D46C7681E46BB1CC360836A3946D7
:103360009B6A406A90469847A36A07F1010949465B
:10337000D3F88C30606A9847A96800222046FFF78E
:1033800021FF2D69002D2DD141462046FEF736FF45
:10339000236A1978A36A06291DD1D3F8CC302946AF
:1033A000606A984720460121FEF768FCA36A606ABC
:1033B000DB6D9847A36A3946606A9B6E9847A36A9B
:1033C000606A49469B6A9847A36A606AD3F890305E
:1033D000BDE8F0471847B200D3F8A830606A05325C
:1033E0009847E7E72B79AD2B07D1A9683B46002228
:1033F0002046FEF73BFFED68C4E72046E968FEF78C
:10340000FDFEA36A606A0121D3F8883098474246DE
:1034100029462046731CFFF799FFCBE72DE9F843B7
:1034200004460D46904600264FF0FF3701F1FF3964
:10343000B9F1FF3F0CD17B1C05D1A36A2946D3F813
:10344000AC30606A98470026AE421DD1BDE8F883D3
:1034500058F8261071B18A070CD10B79222B09D1AB
:1034600001370BD1A36A4A463146D3F8B030606ABF
:1034700098473746013609F1FF39D9E72046BDE8BC
:10348000F843074AFEF7D8BD58F82610B7424FF068
:103490000002204608BF8968FFF794FE0136D3E793
:1034A000D0CE03102DE9F0470446904699460F46CA
:1034B00021B9BDE8F0471946FEF7A0BEC668731CE7
:1034C000C360156835B315F0030A23D12B797B2B24
:1034D00020D1A968FEF792FE524631462046FEF7FB
:1034E000D5FB52462046E968FFF76CFE4B46204666
:1034F00008F10402791EFFF7D5FFA36A3146606A1E
:10350000DB6F984720460321FEF7B8FBBDE8F04784
:10351000FEF7CCBB29462046FEF770FE204600226F
:103520003146FEF7B3FBA36A606ADB6D9847DDE7BF
:1035300037B50C46054601AA7A2104F1080014F0BB
:1035400089FFE3680146019A2846FFF7ABFF03B005
:1035500030BD2DE9F04FD1E9022302F00F02022A1B
:1035600004460D4689B040F0FF80002B00F0FC803F
:10357000980740F0F9801A792C2A40F0F5809A6873
:1035800002F00F01022940F0EF8012097C2A40F07E
:10359000EB80DB681A79302A40F0E6809B68A42132
:1035A00007AA06A8069314F055FF431E022B00F24B
:1035B000DB80079B01281A6800F0C880022800F011
:1035C000C3809E68F10740F1CF80710800F0CC8085
:1035D000D3F8049032B1930704D11179A6390229A6
:1035E00040F2C280B9F1000F08D019F0030F05D1E5
:1035F00099F80410A639022940F2B680AB686F69C9
:1036000001932B69218B02936369E5680493638BB3
:1036100005F1010B03936183AB1C291D19F001080F
:103620000593A582A4F816B005F1030AE16005D15F
:10363000494620460592FEF7E1FD059A11462046CF
:10364000FEF7DCFDA26A5146926E606A9047A26A5C
:10365000A91C926A606A9047A26A606A526D90479C
:10366000002220460199FFF7ADFD20460299FEF7A2
:10367000C5FDA26A5946926A606A90473146204663
:10368000FEF7BCFDA26A0E21D2F89C20606A90472A
:10369000A26A5146926A606A9047A26AB8F1000F26
:1036A00058D1936D606A9847A36A606A1B6E984709
:1036B000A36A002EACBF00210121D3F89C30606AC0
:1036C0009847A36A0121DB6E606AAA1C9847049B95
:1036D0006361039B6383002F44D0A36A606ADB6D40
:1036E0009847B8F1000F03D1A36A606ADB6D984771
:1036F00039462046FEF782FDE668606A731CE36087
:10370000A36A31469B6E9847A36A88F001019B68C3
:10371000606A01319847A36A606A9B6A29469847A4
:10372000A36A606ADB6D9847B8F1000F03D1A36A02
:10373000606ADB6D984727B1A36A31469B6A606A6D
:10374000984709B0BDE8F08F032641E7914603266C
:10375000024647E7606A526D904749462046FEF7A9
:103760004DFDA5E73E46D6E7E668238BB4F81A90F0
:1037700063836FEA46436FEA5343D4F814A0771C7F
:10378000A382F31C2046E968E360E782FEF736FD7A
:10379000A36A606A0121D3F888309847A36A394642
:1037A000606A9B6A9847A36A06F10208D3F88C30D6
:1037B0004146606A984700222046A968FFF702FD4B
:1037C00020462969FEF71AFDA36A3946606A9B6E96
:1037D0009847A36A4146606A9B6A9847A36A606AF1
:1037E000D3F89030984720466969C4F814A0A4F82B
:1037F0001A90FEF703FD3146A36A606A9B6A09B01E
:10380000BDE8F04F18472DE9F74F04461746984694
:103810000E4629B9194603B0BDE8F04FFEF7EEBCDD
:10382000C5682B1DC360136805F1010A05F1020B81
:1038300005F10309002B00F0D28013F0030240F0E1
:10384000CE8019797B2940F0CA8099680192009353
:10385000FEF7D4FCA16A606A496D88474FF4F471A1
:103860002046FEF7ACFADDE900322046D968FFF7C2
:10387000A9FC022229462046FEF708FAA36A606ADC
:1038800003219B6898473A1D43462046711EFFF767
:10389000BAFFA36A606A6FF002019B689847A36A47
:1038A0002A465146D3F88060606A5B46B047A36AF7
:1038B000606A5B6D9847A36A606A5B6E9847A36A0B
:1038C000606A1B6E9847A36A002240F2E911606AA1
:1038D0005B6C9847A36A606A5B6E9847A36A606AEC
:1038E0005B6E9847A36A606A5B6D9847A36A002283
:1038F0000A21606A1B6D9847A36A606A1B6E98472D
:10390000A36A606A0F211B6B9847A36A0321D3F84F
:10391000C0500023606A1A46A8472046FEF736FAD0
:10392000A36A4A460021606ADB6E9847A36A606A10
:10393000DB6D9847A36A606A0F211B6B9847A36AE7
:103940004946606A9B6E9847A36A606A02219B6839
:103950009847A36A5946606A9B6A9847A36A606A57
:103960005B6E9847A36A606A5B6E9847A36A51468C
:10397000606A9B6A9847A36A0022606A40F2E91174
:103980005B6C9847A36A0F21606A1B6B9847A36A18
:10399000606A5B6D9847A36A606A5B6D9847A36A2B
:1039A0000321D3F8C0500023606A1A46A847204676
:1039B000FEF7ECF9A36A606ADB6D9847A36A606A58
:1039C0004FF0FF319B689847A36A606A49469B6A3B
:1039D0009847204603B0BDE8F04FFEF767B9194697
:1039E0002046FEF70BFCA36A606A5B6D9847204691
:1039F0004FF4F471FEF7E3F9A36A606ADB6D984750
:103A000037E72DE9F041CD6804460E4665BB0378E3
:103A1000C3B1036A1D78ADB94FF4FB71FEF7DBFB50
:103A2000B1682046FEF7EAFBA36A2A46D3F8BC60D9
:103A300001212B46606AB047A36A606ADB6DBDE86E
:103A4000F0411847B1688B0707D001F00F03022B34
:103A500008D12046FEF7D2FBEEE70029F9D00B791A
:103A60003A2BF6D1BDE8F081AF0740F0AF806B682C
:103A7000DAB25B2A11D1ED68002D4AD1006A0378D1
:103A8000072BEFD1896801F00F03022BEAD1BDE8C3
:103A9000F0410422D14017F03DBB562A13D1012238
:103AA0008968FFF78FFB2046E968FEF7A7FBA96846
:103AB000A36A09093E39D3F89C30606AC9B29847B5
:103AC0000222B1687DE0572A23D11B0A5F1E013311
:103AD00055F82310FEF792FB002F03DDA36A606AFE
:103AE0005B6D9847B16800222046FFF76BFB00260C
:103AF0000435BE42B6DA0136BE4203DAA36A606A12
:103B00005B6D98470022204655F8041FFFF75AFBCB
:103B1000EFE7A9075AD16B68DAB2062A56D1B7681F
:103B2000002F53D0BA0751D17A68D1B206294DD1AE
:103B30001B0AB3EB122F4FEA122847D1A8F1020358
:103B4000012B43D8BB6823B1980702D11B79222BE4
:103B50003CD0FB6823B1990702D11B79222B35D0C9
:103B6000B8F1020F06D03B6923B19A0702D11B7945
:103B7000222B2BD02046A968FEF740FB2046E9689F
:103B8000FEF73CFBB8F1030F07D120462969FEF789
:103B900035FBA36A606A5B6E9847A36A606A1B6E16
:103BA000984700222046B968FFF70CFB0022204608
:103BB000F968FFF707FBB8F1030F7FF453AF00225A
:103BC00039692046BDE8F041FFF7FCBA2946204696
:103BD000FEF714FB002274E70023032A2DE9F041CD
:103BE00004460D46164642700162C36080F83420D8
:103BF00002D1C08E50BBA0634FF00008A36A3146CB
:103C00001B68606A2A46A4F8368098470621204639
:103C1000FEF734F86778EE68012F04BFA5F822801C
:103C2000A5F82480B6B1B20714D133793F2B11D156
:103C3000B168FEF7E3FAA36A606AD3F8C430984724
:103C4000A36A606A5B68BDE8F0411847800006F02F
:103C500042FED0E72B78072B00F29380DFE803F0D9
:103C6000049125414141410E31462046FEF7C6FAF6
:103C7000A36A0F211B6B606A9847DCE7012F12D102
:103C80000023A3704622554B2046F168FEF752F9F7
:103C90002B8B032B07D120463169FEF701FAEB8A03
:103CA00043EA8013EB827169DFE7A36A3168DB685E
:103CB000606A98476378012B07D10023A3704C22D8
:103CC0002046474BB168FEF735F92046F168FEF70C
:103CD00095FAEB8ADB07AED5A36A606ADB6D98477D
:103CE000C6E7012FD6F80C8005D104223946206A98
:103CF00017F010FA6F83A36A3168DB68606A98472F
:103D00002B78032B24D10122A36AD3F8A030002101
:103D1000606A98472B78062B28D1A36A606A1B6CCF
:103D2000984701212046FEF756FAA36A606A1B6C89
:103D30009847A36A606A1B6C984700234146204657
:103D4000B268FFF703FB2B78062B7FF474AF8FE785
:103D5000042B04D1A36A0222D3F8A030D7E7052BA5
:103D6000D8D1A36A0322D3F8A030D0E7204601219E
:103D7000FEF731FAA36A0121D3F88830606A9847C8
:103D8000DBE7012F04D104220A21284617F0C2F9EB
:103D900017212046FEF71FFA16212046FFF7FEF9ED
:103DA000B168A36A606A9B6B090998471A2120468B
:103DB000FFF7F4F920463169FEF720FA0A21284678
:103DC00017F098F90378042BA36A3FF452AF1D69EA
:103DD000428800230A21606AA8472CE7252F00109B
:103DE0002D2F0010036A10B51A8B0446FEF7FFF85A
:103DF00001462046BDE81040FFF7D0B92DE9F04F4D
:103E00008D6804462B7985B0032B0AD12946FFF72C
:103E1000E9FFAA69D38A43F00103D38205B0BDE864
:103E2000F08F026AD28AD20706D42946614A05B0C9
:103E3000BDE8F04FFEF700B9162B40F0AD80C66824
:103E4000E968331DC360FEF7D9F9A36A606A0022EE
:103E50004FF4F5715B6C9847A36A606AD3F8C07041
:103E600000231A461946B8476369E7680093638BD5
:103E700007F101080193BB1CE360238B4146638378
:103E8000A36A606A9B6A06F1010BA782A4F81680F8
:103E90009847012259462046FDF7F8FEA36A606A5A
:103EA0005B6D984720464FF4F671FDF788FF20467A
:103EB000A9680022FFF786F9A36A06F10209002229
:103EC0004946606AD3F894309847A36A5946606AB5
:103ED0009B6A9847A36A606AD3F8D0309847A36A70
:103EE000606A5B6D9847A36A0122606A40F2C9115B
:103EF0005B699847A36A606A0821D3F89C309847A9
:103F0000A36A06F1030A52460021606ADB6E9847F5
:103F1000A36A606ADB6D9847A36A01223146606A32
:103F2000D3F894309847A36A5146606A9B6A9847D1
:103F3000A36A01219B68606A98472046FDF7B6FE98
:103F4000A36A606AD3F8D4309847A36A49469B6A4B
:103F5000606A984720462969FEF750F9A36A4146EE
:103F6000606A9B6E9847009B31466361019B606A63
:103F70006383A36A9B6A984720466969FEF73EF906
:103F8000A36A606A39469B6A9847A36A606ADB6DD8
:103F900005B0BDE8F04F184703AA7A2105F10800E3
:103FA00014F058FAEB680146039A2046FFF72BFC01
:103FB00034E700BFD7CE03102DE9F04F0F4604467B
:103FC00085B0C5681E460E9B294603936B1C029361
:103FD000AB1CC36093460122FDF758FE394600270B
:103FE0002046FEF70BF9A36A0022D3F89430606AEA
:103FF000691C9847A36A29469B6A606A9847A36A26
:10400000606AD3F8D0309847D4F80C9009F10103D6
:10401000E3605F4518DB2046FDF748FEA36A606A4F
:10402000D3F8D4309847A36A02999B6A606A98478C
:1040300020460399FEF7E2F84946A36A606A9B6A44
:1040400005B0BDE8F04F18473346D4F80CA01A6805
:10405000043601920AF10102E260019A0137D2F8B6
:104060000880B8F1000F4FD1BB4542D10025A36AAB
:10407000606ADB6D9847A846019B2046D968FEF729
:10408000BDF825B3A36A0F211B6B606A9847A36A2A
:1040900041469B6A606A9847A36A01219B68606AEF
:1040A0009847A36A0F211B6B606A984729462046F0
:1040B000FFF774F829462046FEF77AF8A36A606A8B
:1040C0004FF0FF319B6898472046FDF7EFFDA36A4C
:1040D00001224946606AD3F894309847A36A514652
:1040E000606A9B6A9847A36A01219B68606A984747
:1040F0008FE720461E4A1968FDF79EFF204605B04F
:10410000BDE8F04FFDF7D2BD18F003052DD198F8AA
:1041100004204346762A03D1DD68D8F808802D09AB
:10412000A36A606A5B6D984741462046FEF766F8D1
:10413000A36A0821D3F89C30606A9847A36A524664
:104140000021DB6E606A9847002D8FD029462046FB
:10415000FFF724F8D4F80C80022208F1010341464D
:104160002046E360FDF792FD86E70025D8E700BF13
:10417000EECE03102DE9F3471646DDE90AA9C7681C
:1041800098467B1C0D4602223946C3600446FDF763
:104190007DFD002E2DD1A36A03219B68606A98479C
:1041A00029462046FEF72AF8A36A6FF002019B68B1
:1041B000606A9847A36A606A0F211B6B9847A36ADD
:1041C0003946606A9B6A9847A36A606A9B680121C6
:1041D000984749462046FEF711F8A36A606A4FF0F7
:1041E000FF319B689847204602B0BDE8F047FDF7D5
:1041F0005DBD4346324629462046CDF800A0FFF774
:10420000DBFED7E77FB5CD6806462B790C46782BC9
:1042100009D1AB68019300231A4600938968FFF720
:10422000A9FF04B070BD742B4FF0770103AA16D11B
:1042300005F1080014F00EF92B6902463BB9EB6852
:1042400000933046039BA168FFF7B6FEE9E79B6841
:1042500030460193EB680093A168039BDFE704F10C
:104260000C0014F0F7F800230246E9E701F00F0311
:10427000022B70B504460D46164602D01E4AFDF7C5
:10428000DBFE31462046FDF7B9FFA36A606A5B6D2D
:10429000984763782E09012B0FD1226A1378033BCC
:1042A000032B0AD85068314601F09BFA0278032AA2
:1042B00009D13146206A16F02DFF31462046BDE86F
:1042C0007040FEF76BBF00223146206A16F022FFD5
:1042D000236A02465B685B68002B0CBF0123002346
:1042E00004D00178012904BF00210170294620462D
:1042F000FDF7F6FEE1E700BFC5CE03102DE9F04F54
:10430000002687B0CDE902210446A42105AA03A80E
:104310001D4614F09FF8B146B04637464FF0010BEA
:104320000190019B9E4213D1B8F1000F04D0A36A03
:1043300049465B6B606A9847D4E90903029A002AF0
:1043400079D0D3F8C04043463A462946A04714E006
:10435000059B53F826A0BAF1000F5FD01AF0030FA7
:104360005CD19AF80420A62A1FD118F0020F07D0BA
:10437000324A51462046FDF75FFE07B0BDE8F08F98
:104380000FB12F4AF5E71D2E01D92E4AF1E70BFA9E
:1043900006F22046DAF8081049EA02094FF001084F
:1043A000FDF72CFF01350136BBE7A72A0CD1A26A25
:1043B000606A126C9047DAF8081048F0020820464C
:1043C000FDF71CFF0137EEE7A82A27D1DAF80C2009
:1043D00072B193070CD11179AA2907D120469268AE
:1043E000DAF80810FFF742FF0135DCE7AC290FD0FF
:1043F000DAF8081001F00F02022A01D0124AB8E7D9
:10440000A26A0909926B606A9047DAF80C10D6E745
:10441000062251462046FDF7D3FFE5E718F0020FCC
:1044200001D00A4AA5E70FB1094AA2E75146204642
:10443000FDF7E4FED8E7D3F8BC4084E706CF0310CD
:104440000DCF031017CF03101FCF03102CCF031075
:1044500033CF031070B50D46417804460129134649
:1044600003D12A46FDF7CBFC6861A36A606A9B6CA6
:10447000984700236E691A4631462046FDF726FC10
:10448000A36AB18A9B6B606A9847E96829B18B0778
:1044900003D10B79A32B08BF002120460223002261
:1044A000FFF72CFFB08A70BD002389681A46FFF71A
:1044B00025BF00002DE9F8430C4689680546FDF745
:1044C0009DFEE668002E57D07768296AFBB209780E
:1044D0008E2BA36819BF012704F10C063F0A08368A
:1044E000072903F00F024BD1022A47D11A099A2A51
:1044F00048D133681A79302A40D19B68002B3DD1CE
:104500000A212846FDF767FE2A6AD36A128D32B95E
:10451000284631683F4ABDE8F843FDF78DBD59781C
:10452000C9070FD559682846FDF755FE022FAB6A1B
:104530000BD8D3F8BC40002302211A46686AA04772
:10454000012417E0013A0833E1E772681179322952
:10455000EFD1B46821793029EBD191685B6C0122ED
:10456000686A09099847A168002301222846FFF7D5
:10457000C5FE0324A74225D8BDE8F8830024F9E747
:10458000022AFBD11B09B3F5D47FF7D133681A791E
:10459000302AF3D19B68002BF0D013F00304EDD147
:1045A0001B792F2BE6D1AB6A22462146D3F8BC807B
:1045B000686A2346C0473368224628469968FDF753
:1045C00087FFBDE704F10108B84556F824104FEA0B
:1045D00084031AD20A79322A17D13344D3F80490CB
:1045E00099F80430302B10D18968AB6A00225B6CDB
:1045F000686A09099847002301222846D9F808105B
:10460000FFF77CFE08F10104B4E72846FDF7F6FD4C
:10461000A046F7E73ACF031010B5026A04461278B5
:104620000B46072A06D0022A04D0BDE81040064AED
:10463000FDF702BD20461946FFF73CFF2046BDE8C6
:104640001040FDF7A3BB00BF4DCF0310D1E902120C
:10465000FFF70CBE036A10B51A8B0446FFF7FAFE8B
:1046600001462046BDE81040FEF798BD2DE9F04F09
:10467000884685B00446422102AA08F1080013F0DA
:10468000E9FE00278346BA46236A1E8B5F450AD19E
:10469000D8F80C100B79032B4FD132462046FDF78A
:1046A000A6FC054657E0029B6C2153F8273003AA6D
:1046B00003F10800019313F0CDFE039B0546196832
:1046C0000A09732A0DD02046FDF798FD4FF0010925
:1046D000A94526D3019BD96869B12046FDF78EFD17
:1046E00009E0022809D02046284AFDF7A5FC3546F6
:1046F0002E460AF1010A0137C8E759680B09412B18
:104700000BD040F21E329342F2D0B3F57A7F06D03E
:10471000B3F5077FE7D10425EAE70125E8E703259C
:10472000E6E7039B002253F82910A36A606A1B6D19
:104730000909984709F10109CAE7442B17D18F6885
:10474000324639462046FDF752FC0546BA69D38AFF
:1047500043F00103D3820027ABEB0A0ABA450BD81A
:1047600029462046FEF71AFD05B0BDE8F08F324617
:104770002046FFF76FFE94E7A36A0121D3F8BC60DF
:104780000023606A1A46B0470137E7E758CF0310A5
:104790002DE9F3418D68044605F00F030A2B0E4600
:1047A00007D0002D31D015F003012ED12B79652BC8
:1047B0001ED100950025652101AA684613F04AFE26
:1047C000002140F2CA52019B03EB8000834215D1C5
:1047D00040F21A43F2689A4237D1236A1F78B7B180
:1047E000314620463A4A02B0BDE8F041FDF724BC0C
:1047F000622BEDD1AB680093ED68DCE753F8047BE6
:1048000097420CBF01310331E0E70021E0E7A36AE2
:10481000606A5B6B9847A36A606A05219B6B984747
:10482000A36A3A46D3F8A030606A01219847294626
:10483000204601AAFDF7F8FA02223946A36A606A07
:10484000DB6A02B0BDE8F0411847A36A606A5B6B9F
:10485000984706F10C006A466A2113F0FBFD002719
:104860000646D4E90903B74213D100223146D3F8F2
:10487000A03098472946204601AAFDF7D5FA002521
:10488000D4E90903B5420DD1DB6D984702B0BDE80C
:10489000F081009A9B6B52F8272001379168090933
:1048A0009847DEE7009ADB6A52F825800122D8F8A3
:1048B00008703F0939469847D8F80C1029B939468D
:1048C0002046FEF76BFC0135DAE70909F8E700BF7F
:1048D00070CF031037B504460D46836A00215B6B29
:1048E000406A9847A36A606A1B6B0F219847294664
:1048F000204601AAFDF798FA2046019903B0BDE8C9
:104900003040FEF74BBC00002DE9F04F9BB0CDE9E5
:1049100002011020144605F0C5FF4FF050431A68FD
:104920009D4B002153F8223006461B6958224360F4
:1049300004A837F057FC4FF0FF33012113A8099367
:104940008DF8104005F0D8FF039B0122D90041F0FB
:10495000020113A806F00EF801230021436016A8F7
:104960000EF0EAF8029A8D4B002193F8403212685B
:1049700004A8FDF744FA054611A800F08FFE4FF099
:10498000000B874B0B9F01900D900E930FB1059C70
:104990001CB30B9C14B1059B002B3DD0002759463E
:1049A000019800F082FEDFF8F8910B9CDFF8F4A18B
:1049B000DDF81480002C00F03B81B8F1000F00F00E
:1049C000F3800C9C04A8E168FDF7ABFA4046A38A8B
:1049D000069A03990CF070FB2EE13B8B0122042B0D
:1049E000394604A807D1FEF7A5FA079BBF689B4587
:1049F00038BF9B46CAE7FFF7EFF83B8D9C42F4D2E5
:104A0000FB6A03EBC40113F83430012B02D13846A2
:104A100016F0A8FB0134F0E7E28A520716D5218D83
:104A2000013913D3E76A4FEAC10E07EBC102507890
:104A300010F0020F25D04BB1D3E9008C92E80300AF
:104A400083E8030047F80E80C2F804C04FF000036B
:104A500000272384B4F828C0674518DB00239C4551
:104A60004ED1D4F804E0BEF1000F08D00020034678
:104A7000BEF828A0504553DB002B00F38A80A468C1
:104A800088E7002BCCD1012808BF1346C8E723785C
:104A9000D4F82C80012B4FEAC70A08EBC70905D1CF
:104AA000D9F804300A2B12D10137D3E718F8373080
:104AB0000DD9012B0BD14FF0030308F80A30238BDB
:104AC000032B16D0E38A43F01003E38203E018F8C7
:104AD0000A30032BF3D018F80A30042B03D099F8CE
:104AE0000130DB07E0D5238C5A1C2284A9F8023060
:104AF000DAE7D9F8040009F0DDFF0128EBDCE1E793
:104B0000E26A02EBC30112F83320052A06D14A7883
:104B1000D7075FBF228C4A800132228401339EE78F
:104B2000DEF82C2002EBC00912F83020053A012AE9
:104B300014D8002710E0E26A02EBC70812F8372009
:104B4000062A08D1D9F80410D8F80420914204BFED
:104B5000A8F8023001330137BC45ECD1013089E7B8
:104B6000E06A00EBC20110F83200062802D1487852
:104B7000C00702D548881844488001329445EFD1D7
:104B8000628B12FA83F26283228C12FA83F32384FB
:104B900075E70022F2E700BF00200020F827002080
:104BA000901104108C130410238B042B17D10F9B2E
:104BB0001BB9584601F02EFD0F9000230D934C4B6E
:104BC0000322214604A81093FEF7B4F9059B23B9EC
:104BD0000422214604A8FEF7ADF9A468E8E6023BEA
:104BE000012B21D837B95B4607AA05A911A804F003
:104BF00069F90746CDE90D7A0222214604A8FEF79D
:104C0000EBFF059B002BE8D10322214604A8FEF709
:104C1000E3FF059B002BE0D10422214604A8FEF708
:104C2000DBFF0028F8D0D8E7019BCDE90D39E3E799
:104C3000B8F1000F7FF4C5AEDDF81490D5F8108000
:104C4000B9F1000F12D0019800F037FD002F3DD1CF
:104C50000F9808B101F0F3FC029813F0EBFD002D62
:104C600038D1059800283BD009F0B4FF139C189860
:104C7000C4F3DC046400033400EB9400800005F00E
:104C800011FE24F003040444F460DDE91441B06033
:104C900001F1040CA1450BD10023189A9342D2D004
:104CA000199951F82300F16841F823000133F5E721
:104CB00051F839303BB1042B1FBF5CF83920DB08B9
:104CC000521020F8123009F10109E3E7384604F0E8
:104CD0001BF9BDE7AC68284616F002FA2546BEE788
:104CE0002A46314640461BB0BDE8F04F00F0CEBD2D
:104CF000681204104FF050431A68044B82B053F806
:104D00002230186801ABC01A02B0704700200020A2
:104D100008B5FFF7EFFF4FF050431A68044B53F804
:104D200022305B68984201D316F078F808BD00BFC6
:104D3000002000204379012B07D0836819440369C0
:104D400081605A8C9142C8BF598470470023837197
:104D50004379012B1EBFC26A036A43F821207047C2
:104D60006FF00301FFF7E6BF0421FFF7E3BF6FF029
:104D70000201FFF7DFBF0346426A4079114403286E
:104D80008ABF586B1846801859627047827903466B
:104D90000AB118467047C26A40791144032801D805
:104DA000D962F6E7986AD9620244586B104470479A
:104DB00010B50C460121FFF7E9FF047010BD10B5D6
:104DC0001446FFF7B7FF0121FFF7E0FF047010BDA5
:104DD00053220121FFF7F3BF54220121FFF7EFBF58
:104DE00057220121FFF7EBBF58220221FFF7E7BF4F
:104DF00059224FF0FF31FFF7E2BF5A220021FFF79F
:104E0000DEBF5B220021FFF7DABF5D224FF0FF31EA
:104E1000FFF7D5BF00290DBF5E225F2203210021CD
:104E2000FFF7CDBFA1F13002D2B20021FFF7C7BF1B
:104E300062226FF00101FFF7C2BF10B563224FF08D
:104E4000FF310446FFF7BBFF0123A37110BD01F141
:104E5000640210B5D2B249420446FFF7B0FF012305
:104E6000A37110BD10B5044601F16702D2B24942E8
:104E7000FFF7A5FF2269D38A43F00103D38210BD57
:104E800038B504461D46FFF79AFF2A462046BDE87E
:104E900038400149FBF7F0BD8D4D001070B5044658
:104EA0000D46C0681946164600F06AFC32460346B5
:104EB00029462046BDE87040FFF7E2BF0B461022AE
:104EC0000121FFF7EBBF11320B46D2B20121FFF7F0
:104ED000E5BF20B40B4602F114055100C1F10101F8
:104EE000EAB25DF8045BFFF7D9BF16320B46D2B2C7
:104EF0004FF0FF31FFF7D2BF19320B46D2B200217B
:104F0000FFF7CCBF70B41D46C46826786388042EB2
:104F100004BF666846F823505D1C658070BCFFF7CF
:104F2000AFBF03F128011346CAB20021FFF7A8BFA3
:104F3000022A02F12A020B46D2B20CBF0121C1F1B2
:104F40000101FFF79DBF03290AD004290AD10121DD
:104F50000B460A4443EA8203C9432F22FFF790BF5E
:104F60000021F5E700210223F3E70B463022013947
:104F7000FFF786BF10B4144641EA022321443122D0
:104F80005DF8044BFFF77CBFF8B516461F46FFF7E8
:104F9000D1FE8479054604BB4379022B25D9C46A26
:104FA000036AC4F1FF2453F8273004F57F04FE346C
:104FB000442E1C4412D814F1400F14DB3F2CD4BFF4
:104FC00000270127E41B2846B91CFFF7DFFE067007
:104FD0006FB9442E98BF40344470F8BD7F2C94BF05
:104FE00000270127EEE70127ECE70127EBE76B79C4
:104FF000442E98BF04F58044042B05D1B4F5004F2E
:1050000024BF012385F8383064F07F03E411437036
:105010008470E2E70B4610B5422200210446FFF7F8
:10502000B3FF0123A37110BDF8B505460C46164623
:1050300021F40047CAB90B040ED55921FFF7B8FE79
:1050400059212846FFF7B4FE59212846FFF7B0FE44
:1050500059212846FFF7ACFE3B4642220021284654
:10506000FFF792FF0123AB71F8BD3B4640220021C0
:10507000FFF78AFF210A21F07F0131432846C9B298
:10508000FFF796FEEEE70B46B2FA82F120B449092B
:1050900002F14705EAB249005DF8045BFFF774BF0F
:1050A0000B464B220121FFF76FBF0B4610B54A227A
:1050B00000210446FFF768FF0123A37110BD000023
:1050C000264B2DE9F047D3F83C320446022B8946A3
:1050D0000ED88669B1420BD940F2FF77C56A4369A1
:1050E0008E1BED1A56EA050304D1E36AC4E90539BB
:1050F000BDE8F087062E01D90F2D1AD91F2DAA461B
:1051000028BF4FF01F0A554510D8032EB04628BFC0
:105110004FF0030801212046FFF72DFE4AEA48130D
:105120000370A5EB0A05A6EB0806DBE74FF00008C5
:10513000F0E7BE42B04628BFB84602212046FFF73E
:105140001AFE4FEA181303F070032B4363F07F033A
:10515000AA46037080F80180E3E700BFF82700202B
:1051600010B5044631B955224FF0FF31BDE810406B
:10517000FFF725BE022904D1FFF72AFE2046FFF7DC
:1051800040FE56226FF002012046EFE7134621B1A0
:1051900043224FF0FF31FFF7F7BE4422F9E71346F1
:1051A00021B145224FF0FF31FFF7EEBE4622F9E76D
:1051B000322938B5044611D0332912D000252939B7
:1051C000CAB220464FF0FF31FFF7F9FD65B1204626
:1051D000BDE83840D3220021FFF7F1BD01250621AB
:1051E000EDE701250721EAE738BD012A10B40B4697
:1051F000044608D0022A0ED169224FF0FF315DF833
:10520000044BFFF7DCBD11461B322046D2B25DF8DD
:10521000044BFFF743BE4FF0FF31F5E770B50D4685
:10522000044611462AB92B461322BDE87040FFF709
:1052300035BE022A04D1FFF7CBFD2046FFF7DDFD86
:105240002B4618226FF001012046EEE710B4044609
:1052500043B90F2A06D8503A01215DF8044BD2B267
:10526000FFF7ADBD03F12401204613465DF8044B62
:10527000CAB20121FFF704BE10B404464BB90F2A8D
:1052800007D8403A4FF0FF315DF8044BD2B2FFF738
:1052900096BD03F12601204613465DF8044BCAB2C1
:1052A0004FF0FF31FFF7ECBD70B4D2B2DDE903651A
:1052B00003EB460443EA062315B101320134D2B2AE
:1052C000091B70BCFFF7DCBD07B5CDE900230B4619
:1052D00034220021FFF7E8FF03B05DF804FB07B5B7
:1052E000CDE900230B4636224FF0FF31FFF7DCFFFC
:1052F00003B05DF804FB10B50446C06800F057FA2F
:105300002322034601212046BDE81040FFF7B8BD27
:1053100001F110033F2B73B506460C4608D8A1F1E6
:1053200080020121D2B202B0BDE87040FFF747BD54
:10533000012122220DF10505FFF741FD294604F068
:105340007F00E3B2E4112A4605F8010D601C012834
:10535000F5D8013403F0400313D11BB97F2305F8BE
:10536000013C951E491B3046FFF710FD01466B1EA0
:1053700001AC13F8012FA34207D15B1BC25402B04A
:1053800070BD002BEED00023E9E762F07F0201F848
:10539000012BEEE770B514461A4605460B690499D1
:1053A000E6B20A4313BFE143C4F1010120222122E6
:1053B000FFF7A8FD31462846BDE87040FFF7F8BC6E
:1053C00010B41C4622430B6907BF3222012133224D
:1053D0004FF0FF315DF8044BFFF794BD0D2910B578
:1053E00004460BD10949C06800F0E1F923220346C5
:1053F00001212046BDE81040FFF742BD4231CAB24C
:10540000BDE810400121FFF7DABC00BF14370410DB
:1054100038B504460D460F21FFF7E0FF2046294628
:10542000FFF794FC02215C22FFF7C9FC2046BDE88F
:1054300038406FF00301FFF77DBCF8B504460F4616
:1054400016461D460F21FFF7C9FF2046FFF7D5FC82
:1054500039462046FFF7DEFD31462046FFF776FC51
:10546000FFF7BEFC012220462121FFF72CFD20463C
:105470000821FFF79DFE2A462046BDE8F84000219E
:10548000FFF784BE437970B5012B044614D0002584
:10549000C26B436A05649B1AC3632069038DAB42E8
:1054A0000CD86379032B1BD1606AE36AA062236383
:1054B000184405F010FA6063012070BDC36A03EB65
:1054C000C50213F83530052B08D101212046967806
:1054D000FFF751FC0670236C013323640135DCE7D0
:1054E000042BE9D1D4E90A13626A8A4202D1216B02
:1054F000994203D00020A2622363DEE794F838309B
:105500001BB10649064814F061FCE268C38A526880
:10551000616B006900F0A0F9CEE700BF82CF0310F5
:10552000E82A041000232DE9F74F1646C0E90423AA
:105530000122378C83608371C362436280F8383004
:10554000738C0446FF1808BF1746B6F82490B6F8C7
:105550001A804FEA8905013F826105F0040508F0D1
:1055600003021543B6F816A0FA0002F07802B38BD6
:10557000B6F81EB041710AF00F0A15433F094FEA11
:1055800059094FEA980847EA090242EA0A0242EA40
:1055900008021A4352EA0B0235D101212046FFF7D7
:1055A000EAFB05706379022B18D9D4E90F787D00E6
:1055B00008F0010305F07E054FEA5808BF091D43B6
:1055C00058EA07094FF00101204618BF45F0800551
:1055D000FFF7D1FB0570B9F1000FE8D1636AB18A1A
:1055E000E363E06800F0CCF82B4902462046FBF765
:1055F00043FA0025284F738BB28B1344AB4248DD2E
:105600000022318D41E0012120460193FFF7B3FBD9
:1056100065F07F053A0105704FEA8A15019B02F09B
:10562000300205F0400515430BF001021543DA0086
:1056300002F0080215434FEA880202F00402154303
:105640004FEA490202F002021543BF084FEA590926
:105650004FEA5A0A4FEA58085B084FEA5B0B92E799
:10566000F36A03EBC2035878C0070DD55888A842E7
:105670000AD15968E06800F083F8394602462046AE
:10568000FBF7FAF90135B6E701329142E8DC052172
:10569000F0E703B0BDE8F08F774D001010B5044679
:1056A000442005F018F9C46010BD10B50446C1616E
:1056B000880005F0F7F8206210BD10B50446006AB6
:1056C00005F018F92046BDE8104005F013B90000B8
:1056D000F8B588422DED028B07460C4603D1012018
:1056E000BDEC028BF8BD234B984201D10020F7E7B7
:1056F0009942FBD009F0A8FA0546204609F0A4FA21
:105700008542F3D11C4B9D4213D17A6863689A425B
:10571000ECD100253E1D04347B68AB42DFD954F840
:10572000041F56F8040FFFF7D3FF0028DED0013521
:10573000F2E72146384609F04FFD0028D6D00F4B3E
:105740009D42CCD138460BF009FE08EE100AB5EEAA
:10575000408AF1EE10FAC2D120460BF0FFFD18EEA0
:10576000103A00F0004003F000431B1A5842584121
:10577000B6E700BF44240410843B0410F42D041049
:10578000C90010B50122044641F00201083005F0BD
:10579000F1F843683BB9A368C3F3DC03013B5B004A
:1057A00043F0010343604068C0F34F0010BD70B583
:1057B00005460E460024EB69A34208D8314605F1A0
:1057C00014000DF07AF8EC69013C204670BD2B6A9C
:1057D000314653F82400FFF77BFF0028F5D1013450
:1057E000E9E710B50122044615F094FC0378012B7B
:1057F00005D12378012B8CBF04230223037010BD35
:1058000070B505460E46104619461C4615F072FC4A
:1058100003785A1E012A06D80022736821462846BA
:10582000BDE870401847032B02D101227368F5E7E9
:105830003668042B2146B446428808BF0023284618
:10584000BDE8704018BF0123604708B5102005F07F
:1058500042F80123837008BD10B5022403F0010350
:10586000C0E901128470C37010BD9DF8043042601D
:1058700003F00103C370009B039A8360029B817055
:105880000373C36862F31F23C360704770B5044697
:1058900023880D461046CBB10A46002321460CF062
:1058A0009FF82346002213F8011B1D1B090605F172
:1058B000FF3503D4D30725D51C4B19E013F8011B82
:1058C000C1F3801606FA05F52A43EEE7A378666869
:1058D000042B0FD0052B16D0032B0A46A3683146A4
:1058E0001DD10CF07DF8124B0360E37853B1114BDE
:1058F000036007E010201049A46809F098F9C0E996
:105900000154C66070BD10200C49257BE46809F085
:105910008EF9C4F31724C0E90156C460F2E70CF015
:105920005FF8E378002BEDD0C6E700BFB82F041076
:10593000702E04109C2F0410582E0410402E0410BA
:1059400038B514461D4612F4807218BF1A46FFF788
:105950009DFF620902F008022A44E1B2BDE8384026
:105960000AF03ABA02F00F03022B10B5044608D031
:105970000A460C490C480BF053FB636A1860002080
:1059800010BD836A00201209834204D1238C042BAA
:10599000F5D10649EEE7E16A51F820109142EFD0C7
:1059A0000130F1E78DCF0310A02A041093CF03102C
:1059B00070B50646B2B1900714D110792E2811D1D6
:1059C00094687CB1A2070DD16568EAB2922A09D128
:1059D0002D0A022D06D10120A2681A60E268049BFC
:1059E0001A6070BD0A46044804490BF019FB736A3B
:1059F00018600020F5E700BFA02A04109FCF031015
:105A00007FB504460D46104603A91E4612F0D4FA8F
:105A100048B92A460B490C480BF002FB636A186030
:105A2000002004B070BD039809F0F6F930EA0602D0
:105A30000346F6D02A460549009603480BF0F0FAD3
:105A4000ECE700BFB8CF0310A02A0410BECF0310AC
:105A5000038C70B5032BC46A03D10023856A9D4271
:105A600005D144F82120FAF7FAFC012070BD54F862
:105A70002360964201D00133F1E70020F6E7FAF700
:105A800057BD032910B50446018442620FD1826AD2
:105A90000021C06A920036F0A5FB01212046FAF7EA
:105AA000B6FC2046BDE810400021FAF70FBD0429DE
:105AB00014BF01210221F1E700F00F03022B02D1F4
:105AC000000913F0DFBC0148704700BF7A020410E0
:105AD00070B5054610460E46FFF7EEFF0378732BB0
:105AE00019D14378BBB103460A22002013F8014FB5
:105AF0005CB91F2808D91F2332460A490A480BF00F
:105B00008FFA6B6A1860002070BD303C092C02D8F7
:105B100002FB0040EAE73246044903480BF080FAF2
:105B2000EFE700BFD4CF0310A02A0410E1CF031089
:105B3000F8B5054610460E461F46184CFFF7BCFF49
:105B40000022A446017863788B421BD190F801E0D3
:105B5000A3789E4516D190F802E0E378734511D101
:105B60006BB91CF82200B84208D93B4632460C49B2
:105B70000C480BF055FA6B6A18600020F8BDC3782A
:105B8000002BEED00132152A04F10404DBD1324699
:105B9000054904480BF044FAEDE700BF0E1304106A
:105BA000D4CF0310A02A0410EACF03102DE9F34745
:105BB00006460F46002A3CD093073AD113792F2B83
:105BC00037D1926802F00F03022B08D10F23FFF7A1
:105BD000AFFF01248440204602B0BDE8F08742B305
:105BE00012F0030A25D113799F2B22D1D5682B7986
:105BF000A12B1ED10F239268FFF79AFF4FF00109E6
:105C0000A22109FA00F401AA05F1080012F022FC11
:105C10008046C245DFDA019A0F2352F82A2039461E
:105C20003046FFF785FF09FA00F004430AF1010A44
:105C3000EFE73A46034904480BF0F2F9736A00248F
:105C40001860C8E7F0CF0310A02A041010B504466E
:105C500002480BF04FF9206010BD00BFA02A0410CD
:105C600004292DE9F84380460C460DD83026151F2F
:105C700001F130094E450DD055F8040F00F00F0327
:105C8000022B0AD00D4900E00D49D8F82400FFF797
:105C9000DDFF00242046BDE8F883000913F0F2FB85
:105CA000074636F0D9FD0228ECD13B78722BE9D1BA
:105CB0007B78B342E6D10136DCE700BF20D0031089
:105CC00001D003102DE9F0470F4686B0044603A922
:105CD00038461E46914613F0E1FB03780546762BC5
:105CE00040F01B81B9F1020F40F0C880A7F2E23703
:105CF0000D2F00F20981DFE817F00E0038003B009D
:105D000007010701070107018F00070160003E003E
:105D100033003000BE004EF6B4684FF42C692946BB
:105D200032682046FFF7D4FE2946074672682046AF
:105D3000FFF7CEFEFB02420102F0200203F47043A3
:105D4000134343EA0903C0F34300B90101F04001E2
:105D500043EA000248EA010129E04EF6B168DCE7B7
:105D60004EF6B1684FF42469D9E74EF6B868D4E727
:105D70004EF6BD68D1E73068FFF79EFEBA4936F0AF
:105D8000EBFAC0B10F23294620463268FFF7D0FE58
:105D900007467068FFF790FEB44936F0DDFA002838
:105DA00040F0B2804EF6F1613A0342F4216220469F
:105DB000FAF77EFBB3E10F27EBE73068FFF77CFED5
:105DC0000378722B18D10F23294632682046FFF73B
:105DD000AFFE2946804672682046FFF779FE4EF6F0
:105DE00010610746FA01D2B242EA0832C7F343070C
:105DF00042F421623943DAE7294632682046FFF748
:105E000067FE294607460F2320467268FFF790FE7B
:105E10004FF46E418046E5E74EF6905829463268C9
:105E20002046FFF755FE05AB00930746294620465E
:105E3000726804ABFFF7BCFD002800F070810723F7
:105E40002946049A2046FFF773FE29460646059A1E
:105E50004FF47F732046FFF7D3FDFA02B90102F435
:105E6000704201F0400142EA900241EA080142F426
:105E7000206231439BE74EF68058CFE7B9F1030F1C
:105E800042D10027DFF8FC8100F1010A03224146DC
:105E9000504636F03FFB90BB2B7983BB744B2946B1
:105EA0003268204613F82780FFF712FE294607467E
:105EB00072682046FFF70CFE29468146B2682046EC
:105EC000FFF706FE4FEA0813DBB243F4206343EA10
:105ED0005003400100F02000FA0202F47042034334
:105EE000134308F0F0084FEAC912D2B248F46E48E2
:105EF000B90148EA590801F040011A432AE701377D
:105F0000042F08F10408C1D14B462A4659495A4882
:105F10000BF086F8636A186001E1B9F1030FF3D85A
:105F2000DFE819F004001400E1007E0240F22133A2
:105F30009F4205D14FF43F412046FAF7AFFAEEE019
:105F4000B7F57C7FE0D14BF63071F5E740F22122C6
:105F5000974210D1014632682046FFF703FD014603
:105F60002046FAF72DFB002840F0D9804349606AAB
:105F7000FFF76CFED3E0B7F50A7F09D1014632681E
:105F80002046FFF7EFFC01462046FAF773FBEAE7ED
:105F9000B7F50D7F09D101460F2320463268FFF780
:105FA000C7FDC10041F48E41C6E7622B25D1039B9A
:105FB000032B09D0052B4AD1C3785F2B47D1037936
:105FC0006E2B01D0772B42D10027B5F801302C4A37
:105FD0005BBA9BB232F8021B8B4200F0F2820137AF
:105FE0000E2FF7D190E72B79A3F177067342734117
:105FF00039462046FAF702FBB5E7692B27D14378EB
:10600000742B24D13068FFF757FD064636F024FC88
:1060100002287FF479AF0022338819495BBA9BB21A
:1060200031F8020B984200F0D88201320E2AF7D1E3
:106030006AE713F801C94908BCF1740F01D1314373
:10604000DFE2BCF1650F7FF45FAF0143D9E2B7F542
:10605000147F02D14BF272616EE740F251239F42EE
:1060600012D14BF2626167E735D003103FD00310C5
:106070007C12041052D00310A02A04105FD0031029
:10608000E01204107D12041040F24B339F4213D1F2
:10609000326829462046FFF789FD10F43F4F02463B
:1060A00007D145044ABFC1B240F4344141F43541FF
:1060B00042E74EF62D117AE6782F7FF425AF32684D
:1060C00029462046FFF772FD10F4FE4F024607D125
:1060D00010044ABFD1B242F43C4141F43D412BE7A8
:1060E0004EF6BD0163E6736803F00F03022B40F028
:1060F0009D8040F215339F4214D101460F23326830
:106100002046FFF715FD2946074672680F232046F3
:10611000FFF70EFD394602462046FAF72DFA06B083
:10612000BDE8F08740F242239F421CD14FF6B029D0
:106130004FF280070F23294632682046FFF7F8FC0C
:106140002946804672680F232046FFF7F1FC47EA94
:10615000000242EA082249EA000128E64FF69029A7
:106160004FF2A007E6E7B7F5567FF7D040F21933B4
:106170009F422AD10C23014632682046FFF7D8FC03
:1061800007467068FFF798FC01460646B74836F0A8
:10619000E3F80346A0B13146B54836F0DDF870B1FA
:1061A0002A46B449B4480AF03BFF0022636A1860EB
:1061B00042EA07224FF2EF3142F40042F7E50123B1
:1061C000AE4A03EBC303D25CF2E7B7F5057F15D106
:1061D0004FF480472946326807232046FFF7A8FC82
:1061E00029468046726807232046FFF7A1FC4246F5
:1061F000034639462046FAF7BAF990E70027DFF858
:10620000888203224146284636F084F940B9EB786B
:1062100033B99B4B13F827703F0147F48047D9E708
:1062200001370F2F08F10408EBD16DE6B7F5467F73
:1062300028D8B7F5457F1DD8B7F5117F3AD0B7F507
:10624000397F75D040F209239F4236D040F2E223D5
:106250009F4200F0CD8040F2E3239F4200F0CA80CD
:1062600040F2E5239F4200F0C780972F40F08D80D9
:10627000032390E0A7F21637022F21D8DFE807F0BA
:106280003A233D0040F2B1339F427AD14FF4605738
:106290000723294632682046FFF74AFC29468046F4
:1062A000FF2320467268FFF7ABFB47EA000141EA93
:1062B000082141E64FF42057EAE74FF44057E7E75B
:1062C0004FF40057E4E74FF240280F232946326885
:1062D0002046FFF72DFC4FF6FF73074629467268EC
:1062E0002046FFF78DFB3A46034641462046FAF723
:1062F00055F914E74FF2C028E7E701460F2332684B
:106300002046FFF715FC294607464FF0FF33726819
:106310002046FFF775FB054683B23A464FF240210F
:106320002046FAF73BF93A464FF2C0212B0CDDE745
:1063300001460F2332682046FFF7FAFB05AB0093B6
:10634000074629462046726804ABFFF731FB002858
:106350003FF4E5AE0F232946049A2046FFF7E8FBF9
:1063600029460646059AFF232046FFF749FB820887
:1063700042EA073246F4684142F4706241F050014B
:1063800015E540F2AD339F4238D040F2AF339F4223
:106390007FF4BAAD05233B4A294632F823702046E4
:1063A00007233268FFF7C4FB05AB009380462946FC
:1063B0002046726804ABFFF7FBFA00283FF4A4AD57
:1063C0002946049A07232046FFF7B2FBF904064644
:1063D000059A15D51F2329462046FFF711FB47EAEA
:1063E0000807800147EAC60700F4F8613943A3E5CE
:1063F0000023D0E70123CEE74B46CCE70423CAE7CE
:106400003B0406D53E2329462046FFF7F9FA40080B
:10641000E5E77C2329462046FFF7F2FA8008DEE70D
:1064200040F2F5239F4231D10027072329463268E5
:106430002046FFF77DFB07238146294672682046E8
:10644000FFF776FB294680461F232046B268FFF7F8
:10645000D7FA47EA090747EA801747EAC8016BE518
:106460004FF40067E1E74FF48057DEE7FD120410B8
:106470000613041045D00310A02A0410FC120410C7
:10648000A41204108C120410A512041040F2F6237A
:106490009F42E5D040F21D239F42E4D040F2092301
:1064A0009F422BD14FF4C05807232946326820461B
:1064B000FFF73EFB07237268074629462046FFF791
:1064C00037FBB268814602F00F03022B0ED107237F
:1064D00029462046FFF72CFB47EAC90141EA08019B
:1064E00041EA801128E54FF4D058DDE7072329461B
:1064F000204648F48068FFF783FAEDE7B7F5617F3F
:1065000021D14FF690380F23294632682046FFF7F5
:106510000FFB0F238146294672682046FFF708FBD0
:1065200029460746B2680F232046FFF701FB40EAE1
:10653000092040F4704242F0F00248EA070136E4D4
:106540004FF6B038DFE740F2D2339F42F8D040F246
:10655000B1339F42C7D040F2AE339F427FF4D4ACF8
:1065600001460F2332682046FFF7E2FA0F2329463F
:10657000726807462046FFF7DBFA05AB00938046BA
:1065800029462046B26804ABFFF712FA00283FF410
:10659000C6AD0F232946049A2046FFF7C9FA2946BB
:1065A0000646059AFF232046FFF72AFA3F0247EAEC
:1065B000083746F4684147EA900241F04001FFF78E
:1065C000F6BB326829462046FFF7CCF9039B02460A
:1065D000052B3FF408AD00230AE5AF1C39460B46F6
:1065E000187801310028FAD1691D8B423FF68CAC36
:1065F000D043082100F00100D600C00006F00806D4
:10660000013B9F427FF615AD41EA021141F43F4143
:1066100092E400BF38B50546302004F043F9044643
:106620002022002135F0DEFD29462046F9F7DCFE68
:10663000A562A80004F036F9E062204638BD10B526
:106640000446C06A04F056F920460021F9F7D4FE4A
:106650002046BDE8104004F04DB9000007289ABF5D
:10666000024B33F8100040F2A1107047621304107F
:10667000C36C19440369C164012B04DD436D5A8C5A
:106680009142C8BF5984704770474FF0FF31FFF700
:10669000EFBFFFF7FABF6FF00301FFF7E9BF7047E5
:1066A00038B5C36C05461944036A994208D90831C4
:1066B00021F00304406AE10004F00FF9C5E9084045
:1066C00038BD70B504460E4601211546FFF7E8FFB8
:1066D000E16C626A204602F8316002EBC1030121DD
:1066E00059705D60BDE87040FFF7C2BF70B50446E9
:1066F0000E4601211546FFF7D3FFE16C626A204682
:1067000002F8316002EBC10302225A705D60012180
:10671000BDE87040FFF7ACBF00221146FFF7E6BFAF
:106720000A460221FFF7E2BF70B50D1E044605DDE3
:10673000FFF7B6FF00231E46AB4205DB2946204685
:10674000BDE87040FFF794BFE26C616A1A4401EB48
:10675000C200012D467014BF002094F828000133B8
:1067600001F83200E8E7F8B5D0E90B530133AB424A
:1067700004460E46174606D90435406BA90004F0BE
:10678000ACF8E5626063D4E90C30C6F30E015A1C24
:10679000226341EAC73220F8232000EB83054FF63D
:1067A000FF733246A06D00216B80FAF740F8A06DB0
:1067B0000022BDE8F8400321FAF70AB80246007D3E
:1067C00028B1D36C526A5B1A013B12F83300704750
:1067D00037B5D0E91540E48A0B46E407154607D5DE
:1067E0000222294600920622FAF788F803B030BD4B
:1067F00003B0BDE83040F9F7EBBF70B500240546A3
:106800002646EB6CA34200DC70BD6B6A03EBC4034D
:106810005A78012A07D15E70B5F84A1028465A689E
:106820002144FFF7D5FF0134EBE7F8B504461E46D7
:1068300017460D46FFF7E1FF3A463146A06DF9F7DE
:106840004FFF2946A06D0322BDE8F840FAF701B9D1
:1068500038B504460D46FFF7D0FF2946A06D032248
:10686000BDE83840FAF7F5B810B508210446FFF73F
:10687000EFFF00222046BDE810401146FFF721BF80
:10688000F8B5044617461E460D46FFF7B6FF3A46D2
:10689000A06D0021F9F724FF3246A06D0121F9F720
:1068A0001FFF2946A06D0322BDE8F840FAF7D1B8D2
:1068B000F8B504460E460025C76CBF1AE36CAB4220
:1068C00000DCF8BDBD4211D0636A03EBC5035A7802
:1068D000012A0BD15A68B24208D100225A70B4F88A
:1068E0004A10324620462944FFF772FF0135E5E79A
:1068F000002238B50C4605461146FFF7D9FFE200E5
:10690000A86D002142F00202F9F7EAFE00222846B3
:10691000BDE838401146FFF7D4BE13B5D0E91540A5
:10692000E48A1346E40706D5022200920622F9F70C
:10693000A5FF02B010BD02B0BDE81040F9F75CBF82
:10694000F8B5C36904469E5C1546602E06D14768BB
:106950000A46134813490AF063FB3860022D0DD82C
:10696000636D9A8C52B9DB8ADB0707D40E4B5A5DF4
:1069700031462046BDE8F840FFF7A3BE002220467E
:106980001146FFF795FFB4F84A20636C00211A44C2
:10699000521B013A2046FFF7C0FF0022E8E700BF84
:1069A000342A04106AD003106414041073B5036809
:1069B00002261A785D88042A08BF5A68044608BF70
:1069C00042F825106A1C5A800021B0F84820FFF7D1
:1069D000A4FF0022009633461146A06DF9F74EFF42
:1069E000002200962B461146A06DF9F747FF02B032
:1069F00070BD002273B504460D461146FFF758FFDF
:106A0000626D2946D38A206843F02003D382FEF7C3
:106A1000CEFE02260546B4F8482020460021FFF7A6
:106A20007CFF002200961146A06D0123F9F726FF96
:106A3000002200961146A06D0323F9F71FFF0022E4
:106A400000961146A06D2B46F9F718FF002220464C
:106A5000114602B0BDE87040FFF733BE0D2902D1E8
:106A60000749FFF7C6BF0F2903D100225421FFF7C2
:106A70003DBEB1F10E0218BF01220121F7E700BFB0
:106A800014370410F8B5C76C446A07F10053023B91
:106A900004EBC3040546D4E9020184E803006678E8
:106AA00056B9B5F84A2031463A442846013AFFF72C
:106AB00034FF0123666063702846BDE8F8404FF05C
:106AC000FF31FFF7D5BDF8B504461E4617460D4603
:106AD000FFF793FE3A463146A06DF9F701FE2946CD
:106AE000A06D0322BDE8F840F9F7B3BF10B402F17E
:106AF000290400230A46E1B25DF8044BFFF7E3BF27
:106B000070B504460E46154662B1037D53B1084682
:106B100007F0D0FF021E05DD2046BDE87040702161
:106B2000FFF7E4BD063532462046E9B20023FFF701
:106B3000CAFF00222046BDE870401146FFF7C1BDE4
:106B400007B51346022200920722F9F797FE03B019
:106B50005DF804FB38B50D4614463BB9037D2BB1F7
:106B6000806D5268F9F7BCFD207838BD237833B9C1
:106B700062682946806DF9F7B3FD0020F5E7012B27
:106B800006D1626801322946806DFFF7D9FFF4E72C
:106B90009A1E012A04D86268520042F00102E8E716
:106BA000542B01D10022EEE7014814F005F900BF93
:106BB0007FD00310F8B5002405462746FFF71DFED9
:106BC000EB6CA34200DCF8BD6E6A06EBC40253789E
:106BD000022B0ED10121577000232846FFF7BAFF80
:106BE00006F83400B5F84A10012228462144FFF780
:106BF000EFFD0134E4E738B504460D46FFF7DAFF50
:106C00002946A06DF9F7CAFE0122A36D5A7038BD5E
:106C1000F8B504460E4617460A4619461D46FFF7C4
:106C200047FEE36C616A9B1B01EBC30211F8333032
:106C30003B705378012B0DD0022B14D0CBB9B4F894
:106C40004A20E36C29461A442046921BBDE8F840CE
:106C5000FFF763BE5268AA420BD02946A06DBDE87B
:106C6000F840F9F789BC002329462046FFF772FF58
:106C70003870F8BD10B5044613460A460121FFF7E7
:106C8000C7FF2046BDE810404FF0FF31FFF7F0BCD2
:106C900070B504461D46049EFFF7ECFF32462946B8
:106CA0002046BDE87040FFF7E5BFF0B5012504467A
:106CB00085B00DF10F030DF10E0100220095FFF7D5
:106CC000E7FF9DF80F709DF80E602A463946204672
:106CD000FFF7F7FC314620460022FFF7F2FC2A4678
:106CE00039462046FFF7EDFC00223146204605B02C
:106CF000BDE8F040FFF7E5BC2DE9F0410446DDE9D1
:106D000006861D46089FFFF7B5FF424629462046E6
:106D1000FFF7B0FF3A4631462046BDE8F041FFF7A5
:106D2000A9BF2DE9F04102260125044686B00DF1E8
:106D3000170301930DF115010DF1160300220296C0
:106D40000095FFF7D9FF9DF8178020469DF8167033
:106D50009DF815100022FFF7B4FC3246414620464C
:106D6000FFF7AFFC2A463946204606B0BDE8F041A1
:106D7000FFF7A7BC30B587B00DF1170300250193CD
:106D800002230446012200930DF115010DF11603B3
:106D90000295FFF7B1FF20461921FFF759FD2A465A
:106DA0002946204607B0BDE83040FFF78ABC73B5DE
:106DB00004460E46154672B901220DF10701FFF790
:106DC00059FF0023324620460C35E9B202B0BDE837
:106DD0007040FFF778BE0021FFF7F0FC20B90122D8
:106DE00020460DF10701EAE70A4620460DF10701AA
:106DF000FFF740FF20469DF8072001230421FFF7FD
:106E000014FD00220121A06DF9F7B6FBD9E70000BF
:106E100037B500220DF107010446FFF72BFF9DF85F
:106E200007302BB10749084865680AF0F9F828606F
:106E300022212046FFF70CFD0122A36D5A7003B0FA
:106E400030BD00BF84D00310342A0410022A7FB55D
:106E500004460E46154614D8436D9A8C8AB9DB8ACF
:106E6000DB070ED4184B0DF10F015A5DFFF702FF3F
:106E7000E3699DF80F10585D602813D1595504B08F
:106E800070BD20460DF10F010022FFF7F3FE626C8A
:106E9000B4F84A30204613445B1B0022591EFFF70A
:106EA00097FCE5E78842EAD0FFF7D8FB02460846A0
:106EB000FFF7D4FB05496468134600903246044846
:106EC0000AF0AEF82060DAE7641404108ED00310E4
:106ED000342A041070B504460D4616464BB90F21EE
:106EE000FFF7BCFD324629462046BDE87040FFF75B
:106EF000ADBF70BD03297FB50446164613D10122EC
:106F00000DF10F01FFF7B6FE18253146204600238C
:106F10000DF10F02FFF77CFE2946204604B0BDE8C4
:106F20007040FFF795BC052906D101220DF10F0134
:106F3000FFF7A0FE1725E8E70223012200930DF1D9
:106F40000E010DF10F03FFF7A3FE1925DDE7F0B5E4
:106F500004460E46154685B0CAB90223077D0DF1D9
:106F60000E010275012200930DF10F03FFF790FE51
:106F70002B463246232127752046FFF7A4FD002229
:106F80002046114605B0BDE8F040FFF79ABB012A44
:106F900009D1002329460DF10F02FFF739FE2B46D8
:106FA00032462421E8E70DF10F010022FFF762FECF
:106FB0002521204605B0BDE8F040FFF749BC10B5DB
:106FC0000446D0E90C3003F18043013B00EB83031E
:106FD000DA7822F08002DA70043B98420BD893F9F9
:106FE0000320002AF8DA1A880021A06DC2F30E02ED
:106FF000F9F71DFC05E059B94FF40051A06DF9F700
:107000004DFAA06D0022BDE810400321F9F7E0BB66
:1070100010BD10B504460121FFF7D1FFA06D01227C
:107020000021F9F7E9FB00222046BDE81040114697
:10703000FFF747BB73B5046B05460E46DCB1436BE7
:1070400004F18044013C03EB840292F90120002A00
:1070500020DA33F82430C3F30E038B421AD1002315
:1070600001210DF10702FFF7D3FD00220121A86DD8
:10707000F9F7AEFB01242846FFF79CFD3146A86DC9
:10708000F9F7EDF944B10021284602B0BDE870409F
:10709000FFF795BF0024EEE702B070BD38B50D468E
:1070A000044611467AB14FF40051806DF9F7F6F9B4
:1070B00000220121A06DF9F78BFB29462046BDE88F
:1070C0003840FFF798BDFFF77AFFF6E72DE9F0416A
:1070D00004460D4672B3D0E90C3C002103F1804315
:1070E000013B0CEB8303184616460F4690F901E06E
:1070F000BEF1000F09DA90F903E0BEF1000F04DAE7
:10710000002F08BF0746E1B90146013EA0F1040087
:10711000ECD1A06D21BB6FF0030672439E18B445FD
:1071200018D94FF40051F9F7B9F900220321A06DE5
:10713000F9F74EFB204625F40041BDE8F041FFF78A
:107140005ABDB0F80080B1F802E068F30E0EA1F865
:1071500002E0D9E79A5AC2F30E02F9F768FBE4E7B6
:1071600047F6FE724B8862F30E034B8025F4004213
:107170003146F9F75CFB32461321A06DF9F728FB85
:1071800032463146A06DF9F7ABFA32460121A06DC7
:10719000F9F71EFB3D88C5F30E05CBE77FB5044626
:1071A0000E4615468AB90DF10F01FFF763FD324611
:1071B000204601230921FFF786FC2A46294620465E
:1071C00004B0BDE87040FFF77CBA012A35D1114602
:1071D000FFF7F4FA024688B90223204600930DF126
:1071E0000E010DF10F03FFF753FD012332460E216F
:1071F000204604B0BDE87040FFF765BC20460DF1A5
:107200000F0200230221FFF703FD2B4620469DF8C5
:107210000F200421FFF709FBA06D00220221F9F7DE
:10722000ABF920460DF10E010022FFF723FD4FF0D0
:10723000FF312046FFF71CFAD7E70DF10F010022BE
:10724000FFF718FD4FF40851A06DF9F727F9CCE7C7
:1072500038B50446FFF719FA01220021806DF9F7CD
:10726000CBFA22212046FFF7F3FAD4E90C3547F692
:10727000FF72013B05EB830523636B88C3F30E03A9
:10728000934228D013220021A06DF9F7B5FA4FF4EC
:107290002051A06DF9F702F9A36800211A68A06DCA
:1072A000F9F7A2FB47F6FE736988C1F30E029A4212
:1072B0000BD14FF48E41A06DF9F7F0F8A36820468A
:1072C0001968BDE83840FFF7B5BE2046C1F30E018E
:1072D000FFF791FCF2E738BD426D2DE9F341836879
:1072E000D58A928C1E6805F0110313430446C660CC
:1072F00000F0F98015F0010506F1020721D14FF0E9
:107300000208B0F848202946FFF707FBCDF80080B7
:1073100001232A462946A06DF9F7B0FACDF800807E
:107320002A4601232946A06DF9F7A8FA052120462F
:10733000FFF78EFAB4F848102A4620460131FFF7CD
:1073400047FAD4E915309A8C002A67D1D98A11F00E
:10735000010508D14FF42051F9F7A0F83A46294623
:10736000A06DF9F741FB0022A06D1146F9F758FA1C
:1073700020212046FFF76CFA4FF42051A06DF9F759
:107380008DF83A460021A06DF9F72EFB636DD98A7E
:1073900011F0010100F08E80022501220021A06D74
:1073A000F9F72AFA0095052306220021A06DF9F7C6
:1073B000A5FAA06D2A460021F9F792F9A06DF9F718
:1073C000B7F839462046FFF735FE636DDB8ADB07E9
:1073D00040F18980B4F84820204601320021FFF7AF
:1073E0009CFAA06D4FF48E41F9F758F8A06D142265
:1073F000436800212364F9F7FFF9A06D4FF40451AD
:10740000F9F74CF8A06D01221421F9F7E1F92221D6
:10741000204602B0BDE8F041FFF71ABA4FF4005120
:10742000F9F73CF800221321A06DF9F7D1F90022F9
:107430000121A06DF9F7CCF9751C3A460421A06D25
:10744000F9F7F5F929462046FFF7F4FD0022A06D73
:107450001146F9F7E5F920212046FFF7F9F903363F
:107460004FF42051A06DF9F719F832460121A06DB3
:10747000F9F7BAFA4FF40051A06DF9F70FF80022AE
:107480000321A06DF9F7A4F944F22071A06DF9F77A
:1074900005F831462046FFF7CDFD03220421A06DFB
:1074A000F9F7AAF94FF43051A06DF8F7F7FF2A4623
:1074B000012168E7B4F8482020460132FFF72DFA91
:1074C00005212046FFF7C4F9636DD98A11F0010147
:1074D0007FF462AFA06D0122F9F78EF922212046D8
:1074E000FFF7B6F96DE702B0BDE8F0812DE9F34191
:1074F0000E460021174604461D46FFF75FF9024677
:1075000048BB20460DF10701FFF7B4FB1DB901216F
:107510002046FFF7ADF810212046FFF799F91DB975
:107520009DF8073084F828302046FFF743FB4FF4DE
:107530002051A06D5EB3F8F7B1FF3A460121A06D6E
:10754000F9F752FA45BB4FF0FF31204602B0BDE8D3
:10755000F041FFF78DB80A4620460DF10701FFF70D
:1075600089FB1DB901212046FFF782F89DF807002D
:10757000431E022BD3D9FFF771F809490246094887
:10758000D4F8048009F04CFDC8F80000C7E7F8F70C
:1075900085FF3A463146D2E702B0BDE8F08100BF30
:1075A0009ED00310342A04100023FFF79FBF01234D
:1075B000FFF79CBF70B50546D0E91560F68A0C460A
:1075C000F6070BD544EAC4049200F9F789F8A86DD0
:1075D00044F4CC51BDE87040F8F760BFBDE870409E
:1075E000F9F71EB92DE9F84F002504460F469146DC
:1075F000A846FFF702F94D4510D10026B3464E4587
:107600002BD171422046FFF733F8B4F84A20E36CDF
:1076100039461A44BDE8F84FFFF7CCBFE66CD4F802
:1076200024A0013E761B0AEBC6025378022B12D12E
:107630000123394682F801802046FFF78BFA0AF8C9
:107640003600B4F84A10E36C3A4619440139204632
:10765000491BFFF7BDF80135CDE7E36CD4F824A052
:1076600003F1FF38A8EB06081AF83820BAB1B4F8CD
:107670004A5000211D44013DAD1B2A462046FFF71C
:107680004CF90123042120461AF83820FFF7CDF8E1
:10769000002229462046FFF79BF80AF838B0013649
:1076A000ADE70000037D37B504460D4613B15F48D2
:1076B00013F082FB426DD38A43F00103D382FFF7BC
:1076C00079FA012D0BD1A368204619680231FFF722
:1076D00092FAA368204619680131FFF7ABFC01223A
:1076E00000212046FFF77EFF002202212046FFF7FF
:1076F0006FF801220021A06DF8F7F2FF002212219D
:10770000A06DF9F765F8A36800211A68A06DF9F774
:107710008EF8B4F84810002220460131FFF758F8DF
:10772000E168A06DF9F73AF9A368A06D1968F8F758
:1077300096FE236BBBB1626B03F18043013B02EB0E
:1077400083039A420FD893F90310002926DA1A8886
:107750000021A06DC2F30E02F9F769F8002203219F
:10776000A06DF9F735F801212046FEF7DDFFBDB920
:1077700014222946A06DF9F73FF8A06D4FF404518B
:10778000F8F78CFEA06D01221421F9F721F82221CF
:10779000204603B0BDE83040FFF75AB8043BD0E7BD
:1077A000A368204619680231FFF744FCA06D14223B
:1077B0000221F9F721F8A06D00220121F8F790FFCE
:1077C000A06D01221421F9F703F820460DF10701FD
:1077D0000122FFF74FFA002320460DF10702012195
:1077E000FFF716FA204602220021FEF76AFF012267
:1077F00020460221FFF7F6FE20463021FFF728F849
:10780000A06D4FF42051F8F749FEA368A06D1A68E7
:1078100001210132F9F7E8F820460121FEF784FF43
:10782000204603B0BDE83040FFF72CB9ABD00310C1
:10783000F8B5164604460D46520093B1CB1C1A44C7
:107840000221FFF7CFFE01221D2145EA0623204633
:10785000FFF716F800222046BDE8F8401146FEF773
:1078600030BF8B1C1A440221FFF7BCFE33462A4668
:107870001C21ECE72DE9F7430F4616460121B0F82D
:1078800048204FF002081D460446DDF82890FFF717
:1078900044F80123CDF800801A461946A06DF8F788
:1078A000EDFF55EA09052DD12046FEF7A6FF2A4631
:1078B0004146A06DF8F714FF20463969FFF776F8C6
:1078C00003221A21A06DF9F7C4F832460121A06DF8
:1078D000F8F706FF324602212046FFF783FE25B166
:1078E0006FF001012046FEF7C3FEA06D03222B219D
:1078F000F9F7AFF800222046114603B0BDE8F04387
:10790000FEF7DFBE06F102094A4641462046FFF770
:1079100069FE49462046FEF7ABFEFEF76EFFCBE759
:107920002DE9F34115460F46B0F8482001214FF0EC
:1079300002081E460446FEF7F0FF0123CDF8008042
:107940001A461946A06DF8F799FF354318D120461D
:10795000FEF753FF2A464146A06DF8F7C1FE2046C8
:107960003969FFF723F8A06D03221A21F9F771F89E
:1079700000222046114602B0BDE8F041FEF7A1BE4C
:10798000204642464146FFF72DFE2046FEF735FFD2
:10799000E5E770B5042A04460E46154686B02AD19E
:1079A00002294FF0000518D101220DF117010095B1
:1079B0000DF11603FFF76CF92A463146A06DFFF76B
:1079C000BFF826212046FEF743FF0022204611463D
:1079D00006B0BDE87040FEF774BE0DF115030193CB
:1079E00001230222009302950DF116030DF11701F8
:1079F000FFF782F9E5E7012A01D9032A04D13246CB
:107A000001212046FFF7EEFD1335002332462046C4
:107A1000E9B2FEF70AFFD8E738B504460D4604225E
:107A20000021FFF7DFFD20460421FEF721FE1F2184
:107A3000FEF70EFFA06D4FF42051F8F72FFD2A46F8
:107A4000A06D0021F8F7D0FF00222046BDE83840A5
:107A50001146FEF736BE37B504460D460021FFF746
:107A6000AEFA20464FF0FF31FEF702FEA368196818
:107A70000231FFF7DFFA204600225421FEF736FEDE
:107A8000204600225421FEF731FE204600225421D8
:107A9000FEF72CFE204605220221FFF7A3FD03225C
:107AA000204600231C21FEF7EBFEA3682046196840
:107AB000FFF7A1F82946A06DF8F7D1FC2046012177
:107AC000FFF77DFA20460221FEF72EFE0122A06D6F
:107AD0000021F8F791FEA06D4FF42051F8F7DEFC7D
:107AE000A36802251A68A06D00210232F8F77CFF16
:107AF000002300951A46A06D0121F8F7BFFE20462D
:107B000001220021FEF7DDFD002220461146FEF78E
:107B1000D8FD204600225421FEF7E8FD29462046E4
:107B20000522FFF75FFD0023032220461C21FEF7FC
:107B3000A7FE20461021FEF78BFEA06D4FF42051CA
:107B4000F8F7ACFCA368A06D1A6800210132F8F7C1
:107B50004BFFA36820461968FFF76CFAA06D4FF43D
:107B60000051F8F79BFC0022A06D0121F8F730FED0
:107B7000A368204619680131FFF75CFA012120460D
:107B800003B0BDE83040FEF773BD0000436D73B530
:107B9000DD8A044615F0010613D001220021FFF70B
:107BA00021FD002202212046FEF712FE0022A06DD8
:107BB0001146F8F795FD00221221A06DF8F708FE96
:107BC0001BE0027D002A47D03146FEF7F7FD54281E
:107BD000C5F3871525D12046FEF757FDADB92A46D6
:107BE0002946A06DFEF7ACFF636D9A8C002AE2D1A6
:107BF000DB8A03F01103002BDDD12046226BE16804
:107C000002B0BDE87040FFF761BA32463146A06D60
:107C1000F8F766FD01232A4604212046FEF705FEFB
:107C2000E2E70DF1070132462046FFF723F89DF801
:107C30000710A9420DD02846FEF710FD024608465F
:107C4000FEF70CFD074903460748666809F0E8F9A6
:107C50003060002DC8D0DDE70DF10701FFF70AF80D
:107C6000C2E700BFB3D00310342A0410F8B516469B
:107C7000044600250F46FEF7C0FD31462046FEF7BC
:107C80000FFD2A46E36CB5420CD1B4F84A203946C0
:107C900020461A44FFF78EFC29462046BDE8F840EE
:107CA000FEF7E6BC616A581921F830200135EAE791
:107CB00073B5164604460D4600220DF10701FEF786
:107CC000D9FF721C20462A440221FFF7CFFF01236F
:107CD0002821204645EA062202B0BDE87040FEF7A2
:107CE000A4BD37B504460D4600220DF10701FEF78D
:107CF000C1FF2A4620460221FFF7B8FF01232A468A
:107D00002721204603B0BDE83040FEF78EBD37B5D1
:107D10000D4600220DF107010446FEF7ABFF5DB1F1
:107D2000204604220121FFF7A1FF1E21204603B0B7
:107D3000BDE83040FEF78CBD2A46A06D0121F8F762
:107D4000CFFC20461E21FEF783FD2A462946204609
:107D500003B0BDE83040FEF7B4BC37B504460D466D
:107D60008AB103220121FFF73DFC022201212046B6
:107D7000FFF77CFF00232A460B21204603B0BDE815
:107D80003040FEF7A0BE0DF10701FEF773FF02229F
:107D900020461146FFF76AFF01232A460A21ECE735
:107DA0007FB5012504460DF10F030DF10E010022F0
:107DB0000095FEF76DFF9DF80F6020469DF80E10B0
:107DC0000022FEF77EFC2A463146204604B0BDE87C
:107DD0007040FEF776BCF8B504460F461646012102
:107DE0001D46FEF7A1FC2046FFF7DAFF0F212046D3
:107DF000FEF734FE2046FFF7D3FF39462046FEF754
:107E0000FAFE20464FF0FF31FEF78EFC3146204649
:107E1000FFF710F92046FEF738FCA06D0122002183
:107E2000F8F7EAFC002220461146FEF74AFCA06D56
:107E30004FF42051F8F732FB2A46A06D0021BDE82F
:107E4000F840F8F7D1BD00002DE9F3410446138B4B
:107E50000161D81E43424341237500230E46E3646B
:107E6000118CA36915468B42626505D2E06902F068
:107E700034FD2B8CE061A361626D538B928B1344B4
:107E8000EA8A510748BF013392074FF000021146BA
:107E900048BF0133934240F0DD80227D002A40F04C
:107EA000ED80A2699A4200F2EB8000236021226AF1
:107EB0009A4240F0EE80042E14BF01210221A06DF1
:107EC000F8F7A5FA0023626DA4F84830938CD28AA3
:107ED00013B902F0110141B11321D207A4F84810DF
:107EE00040F1DC801523A4F848308B492068FDF769
:107EF0005EFC94F8148006462B8C688CB8F1000F59
:107F000000F00E81626D1844918C6064002940F08D
:107F1000CA80D28AD70708D4032BA8BF03231946E7
:107F20006B8B032B88BF01F1FF3112F0110F00F0B2
:107F3000BC80B4F84820023292B20227A4F84A204A
:107F40000244511AA06DF8F7C1FA009701230022EC
:107F50000721A06DF8F792FC072200971146032332
:107F6000A06DF8F78BFC0722009733461146A06DF1
:107F7000F8F784FC636D9A8C1AB9DB8A03F030033E
:107F80002BB10022B4F84810A06DF8F721FC0122B3
:107F90000021A06DF8F7F0FA02220121A06DF8F798
:107FA000EBFA03220621A06DF8F7E6FA4FF424510C
:107FB000A06DF8F773FAA36801211A68A06D043266
:107FC000F8F712FD6A8B0221A06DF8F789FB0223F6
:107FD00000224FF48541A06DF8F7C9FAA36800218B
:107FE0001A68A06D0532F8F7FFFCA368A06D196848
:107FF00002260431F8F733FA4FF002126B8B02219C
:108000005A43A06DF8F76CFB03222C21A06DF8F702
:1080100020FDA368A06D196800250531F8F71FFA47
:10802000636D5A8BAA4248DC032A0DD99A8C5AB93F
:10803000DB8ADB0708D4B4F84A20636C06211A44B3
:10804000A06D033AF8F7D8FB204602B0BDE8F04136
:10805000FFF742B9E069815401321BE7C86A00EBBF
:10806000C20041780132CF0741BF4788E069090962
:10807000C155616D088D9042F0DC12E70022F8E7EF
:10808000227D002A0CBF00216021E269D154013316
:1080900007E7606A20F83310013309E7002B3FF44B
:1080A00024AF14231FE7002143E7EB8AB4F84820EC
:1080B0009F067FF542AF01323EE700962B4606222F
:1080C0000021A06DF8F7DAFBE3695A5D22B10123C4
:1080D00003212046FEF7A9FB022D12DC636D9A8C6A
:1080E0007AB9DA8AD2070CD4022D02D15B8B032B2A
:1080F00007D10A4B0022595DA06DF8F73DFA013512
:108100008EE7B4F84A10636C002219440139204606
:10811000491BFEF75DFBF2E74424041064140410CD
:10812000034463640421E26BA06DF8F7A9F9636D61
:10813000DF8A17F0010743D0226C0421A06DF8F705
:108140009FF9B4F84810A06DF8F7C0F94FF4A023D8
:108150000227A36442460621A06DF8F70DFA01221A
:108160001421A06DF8F734FB009706224146B4F8BD
:108170004830A06DF8F782FB009701234246414644
:10818000A06DF8F77BFB0097032342464146A06DA4
:10819000F8F774FB0097334642460721A06DF8F7C5
:1081A0006DFB2046FFF798F8636D9A8C002A4AD041
:1081B000002319462A8D9A425CD802B0BDE8F081AE
:1081C0004FF00208B4F84830616C05339BB2A06DE3
:1081D000A4F84A301944F8F779F9CDF800803A4606
:1081E000A06D01230721F8F749FB0722CDF8008095
:1081F0001146A06D0323F8F741FB0722CDF800805C
:1082000033461146A06DF8F739FB3A46B4F84810EA
:10821000A06DF8F7DDFA3946626CA06DF8F760FAE8
:10822000B4F848103A4620460331FEF7D1FA3946F1
:10823000B4F84820A06DF8F7F3FA04222D21A06DC0
:10824000F8F707FCADE7DE8A16F00106B0D10F4F54
:108250002B8CB342ACDDB4F84A20636C17F8011BD9
:108260001A44013A921BA06D0136F8F7C5FA032EA5
:10827000EED19DE7EA6A02EBC30012F83320013326
:10828000052A02BF4288E069815493E76414041010
:108290002DE9F3410E4601EB4201044615461F4607
:1082A000FEF78CFA70288DF8060035D1E26C636A0F
:1082B000002103EBC203204613F80C6CFEF77EFA94
:1082C000072805460DD888B12046FEF7DBFBE36C96
:1082D000626A03F10053013B02F8336002B0BDE86B
:1082E000F0815428F0D01F4812F066FD02460DF1CF
:1082F00007012046FEF7BEFC2046FEF7C6F93246CF
:1083000003210123FEF791FA2A463146204602B0A6
:10831000BDE8F041FEF7D5B946EA05286FB18A1CE1
:1083200020460221FFF75EF9434600221D21204628
:10833000FEF7A6FA00221146E8E7354304D00A46C4
:1083400020460221FFF74EF920460DF106010022DA
:10835000FEF790FC012342461B212046FEF765FAFA
:10836000E8E700BFBDD003102DE9F041C66CD0F89E
:1083700024C0013E0CEBC60715467A780446012A54
:10838000DDF8188013D1D7F804E09E450FD0C6451C
:108390000DD01CF836300B7079682960FEF788FA2A
:1083A0002046BDE8F0414FF0FF31FEF761B90A46C3
:1083B000204601212B68FEF72BFCF1E77FB5002357
:1083C00003934FF0FF330446009303AA0DF10B0112
:1083D000FFF7CAFF9DF80B50039E29463246204600
:1083E000FEF76FF932462946204604B0BDE87040DA
:1083F000FEF767B9F7B504460E461546002A57D171
:10840000134601210DF10702FEF702FC022220466D
:108410001146FFF72BFC012320460D220A21FEF70F
:1084200052FB20460DF107010222FEF723FC2046F5
:108430000DF107010122FEF71DFC2A4620460DF131
:108440000701FEF717FC9DF8077020463946012208
:10845000FEF737F9394620460222FEF732F90222AA
:1084600020461146FFF702FC012320460C220A2178
:10847000FEF729FB022220461146FFF7B3F82B46F0
:108480002A4620461C21FEF7FBF92A4629462046AB
:10849000FEF717F92046FEF78DFB204601223146F4
:1084A000FEF761F9204603B0BDE8F040FFF786BF54
:1084B000FEF780FB31462046AB1E5A425A4103B0BC
:1084C000BDE8F040FEF74FB970B504460D461646BC
:1084D00086B023B906B0BDE87040FEF7B7BC0022F5
:1084E0001146FEF7E5F9204600220121FEF7E0F9EA
:1084F000324629462046FEF723FA002304934FF024
:10850000FF3301262046009304AA0DF10F01FFF767
:108510002BFF049D20462B4605AA0DF10F01009567
:108520000596FFF721FF022300932A46334605995B
:10853000A06DF8F7E3F906B070BD7FB504460D46AF
:10854000164623B904B0BDE87040FEF7F9B9002221
:108550001146FEF7ADF9324629462046FEF7F0F9FE
:108560004FF0FF3300252046009303AA0DF10B01C5
:108570000395FFF7F9FE022300932946039AA06DA5
:108580000123F8F77BF92A462946204604B0BDE8C6
:108590007040FEF796B800007FB50E4600210446F5
:1085A000FEF70CF9831E012B05468DF80B0038D819
:1085B000002E34D0012E19D10B460391009103AA4D
:1085C0000DF10B012046FFF7CFFE039D44F2402141
:1085D0002B462A46A06DF7F7CAFF2A469DF80B10D6
:1085E000204604B0BDE87040FEF76BB8022E0ED1F5
:1085F0000B460391009103AA0DF10B012046FFF7F2
:10860000B3FE039D44F2C0312B462A46E2E7104BED
:1086100064689A5D0F49104808F002FD206004B0BC
:1086200070BD70B9012220460DF10B01FEF722FB4F
:10863000324611212B462046FEF7F7F82A462946F6
:10864000CEE7FEF70BF8054902466468E3E700BF92
:108650003C3C0410C5D00310342A0410CED00310C3
:108660002DE9FF410D4601210446FEF7A7F8074614
:108670008DF80A0000212046FEF7A0F8BB1E012B52
:1086800006468DF80B0000F2D380831E012B00F20A
:10869000FA80A5F109030C2B9CBF0D35EDB21F2DFF
:1086A00001D0212D24D100230122009320460DF179
:1086B0000A030DF10B01FEF7EBFA9DF80A30022BCD
:1086C00007D07A4B7A495A5D7A48666808F0A8FC68
:1086D00030601F2D0CBF2E212F212046FEF7B8F849
:1086E00000220221204604B0BDE8F041FDF7E9BFB9
:1086F000012602232046039303AA0DF10B01002358
:108700000096FFF731FE324620460DF10A01FEF7D2
:10871000B1FA1D2D7DD8DFE805F04C4C4C4C4C4C8B
:108720007C7C7C7C7C7C7C7C7C7C7C7C7C7C7C7C89
:10873000252D320F0F374347192D4FF00102A06D41
:108740009DF80A60039B06D14FF48141F7F70FFFB4
:1087500001223146C6E7032E0CBF44F2C0014FF49C
:108760008241F3E701224FF48641039BA06DF7F7A6
:10877000FEFE11E0012244F24001039BF6E70122D4
:108780004FF48041039BF1E741F609030399A06D83
:1087900043EA8111F7F782FE01229DF80A10A1E752
:1087A00041F609230399F2E7012244F24031039B89
:1087B000DCE79DF80A609DF80B30B34205D03E49D6
:1087C0003C48676808F02CFC38600022032E14BF78
:1087D0000626002611462046FEF76AF801224FF4CD
:1087E0008541039BA06DF7F7C2FE344B2E4433F84E
:1087F0001610A06DF7F752FE42F20101A06DF7F7D7
:108800004DFE4FF40051A06DF7F748FE0022012104
:1088100068E720460121FDF72BFF244B28495A5DCC
:108820002448646808F0FCFB206004B0BDE8F081D7
:1088300057EA000827D101260222204600960DF1B2
:108840000A030DF10B01FEF723FA322D17D0332D59
:1088500017D0464600232A4612212046FDF7E5FFA1
:1088600056B100220121A06DF7F786FE00230322F6
:1088700011212046FDF7D9FF0022114632E70625D7
:10888000E8E70725E6E720464FF0FF31FDF7F0FE69
:108890003846FDF7E3FE02463046FDF7DFFE0949A4
:1088A00003460448646808F0BBFBBDE73C3C041089
:1088B000DED00310342A0410EED00310721304101B
:1088C00001D103100FD103102DE9F0430446C16814
:1088D00085B0FEF7AFFB636D9A8CD98A12B901F0AF
:1088E000110373B311F0010117D1B4F848202046E9
:1088F0000132FEF712F8636D9D8C55B94FF420518B
:10890000A06DF7F7CBFDE2682946A06D0132F8F7BC
:108910006BF805212046FDF79BFF21212046FDF73E
:1089200097FF636DDA8AD20706D49B8C23B9E1687E
:1089300020460131FEF77EFB12220021A06DF7F7E1
:108940005BFFA06DF7F7F4FD237D002B5FD1A36DD6
:10895000656C5B68013DA3632368EA005B8802F0F5
:108960007802E363636D2D095E8BDF8AB3F81C9098
:10897000B3F81E8006F0030307F00F071A43B6088A
:1089800045EA0703334343EA090353EA0803A06DAA
:1089900066D10121F7F774FDB4F85060B4F8527055
:1089A000720007F0010302F07E027F08B60957EA61
:1089B000060542EA030218BF42F080020121A06DC1
:1089C000F7F75EFD002DEBD1636DA76D998A2068E6
:1089D0007E68FCF7D5FE4A4902463846F8F74CF85F
:1089E000474F626D538B918B108D0B44AB4275DCFE
:1089F0000025A36D9F88BE1BA4F85060D4E91530F4
:108A00001A8DAA426CDC4368DB1BA4F85230236940
:108A1000042B21D1A36DD3E9027623685868237D06
:108A20005BB9A56BE16B3544002966D00131890043
:108A300001F053FFE36B40F823500023656D217D67
:108A4000CDE90233EB8A0331CDE9000332463B46E0
:108A50002869C9B2FCF709FF012005B0BDE8F08321
:108A600042F080020121F7F70BFDBA012B0103F060
:108A7000300302F040021A4308F001031A434FEAA0
:108A8000C90303F008031A43B30003F004031A43B5
:108A9000AD087F0876084FEA59094FEA58086FE792
:108AA000D36A03EBC10393F801C01CF0010F10D08F
:108AB000B3F802C0AC450CD159682068D4F858808E
:108AC000FCF75EFE394602464046F7F7D5FF013512
:108AD00087E701318142E3DB0521EEE70021F9E779
:108AE000DB6A03EBC50213F83530052B03D10121F6
:108AF0005288F7F7C5FC013580E728469DE700BF9F
:108B00003F0400102DE9F04188B004460D4607AE41
:108B1000002940F0BD800121FDF750FE07468DF889
:108B2000170078BB01462046FDF748FEC0B9012278
:108B300031462046FEF79EF8002220460DF117012F
:108B4000FEF798F804220F2102232046FDF76DFE60
:108B500000221146204608B0BDE8F041FDF7B1BD46
:108B60003A4631462046FEF785F820469DF81C20FF
:108B700001230421FDF759FE3A460121A06DF7F7C4
:108B8000FBFCD9E7E36C626A013B02EBC30032F8FD
:108B9000332040F202239A422BD14FF0010847685C
:108BA0002046FDF772FD434632460DF11701CDF820
:108BB00000800795FFF7D8FB20462A462946FDF797
:108BC00077FE9DF8170006280DD007280ED005283F
:108BD00054D100953B462946079AA06DF7F74EFE03
:108BE00000220221B6E7CDF80080F3E702230093CC
:108BF000F0E72B46324620460791009506A9FFF77D
:108C0000B3FB2A4620460DF11701FEF733F8204644
:108C10002A462946FDF74CFE9DF81800831E012BBD
:108C200008D9FDF71BFDA1490246A148656808F077
:108C3000F7F928609DF8170006280BD0072813D0F5
:108C400005281BD10799890141F4B841A06DF7F7B8
:108C500025FCC5E70799A06DC90041F04201F7F76F
:108C60001DFC4FF4B541F1E70799A06DC90041F033
:108C70008201F7F713FC4FF4B141E7E7FDF7EEFC93
:108C80008C4902468A48656808F0CAF92860A7E757
:108C9000012940F0FB80FDF791FD07468DF8150096
:108CA00050BB01462046FDF789FD022105468DF89F
:108CB00018002046FDF782FD05438DF81C0008D002
:108CC000394620460322FEF78DFC03212046FDF79E
:108CD000CFFC0223CDE9016300232046009306A9BF
:108CE00001220DF11503FEF707F80F21204608B009
:108CF000BDE8F041FDF7ACBDE36C626A013B02EBFD
:108D0000C30132F8332040F202239A423ED120467A
:108D1000D1F80480FDF7B9FC022300220093CDE9CD
:108D200006230DF115012B4606AAFFF71DFB069F32
:108D300020463B46324600950DF11701FFF714FB24
:108D40009DF81700431E022B08D9FDF787FC5A49EE
:108D500002465748656808F063F928609DF81500D9
:108D600006280FD007280FD0052840F08580002363
:108D700000933A4643460799A06DF7F7BFFD08B048
:108D8000BDE8F0810123F3E70223F1E70223204647
:108D90000793009306AA00230DF116010695FFF72D
:108DA000E3FA204600220DF11501FDF763FF9DF85F
:108DB0001600831E012B08D9FDF750FC3F490246DF
:108DC0003B48656808F02CF92860069D0023204682
:108DD000324600950DF11701FFF7C6FA9DF817000E
:108DE000431E022B08D9FDF739FC334902463048AF
:108DF000666808F015F930609DF8150006280ED059
:108E0000072825D0052837D1079941EA851141F473
:108E1000A841A06D08B0BDE8F041F7F73FBB0126BF
:108E2000AE40A06D46F43441F7F738FB45EAC50182
:108E300041F04001A06DF7F731FB079941EA851138
:108E400041F4A441A06DF7F729FB46F43C41E0E76B
:108E50000126AE40A06D46F43441F7F71FFB45EA0A
:108E6000C50141F08001A06DF7F718FB079941EAB1
:108E7000851141F4A041E5E7FDF7F0FB10490246FA
:108E80000B48646808F0CCF8206078E7002533468A
:108E900006A901220095FDF7FBFE02232A460F21B9
:108EA000204608B0BDE8F041FDF7BFBC32D1031049
:108EB000342A041029D103103CD1031047D10310E8
:108EC00041D103102DE9F04180465C2016460F4643
:108ED0001D4601F000FD866008260446C0E90087B3
:108EE0000662402001F0DEFCE6626062202001F0B4
:108EF000D9FC6063202001F0EEFC2946A065F7F75D
:108F000073FA2046BDE8F08110B504460021806D5B
:108F1000F7F772FAA06D01F0EDFC606B01F0EAFC6E
:108F2000E06901F0E7FC606A01F0E4FC2046BDE87E
:108F3000104001F0DFBC2DE9F84FDDF828B01D46E8
:108F4000DDE90C94DDE90E381746064660B188422B
:108F50000AD318F0040F07BF0A22B0FBF2F60BF198
:108F6000010B013408BF013318F0020A3AD0002B7C
:108F700038D00BDB0B9A934234DA1C44A34503DC54
:108F80000BF1FF39A4EB090900232BE01A1D29DBA3
:108F90000A21B6FBF1F201FB1262002A40F0838045
:108FA000C3F10104E2180133B6FBF1F605D0B6FBBC
:108FB000F1F001FB10600028F4D02C46D31A3021C8
:108FC000ABEB020B2E22002B04F8021B6A7003F19C
:108FD000FF35D8BF002520462A4633F003F9254443
:108FE0000023FF240BF1FF310A460A20002A5CDA35
:108FF000621C5A4569DBFE2CD4BF0022012205EB1E
:109000000B00B9F1000F0DD0641A2E253021A4EB0E
:10901000090914B9012200F8015B013CA14500F8DF
:10902000011BF6D1BAF1000F09D042B10246104639
:1090300012F8011D3029FAD02E2908BF104608F079
:1090400001021A432AD018F0040F27D1002BB6BF13
:109050002D222B225B42632B4270C8BF64224FF04B
:109060000A01C8BFB3FBF2F2B3FBF1F5C4BF303263
:109070008270B5FBF1F208F02008D4BF841CC41C38
:1090800048F0450880F80080204601FB125201FBA1
:1090900015333032303300F8022B63700023037035
:1090A000C01BBDE8F88F002287E7B6FBF0FC9442B6
:1090B000A8BF964600FB1C66B8BF02F1010E303611
:1090C00005F80E60013A664690E72E2201352A55D2
:1090D000012294E72DE9F04F2DED028B002897B087
:1090E000174608EE100A229C9DF88C200D9129DA73
:1090F000B4EE488AF1EE10FA24D6B1EE488A2D2259
:109100000D9E013F06F8012BF0EEC87A9FED807AA4
:10911000F4EE477AF1EE10FA03F0200216DD42F089
:10912000490442F04E00F31C42F0460100227070E8
:109130003470B1701A700D9A981A17B0BDEC028B8A
:10914000BDE8F08F002ADBD10D9EDDE7B4EE488A42
:10915000F1EE10FA06D742F04E010C4642F0410003
:10916000F31CE3E743F02003662B6BD142F0040BC2
:10917000002CA7F103086CDA062444452346A8BF57
:1091800043460B9318EE103A002B089371D0C3F3AB
:10919000C7537F3B07EE903A9FED5E7AF8EEE77A91
:1091A00067EE877A18EE103AFDEEE77AB3F17E5F4C
:1091B00017EE905A34BF4FF000094FF001094FF0FD
:1091C0007E5009EB05010FF0D1FBB9F1000F07EE5E
:1091D000900A14BF4FF0010A4FF0FF3AF4EEC87A3C
:1091E000F1EE10FA94BF012300234B4537D01BF05A
:1091F000040F0AD0002D08DD63190233BB42C2BF41
:109200008BF0040343F0020B01341BF004030E93B4
:1092100039D0BB1EA342C8BFA046002D30DAB8F13A
:10922000020F28DDAB1C26DAC5F10009C145A8BF35
:10923000C146A9F10209A8EB0904092C31DC00237D
:10924000032237E0672B0CBF42F0020B42F0010B08
:109250008EE7632C91D1102309240B9392E7554498
:109260004FF07E5009EB05010FF080FB07EE900AEE
:10927000B4E7089DBBE708F101044FF00009DCE703
:109280006C1C4444F9E71BF0020F06D0002C3AD0C6
:10929000092C04DC0023994638E00134F8E74FF04C
:1092A00000090E9AA4F10903002A4FF009040CBF2B
:1092B00007220322062CA046A7EB0407A8BF4FF005
:1092C0000608BF1A9F42D4BFE319E318A8EB0502B2
:1092D000013A0C921193119BA3EB08030F93089B87
:1092E000002B00F0D2800E9B002B00F0CA80002DD6
:1092F00080F2C480B9F1000F0ED108F1FF31CDF832
:109300001C90334618E02346A14601240722D1E7EA
:10931000FFFF7F7F9B209A3E334630212E2203F8A9
:10932000021B184672704A4632F05CFFFF22034669
:1093300009EB08014B4407920A2001220A9090454C
:1093400000F3A880B8F1060F40F3AE80012940F386
:10935000AB80B8F1070F00F0A380022900F0A080D5
:109360004FF0640A023918EE100A09930FF0FEFA62
:10937000B6EE007A07EE900A77EE877AFCEEE77A8F
:1093800017EE907A079B0AFB07F703930F9B324671
:1093900002930B9B0A99CDE90083099B3846CDE9DE
:1093A000045B1093FFF7C7FD15AA014609903046EC
:1093B0000FF014FBDDED157A77EEC87A17EE902AE0
:1093C0000999002A56D04FF0010AB8F1060FC2BF22
:1093D00008EB4802123A0AFA02FA0C22F0EE678A07
:1093E000109B0997109217EE902A002A079AB8BF8F
:1093F000574403920F9AA8BFA7EB0A0702920B9A51
:109400000A99CDE9008238463246CDE9045B1393D0
:10941000FFF791FD15AA0146129030460FF0DEFAD3
:10942000DDED157A77EEC87A17EE902A12990AB315
:10943000B0EEE77AF0EEE86A37EE667A17EE102AB9
:10944000002A139B33DB4FF00A0CB7FBFCF00CFB3C
:1094500010700243002A099A08BF3A4647FEA88ABC
:109460000992BAF1010F26D0109A4FEA5A0A013A2E
:109470001092B8D10D9B3144C81A5EE60C9907953D
:109480003FE70E9B0C9907933BE7089A334611463A
:10949000079251E70A270A98013278430A904EE76B
:1094A0004FF00A0A01395EE74FF0010A5BE7F0EE80
:1094B000678A0997D5E70C9AA04502F101020C9240
:1094C00002DA08F1010806E7099A9742D2D0DDE9ED
:1094D0000901079ACDE9045B03920F9A02920B9A55
:1094E000CDE900823246FFF726FD0146C2E700BF04
:1094F0002DE9F04780460F46914633F0ADF9064618
:109500000FB100233B604FF0000A134D2878B0B133
:10951000284633F0A1F98642044615D8324629463A
:10952000404633F0B7F878B9A6420AD137B10223E2
:109530003B600A4B53F82A30C9F800300220BDE8DE
:10954000F087AB5D2F2B04D0013425440AF1010ACA
:10955000DCE70120F3E700BF08AE0410D0AD041033
:109560004FF050431A68024B53F82200704700BF77
:10957000002000202DE9F04100210325284A002485
:10958000D2F8D872013403199E08BE5D03F00303BC
:109590005B0046FA03F303F00303022BF2D0D2F888
:1095A000E43203EB001000EB0414A04206D1A1B397
:1095B000013901F5BE7332F81300E0E703681E07B6
:1095C00029D1D2F8E4629E4225D8D2F8E8729F42AF
:1095D00021D99B1BD2F8D8E24FEA931C1EF80C70DD
:1095E0004FEA1318C3F301135B0047FA03F606F0C2
:1095F0000306012E0FD13F2905FA03F347EA0307BB
:1096000098BF01F5BE730EF80C709ABF013122F8B5
:109610001380C2F8F4620430C7E7BDE8F08100BFF0
:10962000F827002010B5074C204633F049FAFFF721
:1096300097FF038943F001030381002344F8903C22
:1096400010BD00BF7C2B00204FF4037221F00F01EE
:1096500038B50B1A013BDB00B3FBF2F30546124CA5
:109660005A1C1544C4E9B603C4F8E052A1EB8315B3
:109670009B000733C4E9B95102EBD302002132F059
:10968000B1FD0021C4E9BB11FFF76AFF012301818D
:10969000A4F878334FF0FF3304F56170C4E9DF13A9
:1096A000BDE838402AF091BCF827002008B5FFF744
:1096B00057FF03890233038108BD08B5FFF750FF48
:1096C0000389023B038108BD08B5FFF749FF008904
:1096D000003818BF012008BDF8B506460D46002425
:1096E000154FAC4200D1F8BD56F824301A0720D1EE
:1096F000D7F8E4229A421CD8D7F8E812994218D930
:109700009B1AD7F8D8E24FEA931C1EF80C201809D0
:10971000C3F301135B0042FA03F101F003010129D5
:1097200007D1032101FA03F31A430EF80C20FFF7C7
:1097300021FF0134D5E700BFF827002008B5FFF767
:1097400071FF002304488721C0F87C330C30BDE84A
:109750000840FFF7C1BF00BFF82700202DE9F743FD
:1097600000274E4CD4F8F462002E3FD14FF001098F
:10977000D4F8F0324FEAD308D4F8E032F7009D5D18
:10978000D4F8D832002D48D10136B045F4D2A846DD
:109790002A4603274FF0020CD4F8D8629008315CB7
:1097A00002F003035B0041FA03FE0EF0030EBEF16C
:1097B000020F62D0BEF1030F67D0BEF1010F5DD082
:1097C000D4F8F03201329A42E6D90023C4F8F0828C
:1097D000C4F8EC32FFF7C4FE038923F001030381D0
:1097E0002F4803B0BDE8F04333F066B90025C4F854
:1097F000F472D4E9B623B5EB830FB3D2AB08D35CD4
:1098000005F003025200134103F00303032B02D1BE
:109810002846FFF7AFFE0135EBE7EA072AD5BA087D
:109820009B5C07F003025200134103F00303012B7A
:1098300020D1D4F8E4223B01D35802EB071073B1D6
:109840006A4640F2EF1110F05DFA009B3BB111F057
:1098500011FBDDE9000111F0E9FA11F023FBD4F866
:10986000E002FB08C25C07F0070109FA01F122EAF5
:109870000102C2546D08013782E75DB107FA03F3B4
:1098800021EA0303012533549AE70CFA03F321EA92
:10989000030131549046002592E700BFF8270020CD
:1098A0007C2B002008B5FFF7BDFEBDE80840FFF7A0
:1098B00055BF0000F8B50446304833F001F90022E6
:1098C0002F4BC4E90122D3E9B901D3E9B676091ACD
:1098D000216010461146C4E90322C4E90522B600FE
:1098E0008B08FB5C01F003056D002B4103F00303C3
:1098F000012BD4E9015C32D0022B33D023B90CF117
:109900000100A0600132184601318E4209D08B0857
:10991000FB5C01F003056D002B419D0712D403F0A1
:109920000303012822D1256901352561A5698542F6
:1099300038BFA0618E4201D0012BD1D1E3689342A0
:109940001AD300228E42CBD163680C481B0163609E
:10995000A3681B01A360BDE8F84033F0ADB8013542
:109960006560D0E7013565600130CDE7022802BFB0
:10997000656901356561D9E7E260E2E77C2B00208B
:10998000F82700202DE9F84F00F10F052D090E46AC
:1099900004D14FF000094846BDE8F88FFFF7E0FD1D
:1099A0000489002CF5D1594F594833F089F8B7F89C
:1099B00078336BB1D7E9DF239A421CD307F5617086
:1099C00033F07AF825F0B0FA07F5617033F078F8E3
:1099D0004FF00108D7E9B6010024D7F8EC329942DC
:1099E0000BD84B4833F068F8B8F1000FD1D125F00F
:1099F0009BFA4748EAE7A046ECE7C25C12F0030F87
:109A000053D10134A54251D89B00012C02BF5A1CEE
:109A10009208C7F8EC22D7F8F022191B9A422CBF03
:109A2000C7F8F022C7F8F032012201F1010808F06E
:109A3000030E4FEA980C4FEA4E0E02FA0EF210F89F
:109A40000CE0023142EA0E024FF0020E00F80C2048
:109A50008B424AD2D7F87C33D7F8E4A22B442C4867
:109A60000AEB0819C7F87C3333F026F80021484682
:109A7000220132F0B7FBF3074FEA081B8BD5002316
:109A800023484AF80B3033F01BF80123D7F8E012D3
:109A90004FEAD802885C08F0070803FA08F303438A
:109AA0008B541B4833F008F875E7002412F00C0FB4
:109AB00005D10134A54203D89B000133A5E700245A
:109AC00012F0300F05D10134A54203D89B000233B8
:109AD0009BE700243F2A05D80134A54203D89B0008
:109AE000033392E70024013379E7D7F8D8C2880816
:109AF00001F003021CF8009052000EFA02F242EA52
:109B000009020CF800200131A2E700BFF82700206D
:109B10007C2B002070B50446FFF722FD0389012B42
:109B20003BD81E4832F0CCFF24B91C48BDE8704039
:109B300032F0C2BF1A4AD2F8E432D2F8E062E01A38
:109B40000124C509C0F302118C40715D030921EAAB
:109B5000040171550325D2F8EC428109B4EB901F42
:109B600088BFC2F8EC12D2F8D8629C0803F0030157
:109B7000305D490005FA01F120EA01013155D2F8C2
:109B8000D80201339908415C03F003004000014111
:109B900001F003010229E6D0C7E770BD7C2B00204D
:109BA000F827002038B50446194832F089FF14F030
:109BB0000F0528D1174BD3F8E422A24223D8D3F8BB
:109BC000E812A1421FD9A41AD3F8D812A309CB5C7A
:109BD0002009C4F301146400234103F00303012BA3
:109BE00011D1013543199A088A5C03F003035B0025
:109BF00042FA03F303F00303022BF2D0044832F0DD
:109C00005BFF280138BD024832F056FF0020F9E71B
:109C10007C2B0020F82700202DE9F84F884691463C
:109C2000074628B901464046BDE8F84FFFF7AABEEF
:109C300029B9FFF76FFF00242046BDE8F88FFFF732
:109C40008FFCB0F808A0BAF1000FF4D1504832F000
:109C500037FF012652464F4B08F10F05D3F8E412A7
:109C6000D3F8DC02791A0C09D3F8D8B22D094FEADF
:109C7000800E04F1010CF44516D24FEA9C001BF84B
:109C800000000CF0030A4FEA4A0A40FA0AF000F01A
:109C90000300022803D101360CF1010CEBE718B9DF
:109CA0000132B018A842F7D3AE4204D1384832F09E
:109CB00003FF3C46C0E71ED9254429464FF0030E5A
:109CC00006EB040C614508D1D3F8EC12AA08B1EBFD
:109CD000950FEBD9C3F8EC22E8E7D3F8D8428E0809
:109CE00001F00300A25D40000EFA00F022EA00023B
:109CF000A2550131E6E73244AA4228D34FF0020EC2
:109D0000611934448C4212D3D3F8F02220488A429D
:109D10002CBFC3F8F022C3F8F01232F0CDFEAA1B1C
:109D20000021120107EB061032F05CFAC1E7D3F80C
:109D3000D8C2A00804F003021CF8008052000EFAFA
:109D400002F242EA08020CF800200134DAE7D3F804
:109D5000E032C9090E485D5C32F0AEFEB9F1000F89
:109D60003FF469AF04F0070445FA04F1404601F0FE
:109D70000101FFF707FE044600283FF45DAF3946B6
:109D8000320132F0B5FC3846FFF7C4FE54E700BF9D
:109D90007C2B0020F827002010B504468AB003A8C9
:109DA000FFF788FD059B204600930849DDE9032362
:109DB00003F00AF8069B20460193099B044900938F
:109DC000DDE9072303F000F80AB010BD4ED10310FF
:109DD00070D103102DE9F0470546DFF8649149483A
:109DE00032F06EFE2846D9F8E422474902F0ECFF33
:109DF0000024464E464FDFF84C81D9F8DC32B4EBF4
:109E0000830F4FEA830121D2A206D9F8D8022BD1C1
:109E1000A2464FEA9A03C35C0AF0030252001341C0
:109E20009B0703D10AF1010A5145F2D8AAEB0402BB
:109E30007F2A14D939462846920902F0C5FFD9F87D
:109E4000DC322AF03F04B4EB830F08D328463149B3
:109E500002F00CFCBDE8F0472A4832F02DBE314636
:109E60002846220102F0B0FFD9F8D822A308D35C1B
:109E700004F003025200134103F00303022B2CD021
:109E8000032B2CD0012B2CD1D9F8E4222301D2585A
:109E9000424528D0204B9A4227D0204B9A4226D0C8
:109EA0001F4B9A4225D01F4B9A4222D01E4B9A42FA
:109EB00021D01E4B9A421ED01D4B9A421DD01D4BE5
:109EC0009A421CD01C4B9A4214BF68224D2228464D
:109ED0001A4902F079FF01348FE73D22F7E76D223E
:109EE000F5E72E22F3E75422F1E74C22EFE7442274
:109EF000EDE75322EBE74122E9E74622E7E742227A
:109F0000E5E700BF7C2B0020B6D10310EDD1031094
:109F1000D1D10310C3020410643104104C29041081
:109F2000143B04100C3A041074260410002604108C
:109F3000F42D0410902E0410D03204103CD80310DD
:109F4000F8270020843B04100269F8B50A2A044669
:109F50001BD1836901338361012300260A27E36152
:109F6000237D2361637D2375256EB5B16B1CA26DC6
:109F70002366555D626D934201D366652666237D37
:109F80000D2B14D0BDB16575F8BDC369092A04BF96
:109F9000073323F007030133DFE7D4E901039847D0
:109FA000431CECD0012838BF01200546E7E70A2D05
:109FB0002775D9D0E6E7237D002BE4D00A2B18BF04
:109FC0000A25E0E701690246272901D0222912D19A
:109FD000012024E0137D272BFAD0222BF8D0722900
:109FE00014D1662B16D1507D2728F1D0A0F1220381
:109FF000584258417047A1F16200132804D8084B19
:10A00000034113F00100E5D000207047662904D118
:10A01000722B00E0622B02D1E5E76229F8D070478D
:10A02000EEFFF6FF38B504460D462069D0B10A2888
:10A0300006D10DB1636AB3B12046FFF785FFF4E79F
:10A0400011F08CFC0028F7D12369232B08D120467E
:10A05000FFF77AFF2369002BE7D00A2BF7D1E4E75B
:10A060005C2B02D00025284638BD237D0A2BF9D170
:10A070002046FFF769FFDFE700232DE9F04F044694
:10A080004364012185B0FFF7CDFFA369266A6363AE
:10A09000E369002EA36307DA0723013684F83C3016
:10A0A000266205B0BDE8F08F04D00623013E84F897
:10A0B0003C30F5E7002837D031462046FFF7B2FFA5
:10A0C00005236FF0004284F83C30E569D4E90B3099
:10A0D000991830F81110013D8D42E2D019D9A16ACA
:10A0E0008B4207D30831490000F0F7FBA36A2063D5
:10A0F0000833A362D4E90B32591CE16222F81350F1
:10A10000236A01332362CCE7013BE362236A013B0C
:10A110002362E36A991830F811108D42F4D3C0D04D
:10A12000022384F83C30BCE7256915B984F83C501B
:10A13000B7E72046FFF746FF0746002800F00982F0
:10A1400084F83C602369722B6BD05BD8622B5FD0A4
:10A15000662B74D0B1460025A8460B2394F83C200A
:10A16000002A79D184F83C30B9F1000F08D020469C
:10A17000FFF7EAFEB9F1020F02D12046FFF7E4FE35
:10A1800023692046222B0CBF222327230193FFF7AC
:10A19000DBFE2369019A934240F09580237D934230
:10A1A00040F091802046FFF7CFFE2046FFF7CCFE1F
:10A1B0004FF0030935B1A36E23B9A44904F164003B
:10A1C00012F0FBFD4FF0000B04F1400302932169F4
:10A1D000002900F0B581B9F1010F02D10A2900F080
:10A1E000AF81CB4572D3594604F1400012F00AFE0C
:10A1F00001212046FFF716FF2046FFF7E3FE002867
:10A20000A0D12BE0753BD3F1000949EB0309A2E78C
:10A21000237D0025722B1BD0A8464FF001090C238B
:10A220009CE7237D622B12D0662B0CBF3D46002598
:10A23000B8460CBF4FF002094FF001098DE7237DAE
:10A240003D46722B0CBFB8464FF00008F1E70025E1
:10A25000B8464FF00209E2E79A4285D0A36E002B80
:10A260003FF41FAF292104F1640012F063FD236E57
:10A2700004F15006002B40F069810321304612F0B2
:10A280003FFD23690370237D4370637D8370D4E9B0
:10A290001A57216E2A46304612F09CFD2A4639464E
:10A2A00032F026FA0023A366236EA26D581C2066A6
:10A2B000D15C2161991C2166105C033320752366F3
:10A2C000535C6375EDE64FF0010973E7019B8B4228
:10A2D00009D1194602980BF1010B12F032FD20460C
:10A2E000FFF732FE73E7002D62D15C2940F0258133
:10A2F00020460391FFF728FED4F810A00399B8F187
:10A30000000F6ED0029812F01CFDD346E5E004F178
:10A31000640B2821584612F00DFD0022D4F868A0E5
:10A32000216979B182BB3A290CD07D290AD0212933
:10A330002AD1207D723801282BD8607D3A2801D09F
:10A340007D2826D1D4E91A21881810F8010C3D285F
:10A3500009D1A2EB0A02514404F1400012F05AFC68
:10A36000A26E013AA266A26E5846924508BF042327
:10A370004FF0290108BF84F83C3012F0DBFC2C219F
:10A38000584612F0D7FC24E021F020005B280AD1C7
:10A3900001325846C9B2039212F0CCFC2046FFF7B6
:10A3A000D3FD039ABCE75D2808BF02F1FF32F0E756
:10A3B0007B299AD120460391FFF7C6FD23697B2BA9
:10A3C000A5D104F14000039912F0B4FC2046FFF738
:10A3D000BBFD7B2104F1400012F0ACFC4FF0000B00
:10A3E000F5E6BAF1780F09D8BAF15B0F0AD8BAF1DD
:10A3F000220F52D02CD8BAF10A0F23D05C2104F1DD
:10A40000400080E7AAF15C021C2A70D8DFE802F065
:10A41000456F6F6F6F862D6F6F6F396F6F6F6F6FD7
:10A420006F6F336F6F6F0F6F303C366F6D004FF093
:10A430000D0B94F83C300B2B73D1594604F14000BE
:10A4400012F07FFC4FF0000B49E700BF3AD2031037
:10A45000BAF1550F18D0D1D8BAF1270F1DD0BAF1E3
:10A460004E0F44D1A74810F0A7FC4FF0080BE0E7CF
:10A470004FF0090BDDE74FF00A0BDAE74FF00B0B5B
:10A48000D7E74FF00C0BD4E794F83C200C2A06D108
:10A490005C2104F1400012F054FCD346C9E7BAF144
:10A4A000750F14BF082304234FF0000B03F1FF3A8C
:10A4B0002046FFF749FD22691046039211F06CFA1D
:10A4C000002800F06381039A4FEA0B1B104611F03D
:10A4D000A3FABAF1010A8344EAD2BBF5881FA8D3D4
:10A4E0004FF0010384F83C30ACE70223DCE7AAF12B
:10A4F000300BBBF1070F81D84FF0030A06E020466E
:10A50000FFF722FD2269303A02EBCB0B227D303A75
:10A51000072AE2D8BAF1010AF1D1DEE74FF0070BC2
:10A5200087E7BBF1FF0FDBD80C2BD9D15FFA8BF19A
:10A5300004F1400012F0FEFB84E70298C9B2F9E78B
:10A54000CB453CBF032384F83C304CE6033B2366F9
:10A550009DE6284611F00CFAD8B920695F2818D07A
:10A560007F2816D811F00EFA002855D123692E2B1A
:10A570004DD00026644D2F781FB12369BB4240F0B7
:10A58000A4802046FFF7E0FC002F40F0A6800123C6
:10A59000C7E5082304F1400584F83C302846217CB7
:10A5A00012F0C8FB2046FFF7CFFC2069D8B9284637
:10A5B00012F0B1FB00250646544F304657F8041BF5
:10A5C00031F0CAFE00281CD10E35EDB2112D84F8F1
:10A5D0003C507FF466AD4E4BD3F83C32002B14BF99
:10A5E0000E2310239DE511F0C3F90028D6D1206970
:10A5F0005F28D3D07F28D1D811F0C4F90028CDD15D
:10A60000D5E7FFF64EAD0135242DD6D149E5207DA5
:10A6100011F0B8F90028ACD021692E292AD10A23DB
:10A6200084F83C30002504F14006304612F089FBE6
:10A630002046FFF789FC0A27206900283FF431AD46
:10A6400055BB20F02003452B26D16521304684F8E8
:10A650003C7012F076FB2046FFF776FC21692B292F
:10A6600001D02D29E8D1304612F06BFB2046FFF7D0
:10A670006BFCE1E70923302984F83C30D2D1237DFB
:10A6800043F02003623BDBB2162BCBD8214DDD40DB
:10A6900015F00105C7D1C5E711F06AF928B12169A4
:10A6A0002E290DD184F83C70DDE7206911F06AF99C
:10A6B0000028F4D123692E2BF1D05F2BD6D0F0E403
:10A6C00021F020034A2BCED1ECE7652F01D0632F78
:10A6D00000D10135013601354DE7212F08D123691D
:10A6E0003D2B7FF454AF2046FFF72EFC392318E5AD
:10A6F0002E2F19D123692E2B02D1237D2E2B0BD087
:10A700005C230EE543D20310F5D103106814041046
:10A71000F8270020012040002046FFF715FC2046C6
:10A72000FFF712FC0D23FCE43346033515F8027CD9
:10A73000632F18D0652F16D0174AD35C84F83C30AD
:10A74000543BDBB2052B3FF6ACAC012202FA03F31B
:10A7500013F02A0F17D113F0150F3FF4A2AC636A60
:10A76000134463629DE415F8012C2169013691427E
:10A7700007D12046FFF7E8FB3346652FDCD00235D2
:10A78000D4E7632FFAE7636A013BEAE701238346D4
:10A7900084F83C304DE600BFF81404107FB506463F
:10A7A00001AD742085E80E0000F07CF8034643F804
:10A7B000046B044695E8070083E8070001236FF067
:10A7C00001020025C4E906320A221420C4E90A2342
:10A7D000C4E9085500F066F82021206304F1400028
:10A7E00012F02AFA294604F1500012F025FA2946FF
:10A7F00004F16400256612F01FFA236B20461D80C9
:10A800002561A582FFF7A0FB2046FFF79DFB2046B0
:10A81000FFF79AFB2046FFF72FFCA36B012B06D016
:10A8200094F83C30052B1CBF062384F83C302046AE
:10A8300004B070BD30B5054685B001AC20460EF0C1
:10A84000FDFE94E80E002846FFF7A8FF05B030BDD6
:10A8500030B5044685B001AD014628461BF024FE04
:10A8600095E80E002046FFF799FF05B030BD10B502
:10A870000446B0B1C3684068984704F1400012F044
:10A8800005FA04F1500012F001FA04F1640012F02C
:10A89000FDF9206B00F02EF82046BDE8104000F0D6
:10A8A00029B810BD10B500210446FFF76BF818B9A0
:10A8B00014B1204610F09AF810BD0021FFF762B8DD
:10A8C00010B501210446FFF75DF818B914B1204610
:10A8D00010F08CF810BDFFF7E5BF10B501220C4653
:10A8E000FFF79AF918B914B1204610F07FF810BD9F
:10A8F000FFF792B9FFF70EB910B5044629B908461B
:10A9000001236160A060236010BD4160C800FFF7B3
:10A91000E2FF0123A060236010BD00BFCB0043F025
:10A920000703C0E900318260704700BF037810B5AB
:10A930009B07044606D50022236862F3DF03C4E9BF
:10A94000003210BD8068FFF7D5FFF4E7037810B53B
:10A950009B07044609D500222368A26003F0040384
:10A9600043F00103C4E9003210BD8068FFF7C2FF65
:10A97000F1E700BF2DE9F04F022A07460D4685B0EA
:10A9800013D043688BB1B549C5F38600014491F8F3
:10A990005602B968B0FBF3F403FB140351F833001B
:10A9A00001EBC30BA84200F0AD803B7813F0010827
:10A9B0000ED005F0070102290AD015F0030104D1D9
:10A9C000A7482C68844200F0E880012A40F0988073
:10A9D0005B0736D53C68D7F808B024F007045C4420
:10A9E000A34538BF434605D388E00BF1080B5C450F
:10A9F00040F28480DBF80000A84211D0002BF4D193
:10AA0000164607E00BF1080B5C4576D9DBF8000031
:10AA1000854204D0294604F0DFFB0028F2D03246FC
:10AA2000022A00F0D980BB6858468C4AC5F38605D7
:10AA3000ABEB03032A44DB1082F8563205B0BDE8C5
:10AA4000F08F7B6833B9012A009259D1384600F063
:10AA500009F9009A05F00703022B0393009200F016
:10AA60008680294606200FF00DFA009A4FEA600E04
:10AA70002B4679684546BEFBF1F9019298460A4695
:10AA800001FB19E9CDF808E0002341464C46A846F1
:10AA90001D460BE088425BD0B8F1000F36D0013480
:10AAA000B4FBF2F302FB1344A14513D0BE684FEA96
:10AAB000C40A56F8340006EBC40B70B30428E9D17D
:10AAC0000134B4FBF2F302FB1344002D08BF5D46D2
:10AAD000A145EBD1019A2B46012A454688460FD164
:10AAE000002B40F09480384600F0BCF87A68029B56
:10AAF000B3FBF2F902FB1939C6E73246012A4ED000
:10AB00004FF0000B584605B0BDE8F08F009104F0FF
:10AB100063FB0099E0B97A68C1E7019AAA46012A65
:10AB2000EED13B68BAF1000F08BFDA461A46C3F30C
:10AB3000DC03013363F3DF02039B3A60022BCAE9B3
:10AB4000001003D03B7860F300033B70D346D9E795
:10AB5000019A0D46022A53460FD058463F4BC5F383
:10AB600086052B4483F8564205B0BDE8F08FE8080F
:10AB70000EF072FC009A86467AE77868621CB2FB97
:10AB8000F0FC00FB1C22386808383860B86850F8C0
:10AB9000322002B10422F250DFE7884618E7D7E9F5
:10ABA0000021B1EBD20FC2F3DC0340D000203A68A1
:10ABB000B9685C1C64F3DF023A6041F8335005F079
:10ABC000070501EBC30B022DCBF804009AD03B78AC
:10ABD00060F300033B7095E73B68A4EB0B02083B76
:10ABE000DBF804400BF108015846083A3B6031F0AD
:10ABF000D1FC00203A68BB6822F0070103EB010B8F
:10AC0000C2F3DC0243F83200CBF804400CE79A466A
:10AC100000223B6808333B60039BCAE90012022B09
:10AC200094D03B78D34662F300033B706AE7043369
:10AC3000D9007B60B868FFF750FED7E90032A2EB7D
:10AC4000D30223F00703B86000211844D20031F08A
:10AC5000C9FA3B68C3F3DC03A8E700BFF82700206C
:10AC6000143B04102DE9F0411B4B4768064603F1E5
:10AC700044017A1C01E08B4229D033F8024BA242F6
:10AC8000F9D8E000D6F80880FFF725FE3368746035
:10AC900003F0060343F00103B060336097B1002571
:10ACA00008F1040454F8041C39B1042905D0012228
:10ACB0003046FFF75FFE236843600135AF4204F181
:10ACC0000804EFD14046BDE8F041FFF713BE02EBA8
:10ACD000520242F00104D4E724150410002310B5F9
:10ACE0000446C0E900138800FFF7F5FDA06010BD21
:10ACF0002DE9F04F036883B00646884601921BB9E0
:10AD0000D4074FD500F070F8414606200FF0BAF88E
:10AD100031684FEA600ABAFBF1F201FB12A94C4616
:10AD20004FF0000B0DE04146284604F055FA00288C
:10AD30003DD131680134B4FBF1F301FB1344A1456B
:10AD400013D0B368A70053F8245003EB8403DDB19C
:10AD5000042DE8D10134BBF1000F08BF9B46B4FBC2
:10AD6000F1F301FB1344A145EBD1019BDB0719D59E
:10AD7000BBF1000F31D1304600F036F83168BAFB34
:10AD8000F1F201FB12A9CAE7019AD1070AD5BBF17A
:10AD9000000F08BF9B467368454601337360CBF8CC
:10ADA000008000E00025284603B0BDE8F08F019B3D
:10ADB0009A07F8D573680134013B73603368B26851
:10ADC000B4FBF3F103FB114452F8243003B1042324
:10ADD0002846D35103B0BDE8F08F73684546013370
:10ADE0007360CBF80080DEE72DE9F041174B066871
:10ADF0008046876803F14404711C01E0A34220D01F
:10AE000033F8020B8142F9D80024C8F80000C8F8D2
:10AE100004408000FFF75FFDC8F8080066B13D1FE1
:10AE200055F8041F29B1042903D001224046FFF739
:10AE30005FFF0134A642F3D13846BDE8F041FFF789
:10AE400059BD01EB510141F00100DDE7241504106B
:10AE500030B40468F4B185680246002329468C4664
:10AE600051F8040B013388B104280FD0B3FBF4F17F
:10AE700004FB113355F823305168002B18BF04230D
:10AE800001395160CCF8003030BC70479C42E6D1AB
:10AE90000020F9E72046F7E710B504468068FFF781
:10AEA00029FD0023C4E90033A36010BD4FF05043D7
:10AEB0001A68024B53F82200704700BF00200020A0
:10AEC00008B5FFF7F3FF006908BD08B5FFF7EEFF0F
:10AED000C06808BD014607200EF0D4BF0146062019
:10AEE0000EF0D0BF00210FF03FBA1FB569460FF03A
:10AEF0003BFA044620460FF0ABFA10B91E2004B00E
:10AF000010BD04F0C3F80028F4D10E20F7E71FB5F8
:10AF100069460FF029FA044620460FF099FA10B955
:10AF20000E2004B010BD04F0B1F80028F4D01E20AB
:10AF3000F7E741F6DA7307B50022CDE9003069463C
:10AF400002200BF029F903B05DF804FB08B503F00B
:10AF500001FF00280CBF0E201E2008BD10B586B0D2
:10AF600003F04EFFB0F5881F044602D308480FF0E7
:10AF700051FD01AA02A8042111F074FE214602A885
:10AF800011F0DFFEDDE9031009F091FD06B010BD00
:10AF9000D9D203100A46014623200FF043BD0246D2
:10AFA00040F2D26121200FF03DBD024640F2CA615D
:10AFB00021200FF037BD0B4630B5012885B004467F
:10AFC00018BF4C68186869460FF0CEF90546284648
:10AFD0000FF03EFA024610B9204605B030BD2146BA
:10AFE0001B200FF01FFD0446F1E7000001281FB5EC
:10AFF0000B4603D10021186803F058FE1021684663
:10B0000011F01AFE68460A4921F012FB032803D109
:10B01000002108480EF0DAFE019919B9042801D17F
:10B020000548F7E7684609F049FD05B05DF804FBFF
:10B030007A020410702D0410082C04102DE9F04F32
:10B04000924681468846002240F24A31504685B0F9
:10B050001F46FFF78FFC054600B14568B9F1010FA7
:10B0600049D16946D8F800000FF07EF900248146E6
:10B07000A346FFB248460FF0EBF9064660B93CB96B
:10B08000224641F2F2215046FFF774FCC0B14468F9
:10B09000204605B0BDE8F08F45B1314628460EF098
:10B0A000E1FF804624B93446C346E3E7B046F9E7FA
:10B0B0005A46414638460FF0B5FC1E28DAD1F2E771
:10B0C0000F480FF0A7FC58F826B025B1594628467E
:10B0D0000EF0C8FF834634B9DA4658F826400136E8
:10B0E0004E45F0D1D4E75246594638460FF09AFC07
:10B0F0001E28F4D1F0E70026FFB23446B246EFE74F
:10B10000F2D203100123FFF799BF0023FFF796BF88
:10B1100037B5054601A90AF0C7F805F00703022B69
:10B12000044605D0AB0711D12A680F4B9A420DD1C6
:10B130002046019910F002FC012801900ED1204612
:10B1400010F0CBFB07F060F903B030BD019B012B81
:10B1500004D12078400040F00100F5E7019A03494E
:10B1600003480EF03CFE00BF143B0410F9D203105C
:10B17000582A04102DE9F0418846002188B01B4B65
:10B1800005AC01940093064603230846F5F7B2F890
:10B190000221079810F01CFB079B21460393144BD8
:10B1A0000598069D04930AF07FF806A907462846ED
:10B1B0000AF07AF800240546B44208D103982946DB
:10B1C000069A10F078FB062008B0BDE8F08124B1A3
:10B1D0003946059A039810F06EFB58F824100022A7
:10B1E00003A803F045FD0134E6E700BF9015041005
:10B1F000B7B8011010B5044686B06A4602A81021FF
:10B2000011F038FD01222146684603F031FD02A805
:10B2100009F06AFC06B010BD2DE9F0410C682DED77
:10B22000028BE20706460D4605D4A30752D12268D9
:10B230003F4B9A424ED1012E45D9686803F0E0FD9C
:10B24000021E40DA52425200152142F00102222031
:10B250000FF0E8FB0522014605461F200FF0E2FB38
:10B260002A468046214621200FF0DCFB214602467B
:10B2700007461C200FF0D6FB3A4606464146012001
:10B280000FF0D0FB03F002FFE0B94246394601203F
:10B290000FF0C8FB03F0FAFE2A4638B1BDEC028B72
:10B2A0003146BDE8F0411B200FF0BCBB21461F20FA
:10B2B0000FF0B8FB0322014618200FF0B3FB03F098
:10B2C000E5FE28B93446BDEC028B2046BDE8F0818E
:10B2D0002A46E3E7204603F0EBFD012E08EE100AB4
:10B2E0001BD9686803F08CFD07EE900AF8EEE77A48
:10B2F000104817EE901A2CF059FE07EE900A28EE2F
:10B30000278AB6EE488AC8EE277ABDEC028BBDE8E4
:10B31000F04117EE900A05F0C1BFF6EE487ABDEC99
:10B32000028BBDE8F04117EE900A06F0C7BD00BFE2
:10B330003C30041000002041012813B50B46144690
:10B3400002D908480FF016FD00220121064807F037
:10B350002BFD2246019001A9012007F08DFB0198E9
:10B3600002B010BD12D303106431041013B50446AB
:10B37000084609F013FF002301466A4620460EF0F6
:10B3800003FD009B002B0CBF0E201E2002B010BD41
:10B3900037B50228D1E900508CBF8C68002409F031
:10B3A000FDFE01466CB96A4628460EF0B9FE0098CB
:10B3B00020B1019909B104F0AFFC0446204603B066
:10B3C00030BD00236A4628460EF0DEFCEFE738B5B4
:10B3D00004460846154609F0E1FE2A460146204685
:10B3E0000EF09EFF062038BD0022FFF7F0BF034697
:10B3F000012B10B508680C4607D10EF0F9FF40B9D3
:10B40000FFF754FD006A0FF0E9FC0FF021F800B9D6
:10B41000606810BD0246022A0B46D1E9000102D045
:10B420009A68062A04D10A46014622200FF0FABA89
:10B4300006F06ABF062813B5044614D0012201465F
:10B440000A4803F015FC0A49084801F00FF90423E3
:10B45000CDE90034074B08215A7B074803EB8203F0
:10B460001B696A469847062002B010BD7C21041073
:10B47000C3020410D0320410A8150410F7B50F460B
:10B4800000210546084607F0A5FC04469DB9FFF7D4
:10B490000DFDC668B368AB4202D8204603B0F0BDCC
:10B4A000F36853F8351021B1042902D0204607F083
:10B4B00004FA0135EEE70225114B5B6A5E68DB6832
:10B4C000C6F31E061E44B542E7D200236A4629464B
:10B4D00038680EF059FC009B83B1022D08D1019B06
:10B4E00033B100216A4608460EF0C6FD0446D4E793
:10B4F000E900204641F0020107F0DFF90135E2E7FB
:10B50000F82700202DE9FF418046FFF7CFFCC668F1
:10B5100000200C4605F002FA0746FFF7C7FCC7609B
:10B5200020680EF067FD0546FFF7C0FCB8F1020F7A
:10B53000C66019D0A06803F087FB0646636804F173
:10B540000801A8F1020001930BF0DEF90022CDE919
:10B5500002070321304601AB0EF02AFD062D18BF6D
:10B56000686004B0BDE8F081004EE7E7183C0410C5
:10B5700030B52DED048B83B0694601AA03F0D8FCE9
:10B58000009D28462DF01EFF019C08EE900A2046E3
:10B590002DF030FA08EE100A28462DF0B1FA09EE27
:10B5A000100A20462DF06EFA07EE900A69EE277A0F
:10B5B00017EE901A68EE887A17EE900A04F070FC85
:10B5C00003B0BDEC048B30BD30B52DED048B83B0E2
:10B5D000694601AA03F0ACFC009D28462DF090FAC4
:10B5E000019C08EE900A20462DF004FA08EE100A9D
:10B5F00028462DF0E7FE09EE100A20462DF042FA0B
:10B6000007EE900A69EE677A17EE901A68EE887A6C
:10B6100017EE900A04F044FC03B0BDEC048B30BD7F
:10B6200010B52DED048B82B001AA694603F080FCB1
:10B63000DDED018A9DED009A68EEA87AE9EE097ABF
:10B640004FF07A5117EE900A2CF0B0FC19EE101A58
:10B6500008EE100A18EE900A2BF0B0F9B6EE007A58
:10B6600007EE900A67EE877A17EE904A20462DF093
:10B6700047FA08EE900A20462DF0A4FE07EE900A45
:10B6800067EE887A17EE901A68EE887A17EE900ABD
:10B6900004F006FC02B0BDEC048B10BD00B52DED2E
:10B6A000048B83B001AA694603F042FCDDED018AF8
:10B6B0009DED009A68EEA87AE9EE097A17EE900AF5
:10B6C0002DF08AF919EE101A08EE100A18EE900AF9
:10B6D0002BF074F9DFED0A7A07EE100A67EE277A8D
:10B6E00017EE901AF6EE007A68EE277A17EE900AB7
:10B6F00004F0D6FB03B0BDEC048B5DF804FB00BF87
:10B70000D95BDE3E00B52DED048B83B001AA6946FE
:10B7100003F00EFCDDED018A9DED009A68EEA87A3B
:10B72000E9EE097A17EE900A2DF0D2F819EE101A08
:10B7300008EE100A18EE900A2BF040F9F6EE007AA7
:10B7400068EE277A014617EE900A04F0A9FB03B0D1
:10B75000BDEC048B5DF804FB10B52DED028B82B0BF
:10B76000694601AA03F0E4FB00982CF0D1FE019C8D
:10B7700008EE100A20462DF0C3F908EE900A204684
:10B780002DF020FE07EE900A67EE887A17EE901AE9
:10B7900068EE887A17EE900A04F082FB02B0BDECE6
:10B7A000028B10BD10B52DED028B0C4603F080FB13
:10B7B00008EE100A204603F07BFB04462DF0A0F9AA
:10B7C00008EE900A20462DF0FDFD07EE900A67EE88
:10B7D000887A17EE901A68EE887ABDEC028BBDE885
:10B7E000104017EE900A04F05BBB07B501AA69464A
:10B7F00003F09EFB009901982BF0E0F805F04EFD58
:10B8000003B05DF804FB1FB501AA694603F090FB85
:10B81000DDED017A9DED007A67EEA77AE7EE077A13
:10B8200017EE900A2DF068FE05F038FD00990290A1
:10B8300001982BF0C3F805F031FD02A90390022016
:10B840000BF062F805B05DF804FB00000022024B2B
:10B850000620A3F878237047F82700200122024B26
:10B860000620A3F878237047F8270020034BB3F88D
:10B870007833002B0CBF0E201E207047F8270020C5
:10B8800008B523F051FB062008BD00B589B001A81A
:10B89000FEF710F80398400040F0010009B05DF891
:10B8A00004FB00B589B001A8FEF704F80298400037
:10B8B00040F0010009B05DF804FB000010B50D4C2C
:10B8C00040B9D4F88003431C13D0BDE810400001F8
:10B8D00006F09ABD086803F093FA0028AABF000991
:10B8E0004FF0FF33C4F880034FF00600B8BFC4F830
:10B8F000803310BDF827002000487047EC1B04106F
:10B900007FB50E46154640F2CD216A461C460EF024
:10B9100007FC304606F093FD0290284606F08FFDA6
:10B920006A460021039002200EF0A6FB03F068FA9D
:10B930000028BEBF404220604FF0FF3004B070BD11
:10B9400070B588B00E4615460C9901AA1C460EF03B
:10B95000E7FB01200E4B0021049301AA04ABCDE9C3
:10B960000505079603930EF087FB062805D10B23E8
:10B9700023604FF0FF3008B070BD03F041FA00289B
:10B9800003DBA842F7D90523F2E740422060F0E745
:10B990007426041013B5A4240094FFF7D1FF02B05D
:10B9A00010BD13B57E240094FFF7CAFF02B010BD8E
:10B9B00007EE900AF0EEE77A17EE900A704708B5A6
:10B9C00003F076FA07EE900AF4EE677AF1EE10FAD9
:10B9D00074BF0E201E2008BD08B503F069FA07EEFB
:10B9E000900A9FED067AF0EEE77AF4EE477AF1EEF0
:10B9F00010FA8CBF0E201E2008BD00BFFFFF7F7F06
:10BA000008B503F055FA07EE900A9FED067AF0EEBE
:10BA1000E77AF4EE477AF1EE10FAD4BF0E201E203A
:10BA200008BD00BFFFFF7F7F08B501480EF0F2FFA1
:10BA30001FD3031010B52DED048B0C4684B002AB60
:10BA400001932E4B0831009302380223F4F752FC85
:10BA5000206803F02DFA08EE900A606803F028FAD7
:10BA600009EE100A0298A0B103F022FA08EE100ABB
:10BA7000039803F01DFAB5EEC08AF1EE10FA07EE56
:10BA8000100A04D4B5EEC07AF1EE10FA04D5FFF72F
:10BA9000CBFF9FED1B8AEBE7F4EE498AF1EE10FA3B
:10BAA00029D078EEC97ADFED176AF0EEE77AF4EE86
:10BAB000667AF1EE10FA1CDCB4EEE77AF1EE10FAD9
:10BAC00019DA68EE288AF0EEE88AF4EEE78AF1EEF9
:10BAD00010FA10DA28EE098AB0EEC88AB4EEE78AC6
:10BAE000F1EE10FAACBF1E200E2004B0BDEC048BAA
:10BAF00010BD0E20F9E71E20F7E700BF0C1C041054
:10BB00005F708930FFFF7F7F10B52DED028B0C46F3
:10BB100003F0CEF908EE100AA04707EE900AF4EE03
:10BB2000677AF1EE10FA06D7B4EE488AF1EE10FA11
:10BB300011D6FFF779FFB0EEE77ADFED0B6AB4EECE
:10BB4000667AF1EE10FA06DDB0EEC88AB4EE668AC7
:10BB5000F1EE10FAEDDDBDEC028BBDE8104017EE02
:10BB6000900A05F09BBB00BFFFFF7F7F0149FFF7F5
:10BB7000CBBF00BF9D9403100149FFF7C5BF00BFB5
:10BB8000AD9403100149FFF7BFBF00BF318F031011
:10BB90000149FFF7B9BF00BF818B03100149FFF7CF
:10BBA000B3BF00BFB1B900100149FFF7ADBF00BF7F
:10BBB000E96A03100149FFF7A7BF00BF256703101B
:10BBC0000149FFF7A1BF00BFE16703100149FFF77B
:10BBD0009BBF00BF499403100149FFF795BF00BF09
:10BBE000C59303100149FFF78FBF00BF018B0310FE
:10BBF0000149FFF789BF00BF416C03100149FFF7FE
:10BC000083BF00BFF96803100149FFF77DBF00BF84
:10BC1000416603100149FFF777BF00BF5588031045
:10BC20000149FFF771BF00BF858A03100149FFF783
:10BC30006BBF00BFF58903100149FFF765BF00BF67
:10BC4000D98903100149FFF75FBF00BFC50F00206E
:10BC50000149FFF759BF00BF558603100149FFF79F
:10BC600053BF00BF118503100149FFF74DBF00BF4F
:10BC7000F994031008B503F01BF9BDE8084007EE7E
:10BC8000100ADFED047A67EE277A17EE900A05F0C6
:10BC900005BB00BFE02E654208B503F009F9BDE819
:10BCA000084007EE100ADFED047A67EE277A17EEF8
:10BCB000900A05F0F3BA00BF35FA8E3C38B52DED89
:10BCC000028B0D46144603F0F3F808EE900A28465E
:10BCD00003F0EEF8014608EE100A18EE900AA047AD
:10BCE00007EE900AF4EE677AF1EE10FA0BD7F4EE55
:10BCF000688AF1EE10FA1DD6B4EE488AF1EE10FA19
:10BD000018D6FFF791FEF0EEE76A9FED0E7AF4EE9B
:10BD1000476AF1EE10FA0DDDF0EEE88AF4EE478A9C
:10BD2000F1EE10FA06DCB0EEC88AB4EE478AF1EE06
:10BD300010FAE6DDBDEC028BBDE8384017EE900A44
:10BD400005F0ACBAFFFF7F7F014AFFF7B7BF00BF26
:10BD500035750310014AFFF7B1BF00BFB1BE001037
:10BD6000014AFFF7ABBF00BFBD690310014AFFF7EF
:10BD7000A5BF00BFAD7F0310884270B50D4603D14B
:10BD8000BDE8704006F040BB0A1A012A0AD14A00F9
:10BD9000430042F0010243F001011D20BDE8704064
:10BDA0000EF040BE022A0ED1421C4300520042F067
:10BDB000010243F001011D200EF034FE6A0001462D
:10BDC00042F00102E9E700EB52042146FFF7D4FFFD
:10BDD00029460646601CFFF7CFFF31460246DCE7E6
:10BDE00008B503F00DF8011E02DA05480EF012FE48
:10BDF00004D0BDE808400120FFF7BEBF032008BD06
:10BE00002DD3031008B503F053F8BDE8084007EE42
:10BE1000900AF6EEE77A17EE900A06F04FB81FB5D3
:10BE20000023019303F044F801A92DF0A7FA05F0CF
:10BE300035FA0290019805F031FA02A90390022028
:10BE40000AF062FD05B05DF804FB38B50D4603F05D
:10BE50002FF80446284602F0D3FF014620462DF075
:10BE600075FABDE8384005F019BA1FB500230193F3
:10BE700003F01EF801A92DF041FA05F00FFA029027
:10BE8000019806F0C1FA02A9039002200AF03CFDD5
:10BE900005B05DF804FB08B503F00AF8BDE80840FA
:10BEA00007EE900AFBFE677A17EE900A06F006B8D6
:10BEB00007EE900AF0EEE77A0029B8BFF1EE677A54
:10BEC00017EE900A704708B502F0F2FFBDE808408F
:10BED00007EE900AFAFE677A17EE900A05F0EEBFB9
:10BEE00038B505462DED028B08680C4602F0E0FFE0
:10BEF00007EE900AF5EEC07AF1EE10FA01D8FFF7DE
:10BF000093FD2CF0E5FC012D08EE100A05D1BDECE7
:10BF1000028BBDE8384005F0C1B9606802F0C8FF87
:10BF200007EE900AF5EEC07AF1EE10FAE7D9B7EE17
:10BF3000007AF4EE477AF1EE10FA03D10649074889
:10BF40000DF044FF2CF0C4FC07EE900AC8EE277AEF
:10BF500017EE900ADBE700BF40D30310742C0410E7
:10BF600008B5F8F7C7FE400040F0010008BD00002A
:10BF700010B50446F8F7BEFE4FF050431968094B60
:10BF8000024653F8213008485B68084900F01CFF5E
:10BF90000548FDF701FF012C02D10348FDF71AFF08
:10BFA000062010BD00200020142404104CD30310E0
:10BFB00008B502F025FF20F05BFB062008BD08B5A0
:10BFC000FDF774FB062008BD10B5044686B005AB2E
:10BFD00004AA03A902A80DF071FA059B0749019371
:10BFE000049B07480093DDE9022300F0EDFE012CDD
:10BFF00001D10DF0A5FA062006B010BD61D30310E3
:10C000001424041008B50EF069FF18B9024903485A
:10C010000DF0DCFE062008BDA9D30310E82A0410A9
:10C0200010B5074C28B9D4F83C02400040F001009C
:10C0300010BD086802F0E4FEC4F83C020620F7E7F1
:10C04000F827002008B5FDF738FB4FF050431A6879
:10C05000044B53F8223018894008400040F001009A
:10C0600008BD00BF002000200268034610783E286B
:10C0700005D83B2805D8212806D040207047402805
:10C08000FBD101321A6070473E20FAE7F8B5066826
:10C09000044635462F4615F8010F0FF073FC034692
:10C0A0000028F7D1C6F101060A222068B9190CF060
:10C0B000DDFB25604010F8BD2DE9F04385B001900F
:10C0C00001A8FFF7D1FF0024884681462646019B40
:10C0D000187828B93046C8F8004005B0BDE8F083AC
:10C0E0000FF050FC58B101A8FFF7D0FF0546019FA3
:10C0F0003978782905D12C4401370197E7E70125E4
:10C10000F5E7732901D10136F5E703AA4846F4F7AC
:10C11000ADFE039B2E445A1E5B42013DECD31444FA
:10C120001C400444F9E707B509F050F801A9FFF7EE
:10C13000C3FF0198400040F0010003B05DF804FB2C
:10C140002DE9F04F074689B008680C4609F03EF823
:10C1500003A90290FFF7B0FF814602A8FFF784FF12
:10C160000021019048460AF0CFFB0522064605A9AA
:10C17000606803F079F8059D069B022F04951D4425
:10C180000DD9A06802F03CFE002805DA069BC01815
:10C1900002D525480EF03EFC049B03440493DDE9E0
:10C1A000033B5B449D42F4D300244C4503D330460B
:10C1B00009B0BDE8F08F029B18780FF0E3FB68B17F
:10C1C00002A8FFF763FF0546029F3B78782B07D153
:10C1D000049B2B44049301370297E6E70125F3E71C
:10C1E000732B04F1010807D0AA4606EB8808BAF1C0
:10C1F000000F0DD12C44EEE72946049808F01AFDF3
:10C20000049B02342B4446F8240004934446E2E79E
:10C210005A463978019804ABF4F74CFF0AF1FF3A1B
:10C2200048F8040FE3E700BFBDD303102DE9F04F3A
:10C2300089B099461646039108F0C8FF049004A8F7
:10C24000FFF712FF00248246039B0DF10C0B0293B3
:10C25000B44202D309B0BDE8F08F049B18780028DF
:10C26000F8D00FF08FFBB8B104A8FFF70FFF054619
:10C27000DDF8108098F80030782B0FD127462A4639
:10C28000002103982FF0AEFF039B2B44039308F18A
:10C2900001033C460493DBE70125E9E7732B06D055
:10C2A0006719BC42F3D0A6421CD13746EFE70522FE
:10C2B00059F8240005A902F0D7FF069B671CAB4282
:10C2C00028BF2B461C461A460599039830F010FAF1
:10C2D000039800212A1B20442FF084FF039B2B444A
:10C2E0000393D4E798F80010CDF800B059F8242053
:10C2F0005046029BF4F778FF0134D2E72DE9FF4165
:10C300000F46064657F8040B0C46FFF70CFF451086
:10C310002946684610F09EFCDDF808802A46002178
:10C3200040462FF05FFF3B4641462068721EFFF7F4
:10C330007DFF684608F0DEFB04B0BDE8F081000038
:10C34000F0B50C4685B0062201A90746606802F0E8
:10C350008BFFA06802F054FD031E029E04DA9B19B5
:10C3600002D50B480EF056FB019D20682E441D445B
:10C37000FFF7D9FE05EB60008642F2D3206829461C
:10C3800004F10C03FA1EFFF751FF062005B0F0BDC3
:10C39000BDD3031008B50B46014610B903480DF094
:10C3A00015FD196801480EF00FFD00BF942D041013
:10C3B000012813B50C460ED9022160680FF008FA67
:10C3C00063680093054B68462168019302F076FC90
:10C3D000062002B010BD024BF3E700BFB7B8011052
:10C3E000588804100846024B1146024A06F040BE27
:10C3F000AC280020B4200410037B002B0CBF0E20BF
:10C400001E20704710B50649102002F010FC0446AB
:10C41000043027F0CDFD00232046237310BD00BF5C
:10C4200064220410002108B501480DF0CFFC00BFC4
:10C43000942D041008B522F017FFBDE8084005F060
:10C44000FEBF38B50C68012804F1040504D948681A
:10C4500002F0D6FC014630B1284630F00DFB012336
:10C460001E20237338BD284630F032FB0028F6D159
:10C470000E20F7E708B5037B03F0FF0113B9054869
:10C480000DF0A4FC00230430037230F0E1FA062022
:10C4900008BD00BFE82A04100868FFF7EBBF0000E2
:10C4A000F8B5074F044638680E4605F0C8FF054644
:10C4B0001CB1306802F0A4FC044628463C60F8BD7C
:10C4C000082C0020F7B50D4604466946686801AAA5
:10C4D00002F040FD022C28D1009806308000FEF7C3
:10C4E000E1F9002304464361009A0199226104F1B5
:10C4F0001800920030F0FCF84FF050431A68224BBD
:10C50000214653F822302148DA681B6922606360B3
:10C510001F4B04F108021B68A3602B68E36022F044
:10C52000A9FE05F08CFF03B0F0BDA86802F08CFBFB
:10C53000184B834202D018480EF01CFCAE680098DD
:10C5400073680630C3F3DC0300EB43008000FEF7A2
:10C55000A9F973680446C3F3DC0343610023009A1E
:10C56000B7689F42C0D0F16801EBC30C51F833109B
:10C5700041B1042906D004EB82008161DCF804108B
:10C580000232C1610133ECE7002000209DC500109C
:10C59000082C00204C2904100ED4031070B590E82C
:10C5A0000E0004464FF050409CB0A3F58073056820
:10C5B000029300231F4801AE40F825600AADCDE983
:10C5C00006330195ADF80C30089309B91A4BD968B8
:10C5D0000AB9194B1A69CDE9041222F083FE2846E4
:10C5E00002F0E0FA68B9D4E9041204F11803E06833
:10C5F0000DF0DEFC02F098FA22F075FE00201CB06F
:10C6000070BD0B9D0D4928680BF044F90028F3D14B
:10C610000B490C4800F0D8FB0122E168094802F000
:10C6200027FB0949074800F0CFFB2946054802F0DF
:10C6300045FBE1E700200020F8270020942D04109E
:10C6400016D4031014240410C3020410014608B5C4
:10C6500000220348FEF78EF908B14068C00808BD03
:10C66000582304100846114620F0E0BA70B505467C
:10C6700008460E4630F0F0F8044620B10246314636
:10C680006B6828689847204670BD00002DE9F74F79
:10C6900091468A469DF830100D9A11F0DF0F8046C2
:10C6A000A2EB090559D030295AD1C3F347210029FB
:10C6B00059D05F2914BF0427052792FBF7F107FB28
:10C6C00011212D4EA6F1050008BF064609B9013516
:10C6D000013292FBF7F007FB1022791E8A1A1644EA
:10C6E00013F0200241D005EBD573A5EB63045D1078
:10C6F000002D3EDDAB465F453A46A8BF5A4631465F
:10C70000D8F80430D8F8000001929847019AABEBB2
:10C71000020BBBF1000FEEDCB9F1000F07D04A4667
:10C720005146D8F80430D8F8000098474D44002C02
:10C730000FDD2544A742B946A8BFA14631464A4667
:10C74000D8F80430D8F80000A4EB09049847002C6E
:10C75000F0DC284603B0BDE8F08F084E1027BFE795
:10C7600001270CAEBCE7064EF8E713F00104BFD07A
:10C770002C460025D0E700BF2D24041033240410DC
:10C780001C2404102DE9F04F93B01E46DDE91E87EE
:10C790009DF874308246C8070C4691461C9D07934D
:10C7A0000BD4A10703D121687C4B994205D02046C8
:10C7B00002F026FB440044F0010415F0210306D1E9
:10C7C000079A302A03D1B845B8BFB8461F4620465D
:10C7D00005F04BFD00280DF1280B18DBAA0712D538
:10C7E0002B238DF828300DF129032807F6B21CD52C
:10C7F000B9F1020F0DD13020194601F8020B701C5F
:10C8000058700B4611E06B0701D52023E9E75B4622
:10C81000EBE7B9F1080F5CD130211970290645BF4B
:10C8200006F10E0159700133023300210EA80B905E
:10C8300010201970012FA3EB0B030693C5F34723B8
:10C84000C8BF054315F01002CDE90C01CDE9026324
:10C850008DF82710059246D0CDE9009123460DAA08
:10C860000CA90BA805F0C4FB037881462D2B06D13B
:10C870008DF827300D9B00F10109013B0D93012F2D
:10C8800040F384800D9C059BBC42B8BF3C462BB155
:10C890009DF8273003B10134069B1C44A0452DDDD3
:10C8A00015F00103A8EB040429D126461C4625F007
:10C8B00001054EB120230093002301961A465046ED
:10C8C0003749FFF7E3FE0646059BD3B930230793AC
:10C8D0003AE0B9F1100FA8D13020194601F8020B47
:10C8E00006F117008CE70AABCDE900930DAA2346A9
:10C8F0000CA90BA805F07CFB8146C0E700240026AC
:10C90000D5E7302307939DF827305BB10023012240
:10C910005046CDE900320DF12701FFF7B7FE08F1CF
:10C92000FF380644069B63B1002301225946CDE936
:10C9300000325046069AFFF7A9FE069B0644A8EB74
:10C940000308012FD8BF4746079B4946009350462E
:10C950002B460D9A0197FFF799FE06444CB1202310
:10C960000093002350461A460D490194FFF78EFEAE
:10C9700006440B980EAB984201D0FDF7BBFF304642
:10C9800013B0BDE8F08F00242646BCE7059B002BC2
:10C99000F9D11C461E464746D6E700BF3C3004107E
:10C9A0007A0204102DE9F04107460846990748BF6E
:10C9B0002B248CB058BFC3F380041E46149B58BF71
:10C9C00064010194009303A913462122DDF84C80F1
:10C9D000FCF780FBF20504461FD52E2103A82FF09B
:10C9E00053FCD0B9652103A82FF04EFCA8B96E21E5
:10C9F00003A82FF049FC80B92E2104F130026A44CB
:10CA000002F8241C3022631C30336B44023403F8D8
:10CA1000242CA3186B4403F8240C73060ED504F1E0
:10CA20003002631C0DEB02042522002104F8242CA3
:10CA30001C4603F130026A4402F8241C16F010056B
:10CA400020D09DF80C302F2B4FF000031CD8012272
:10CA500003A93846CDE90032FFF718FE054608F174
:10CA6000FF38013C0DF10D019DF84830224600933E
:10CA700038463346CDF80480FFF708FE28440CB052
:10CA8000BDE8F08103A9EFE71D4603A9ECE700002C
:10CA90002DE9F04F8046144600278DB00B461D4609
:10CAA00013F8012B0AB1252AF9D1A94208D26E1A2E
:10CAB0003246D8F80430D8F8000098472946374461
:10CAC0000B78002B00F078814FF0200A0023013111
:10CAD0000A4612F8016B3EB12D2E26D01FD8202E0B
:10CAE0002AD02B2E25D000260D4611F8012BA2F1BD
:10CAF0003000092823D92E2A4CD16A782A2A24D03A
:10CB000000220D4611F8010BA0F1300CBCF1090F09
:10CB10001ED80A2505FB020BABF13002F1E7302EDF
:10CB2000E1D1B24643F0100301E043F001031146A6
:10CB3000CEE743F00203FAE743F00403F7E70A20E5
:10CB400000FB0622A2F13006CEE754F8042B023592
:10CB500022EAE27B2A786C2A08BF013595F800901A
:10CB6000B9F1000F00F02881B9F1780F09D8B9F1B7
:10CB7000570F12D8B9F1470F58D8B9F1440F00F246
:10CB8000088101222946D8F80430D8F800009847D7
:10CB900001378BE04FF0FF3BDCE7A9F15802202A78
:10CBA000EFD801A151F822F033CC001083CB001054
:10CBB00083CB001083CB001083CB001083CB0010FD
:10CBC00083CB001083CB001083CB001083CB0010ED
:10CBD00097CC0010B7CC001033CC001093CD0010D0
:10CBE00093CD001093CD001083CB001083CB0010A9
:10CBF00083CB001083CB001083CB001083CB0010BD
:10CC000083CB001083CB001033CC0010C9CC0010B4
:10CC100083CB0010F1CC001083CB001033CC00107C
:10CC200083CB001083CB001033CC0010B9F1500F30
:10CC3000A7D154F8042BB9F1640F11466AD0B9F1A9
:10CC4000750F0CBF0A2010204FF0000CB9F1640FD3
:10CC50008DF81FC067D162455EDA2D218DF81F1057
:10CC6000514229F00F020F3AD2B20DF13009A2F170
:10CC70000A0BB1FBF0FC00FB1C12092A8CBF5A44C2
:10CC8000303209F8012D08AA91458E46614651D0EF
:10CC90007045EED94EE054F8042BCDE900A63AB128
:10CCA000042247494046FFF7F1FC0744691CF5E6BA
:10CCB00005224449F6E754F8042B08A98DF82020F2
:10CCC000CDE900A60122EDE708A954F8040B05936D
:10CCD0000CF0E4FBBBF1FF3F0146059B04D0089A32
:10CCE000934538BFCDF820B0CDE900A6089AD9E722
:10CCF00054F8049B059348462FF0AEFDBBF1FF3F6F
:10CD00000246059B02D0584528BF5A464946CDE900
:10CD100000A6C7E70A2097E713F0020F27D04FF0CD
:10CD20002B0C8DF81FC0002A9BD130220DF12F094A
:10CD30008DF82F2013F0100B9DF81F201DD032B35B
:10CD400001224046CDE900A20DF11F010593FFF736
:10CD50009DFC8346059B013E0CAA49464046CDE911
:10CD600000A6A2EB0902FFF791FC58449DE713F0DF
:10CD7000040FD8D04FF0200CD3E7002AECD008A93C
:10CD80008945E9D909F8012C09F1FF39E4E793460F
:10CD9000E2E7073424F00704F4E80201059329F0E0
:10CDA0009BFB4A460146CDE9016B4046059BCDF809
:10CDB00000A0FFF7F7FD78E738460DB0BDE8F08F2B
:10CDC00040D4031045D403100EB403B503AA52F89F
:10CDD000041B0192FFF75CFE02B05DF804EB03B0A8
:10CDE00070470000B2EB131F22D930B51C0905466D
:10CDF000101B012831F8142003F00F0301EB44014C
:10CE00000ED086462C46D1F800C00EF1FF3E2CFA1B
:10CE100003FC24F802CBBEF1010F31F8022FF2D14E
:10CE2000411EDA40002A08BF084625F8112030BD0F
:10CE3000002070472DE9F041069F0446D01B67B3E0
:10CE4000BE4626460022023B8D1E35F802CF33F83F
:10CE5000028FBEF1010EC444944426F802CB4FEA7F
:10CE60001C42F2D101EB470104EB470770B1844645
:10CE7000BE46023931F8023FBCF1010C13442EF8D2
:10CE8000023B4FEA1342F5D107EB40070AB127F8FE
:10CE9000022B3F1B7810BDE8F0810028FBD03A46FA
:10CEA0002746E4E72DE9F041069E921BDEB39C1E67
:10CEB000074633464FF0000E8D1E35F802CF34F88A
:10CEC000028F013BACEB080CF44427F802CB4FEA8D
:10CED0002C4EF2D101EB460100EB460302B38C1E4F
:10CEE0001D46114634F802CF0139F44425F802CB2F
:10CEF0004FEA2C4EF6D1511E03EB420203EB4103E5
:10CF000003E01A4633F8021929B99842F9D9101AE0
:10CF10004010BDE8F0810232101A4010BDE8F081E7
:10CF20001A46023BF1E70346B646D7E72DE9F0473C
:10CF3000DDF82CA0DDE9099C002A40D01446064605
:10CF40004FF6FF778D1E0899A1EB020835F8021FF6
:10CF5000013C08EB040E3944A6458C448EBF4FF6C5
:10CF6000FF7133F8021BC91951448CEA010E19FAFA
:10CF70008EFE26F802EB4FEA114A4FEA1C4C4FEAAC
:10CF80001E49002CE2D100EB4201B9F1000F0BD198
:10CF90008B1E03E0194633F802295AB99842F9D991
:10CFA000081A4010BDE8F08701240B4620F8124013
:10CFB0000231F3E70231081A4010BDE8F087B9F1F9
:10CFC000000F03D0012203460280E3E70146DFE7BA
:10CFD00038B504460C20FDF765FC0546236821782A
:10CFE00023F00302C3F39D0001F0010313432B6000
:10CFF000636840006B60FDF755FCA8602268A1687B
:10D00000C2F39D0252002FF073FB284638BD00BFCB
:10D0100038B5054680680C46D0B12B68072B17D968
:10D02000002CB2BF0123224600230146B8BF624252
:10D030002C7863F3000493B2120C2C7021F8023B9D
:10D0400010D093B2084602220B806A60038038BD7C
:10D050000421FDF742FC02222B68A86062F39F03C3
:10D060002B60DDE70122F0E70023C0E90033836095
:10D07000704700BF70B50026C0E90066866001B940
:10D0800070BD0C46054604213046FDF726FCB4422F
:10D09000B8BF01262B6846F0080603F00203B8BFAC
:10D0A000644233432B60A1B2230C0246A86020F8EF
:10D0B000021B06D099B20246022301806B601180E8
:10D0C00070BD0123FAE700BF70B500261C4622F0B0
:10D0D0004043920042F002020546466002608160D1
:10D0E00004B970BD084609B1012B08D80421FDF729
:10D0F000F4FB02222B68A86062F39F032B60002CD4
:10D10000B4BF0122002201462B78B8BF644262F30B
:10D1100000032B70A2B2230C21F8022B06D09AB286
:10D12000084602230A806B60028070BD0123FAE783
:10D1300010B103789B0700D570478068FDF7DABB14
:10D14000F8B50546806816461C469DF8187028B349
:10D150002B680F2B22D93146A4460FB1002C27DBB8
:10D1600000236B602B78344323F001032B7014D021
:10D170000122AB680C0C1FFA81FE44EA0C414FEA15
:10D180001C4C51EA0C061846144623F802EB02F137
:10D190000102EFD16C60A0F800E0F8BD0821FDF7B6
:10D1A0009CFB04222B68A86062F39F032B60D2E7EC
:10D1B0002B78714243F0010364EB440C2B70D7E7EA
:10D1C00002782DE9F843CB0F63F30002C1F30F435C
:10D1D00013F4FF43054602704FD0B3F5FF4F4CD018
:10D1E000C1F3C75CACF17F02002A46DB55D0ACF13D
:10D1F0006F06C1F31601162A4FEA261641F4000401
:10D2000043DC4FF000084746C2F11702D440A8683B
:10D21000022EB14638BF4FF0020918B12B68B9EBA6
:10D22000930F08D94FEA4901FDF757FB2B68A86017
:10D2300069F39F032B606E60A7BBB8F1000F0CD0A1
:10D24000B94604FA08F3C8F1100220F80930D440B6
:10D2500007F10108B04516D0A86808F1004200EBBC
:10D260004603013A00EB4200023B20F8024F98428D
:10D270004FEA1444F9D1BDE8F88300222B786A60A4
:10D2800023F001032B70BDE8F8830932ACF1960C52
:10D2900002F00F084FEA2C17B9E70121BDE8F84367
:10D2A000FFF7B6BE4FEA47094A4600212EF09AFF23
:10D2B000B8F1000F01D0A868C3E7B846CAE700BFBD
:10D2C0002DE9F843C2F35B0808F1010804468068C1
:10D2D000B8F1020F0F46994638BF4FF00208089E7A
:10D2E0008D1800283BD02368B8EB930F37D8002067
:10D2F0002378AF4269F30003237060602DD2B846F3
:10D300001FFA86FE4246137808F10108A3F13001A6
:10D31000092905D9A3F1410119292AD8A3F1370117
:10D32000B1422ED2D4E9010970B384464A4613882B
:10D33000BCF1010C0EFB031322F8023B4FEA134130
:10D34000F5D109EB400009B120F8021BA0EB090060
:10D35000401045456060D5D1E81BBDE8F8834FEA31
:10D360004801FDF7BAFA2368A06068F39F032360C1
:10D37000BDE7A3F16101192903D8A3F15701B14217
:10D38000D0D3D01BBDE8F8834846DCE72DE9F04157
:10D39000074614461D4600295AD04FF0FF36531E4B
:10D3A0001D444FEAC40808F10F084FEA1818D7F8CF
:10D3B00008E0B8F1020F38BF4FF00208BEF1000FCD
:10D3C00035D03B68B8EB930F31D800203B787860BC
:10D3D00023F001033B706FF00103A4B1AEF102032F
:10D3E0000022114602E0072A2DDC082295F800C031
:10D3F000013C0CFA02FC41EA0C01354489B2F2D13D
:10D4000043002EF810101EEB030328BF9A1C02D312
:10D4100007E09E4505D81A4633F802190029F8D0CE
:10D420000232A2EB0E035B107B60BDE8F081704618
:10D430004FEA4801FDF751FA3B68864668F39F03BF
:10D440003B60B860C1E70130786023F8021FC7E78E
:10D450000126A6E790F800C00B78024603F001030E
:10D460000CF00100181A20D110B453684C68A34284
:10D4700012D31BD894688A6804EB430102EB430281
:10D480001BB90BE012D1013B08D031F8020D32F884
:10D49000024D001B0028F5DA4FF0FF301CF0010FA1
:10D4A00018BF40425DF8044B704770470120F5E714
:10D4B000884270B504461ED04A688068022A164623
:10D4C0000D4638BF022618B12368B6EB930F08D972
:10D4D0007100FDF702FA236866F39F0323606A6810
:10D4E000A06029782378626061F300032370A96843
:10D4F00052002FF0FDF8237823F00103237070BD54
:10D50000884270B504461ED04A688068022A1646D2
:10D510000D4638BF022618B12368B6EB930F08D921
:10D520007100FDF7DAF9236866F39F0323606A68E8
:10D53000A06029782378626061F300032370A968F2
:10D5400052002FF0D5F8636843B123781A46C3F32D
:10D55000000383F0010363F30002227070BD00BF7B
:10D56000884270B504461ED04A688068022A164672
:10D570000D4638BF022618B12368B6EB930F08D9C1
:10D580007100FDF7AAF9236866F39F0323606A68B8
:10D59000A06029782378626061F300032370A96892
:10D5A00052002FF0A5F8D4E90130002B5FD022788B
:10D5B000D1072DD515460146B0F800C025F001056C
:10D5C0000CF1FF3C4FEA2C42257021F802CBB3F15D
:10D5D000010C6AD08E46BEF80050BCF1010C2A4402
:10D5E0002EF8022B4FEA2242F5D1023B5A0001EB02
:10D5F0004303984202D95AE0984205D81A4633F8B4
:10D6000002190029F8D00232121A5210626070BD5D
:10D610005D1C022D38BF022500283CD02268B5EBE6
:10D62000920F38D88646018801310A0C2EF8021B69
:10D63000591E0ED0F446BCF8005001392A442CF88B
:10D64000022B4FEA1242F6D103F10043013B0EEBED
:10D65000430E12B101232EF8023B2278AEEB000EEE
:10D660004FEA6E0342F001026360227070BD10B198
:10D670002368072B08D80421FDF72FF9022223681D
:10D68000A06062F39F03236001222378028013438A
:10D690006260237070BD6900FDF71FF9226863683E
:10D6A00065F39F022260A060BCE70346A6E7023252
:10D6B0000A44A9E72DE9F04717464A6804460E4692
:10D6C000806802B1EFB9022A154638BF022518B1A9
:10D6D0002368B5EB930F08D96900FDF7FEF82368BE
:10D6E00065F39F0323607268A060317823786260DD
:10D6F00061F300032370B1685200BDE8F0472EF0DB
:10D70000F7BF07F10F0802EB1815022DA9464FEAE3
:10D71000181838BF4FF0020900284CD02368B9EB25
:10D72000930F48D88B6817F00F0155D0C1F1100145
:10D730006FF0004E05EB0E07964400EB470003EB3D
:10D740004E0E7F00002A52D09446814600230EF1EF
:10D75000020E3EF802ADBCF1010C4AEA030323FAC3
:10D7600001FA29F802A94FEA0343F2D1CB40C2EBF8
:10D77000C27200EB42009BB2C8F10108038000EBCB
:10D7800048034FEA480800211846C8F100022EF06D
:10D7900029FD45B10237384401E0013D03D030F89E
:10D7A000023D002BF9D065603278237862F30003E4
:10D7B0002370BDE8F0874FEA4901FDF78EF8236832
:10D7C00017F00F0169F39F0323607268A060B368CC
:10D7D00008EB0205ACD0A9E76FF0004E05EB0E0791
:10D7E000964400EB470003EB4E0E7F00ACE7134678
:10D7F000C2E700BF2DE9F04117464A680D46022AEC
:10D800009046044638BF4FF00208866802B1EFB96F
:10D810001EB12368B8EB930F0BD930464FEA48018D
:10D82000FDF75BF80646236868F39F0323606A6888
:10D83000A06029782378626061F30003237030468A
:10D84000A9685200BDE8F0412EF052BF1EB1036836
:10D85000B8EB930F0BD930464FEA4801FDF73DF87E
:10D860000646236868F39F0323606A68A060D5F8C2
:10D8700008803B4641463046FFF7B4FA60602378A3
:10D880002A78844662F300032370DB071ED568689C
:10D890004FEA171E07F00F07C0B1BEF1000F41D0CD
:10D8A00008EB4E0100230239A8F1020203E0834293
:10D8B0000ED091420CD032F8025F0133002DF6D029
:10D8C000BCF1000F0ED1012333806360BDE8F0810D
:10D8D0008645FBD238F81E200123BB40013B1A428B
:10D8E000F4D0EDE7354632880132130C25F8022BCF
:10D8F000BCF101020ED029460888013A034421F800
:10D90000023B4FEA1343F7D10CF1004C0CF1FF3C02
:10D9100005EB4C0513B1012325F8023BAD1B6D103F
:10D920006560D3E7B8F80020D6E700BFF0B517462A
:10D93000D1E901230546D7E9010482420E4683B0AE
:10D9400012D315D803EB420E04EB420482B1944685
:10D9500003E00DD1BCF1010C0AD03EF8023D34F8D1
:10D96000021D5B1A002BF4DA334602463E461F4680
:10D9700033783978A8684B40DB0718D4541C022C44
:10D9800038BF022418B12B68B4EB930F08D961009B
:10D99000FCF7A3FF2B6864F39F032B607268A860F9
:10D9A000B168D7E901430094FFF744FA17E0022A6F
:10D9B000144638BF022418B12B68B4EB930F08D972
:10D9C0006100FCF78AFF2B6864F39F032B60726889
:10D9D000A860B168D7E901430094FFF763FA686073
:10D9E00033782A78C3F3000300280CBF002303F028
:10D9F000010363F300022A7003B0F0BD2DE9F0418A
:10DA00001746D1E901240E46D7E901E172450546E2
:10DA100082B012D317D804EB420401EB420192B159
:10DA2000944603E00FD1BCF1010C0CD034F8023D58
:10DA300031F8020D1B1A002BF4DA334672463E46CB
:10DA400001241F4600E0002433783978A8684B4051
:10DA5000DB071CD502F10108B8F1020F38BF4FF007
:10DA6000020818B12B68B8EB930F09D94FEA4801A7
:10DA7000FCF733FF2B6868F39F032B607268A86084
:10DA8000B168D7E901730097FFF7D4F919E0022ACA
:10DA9000904638BF4FF0020818B12B68B8EB930FCF
:10DAA00009D94FEA4801FCF718FF2B6868F39F0378
:10DAB0002B607268A860B168D7E901730097FFF71F
:10DAC000F1F9686028B1307800F001000CB180F005
:10DAD00001002B7860F300032B7002B0BDE8F081E9
:10DAE0002DE9F04F4B68D2F804B085B05B450F4686
:10DAF0000646009202D39B4617460091009BB068F1
:10DB00001B78DC0703F0010203D43978C90740F120
:10DB100086800BF10104022C38BF022400286FD04C
:10DB20003168B4EB910F6BD897F800C000998CEA7C
:10DB30000303DB43C2F100084CF3000A43F300097E
:10DB40008C68D2B21FFA88F80CF0010C1FFA8AFA1E
:10DB500003F001031FFA89F9D7E90115BBF1000FA2
:10DB600000F09C80A1EB0B0101910146CDE902B0D0
:10DB7000A4F1020E5C46DDF804B03EF8020F013C51
:10DB800080EA080002440BEB0400844232BF504696
:10DB900035F8020B80EA0A00844402EA0C0080EAAD
:10DBA000090013FA80F321F8023B4FEA1C4C120CD7
:10DBB0001B0C002CE1D1DDE902B000EB4B0BD3B91B
:10DBC0005B46ABF1020B04E05B463BF80229002AFE
:10DBD0005CD15845F8D91B1A5B107360009B3A78EA
:10DBE0001B78C2F300021340327863F300023270F4
:10DBF00005B0BDE8F08F5B46012223F8022BE8E771
:10DC00006100FCF76AFE336864F39F033360009B96
:10DC1000D3F804B0B0601B7803F0010284E7BBF1D5
:10DC2000020F38BF4FF0020B18B13368BBEB930FF4
:10DC300008D94FEA4B01FCF750FE3368B0606BF334
:10DC40009F033360009BD7E901249D6852B31146BE
:10DC50000746023D023C35F8023F34F802CF013955
:10DC600003EA0C0327F8023BF5D1531E00EB4303F4
:10DC700000EB420203E01A4633F8021941B9984218
:10DC8000F9D9121A521000237260ADE70233A2E7ED
:10DC90000232121A521000237260A5E78346002B4D
:10DCA000A9D18DE70246831EE9E700BF2DE9F04FB9
:10DCB0004B6855680C46AB421646074683B002D304
:10DCC0001D460E4614463378B868D90703F00102A2
:10DCD00002D42378DB076CD505F10108B8F1020FF7
:10DCE00038BF4FF00208002855D03B68B8EB930FBF
:10DCF00051D894F800C0C2F100094CF3000AB3688F
:10DD0000D2B21FFA89F90CF0010C1FFA8AFAD4E991
:10DD10000116002D00F08D80A3F1020E4B1B2C4646
:10DD200001958046012115469B463EF8022F013C95
:10DD30000BEB04039C4282EA09022A4432BF554697
:10DD400036F8025B85EA0A05654442EA0503DB43CF
:10DD500011FA83F34FEA154C28F8023B150C190C05
:10DD6000002CE2D1019D6B1E00EB430300EB450547
:10DD700004E01D4633F80229002A58D19842F8D908
:10DD800001222D1A15413B787D6062F300033B7040
:10DD900003B0BDE8F08F4FEA4801FCF79EFD3B68F9
:10DDA00068F39F033B607568B860337803F0010245
:10DDB0009FE7022DA84638BF4FF0020818B13B6814
:10DDC000B8EB930F09D94FEA4801FCF786FD3B6891
:10DDD00068F39F033B607568B860B168D4E901E4FB
:10DDE000A5EB0E06BEF1000F26D072468446023C1B
:10DDF0008D1E35F8023F34F8028F013A43EA0803DA
:10DE00002CF8023BF5D101EB4E0100EB4E0556B16B
:10DE10008A1E3346294632F8024F013B21F8024B55
:10DE2000F9D105EB46052D1A00226D10ABE702353E
:10DE3000A6E70546831EA1E70546E8E72DE9F04180
:10DE40004B68164652680C469342054684B003D38D
:10DE500031461A4626460C4696F800C02378A86834
:10DE60008CEA0301C9074CD4022A174638BF02279F
:10DE700018B12B68B7EB930F0AD97900FCF72DFD89
:10DE80002B6867F39F032B607268A86096F800C048
:10DE90001CF0010FB168D4E9014362D1121B002CC0
:10DEA0006CD0A4460746023BA1F1020E3EF8026F79
:10DEB00033F8028FBCF1010C86EA080627F8026BE2
:10DEC000F4D101EB440100EB4404002A53D0134683
:10DED0002646023931F8027F013B26F8027BF9D150
:10DEE00004EB4201013A04EB420304E0194633F823
:10DEF0000229002A3DD19842F8D9081A401000237F
:10DF000027E0571C022F38BF022718B12968B7EB4A
:10DF1000910F0BD97900FCF7E0FC2B6867F39F03A6
:10DF20002B607268A860237896F800C001276FEA1A
:10DF3000030E6FEA0C0CB1680EEA0706A36803969D
:10DF40000CEA0706CDE9017664680094FEF7EEFF5F
:10DF50003B462A78686063F300022A7004B0BDE88B
:10DF6000F08100940024CDE902440194FEF7DEFF25
:10DF7000C5E70231C1E72146A31EBCE70446A4E77A
:10DF80002DE9F04F4B68044685B0002B6BD05668E6
:10DF90009246002E67D081420D467DD0824200F02D
:10DFA0008580002202921E44A068022E38BF0226FD
:10DFB000002861D02368B6EB930FC3F39D025BD8B2
:10DFC000002152002EF00EF9D5E9019BDAF8041079
:10DFD000A068DAF8086091B38046A646AC4600EB2C
:10DFE00049070390CDF804B0B9F1000F51D04C4669
:10DFF0000023019DA8F10200CDF8009035F8029BA6
:10E00000B6F800B030F8022F013C0BFB09221A448D
:10E0100002804FEA1243F1D13A46DDF80090002B1E
:10E0200035D03B8002373A46013908F1020806F143
:10E030000206D9D1744665460398121A51106160E0
:10E040002B789AF8001022784B4063F3000222707C
:10E05000029C74B1A068FCF74DFC204605B0BDE8F9
:10E06000F04FFCF747BC00222378626023F00103E5
:10E07000237005B0BDE8F08F7100FCF72EFC23681B
:10E0800026F0404266F39F032360A06098E70237C2
:10E09000CAE742460237C7E7FEF79AFFA2450546A0
:10E0A00043680AD0DAF8046002907CE7FEF790FF3C
:10E0B0006B6882464668029075E71E46824602906B
:10E0C00071E700BF4B6870B50646002B43D013784C
:10E0D0001446DA073FD46368002B43D00846FEF7A6
:10E0E00077FF05462046FEF773FF044601213046C0
:10E0F000FEF78EFF62686AB91EE001230846FEF74C
:10E1000071FE6060C0B12A4629462846FFF738FFF5
:10E1100062688AB1A1680B88DB07EED52A463146D2
:10E120003046FFF72DFFD4E9012101230846FEF711
:10E1300059FE60600028E6D12DB1A868FCF7DAFB33
:10E140002846FCF7D7FBA068FCF7D4FB2046BDE8C7
:10E150007040FCF7CFBB00223378726023F00103DC
:10E16000337070BD0121BDE87040FEF751BF00BFA4
:10E170002DE9F04F9146526807460132806891B010
:10E18000022A14460E4638BF0224059380B33B682A
:10E19000B4EB930F2CD8520000212EF023F800226C
:10E1A0003B787A6023F001033B70D9F80440B068F3
:10E1B000651C022D38BF022530B13368B5EB930FD3
:10E1C000C3F39D0240F279816900FCF786FB336856
:10E1D00065F39F033360D9F80440B060022C38BF68
:10E1E000022488B125F0404294420DD8B06813E073
:10E1F0006100FCF772FB3B6864F39F033B60D9F856
:10E200000420B8600132C6E76100FCF766FB3368A2
:10E21000B06064F39F03336099F80020337862F3B1
:10E2200000033370D9F80420D9F808107260520046
:10E230002EF05EFA059A74685568D2F808C0BA687C
:10E24000A542B368069219D803EB44024FEA44088A
:10E25000049217D30CEB080E002C00F04B812146E2
:10E26000104603E00ED1013900F0448130F8022D50
:10E270003EF802ADA2EB0A02002AF3DA00237B602B
:10E280007168F9E005F1004E0EF1FF3E3CF91E20E9
:10E290004FEA4E01002A01913CF81E004FF00001A8
:10E2A00005DB4200013190B2120489B2F9D5002297
:10E2B00008F10200184404F10108834223F81420F5
:10E2C000C6F8048010D29A46C1F1100B0293BAF836
:10E2D000003003FA01F414432AF8024B23FA0BF33B
:10E2E00050459AB2F3D8029B3CF81E20012D02FA49
:10E2F00001F2039209D9019AC1F11004624432F883
:10E30000022CE240039C14430394A8EB0508C7F8D1
:10E310000480069CD6F804A008F10042013A04EB00
:10E3200042025545029280F0ED80049C019A0895C6
:10E33000A4EB0208AAEB0502ACF1020ACDF804A096
:10E340004FF0000B1546F246CDE90976029CA8F184
:10E3500002080793CDF810C0CDF82C9030F8029D3C
:10E36000039B30F802CC80454CEA094CBCFBF3FC23
:10E370004FF000031FD246469E46049A0294A2F133
:10E38000020939F8022F37888A4042EA1E4E1FFAE6
:10E390008EF20CFB02F217FA83F794B23C1B120CBC
:10E3A00026F8024BC2EB2342864202EB2443E8D319
:10E3B000029CB0F8009019EB03091DD0804579D27A
:10E3C0000023DDF804E046461F46724632F802EFAD
:10E3D0000EFA01FE4EEA1747B6F800E09E441EFA18
:10E3E00087FE26F802EB86424FEA1E43EED319EB76
:10E3F00003090CF1FF3CE1D10BF1010B5D4524F861
:10E4000002C9A8F10208A9D1DDE90976DDE90735DD
:10E41000D6467560DDF82C90D7F8048003EB4E05E6
:10E42000AB420DD80022C1F1100C288840FA01F44B
:10E43000224325F8022900FA0CF0AB4282B2F4D94B
:10E44000B8F1000F0BD0069A414602EB480201E0FA
:10E45000796021B132F8020D01390028F8D07268D4
:10E460007AB303EB420301E0726052B333F8021D4A
:10E47000013A0029F8D071683378C3F3000200290B
:10E480000CBF002202F0010262F30003059A337010
:10E4900099F8003012785340DB0708D57B683A784A
:10E4A000003B18BF012363F300023A7059B911B061
:10E4B000BDE8F08F0CF1FF3C80E7022C38BF02244E
:10E4C00092E60021D8E704210020FCF706FA012299
:10E4D00009210280CDE90D120F90394638460DAA68
:10E4E000FFF724FA31463046059A11B0BDE8F04FE7
:10E4F000FFF71CBA002201237260069A13807B602A
:10E500007168B9E70AF1004E0EF1FF3E86E700BFE1
:10E51000F0B51F464B68044685B0002B57D01378E2
:10E520001646DA0753D47B680D46012B03D1BB682E
:10E530001B88012B4BD0A06810B12368072B08D88B
:10E540000421FCF7CAF902222368A06062F39F034A
:10E55000236001222378626023F001032370736833
:10E560000280002B39D02846FEF732FD05463046A2
:10E57000FEF72EFD002342680646CDE901330393E2
:10E580009AB941E001230846FEF72CFC706030B3D5
:10E590002A4629462846FFF7F3FC2A463B462946E9
:10E5A00001A8FFF7E5FD7268CAB1B1680B88DB0707
:10E5B000E8D52A4621462046FFF7E2FC22462146BE
:10E5C0003B4601A8FFF7D4FDD6E90121DAE7002296
:10E5D0002378626023F00103237005B0F0BD9DF83D
:10E5E000043003F002037BB12DB1A868FCF782F977
:10E5F0002846FCF77FF9B068FCF77CF9304605B097
:10E60000BDE8F040FCF776B90398FCF773F9EBE747
:10E61000D0E9013101EB4303994284464FF00000F9
:10E6200005D233F8022D994242EA0040F9D39CF812
:10E630000030DB0748BF4042704700BF10B4D0E94C
:10E64000013404EB43039C424FF0000203D308E083
:10E65000B2F5004F0ED233F802CD9C424CEA024292
:10E66000F6D303785DF8044BDB0748BF5242012024
:10E670000A60704700205DF8044B7047037813F080
:10E68000010315D110B4D0E9012404EB42029442F5
:10E6900003D308E0B3F5803F0CD232F8020D944268
:10E6A00040EA0343F6D301205DF8044B0B6070474A
:10E6B0000020704700205DF8044B70472DE9F04FB3
:10E6C00083B0804693469A468946DDF830C00029DB
:10E6D0004ED00CEB0300D8E90173002F4DD001247C
:10E6E00052464FF0000E2546102633F8021B41EA31
:10E6F0000E4E019398F800101FFA8EF311F0010FDF
:10E7000005D0D94355FA81F18BB2C1F3072542B345
:10E71000DBB2B9F1000F21D000F8013C0138013A19
:10E72000102E4FEA1E2E01D10826E3E7013F019B80
:10E73000DAD1BBF1000F00D012B398F8003013F01B
:10E74000010F14BFFF210021B9F1000F18BF60466F
:10E750002DF048FD204603B0BDE8F08F00F8013BE6
:10E76000DDE7002CDCD0DCB2B4FA84F46409D7E72E
:10E770006046D8E90173002FB1D152460124D8E791
:10E78000BAF1000FD9D0B9F1000F0BD09CF80030CE
:10E79000002CDFD0DB4398F8004084EAD31404F067
:10E7A0000104D7E7E2441AF8013CF1E7D0E901326D
:10E7B00002EB43039A429FED0C7A0DD2DFED0B6A18
:10E7C00033F8021D07EE901AF8EEE77AE7EE267AA4
:10E7D0009A42B0EE677AF3D30378DB0748BFB1EE15
:10E7E000477A17EE100A70470000000000008047CB
:10E7F0002DE9F84F164642680A291F469DF82890D1
:10E8000014BF0423032392B9002E00F08F803378C5
:10E810000B9A2BB102F8013B16F8013F002BF9D1FE
:10E82000302322F8013B0B9BD01ABDE8F88F4FEA4A
:10E83000420B804658469A460C46FCF733F805468C
:10E840005A46D8F80810AB442DF052FFDDF82CE002
:10E85000ABF10200A7F13A0385429C4677464B464E
:10E86000D14627D801460022B1F800A04AEA024268
:10E87000B2FBF4FA21F802A98D4204FB1A22F3D963
:10E88000BA463032392A88BF6244D2B2AB450AF860
:10E89000012B15D92A4601E0934511D932F8021B04
:10E8A0000029F9D01BB1AAEB0E024A4538D05746D1
:10E8B0008542D7D93022BA46AB450AF8012BE9D8B0
:10E8C0002846FCF717F86EB130462DF0C5FF331817
:10E8D0009E4207D23A4613F8011D9E4202F8011FDC
:10E8E000F9D1824498F800305446DB0742BF2D230B
:10E8F000514604F8013B0B9B58BF0AF1FF318B4294
:10E9000008D20B9B1A78087803F8010B01F801294B
:10E910008B42F7D300230B9A2370A01ABDE8F88F1F
:10E9200007F1020A7B70D6465746C1E70B9A77E794
:10E9300001F00F0108290DD8DFE801F011050A0CDC
:10E940000C0C0C0C0E0000280CBF0E201E20704773
:10E9500003F05ABD03F073BDC00040F002007047E1
:10E9600008B500F0A5FA2AF037FE08BD00F0A0BAFD
:10E9700008B527F0B1FDBDE8084002F08FBC02F0F9
:10E980008DBC0000F0B593B0054668460F461446AE
:10E99000166800F007F978B9002E0CBF394600213F
:10E9A0002346324628460BF0EDFB054600F0BCF846
:10E9B000012D0BD1284611E0019B236010492068EE
:10E9C00002F06AFB60B9206800F004F92368002DAA
:10E9D000F4D10BB9062323603EB9002013B0F0BD7B
:10E9E000206802F053FA2060F6E73046054902F04D
:10E9F00053FB0028F1D030460BF04EFBE4E700BF9C
:10EA0000E02C04104C2D0410036803B940680BF08F
:10EA10001FBD1346C1F30722C9B20BF0C9BA1FB517
:10EA200001F00F03012B04460CD011F00E0F0BD098
:10EA3000023B012B0AD9012201A900F015FC50B1BB
:10EA4000019801E000F022FB04B010BD04B0BDE865
:10EA5000104000F0E1B9204600F0DEF9F4E708B517
:10EA600028B1062803D00BF017FB00F0B3F808BD5F
:10EA700010B50C4619B9BDE810400BF075BC0BF091
:10EA800073FC84421CBF0023C4E90030002010BD89
:10EA900060B14FF050431A68054B53F822201369B8
:10EAA000984202D01061184670470020704700BF9E
:10EAB00000200020B0F5527F16D8B0F5517F09D85C
:10EAC0005E281DD075281DD03E2814BF4FF0FF30A2
:10EAD00001207047A0F24630022815D8DFE800F088
:10EAE0000C0E02000520704740F2D333984214BF49
:10EAF0004FF0FF3003207047062070470720704713
:10EB00000220704700207047042070474FF05043A8
:10EB10001A68044B53F822305A6902605861002089
:10EB2000704700BF002000204FF050431A68034B8D
:10EB300053F822305A6912685A6170470020002049
:10EB40004FF050431A68044B53F822309A69C0E9D9
:10EB500000219861704700BF002000204FF0504313
:10EB60001A68054B53F8222093691968916110B116
:10EB700018465A68104770470020002038B54FF0FB
:10EB8000504304461A68064B53F82250AB690BB148
:10EB9000A34200D338BD0120FFF7E0FFF6E700BF36
:10EBA00000200020C460056146618761C0F81C80B8
:10EBB000C0F82090C0F824A0C0F828B0C0F82CD02D
:10EBC00080ED0C8B80ED0E9B80ED10ABC0F808E063
:10EBD000FFF79CBF4FF050421168134A08B552F836
:10EBE00021506C690CB920F0ABF960602046FFF74A
:10EBF000C5FF23686B612046C4680569466987695B
:10EC0000D0F81C80D0F82090D0F824A0D0F828B0FC
:10EC1000D0F82CD090ED0C8B90ED0E9B90ED10ABBE
:10EC2000D0F808E00120704700200020704710B5A0
:10EC30000C46FBF737FE046010BD10B50C46FBF721
:10EC40003FFE046010BD0000830717BF034B006840
:10EC500000F00F0053F82000704700BFA0250410FB
:10EC600008B5FFF7F1FFBDE80840C0880AF00ABC0C
:10EC700070B50D4604461646F6F74AF82846FFF7E3
:10EC8000E3FF437A43B100EB830332462946204633
:10EC9000BDE870401B691847C28803492046BDE89B
:10ECA0007040FEF791B800BF4BD403100A460146EE
:10ECB0000148FFF7DDBF00BF7C2104102DE9F347B9
:10ECC000044608460E4602F0D3F998B1694630462C
:10ECD00001AA02F031FA009B63B120461949FDF701
:10ECE000C5FC009D184FDFF86880DFF86090033D99
:10ECF000002D0BDA314620460222FFF7B9FF2046ED
:10ED0000124902B0BDE8F047FDF7B0BC019A3946A0
:10ED100002EB85035B6852F825202046FEF754F885
:10ED2000019B4FEA850A53449A682AB9494620460E
:10ED3000FDF79CFC033DDBE741462046FEF744F827
:10ED4000F8E700BF50D4031074D40310C3020410BA
:10ED500089D4031008B50246FFF776FF837A53B1D2
:10ED600000EB83031B6906498B4204D1BDE80840D0
:10ED7000104608F063BD181E18BF012008BD00BF73
:10ED800061760110830710B5044603D10268084B71
:10ED90009A4208D0214608200BF074F810B920469A
:10EDA0000CF026F804462046BDE8104003F0BEBC37
:10EDB0003C3004100E2838B503460C4604D100231D
:10EDC00023600125284638BD1E2801D10123F7E71D
:10EDD00010F0010501D04310F2E7820707D1016866
:10EDE000064A914203D103F053FB2060E9E719463C
:10EDF00008200BF047F80028F5D1E3E73C30041079
:10EE000013B501A90446FFF7D5FF10B920460BF052
:10EE1000EFFF019802B010BDC20705D4830705D1EA
:10EE20000268034B9A4201D103F02BBBFFF7E8BF06
:10EE30003C3004100E2838B503460C462BD01E2853
:10EE40002CD010F0010508D0431007EE903AF8EEF0
:10EE5000E77AC4ED007A01251BE081070ED1026834
:10EE600010498A4204D103F079FC07EE900AF0E7DA
:10EE70000D498A4202D102F071FAF6E719460920DB
:10EE80000BF000F828B1820703D10268064B9A42C2
:10EE9000F1D0284638BDDFED057ADAE7F7EE007AE3
:10EEA000D7E700BF3C300410F42D04100000000030
:10EEB00013B501A90446FFF7BDFF38B92046FFF797
:10EEC000CFFE0449024604480AF089FF019802B0C7
:10EED00010BD00BF92D40310582A0410F8B50446A0
:10EEE0000F461646FFF7A6FF054620B10023336004
:10EEF00001252846F8BDA10709D122680B4B9A428B
:10EF000005D132463946204601F090F8F0E7214617
:10EF10000A200AF0B7FF0028EBD08207E9D1026887
:10EF2000024B9A42E5D132463946EDE7602704109C
:10EF300010B50446FFF7D2FF38B92046FFF790FE20
:10EF40000249024602480AF04AFF10BD9DD4031050
:10EF5000582A0410830710B50FD103680A4CA34246
:10EF600004D1436808300B60106010BD074CA34209
:10EF700003D18368C0680B60F6E7FFF771FE0449B0
:10EF8000024604480AF02BFF843B0410643104104D
:10EF9000A4D40310582A041013B50C4601A9FFF796
:10EFA000D9FF019BA34204D02246034903480AF03B
:10EFB00016FF02B010BD00BFADD40310102A04101C
:10EFC000F7B51F46D30706460D4614460FD5541015
:10EFD0000194019A002ABCBF52190192019AD7B13B
:10EFE000002A14DA00230193019803B0F0BD104603
:10EFF00001A9FFF7DFFE0028EBD12046F588FFF7D7
:10F000002FFE2A460346084908480AF0E8FEAA42AD
:10F01000EAD90195E8E7002A01DBAA42E4D3F288A5
:10F02000034904480AF0DBFEBFD40310582A041039
:10F03000CED403109C2B0410820701D003F0E4B956
:10F04000002801DA03F0FBB9400040F001007047EE
:10F050008307014610B508D102680B4B9A4204D1D0
:10F060008068400040F0010010BD0846FFF7ECFD4D
:10F07000C37A33B1BDE8104000EB8300036905207B
:10F0800018471846F0E700BF0C3A04100E2810B5D8
:10F09000044622D01E2801D1012010BD06281CD014
:10F0A000C20703D5013818BF0120F6E7FFF7CCFDF2
:10F0B000C37A5BB100EB83000369214604209847C3
:10F0C00020B1A0F11E0358425841E6E72046FFF761
:10F0D000BFFF0028E0D00138E5E70020DDE70000B1
:10F0E00005282DE9F04715BF4FF01E084FF00E0818
:10F0F0004FF00E094FF01E09914207460C46154687
:10F1000007D1CA072ED40846FFF79EFD83885B0708
:10F1100028D504F00703022B05D0A60717D12268D3
:10F120002C4B9A4213D105F00703022B06D015F0A1
:10F1300003064DD12A68274B9A420ED12946204614
:10F1400005F0E5FF70B94B461846BDE8F08714F0AE
:10F15000010609D015F00106F5D10136022E06D1BF
:10F16000AC42F0D14346EFE72B4625461C462846E5
:10F17000FFF76AFD027B8246BAB18188080704D492
:10F180002046FFF761FD82450FD10AEB8202052F71
:10F1900013690ED09AF80C3022460AEB83031B69E0
:10F1A000294602209847034668B923462C461D4647
:10F1B000D3E7CA06EED52246294638469847034685
:10F1C0000028C1D1E6E7022FBED0FFF75FFFB9E705
:10F1D0000026C2E7143B041008B50A460146022087
:10F1E000FFF77EFFBDE80840FFF750BF10B50446AB
:10F1F000FFF72EFF38B92046FFF732FD02490246DD
:10F2000002480AF0ECFD10BDD5D40310582A0410B2
:10F2100038B50446FFF718FD837B15462BB100EB8C
:10F220008300036920469847A0B9204635B9FFF707
:10F2300017FD0246084909480AF0D1FD042D04D102
:10F24000FFF70EFD06490246F5E7FFF709FD054900
:10F250000246F0E738BD00BFE2D40310582A04107C
:10F26000FCD403100ED5031038B50546FFF7ECFCAF
:10F27000037C14461BB914F004000BD138BD00EB1D
:10F2800083031B69284602F0030298470028F2D145
:10F290000120F3E701480BF06DFD00BF20D50310FE
:10F2A000042803D0052807D0002070478B68002B66
:10F2B0000CBF0E201E2070478868400040F00100FF
:10F2C000704700000346084A0846C1E900230022AF
:10F2D000C1E902221968054A914202BF5B68C3F383
:10F2E00017238360704700BFE825041034260410FC
:10F2F000F8B50D460179044601F07F01164640201D
:10F300000022F1F7B3FDA268E36842436A60227904
:10F31000276802F07F01A96009492B608F4201D064
:10F320000020F8BD110601D4B20706D46268C2F30A
:10F33000172200FB02332B60F2E70120F1E700BF48
:10F3400034260410F8B5002205460E46014640203A
:10F35000F1F78CFD07461020FBF7A4FA094A0A4B87
:10F360000571012D08BF134603604368044603F08E
:10F37000FF03C0E9013606FB07F0FBF793FAE060F4
:10F380002046F8BD74260410002604104268C368A5
:10F39000916830B48B420AD21479D16882685D1CBE
:10F3A000C5601A4404F07F0030BCF1F7D3BD0020E3
:10F3B00030BC7047436870B5FF2B04460E461AD820
:10F3C000002201794020F1F751FDA168054608317E
:10F3D0004143E068FBF781FA08226368E06062F36A
:10F3E0001F236360A368002103FB0553C5EBC5021F
:10F3F00018442CF0F7FED4E9022133462079F2F7C5
:10F400001DF8A36806200133A3606368A3F5807329
:10F41000636070BDF8B50E790546012E0C460ED11D
:10F420001A49FDF723F9D4E902213346284605F0AD
:10F43000E1F82846BDE8F8401549FDF717B932460E
:10F440001449FDF7C1FCA368002BF2D028461249ED
:10F45000FDF70CF90026114FA368B34204D82846E3
:10F460000F49FDF703F9E4E71EB139462846FDF7D9
:10F47000FDF83246E1682079F1F76CFD0122014682
:10F480002846FFF7F5FB0136E6E700BF2ED503104F
:10F49000E0D403103AD5031045D5031049D5031025
:10F4A000ED0104102DE9F04F04460D46164689B0D3
:10F4B0000AB90025DDE011F003078068DFF84CA2EF
:10F4C00040F0EC800B68894A934240F0E78002AA42
:10F4D0000BF081FE10B986480BF06EFC2179042EEA
:10F4E0003A464FF0400001F07F0100F0A380F1F7B1
:10F4F000BDFC16F00302054662D131688B7B002B00
:10F500004FD001EB830318697A4B984249D1317986
:10F51000402001F07F01F1F7A9FCA84202D0764813
:10F520000BF078FA3368D6E9029B534545D17368EE
:10F53000C3F3172805FB08F8DDE9020322681B1A4C
:10F540005245E768A9EB03063CD194F90420002A50
:10F55000AFDA002EE3D16268C2F3172205FB02770F
:10F5600005FB09F20BEB080105FB007001932DF080
:10F5700011F80399A2680298521A48446A4305FB9D
:10F58000017105FB00702DF005F8019BA068A3EB4D
:10F590000902304400216A4305FB00702CF022FE72
:10F5A0003BE0564B99420BD1012DB8D10522304694
:10F5B00005A9FFF759FEDDE905B94FF00008BBE7E3
:10F5C0004F4889E7002ECBDD6368B6EB132F2FD9A8
:10F5D000A168384631446943FBF77FF98246BB4551
:10F5E00008BF83466368E06066F31F236360029888
:10F5F000A268039948443244121A6A4301FB05A1E8
:10F6000005FB00A02CF0C6FF029805FB09F200FBE9
:10F6100005A00BEB08012CF0BDFF6368C6EB1322BD
:10F6200062F31F236360A3683344A360062520E0D0
:10F63000BA46DCE7F1F71AFC236806465345029BFD
:10F640001BD1B3F1807F03DB2E492F480AF0BEFBAC
:10F650001020FBF727F9054694E80F0085E80F0016
:10F66000029A02EB112363F31F216960039B9B1A2B
:10F67000AB60284609B0BDE8F08F03992079C91A1C
:10F68000FFF760FEDDE90232E168D21A05467243F7
:10F6900006FB0311C0682DF02BF8EAE700232A4689
:10F6A00001462068FFF78CFC23680246534511D1C0
:10F6B0006368042E00EB13220ED094F90430002B63
:10F6C000BFF6F7AE20793346E16800F07F00F1F72E
:10F6D000B5FEABE7042EF5D12079E16800F07F009C
:10F6E00009B0BDE8F04FF1F735BC00BF3437041066
:10F6F0004CD50310A5F4001070D503100C3A04107B
:10F700008BD50310A6D50310982C041034260410B2
:10F710002DE9F043012807460E4685B008D08B0737
:10F7200024D10B68254A934202D0254A93421DD129
:10F730000122304601A9FFF797FDB8B100223946F2
:10F740004020F1F793FB029E0546B6FBF0F63846E3
:10F750003146FFF7F7FD06FB05F204460199C06844
:10F760002CF0C6FF204605B0BDE8F0833046FFF719
:10F770006FFC054600B1451029463846FFF7E2FD0B
:10F780000021044630460AF0EFFD4FF0000806461F
:10F7900030460AF05DFE03460028E3D025B919463D
:10F7A0002046FFF707FEF3E742463846E16808F1D6
:10F7B0000109F1F743FEC846EAE700BF0C3A04101E
:10F7C0007426041038B50C461146204606221D4604
:10F7D000F0F764FD2CB92146BDE838400120FFF761
:10F7E000B1BD2968CA0705D48B0708D10B680C4A3C
:10F7F00093420DD10846FFF703FB0146ECE701F009
:10F800000703022B07D1012C05D106480BF0B2FAF1
:10F81000054A9342F6E70120BDE83840FFF778BF7C
:10F820003C300410BBD50310143B041038B50D4612
:10F830001C4611462846094AF0F730FD206805F0BD
:10F84000C5FC012D007804D1BDE838400021FFF748
:10F8500079BD6168BDE83840FFF75ABF0400020077
:10F86000F0B50F4685B001A9044601223846FFF7DE
:10F87000FBFC014678B938460AF076FD0546284675
:10F880000AF0E6FD014610B9062005B0F0BD20469D
:10F89000FFF790FDF3E7002240202179F1F7E6FA27
:10F8A000029D6368B5FBF0F5B5EB132F0646C3F375
:10F8B00017221ED9A16829444143E068FBF70DF8DF
:10F8C0006368BC4203F0FF03E060636004D105227B
:10F8D000204601A9FFF7C8FCD4E9020305FB06F2A4
:10F8E00000FB063001992CF003FFA3682B44A360B2
:10F8F000CAE7521B62F31F236360EDE7F0B51B28D4
:10F9000006460C4615468DB026D005D804286BD97E
:10F910000E2850D000244BE02428FBD10122284699
:10F9200003A9FFF7A1FC00284ED0A1075AD12268F5
:10F93000474B9A4256D1012209A92046FFF7D8FC2D
:10F94000DDE9090101230093DDE9032304F02AFF27
:10F95000002847D01E242BE00A683E4B9A42D9D09B
:10F960000122204606A9FFF7C3FC0522284609A963
:10F97000FFF77AFC9DF82070002239464020F1F70D
:10F9800075FA0A9EA168B6FBF0F605463144384682
:10F99000FFF7D8FC0446079F06993A46C0682CF04A
:10F9A000A7FEE06806FB05F2099938442CF0A0FE9A
:10F9B00020460DB0F0BD0A68264B9A42AAD02946CF
:10F9C0002046FFF74DFFF3E7EA0702D500200BF0D2
:10F9D000F3F9AB0706D12B681F4A9342F6D01F4AB2
:10F9E0009342F3D00E24E3E7012206A92046FFF755
:10F9F0007FFC0122284609A9FFF736FC0028F1D038
:10FA0000089A012A1DD05A2A1DDC014620320B9B80
:10FA1000012B1AD05A2B01DC014620339342D5D159
:10FA200023F00203642BD1D0022E01D00029CDD0C7
:10FA3000DDE906120A9B30460093099B0BF00AFC95
:10FA400086E74222E1E70021E1E74223E4E700BF45
:10FA500074260410342604103C300410F42D0410D5
:10FA600070B50646102014460D46FAF71BFF054AEE
:10FA7000067102604268C46002F0FF02C0E901251D
:10FA800070BD00BF342604107FB51D4608461146E0
:10FA90004FF00212F0F702FC052201A92868FFF7D7
:10FAA000E3FB9DF80C40002221464020029EF1F726
:10FAB000DDF9019AB6FBF0F12046FFF7D1FF0446CD
:10FAC0002868FFF7C1F80D4B834209D12A686168A5
:10FAD0005368C3F3172363F31F216160D368E360A6
:10FAE0000322286801A9FFF7BFFB18B1237963F04F
:10FAF0007F032371204604B070BD00BF342604107C
:10FB000070B505460E4601460120FFF71BFC044672
:10FB10002A463146C0682CF0EBFD204670BD00003F
:10FB200038B505460C4610200349FFF780F801223E
:10FB3000C460C0E9012538BD74260410136870B58F
:10FB40006BB94468A51C50F825509C4207D055F865
:10FB50002360B14204D1023350F82330136070BDEA
:10FB60000133F2E72DE9F04716460F4613490446E4
:10FB70000025FCF77BFDDFF84C90DFF84CA006F188
:10FB800004087368AB4205D82046BDE8F0470C492D
:10FB9000FCF76CBD1DB149462046FCF767FD57F8E0
:10FBA000252051462046FDF70FF90122204658F83E
:10FBB000041FFFF75DF80135E3E700BFE7D7031047
:10FBC000E0D4031049D50310CFD503104B680A4683
:10FBD000023351F82310FFF7C5BF0E3918BF0121BA
:10FBE000490041F001010AF01DBF052807D00E3978
:10FBF00018BF0121490041F001010AF043B900207A
:10FC000070470000032A05D10E2914BF0449054995
:10FC1000FCF72CBD0E2914BF03490449F8E700BFC7
:10FC200040D4031045D403105FD2031054D2031004
:10FC300038B50C461146204602221D46F0F72EFB31
:10FC40001CB12868FFF722FA08B90E2038BD1E2023
:10FC5000FCE702280AD188689368984208D148686E
:10FC6000536898420CBF1E200E207047002070473A
:10FC70000E207047062801BFD1E9013058404000EE
:10FC800040F0010018BF00207047136813B94068A6
:10FC90000AF038B870472DE9F84F984602EB430355
:10FCA0005D1C042B82468B46164600AF4FEA850545
:10FCB0001FD8EB1D23F00703ADEB030D6C464FF08F
:10FCC00000092046B96A2A1F40F804BB2CF010FD39
:10FCD000234642465046711C0AF06AF90446B9F1BF
:10FCE000000F02D04846FAF705FE2046BD46BDE8A3
:10FCF000F88F2846FAF7E1FD04460028D9D081465E
:10FD0000DFE707B5009313460A46D0E90101FFF784
:10FD1000C2FF03B05DF804FB38B505460C460C2065
:10FD20000249FEF784FFC0E9015438BDF8260410EB
:10FD300010B5034904460820FEF779FF446010BD62
:10FD4000302704102DE9F04F0446866801EB420984
:10FD500006EB010A0AEB420005280F4615469846B5
:10FD600087B04FEA890904F10C0B16D8B600324669
:10FD7000594601A82CF0BCFC01AB4A4641469819F3
:10FD80002CF0B6FC60682A46514601AB0AF010F927
:10FD90000446204607B0BDE8F08F8000FAF782FDE8
:10FDA0000646A268594692002CF0A2FCA0684A467A
:10FDB000414606EB80002CF09BFCA16833462A46A6
:10FDC000606839440AF0F4F804463046FAF792FDC8
:10FDD000DFE7406809F096BF2DE9F041CD1CAD008A
:10FDE00080460E46284608491746FEF720FF04467F
:10FDF000C0E901863946A5F10C020C302CF078FCE4
:10FE00002046BDE8F08100BF44270410D1ED017AFF
:10FE1000F5EE407AF1EE10FA7FB504460D4623D098
:10FE20001349FCF723FC4FF0FF336320CDE9013089
:10FE300000230093672220466968FCF7B3FD022384
:10FE40000C4E4FF0FF326321CDE9012100220092D8
:10FE5000A96867222046FCF7A5FD3146204604B07C
:10FE6000BDE87040FCF702BC0023034EE9E700BF89
:10FE7000E7D70310D3D50310D6D50310136810B5F8
:10FE800014463BB940F26633994204D1406801F010
:10FE900005FA206010BDB1F52F7FFBD18068F6E731
:10FEA00038B505460C460C200249FEF7C0FE4560F9
:10FEB000846038BD6027041008B5072842D8DFE801
:10FEC00000F01427414104411631D1ED017AF5EEDD
:10FED000407AF1EE10FA37D1D1ED027AF5EE407AA0
:10FEE000F1EE10FA14BF1E210E21084608BDD1ED17
:10FEF000027AFDEEE77A17EE903AD1ED017AFDEE47
:10FF0000E77A17EE902A53405B0043F00101ECE7DB
:10FF10008B68486883F00041BDE8084080F00040ED
:10FF2000FFF7BEBFD1ED027A91ED017A67EEA77AB5
:10FF3000E7EE077A17EE900A29F0DEFABDE80840EE
:10FF400001F0ACB90021D0E71E21CEE730B50C4658
:10FF50002DED028B114685B0042220461D46F0F798
:10FF60009DF904B3012C286826D082074BD1026882
:10FF70002B4B9A4247D190ED018AD0ED028A6868F6
:10FF8000830747D10268264B9A4243D1D0ED027ACB
:10FF900038EE678AD0ED017A77EEA88A18EE100A5B
:10FFA00018EE901A01E00021084605B0BDEC028B66
:10FFB000BDE83040FFF774BF00F00702022A034695
:10FFC00005D0810716D1026816498A420FD103A9CC
:10FFD00005F06AF900230093012303991A4608F0FB
:10FFE0008BFD0346184605B0BDEC028B30BD0C49B5
:10FFF0008A42F7D002A903AAFEF79AFF0399029852
:020000041001E9
:10000000FFF74EFFEDE7FEF753FFDFED078A08EE3F
:10001000100AB4E7FEF74CFF07EE900ABCE700BFFA
:1000200060270410143B04100000000043680B60BC
:10003000836813607047000010B52DED048B82B00B
:10004000044609EE101A08EE102A6946184601AA5D
:10005000FEF744FF002800F0D580A01E202800F203
:10006000D580DFE800F0BFD3D3D3D3D3D3D3D3D35A
:10007000D3D311205BD3292CD368D3D3D3D3D311BB
:10008000205BD3292CD36800DDED008ADDED017AF9
:1000900079EE288A38EE278A18EE101A18EE900AA0
:1000A000FFF7FEFEAEE0DDED008ADDED017A79EED0
:1000B000688A38EE678AEFE756480AF05BFEDDEDA6
:1000C000017AF5EE407A9DED007AF1EE10FAB5EE88
:1000D000407A0BD1F1EE10FA03D14F494F4809F0A5
:1000E00075FEC9EE078A88EE078AD5E7F1EE10FAA9
:1000F00006D1B1EE499AC8EE278A89EE278ACBE766
:1001000067EEA76AF1EE677AE7EE076A87EE266A7E
:1001100087EEA67A8DED006A8DED017A9DED007A6D
:10012000DDED017A68EE678A27EE088AE7EE098A34
:10013000A7EE898AB0E768EE087AE9EE097A17EE49
:10014000900A29F0D9F907EE900AF5EE407AF1EE1F
:1001500010FADDED019A18D1F5EE409AF1EE10FAA1
:1001600011D1DDED007AF5EEC07AF1EE10FA0ADB7E
:10017000F5EE407AF7EE008AF1EE10FADFED287A1C
:1001800048FEA78A88E72749A8E728F0A1FB19EECF
:10019000101A08EE900A18EE100A26F00FFC07EE6F
:1001A000900A9DED007A69EEE76A67EE277AE7EE3E
:1001B000286AE8EEA97A16EE900A17EE904A28F01F
:1001C000A7F909EE100A204628F09AFC08EE900ADA
:1001D000204629F0F7F808EE100A68EE898A28EE22
:1001E000098A59E7DDED007AF4EE497AF1EE10FA6A
:1001F0000ED1DDED017AF4EE487AF1EE10FA0CBF83
:100200001E200E2002B0BDEC048B10BD0020F9E7CB
:100210000E20F7E7D8D50310EDD50310742C041089
:1002200000000000FAD5031013468A684968FFF7FA
:1002300003BFD0E902120346C86882420AD00869A7
:10024000496850F8220001328A42DA6003D1002264
:10025000DA607047002070470346084603499A68F1
:1002600001600349C260C0E901137047BC33041048
:100270003302011070B5C568426846696B1C9A422A
:1002800008BF0023F607846805D5A34203D10849B7
:10029000084809F09BFD0669A34246F82510C36093
:1002A00004D101339A4208BF00238360062070BD49
:1002B000B8D303109C2B0410836810B55BB144695C
:1002C000C268E40703F1FF3307D5934205D109491A
:1002D000094809F07BFD4368F1E7046993428360B4
:1002E00044F8231003D103B94368013BC3600620DF
:1002F00010BD00BFB8D303109C2B041030B585B0DF
:100300000546084669460AF02FF8044620460AF0DA
:100310009FF8014610B9062005B030BD2846FFF70A
:10032000A9FFF3E770B504460E461546CAB1D4E9F5
:100330000223991A48BF6368324648BFC91800684B
:100340000023FEF73DFEA36818446368834298BF0C
:10035000C01A2369042D1ABF43F82050062553F80C
:100360002050284670BD0000F8B50F461E461146C5
:100370000446134A3846EFF791FF7068FEF740FDD8
:10038000051E02DA00200AF045FB21461820FEF780
:100390004EFC00230446681C6060C4E90233800000
:1003A000FAF799FA022F206103D9B068FEF728FD09
:1003B000606120463168FFF7A1FF2046F8BD00BF0D
:1003C0000600040008B5D0E902239A4203D1074988
:1003D000074809F0FBFC03B9436800210269013BAF
:1003E000C36052F8230042F8231008BD07D603105B
:1003F0009C2B0410042803D0052808D00020704747
:10040000D1E9020398420CBF0E201E207047D1E9AB
:100410000230C01A44BF4B68C018400040F00100D1
:1004200070470000D0E902318B42024610B503D17B
:100430000849094809F0CAFC0024016951F8230061
:1004400041F82340516801338B4208BF2346936033
:1004500010BD00BF07D603109C2B0410042803D046
:10046000052807D0002070474B68082B34BF0E20AA
:100470001E2070474868C0F3DC00400040F00100D7
:10048000704700000346054A08460A601A7A0A7156
:100490005B688B600023CB60704700BFB4280410FA
:1004A000062802D10B7A022B02D04968FFF7D6BF8B
:1004B000490041F001007047044B88600B60012344
:1004C0000B7100230846CB60704700BFB4280410AE
:1004D00010B5044904460C20FEF7A9FB0222027263
:1004E000446010BDCC28041008B503799B0702D5E1
:1004F00000200AF03FFC08BDF8B506460D4614463C
:100500000F6812B13846FFF7EFFF22466968381DC1
:10051000FAF730FA034608B1406870B9022E05D1E7
:10052000022C08D1696807480AF04EFCA868012C23
:1005300000D15860F8BD0620F9E7022C04BF002264
:100540005A60F7E7782B04100122FFF7D5BF02228B
:10055000FFF7D2BF0022FFF7CFBF10B50446FFF769
:10056000C3FF201DFAF7F2F9062010BD024630B590
:100570000B688568AB4201D300200AE0D46804EB25
:10058000C30054F833400133002CF3D0042CF1D0D5
:100590000B6030BD13B5044600F10C018068FFF715
:1005A000E5FF60B12379012B0BD0022B43680AD001
:1005B000026869460220CDE9002306F0A5F902B0E1
:1005C00010BD0068FBE71846F9E70000F0B50446E7
:1005D0000D46174B0A7A85B053F82210FCF746F8FF
:1005E00020461449FCF742F8134B012600932B7A5E
:1005F000124F8DF804306B68029300230393684612
:10060000FFF7C8FF054630B920460D4905B0BDE8E3
:10061000F040FCF72BB81EB939462046FCF726F807
:10062000012229462046FEF723FB0026E7E700BF0C
:10063000A82804100AD60310B428041049D50310C2
:100640000DD603101FB50446FFF74EFF6368072B56
:1006500003D81249124809F0B9FB0022019222790D
:100660002046510744BFC3F3DC0303F1FF3301A964
:1006700048BF0193FFF77AFF63680422083B636079
:10068000036802A90293436803930023C0E900238F
:10069000022006F039F904B010BD00BF10D60310D7
:1006A000782B04102DE9F04F0B68DFF8F480032A53
:1006B00015460FBFD0E9029A0125DFF8E8A0DFF860
:1006C000E890434504460F4685B005D0032D03D07E
:1006D000DA882E49FCF778FB20462D49FBF7C6FF48
:1006E000002303930123DFF8C4B0384603A9019324
:1006F000FFF73CFF019B064678B920462549FBF7EA
:10070000B5FF3B6843453ED0032D3CD020462249EF
:1007100005B0BDE8F04FFBF7A9BF1BB9494620461D
:10072000FBF7A4FF032D2CD1326802F00703022B44
:1007300027D012F0030308D11268117B29B102EB14
:1007400081021169154A914204D059462046FBF7AF
:100750008DFF01232A46204631680193FEF788FA6F
:10076000019B1BB159462046FBF780FF51462046AE
:10077000FBF77CFF2A4620467168FEF779FA0023D2
:10078000B3E70023E6E705B0BDE8F08F29D60310F4
:100790002DD60310FFCF0310E0D40310ED5201104B
:1007A0004C2904107E01041049D503102A040410BA
:1007B00010B5044904460C20FEF739FA00220272F3
:1007C000446010BDCC28041010B5044904460C2028
:1007D000FEF72DFA01220272446010BDCC280410ED
:1007E00010F003030CD10268117A31B102EB8102DF
:1007F0001369044A9A1A5342534103F001007047A7
:100800000023FAE7350901102DE9F347164607469C
:100810000C680D462046FFF767FE31683846314ABE
:10082000C908EFF73BFD022F12D16F683846FFF77A
:10083000D7FF0146E8B12B689F4209D0002304F19D
:1008400004080193686801A9FFF790FE074640B9C4
:10085000002504347368AB4233D8062002B0BDE8EB
:10086000F087012240463968FAF784F87B684360D4
:10087000E8E7384609F078FD814604F1040A484665
:1008800009F0E6FD0028E3D0002109F06DFD804667
:1008900009F0DEFD0746404609F0DAFD0546404610
:1008A00009F0D6FD17B910480AF0B4F8002DFAD0B7
:1008B0000028F8D1012239465046FAF75BF8456026
:1008C000DDE7B36853F8351003EBC50739B10429E8
:1008D00005D001222046FAF74DF87B6843600135C8
:1008E000B8E700BF050002002FD6031010B50022A4
:1008F00004300C46FAF73EF818B9214602480AF0CF
:1009000063FA406810BD00BF782B0410024B40F81A
:10091000043BF9F7F1BF00BF4C29041038B5054678
:100920001020F9F7BFFF04462946FFF7EFFF2046E6
:1009300038BD00002DE9F041804686B000200D460C
:1009400016461F46FFF7EAFF0F4B0446984508BFBF
:100950000379C0F8008004BF43F00403037155EA33
:1009600006030DD03B683146019007EB850203A8D2
:100970000293F9F7D3FF03AA01A9681CFFF744FF0C
:10098000204606B0BDE8F0817C290410F8B50C467D
:1009900006460021606809F0E7FC022E0546606803
:1009A00094BF0626A668FEF753FB50B9FFF7B6FFC3
:1009B0000446071D284609F04BFD014618B920469C
:1009C000F8BD4010F2E701223846F9F7D3FF466040
:1009D000F0E738B504468068FFF7A0FF05462368B6
:1009E00062680360237922F0070203F005031343D2
:1009F0004360A268E168D200C0682BF079FE284607
:100A000038BD0000F0B516280C46154685B063D0F9
:100A100005D8022810D0092862D0002409E0242833
:100A2000FBD100222946201DF9F7A4FF00282ED172
:100A30000E24204605B0F0BD02F003038A0728D13A
:100A40000A682B498A4224D1002BF1D129689142AE
:100A500021D1CDE9013301A92046FFF787FD02A985
:100A600007462846FFF782FD064677B10028DFD00B
:100A700031683868FEF7B0FB0028D9D07168786813
:100A8000FEF7AAFB0028E6D1D2E70028D0D11E2429
:100A9000CFE7002BCCD12A68164B9A42C8D16368A5
:100AA0006A685340072BC3D80023043502932046BD
:100AB00002A9FFF75BFD06460028E8D00022284681
:100AC0003168F9F757FF0028B2D041687068FEF727
:100AD00083FB0028EBD1ABE70846FFF77AFF04461B
:100AE000054A02A90220CDE90245FFF78DFEA0E7E5
:100AF0007C2904104C290410B429041010B40C7A79
:100B0000012C06D1242804D149685DF8044BFFF775
:100B100079BF00205DF8044B70474068C0087047FB
:100B200070B504460E461546FFF7DEFC012231463D
:100B3000201DF9F71FFF4560204670BD022213B546
:100B40000446CDE9000169461046FFF7D5FC204672
:100B500002B010BD38B50C461AB9FFF7EFFF0620FA
:100B60000BE0042A0AD100220430F9F703FF18B978
:100B7000214604480AF028F9406838BDFFF7D0FF45
:100B8000EDE700BF782B041013B50446406809F068
:100B90005FFC58B1A36869465A1C5B0043F001032F
:100BA000CDE90030A260022005F0AEFE02B010BD1B
:100BB0001FB50446084611461A4602AB01930A4B7C
:100BC00000930223EFF7F4FB21460C20FEF72FF8E9
:100BD00000210446029809F0C7FB60602046039B91
:100BE000A36004B010BD00BFC0290410C36870B575
:100BF0005A680646012A2AD19C68A30727D1226891
:100C0000154B9A4223D1E3681B78FF2B20D14A2051
:100C1000F9F753FE054638B9104BDD6BD3F8443273
:100C2000343B492B11D934352846E16808F0B6FC2D
:100C30002846E5602BF010FE0023A0606360D4E935
:100C4000021008F0D7FA606001E0054BF36070BD58
:100C50006368002BFBD1F2E7143B0410F827002057
:100C6000483B0410F8B5164602F07F0732060546E9
:100C70000C4609D47B1E012B0CD80846FDF7F0FF6B
:100C800001462846FBF7F2FC022F03D128462349F0
:100C9000FBF7ECFC2046FFF7A9FF16F07D0734D1E7
:100CA000E3680BB15A682AB92846BDE8F8401C49E8
:100CB000FBF7DCBC20681B4988421FD1022A1DD8E3
:100CC0009868C3071AD5FBF7C1FC0346B0B1E268C8
:100CD0002846926814495210FCF776F8E3685B687E
:100CE000012B19D90D492846FBF7C0FC3A46E368A9
:100CF000D9682846BDE8F840FDF7BABFE3685A68EE
:100D0000012A02D100229968F3E732462846E168B9
:100D1000BDE8F84005F066BDF8BD00BF7E010410D7
:100D20007A0204100C2B04105DD603102DE9F84351
:100D30000D46044611462846194A9846EFF7AEFA82
:100D40001020F9F7BAFD174F0023002814BF814681
:100D5000B946C9F80040C9F808302DB9124C4846C8
:100D6000C9F80C40BDE8F883AE1CB6003046F9F770
:100D7000A4FD044648B9D7F8182206F118039A4290
:100D8000A7F12C07EADBFC6B1834084B4146C4E999
:100D90000035A6F1080204F108002BF0A9FCDEE7FB
:100DA000FEFF010024280020483B0410843B04106F
:100DB000F8B51546D0E901320F465119994204465B
:100DC0000FD30178D9B105F110061E440122314636
:100DD000C068F9F78DFD78B96568A368013D20709A
:100DE000ED1AD4E902302A46184439462BF080FC2B
:100DF000A3682B44A360F8BD6660E060F1E7013BA7
:100E00009D1AEEE70022024BC3F84422DA637047D2
:100E1000F8270020F8B5FDF7F3FF051E11DDF9F7FF
:100E200041FD0446084EF76B1EF0B0F9C6F8445277
:100E3000F4631EF0B9F917B13846F9F75BFD0620E7
:100E4000F8BD0024EEE700BFF827002038B50546BE
:100E5000FDF7FAFE007A70B12846FDF7F5FE04466C
:100E60002846FDF7F1FE037A04EB83042069024B68
:100E7000C31A5842584138BD2D0D011010B5044613
:100E8000FFF7E4FF00B92469204610BD10B5FFF755
:100E9000F5FFC36804465B6823B1FFF7A7FEE3686C
:100EA000986810BD0620FCE738B51368054614465F
:100EB0004BB1B1F5FD7F05D15368062B02D100235C
:100EC000C380236038BD3D2903D1FFF78FFEEB6857
:100ED000F7E7A22903D040F283239942F2D12846B2
:100EE000FFF7D4FF2060EDE700231A461946FFF70D
:100EF0001DBF000073B5054610200E46F9F7DDFC56
:100F0000044630B9104BD3F84422332A12DDDC6B8F
:100F100024340E4B304623602BF09EFC0022C4E9A3
:100F2000020601212846626001AB0194FFF7FEFE34
:100F300002B070BD034602460146284602B0BDE835
:100F40007040FFF7F3BE00BFF8270020143B0410E9
:100F50002DE9F04306469BB010200D461746F9F7E1
:100F6000ACFC044628462BF077FC00F101098046D2
:100F70004846F9F7A2FC0CB1002848D12549D1F820
:100F80004422432A29DDC86B012100F12404A2F187
:100F900034093430002203AB01931F4B81F001016F
:100FA00002932B78CDE90520FF2B8DF80C10CDF89E
:100FB000109004D1294607A808F0F0FA07AD3A4688
:100FC000294601A8FBF764FDDDE905320021D15473
:100FD000059BA360069BE3600CE044B923462246D0
:100FE000214630461BB0BDE8F043FFF79FBE70B905
:100FF000C4E902850022094B62602360012130466A
:1010000007AB0794FFF792FE1BB0BDE8F083002109
:10101000C0E700BFF8270020B10D0110143B0410F9
:101020000EB403B503AA52F8041B0192FFF790FF18
:1010300002B05DF804EB03B07047000083070BD1EA
:101040000268084B9A4207D1037A2BB100EB830365
:101050001A69054B9A4202D0044906F01BBC0120D4
:10106000704700BF183C04102D0D0110B82D04105E
:1010700010B50446FFF7EAFE50B92046FDF7E4FD3F
:10108000FFF7DCFF20B12069024BC01A18BF012016
:1010900010BD00BF7C3C041038B504460D46FFF778
:1010A000E7FF18B12046FDF7CFFD0446294620464C
:1010B000BDE8384006F0EEBB2DE9F0418846174602
:1010C0001E46FFF7DBFE04468068E8B90C20F9F7FE
:1010D000F4FBA060B0B9174BD3F84422172A0FDDF8
:1010E000DB6BA3600623A3800023E380E388A16871
:1010F000D81C01EB8302E08041F82380C2E901762D
:10110000BDE8F0810323EEE7E388A5880233AB4214
:10111000ECDB084BDB6B9842F2D003350122A900CF
:10112000F9F7E6FB0028EBD0A388A0600333A38087
:10113000DCE700BFF827002038B50D461446FFF75E
:101140009DFE83681BB1C2882A60236038BD1A46A1
:10115000FAE737B50446A06809F07AF9019068B15A
:101160006568062D05D000220121284601AB08F054
:101170001FFFFDF78BFF0028EDD0019803B030BDB5
:1011800038B504461D46084611464FF00412EFF7E5
:1011900085F821460C20FDF74AFD2B680446436084
:1011A0000021686809F0E0F8A060204638BD1FB54E
:1011B0004FF0FF336322CDE9013200230093672211
:1011C0004FF480734968FBF7EDFB05B05DF804FB55
:1011D00038B52DED028BD0ED008A91ED008A0546E1
:1011E0000C4618EE900A18EE101A26F0A3F907EE36
:1011F000900AF5EE407A38EEE77AF1EE10FAC7EE93
:10120000086A1FD118EE103ADFED227A9FED227A9C
:10121000002B67FE877AF5EE406AF1EE10FA28D1CE
:1012200088EE887A17EE103ADFED1B6A9FED197A87
:10123000002B27FE267A85ED007ABDEC028BC4EDEB
:10124000007A38BDF5EEC07AF1EE10FAB5EEC08A3C
:101250004CBF01220022F1EE10FA4CBF0123002303
:101260009A421EBFB7EE007A77EE887A76EEC76AAA
:10127000D1E7BBFE667AB6EE006A76EEC76AF4EE98
:10128000C66AF1EE10FAC4BFF7EE006A37EE267AAE
:10129000D1E700BF000000000000008010B5044648
:1012A0000820F9F7FFFA024A4460026010BD00BF4F
:1012B000F42D041030B50D4687B0114628460222A1
:1012C0001C46EEF7EBFF2DB9002007B0BDE830401B
:1012D000FFF7E4BF0122206803A9FDF7C5FF40B175
:1012E000DDE9030100231A46009307F005FC07B06F
:1012F00030BD2068830703D10268044B9A42F6D0C0
:10130000FDF7D6FDFFF7CAFFF1E700BFF42D04108B
:101310004B68072820D8DFE800F00D1B1F1F041FB3
:101320000F1907EE903AF5EE407AF1EE10FA0CBF85
:101330000E211E210846704707EE903AFDEEE77A2F
:1013400017EE903A590041F00101F3E7002BF1DA72
:1013500083F00040FFF7A2BF0021EBE74068704731
:1013600030B52DED028B87B005460191104603A9DB
:101370001446FDF75FFD002800F0C280232D00F227
:101380002081DFE815F0E200EE00FA00060112010C
:101390001E011E011E011E011E011E011E011E0155
:1013A0001E0124002D0034001E013B004E005C0095
:1013B0008E001E011E011E011E011E0124002D00B3
:1013C00034001E013B004E005C008E00C900DDEDC4
:1013D000017A9DED037A77EE877ACDED017A1CE0F4
:1013E000DDED017A9DED037A77EEC77AF5E7DDED65
:1013F000017A9DED037A67EE877AEEE7DDED037AF9
:10140000F5EE407AF1EE10FA03D16F496F4808F01B
:10141000DDFC03A901A8FFF7DBFE0198FFF73EFF03
:101420006EE0DDED037AF5EE407AF1EE10FAECD0E5
:10143000DDED016A86EEA77A8DED017AEDE79DED8F
:10144000038AB5EE408AF1EE10FADED018EE101ADB
:10145000019826F06FF807EE900AF5EE407AF1EE6B
:1014600010FA09D118EE103ADFED597A9FED597A4A
:10147000002B67FE877AB0E7F5EEC07AF1EE10FA3E
:10148000B5EEC08A4CBF01220022F1EE10FA4CBF2B
:10149000012300239A42A0D038EE278A8DED018ADD
:1014A000BBE79DED017AB5EE407AF1EE10FADDED85
:1014B000037A0DD1F5EEC07AF1EE10FA08D5F0EE10
:1014C000E76A9FED456AF4EE466AF1EE10FA9CDD9C
:1014D000B5EEC07AF1EE10FA16D5FBFE676AF4EEAF
:1014E000676AF1EE10FA0FD0F4EE677AF1EE10FAB7
:1014F0000AD62346002217EE101A2220FEF79CFD82
:1015000007B0BDEC028B30BD17EE901A17EE100A33
:1015100026F04CFD019080E7DDED037AF5EE407A90
:10152000F1EE10FA3FF471AF03A901A8FFF750FEE6
:101530000198FFF7B3FE04900398FFF7AFFE04A9EC
:101540000590022005F0E0F9DAE79DED017ADDED86
:10155000037AB4EEE77AF1EE10FA4CBF1E200E20AB
:10156000CEE79DED017ADDED037AB4EEE77AF1EE98
:1015700010FACCBF1E200E20C2E79DED017ADDEDF2
:10158000037AB4EE677AF1EE10FA0CBF1E200E203B
:10159000B6E79DED017ADDED037AB4EEE77AF1EE80
:1015A00010FA94BF1E200E20AAE79DED017ADDED12
:1015B000037AB4EEE77AF1EE10FAACBF1E200E20EB
:1015C0009EE700209CE700BF40D30310742C04105A
:1015D0000000000000000080FFFF7F7F30B4940710
:1015E0000346496808D11568054CA54204D1134645
:1015F00030BC0022FEF720BD184630BCFFF7B0BE5D
:101600006027041010B50446084611460022EEF784
:1016100045FE6368BDE81040184770B51C46054696
:10162000084611464FF00212EEF738FE6B6820684C
:10163000BDE87040184770B51C460546084611467F
:101640004FF00412EEF72AFED4E900016B68BDE802
:101650007040184770B51C460546084611464FF0C5
:101660000612EEF71BFED4E901126B682068BDE894
:10167000704018472DE9F04105460E46174698463A
:10168000F3F746FBEC684346043444F001043A4661
:1016900031462846A446BDE8F04160472DE9F041B7
:1016A00004460E4617469846F3F732FBE068434679
:1016B00040F001053A4631462046AC46BDE8F041CF
:1016C000604700001FB510F00103044602D040102F
:1016D00004B010BD062840D00E283ED01E283ED0B3
:1016E000830708D103681F4A93420DD104B0BDE8B7
:1016F000104000F0C6BE00F00703022B07D12046C1
:1017000001A903F0D1FDE3E7174A9342F6E720462B
:10171000FDF79AFA154B984209D12046FFF71EFEB5
:1017200007EE900AFDEEE77A17EE900AD0E7104B2D
:10173000984202D00F4B984206D16946204601AA32
:10174000FDF708FC0198C3E70122204601A9FDF737
:101750008BFD0028F6D12046BAE71846B8E70120ED
:10176000B6E700BF3C300410143B0410F42D041005
:10177000843B041064310410F0B50C46174605464E
:1017800042683946204685B01E46EEF787FD6B68F5
:10179000DB0706D431462046AB6805B0BDE8F04013
:1017A0001847394606EB840201A8F9F7B7F8314625
:1017B0002046AB6801AA984705B0F0BD2DE9F84373
:1017C0000F4605461C46436811465A00384642EA11
:1017D0004342EEF763FDAE6846F00106032F29D8B9
:1017E000DFE807F002080D18B047E968BDE8F843E4
:1017F000FDF79EB82068FFF765FFB047F5E7206862
:10180000FFF760FF07466068FFF75CFF0146384658
:10181000B047EAE72068FFF755FF07466068FFF723
:1018200051FF8046A068FFF74DFF4146024638460B
:10183000B047DAE72068FFF745FF07466068FFF723
:1018400041FF8046A068FFF73DFF8146E068FFF753
:1018500039FF4A46034641463846B047C5E70000CF
:101860002DE9F04F064683B000AF91469A46796065
:10187000F3F74EFA0021F26812F8013BC3F3C30BF1
:10188000C3F380041B0640D40BF1010B04EB4404AA
:101890005C44A4002C2C04F1140844D808F107037C
:1018A00023F00703ADEB030D6D4600244A464FF0CD
:1018B00050495346284679682E60A5F80CB0EFF7DA
:1018C000BBFADFF88080D9F80030002158F82330C7
:1018D00028461A692A61726852681A610AF0EEF89D
:1018E000D9F800302A6958F8233006461A6108BB37
:1018F000AB68D3F800801CB12846F8F7FBFFEEB9BF
:1019000040460C37BD46BDE8F08F12F8013B4D0054
:1019100003F03000A8404BEA000B03F002008840BF
:1019200004430131AEE74046F8F7C7FF05460028FB
:10193000BCD1B3E7D5F81480002CDDD14046FDF7CB
:1019400049F900BF002000200268104910B58A4202
:101950000446C36802D00E498A4204D11A68A368BB
:101960000AB153F8223013F8012B51B2002918465E
:1019700013F8012BF9DB10F9013B002BFBDBEFF730
:10198000A8F863689B6833F8100010BD702E04102F
:101990009C2F041010B51446126803463AB9172953
:1019A00006D1FFF7D1FFC00040F00200206010BD5B
:1019B00040F2F312914202BF43685B682360F6E78E
:1019C00070B5054608460C46FFF7BEFF23460246A3
:1019D00002492846BDE87040FBF7F6B96BD6031004
:1019E0002DE9F047884691469A460446F8B10768C3
:1019F00007B37E6864680CB9304600E0701C0430A0
:101A00000D498000FDF713F90546C0E9019AC0F8B9
:101A10000C802FB1B20007F1080110302AF068FEE7
:101A200014B1043645F826402846BDE8F08707463D
:101A30000646E4E73E46DDE7902E04102DE9F84324
:101A40000E46054600211746C268984612F8013B2B
:101A5000C3F3C309C3F380041B0618D409F10109B9
:101A600004EB44044C4407341149A000FDF7DFF8AF
:101A700006230446C0E90135A0F8149043463A46CF
:101A800031460830EFF7D8F92046BDE8F88312F860
:101A9000013B4FEA410C03F0300000FA0CF049EA38
:101AA000000903F00200884004430131D4E700BF7D
:101AB000282F04102DE9F8439946C36805461B6892
:101AC0000F46904684680BB154F82340002214F866
:101AD000013BC3F3C3061B061DD406F108001249DF
:101AE0008000FDF7A4F8062301360446C0E901355D
:101AF00086824B46424639460830EFF7A7F94FF643
:101B0000FF73E382EB6820465A68134443F00103F5
:101B1000E360BDE8F88314F8013B03F03001914025
:101B20000E430232D7E700BF282F041008B5034642
:101B3000406810B9024808F06DFF596008BD00BF49
:101B400081D6031070B5054688680C46FFF7FCFE89
:101B50002346024602492846BDE87040FBF734B9E7
:101B600095D603102DE9F04104460F4690461E46D7
:101B7000F3F7CEF8E56825B9062333602846BDE8BB
:101B8000F081616811B92C4808F044FF236904F121
:101B90001802062908BF41469342B4F816C004D182
:101BA000062F03D0254809F0E5F81F600023636085
:101BB0004FF0504320461B68214F57F823201369EC
:101BC000A36150F8083F5D686D6815614FF6FF72BC
:101BD000944518D1DB68083343F001039847C5B238
:101BE0004FF050431B68A26957F82330012D1A614A
:101BF0004FF0060363600AD00023022DE3600CD08F
:101C000023691B68B9E709F059FF0546E8E722692F
:101C10001268326022691360B0E7E0693060FDF756
:101C200013F8084905F036FE0028A7D006490748F2
:101C3000FFF760F93060A1E781D60310B3D6031037
:101C400000200020E02C0410D3D60310E82A041052
:101C500013B51C4601ABFFF785FF012814D00228FD
:101C600014D0019B062B04BF0023019301980CB1F3
:101C700009F0B4F84FF050431A68064B53F822307D
:101C80001862204602B010BD0198FBE70198FCF7EE
:101C9000A1FF00BF00200020022810B44A680C46B3
:101CA00003D98B68062B18BF1A462068012306212A
:101CB0005DF8044BFFF7CCBF01230022FFF7C8BF3C
:101CC000002306211A46FFF7C3BF000013B50E4AD2
:101CD000062101ABFFF746FF012804D0022806D0F9
:101CE000062002B010BD0949094808F06FF8019CB0
:101CF0002046FCF7A9FF074905F0CCFD0028EFD1ED
:101D00002046FCF767FF00BFD42F0410EAD603106B
:101D1000E82A04104C2D041030B593B005466846EF
:101D2000FCF740FF014680B901202A1D08F0A4F904
:101D3000EB68044623F00103023343F00103EB6038
:101D4000FCF7F2FE204613B030BD0198054A036847
:101D5000934204D0044A934201D0FCF73BFF002495
:101D6000F0E700BFE02C04109C2B04100346054A4A
:101D700008460A601A684A605B688B600123CB6082
:101D8000704700BFE42F04102DE9F04301280646F8
:101D90000D4685B023D94868FDF732F8041E02DAF3
:101DA000002008F037FE022E1AD040F26A33AE68E7
:101DB000F61A18BF0126214668460AF04BFF28682C
:101DC000B146C107DDF808800CD4434622463146AF
:101DD00000F040FA00BB1F491F4807F0F7FF01243D
:101DE0000126E8E74510002D1CDDB5FA85F3C3F1A7
:101DF0002703B4EBD30F4FEAD307ECDB00212246D5
:101E000040462AF0EFF906B1E61B2B464946384614
:101E100008EB0602EFF7D2F9684602F06BFE05B058
:101E2000BDE8F0836A1C0BDAEB43B3FA83F3C3F12A
:101E30002803B4EBD30F4FEAD307CCDBFF21DEE757
:101E40006B42A342C7DC6B1C01D10127F6E70027D8
:101E50003946D4E7BDD30310982C0410F0B50C46D6
:101E6000054685B0052201A96068FDF7FDF9022D40
:101E7000019A029910D940F26A30A4684B1E84423C
:101E80000AD100204FF0FF3613440D4600243DB91F
:101E9000204600F0D4FA0AE0012013460646F4E793
:101EA000B4F5800F05F1FF3503D300F0C4F905B098
:101EB000F0BD1F78334447EA0424E8E7C0F30F423B
:101EC00002F4FF42B2F5FF4F38B50446034609D18C
:101ED000C0F316031BB91349134807F077FF1348E3
:101EE00008F098FD002810DA30F0004210D000F120
:101EF000FF43B3F19C4F0BD900F066F9214605462C
:101F00000430FBF75DF9284638BD6FF31603F0E7A0
:101F100007EE904AFDEEE77A17EE900A400040F097
:101F20000105F0E702D70310982C04100BD703101B
:101F30007FB50E461146304604221D46EEF7AEF937
:101F40009EB3012E23D10820296807F09BFF044689
:101F5000C0B93246286801A9FDF786F930B1DDE93C
:101F6000010123460A2206F081FC0AE02868830763
:101F70000BD102680E4B9A4207D1FFF7EFF9FFF73A
:101F80009DFF0446204604B070BD08F031FF01A952
:101F9000286803F089F904466868019EFCF730FF61
:101FA0000023024631462046DDE70124EAE700BF70
:101FB000F42D041038B5054610460C4A1C460A4458
:101FC00012F8012CB5FBF2F543B10A2908BF03232F
:101FD00005F101040CBFB4FBF3F4A40808B12AF026
:101FE0003BFC03352544284438BD00BF6430041051
:101FF0002DE9F04F13F0010F85B00746DDE90E869D
:102000008B469DF840409DF84490039240D05D106F
:1020100047D44FF0000AB8F10A0F14BF042303237A
:102020003246029341464B462020FFF7C3FFDBF8C0
:1020300000300246834206D20190F8F733FC019A41
:102040003860CBF800200021D7F800B00BEB02037A
:1020500003F8011C4DBB30219C1E03F8021C002E0E
:1020600052D0304601922AF0F7FB201A8345019A9C
:102070004AD20146013E16F8013F002B41D10446E9
:10208000BAF1000F45D02D23601E04F8013C41E059
:10209000CDE91049CDE90E8605B0BDE8F04F00F05E
:1020A000A1B84FF02D0A6D42B5E7013B18460193E8
:1020B000A4F10A0CB5FBF8FE08FB1E510929CCBFA0
:1020C000614430317546441E00F8011CB9F1000F1F
:1020D00010D0BEF1000FC2D0A345C0D2019B191B86
:1020E000029B99420BD1841EA34500F8029CB6D2F4
:1020F000019404E0A345B2D2BEF1000FAFD0204658
:10210000D8E701F8013BB6E7BAF1000F01D05C4512
:10211000B9D820463B6813441B1A039A013B13604D
:1021200005B0BDE8F08F102230B58DB006920022C8
:10213000CDE9022201920A220B46044608AD009224
:1021400006A907AA05A80595FFF752FF01462046F4
:10215000FAF78CFA0598A84201D0F8F7CBFB0DB03E
:1021600030BD00000E2A30B413460D4603D10122C3
:1021700030BC08F057BC1E2A01D10322F8E71D2805
:1021800018D102F00702022A10D09A0712D118685B
:10219000047B2CB100EB84042169084A914205D0EC
:1021A000074A904202D0074A904203D12A46194674
:1021B0001D20DDE7002030BC704700BFED5201104C
:1021C000843B04106431041010B505491020FCF75D
:1021D0002EFD04460430FAF747FF204610BD00BF2D
:1021E0003C3004102DE9F74F0546DDE90C9A98685C
:1021F0009DF83CB00E4690461C4652465B4649460A
:102200000001FFF7D7FE33680746834203D2F8F791
:1022100049FB286037602D6852464946CDE900B534
:102220009DF83830201DFCF7E3FAC8F80000284676
:1022300003B0BDE8F08FF8B50E4617460546FFF728
:10224000C3FF04463B46324629460430FBF79EF85E
:102250002046F8BD13B510F8044F0093134604F060
:102260000102FCF72BFA02B010BDC30706D54010DF
:1022700000280DDB14BF012000207047836853B194
:10228000037913F0010F0CBF01204FF0FF307047AE
:102290004FF0FF3070471846704738B50C46082895
:1022A00030D8DFE800F00A131C2F052F0C240A0099
:1022B0008B68002B0CBF0E241E24204638BD081D41
:1022C000FCF7A6F9440044F00104F6E7FFF77CFFB1
:1022D000211D05460430FBF713F92C46EDE7FFF707
:1022E00073FF211D05460430FBF73AF9F5E70B793A
:1022F000DB07E2D5FFF768FF211D05460430FBF739
:10230000D7F8EAE70024D8E72DE9F04F10F00109EB
:1023100006460D4614468BB005D1810715D10268DB
:102320002E4B9A4211D115F0010805D1AA070CD104
:102330002A682A4B9A4208D114F0010B08D1A3074E
:1023400003D12268254B9A4202D0254808F012FD9D
:10235000012C02D1234808F05DFBFFF735FF0DF19A
:10236000040A0746B9F1000F31D071105046FAF750
:1023700081FE56460DF11009B8F1000F29D0691001
:102380004846FAF777FE4D460DF11C08BBF1000FE9
:1023900021D061104046FAF76DFE444623462A4696
:1023A0003146381DFCF7B4F8564502D13046FAF7ED
:1023B000BFFE4D4502D12846FAF7BAFE444502D188
:1023C0002046FAF7B5FE38460BB0BDE8F08F04366C
:1023D000D0E70435D8E70434E0E700BF3C30041010
:1023E00014D7031040D3031073B50D460646FFF70C
:1023F000EBFE01230446009332462B460430FAF7E5
:102400009FFE204602B070BD90EA40024FEA4003B2
:1024100002D5C117FFF7E8BF43F00100704773B55D
:102420000D460646FFF7D0FE0023044600933246D1
:102430002B460430FAF784FE204602B070BDB0F19E
:10244000804F02D30021FFF7EABF400040F00100B7
:1024500070472DE9F341984604460E461746FFF7AC
:10246000B3FECDF8008005463B4632462168043075
:10247000FAF726FF236803442846236002B0BDE82C
:10248000F081C30702D40430FCF7C2B84010704793
:10249000C30707B503D5401003B05DF804FB01A9DD
:1024A0000430FCF7CBF808B10198F5E70149024880
:1024B00007F08CFC27D70310982C04102DE9F0436B
:1024C0002DED028B9046CA0707460C4689B02AD5E7
:1024D0004B10022201A902A8FAF7F6FD02AD18F08E
:1024E000010F22D002224FEA680301A902A8FAF7DD
:1024F000EBFD02AE202F01D0132F46D17368002BC5
:1025000000F082802846FCF751F908EE100A3046A8
:10251000FCF74CF907EE900AC8EE277A17EE900AFE
:10252000FEF7BCFE24E00D1DD9E718F0030F26D1FD
:10253000D8F80030774A934202D108F10406D9E76F
:10254000754A934208D12846FCF730F942460146C5
:102550003846FEF705FF0BE0704A93420FD128463C
:10256000FCF724F94346014600223846FDF764FD96
:102570000446204609B0BDEC028BBDE8F08342461C
:1025800021463846FFF7EEFDF2E7A7F109095FFAA9
:1025900089F31A2B00F29880FFF716FE0446B9F172
:1025A0001A0F00F2B580DFE809F051574B5D5D0E60
:1025B0002127B32DB3407251574B5D5D0E2127B3D8
:1025C0002DB340727C00324629460430FBF7AEF949
:1025D00005A9201DFCF732F80028CAD0059B5A0037
:1025E00093EA4303C5D442F00104C2E732462946C8
:1025F0000430FBF703FAEBE7324629460430FBF7D9
:10260000BFFCE5E773681BB94549464807F0DEFBA8
:1026100005A8FAF729FD33462A4605A9201DFBF730
:10262000A7FD05A8FAF784FDD2E77368002BEBD06D
:1026300005A8FAF719FD33462A46211D05A8EEE73D
:10264000324629460430FBF74BFAC1E732462946A9
:102650000430FBF72BFBBBE7324629460430FBF77F
:10266000EDFBB5E74046FFF713FF021E02DA2E48E6
:1026700008F0D0F9192F294604F1040001D00C2FDD
:1026800002D1FBF717F8A3E7FBF7B4F8A0E733781C
:10269000DB073FF558AF324629460430FBF712FD01
:1026A00096E77368002BAFD0FFF78EFD0746211D1C
:1026B00033462A460430FBF75BFD05A90220CDE92D
:1026C000057404F021F953E731462846FAF7C2FEB3
:1026D000042F1DD8DFE807F00308170D12000028AB
:1026E000B4BF1E240E2444E70028CCBF1E240E24B1
:1026F0003FE70028D4BF1E240E243AE70028ACBFD1
:102700001E240E2435E700280CBF1E240E2430E7BB
:1027100000242EE73C300410F42D04106027041030
:1027200040D30310742C041047D70310C30707B518
:1027300004D5401009D403B05DF804FB01A90430AE
:10274000FBF79CFF08B10198F5E70249024807F042
:102750003DFB00BF27D70310982C04100430FCF772
:1027600025B8042803D0052807D0002070478B68BF
:10277000002B0CBF0E201E2070478868400040F0E0
:1027800001007047044B0B60044BC1E9013000238A
:102790000846CB60704700BFBC330410CF27011040
:1027A000002270B5836803EBD37149109B009142FE
:1027B000A3F1040301DC062070BDC468E65854F898
:1027C000225044F82260C4680132E550EFE7034626
:1027D000D0E90212886882423FBFC96851F82200DE
:1027E0000132DA6028BF00207047000038B50C685D
:1027F0000B46A168024619B91849194807F0E6FACC
:10280000012A14BF5A684FF0FF3200232068FCF7FA
:10281000D7FBA268E368013A53F8205003EB80012C
:10282000A260121A9200043103EB800029F0B2FE7C
:10283000D4E90232002142F82310616804290BD93F
:10284000B1EB430F08D94908E0688900F8F745F86B
:102850006368E0605B086360284638BD5CD703109E
:102860009C2B041010B40C6802460B46D4E90210ED
:102870005DF8044B08F066BD07B5CDE90001694677
:102880000220FFF7EFFF694601900220FFF7AEFF3D
:10289000062003B05DF804FB38B5002504468560CA
:1028A0001021C068F8F719F8042310222946E060C7
:1028B000636029F097FC062038BD38B50D46D0E995
:1028C00001138B42044611D3C900C068F8F705F81C
:1028D0006268A36852006260D21A013A0133E06074
:1028E0000021920000EB830029F07CFCD4E9023245
:1028F000591CA160062042F8235038BD38B5044663
:102900000846002107F030FD0546284607F0A0FDE7
:102910000146204601B938BDFFF7CFFFF5E770B596
:10292000054683684C1044BFE41824EAE4749C42D2
:102930004FF0060128BF1C461646FFF7BEFFAB68E6
:10294000013B9C42E96803DB062041F8246070BD2E
:1029500001EB830252F8042C41F82320F0E70A46E9
:10296000D0E9021008F022BD2DE9F041032A0F46FC
:1029700011491646044616BF0126D0F80880DFF834
:1029800040800025F9F772FEBB68AB4205D82046AF
:10299000BDE8F0410949F9F769BE1DB1414620463D
:1029A000F9F764FEFB68324653F825102046FCF721
:1029B0005FF90135E8E700BF47D50310ED010410CA
:1029C00049D503102DE9F04780460E461746994633
:1029D000F2F79EF9A6EB0803042B01DCBDE8F087B3
:1029E000D6F800A027B15146384607F03BFB824697
:1029F000354644460434A54207D92168AFB952464A
:102A0000002008F00FF88145F4D0043DAC4217D205
:102A100087B92A685146002008F004F88145F4D0AF
:102A200023682A6822602B60E4E7384607F01AFB27
:102A30000146E4E73846296807F014FB0246E9E757
:102A40002368326822603360321BA5EB080393428F
:102A500007DB20464B463A463146FFF7B3FF444674
:102A600006E029464B463A464046FFF7ABFF35465F
:102A70002E46A046AEE700001FB50C4602AB019300
:102A8000104B0431009301380223EDF733FC236827
:102A90009968012912D9029AD8689DF80C30062A43
:102AA00001F1804108BF00220139002B00EB8101B8
:102AB0000CBF1E230E230438FFF784FF062004B04A
:102AC00010BD00BF8830041070B511F00306044635
:102AD0000D4629D10A68174B9A4225D1AB68816807
:102AE00019444368994210D904318900C068F7F746
:102AF000F4FEAA68A368E06013441A1D62603146C0
:102B0000102200EB830029F06DFBD4E90203AA68D0
:102B100003EB80009200E96829F0EAFDA368AA6847
:102B20001344A360062070BD29462046FFF7E6FE49
:102B3000F8E700BF6431041038B50C4B0429044693
:102B40000360084638BF04200D46C4E90101800037
:102B5000F7F7A8FE6268E060521B00EB85000021D9
:102B6000BDE83840920029F03DBB00BF643104103D
:102B700038B505461020F7F795FE04462946FFF7BD
:102B8000DBFF204638BD0000F0B511F00307044616
:102B90000E46154687B040F081800A684D4B9A4238
:102BA0007CD1806803AA08F016FB042D18D138B92F
:102BB000E06803A908F02CFB0546284607B0F0BDE5
:102BC000DDE90330C01AFFF7D3FFE3688268039999
:102BD0000546920003EB8101C06829F089FDECE70E
:102BE0003D4A002D08BF154608B908F0E5F828460B
:102BF00002AA01A9FCF7AEF9DDE90335019AED1A45
:102C0000551B002D29DDA16863682944994207D925
:102C1000E0688900F7F761FEA368E0602B44636019
:102C2000019A039BA1681344EA1AE0680A440499D4
:102C3000920000EB810100EB830029F0ABFCDDE9A1
:102C40000210E368019A03EB8000920029F0A2FCD5
:102C5000A3682B44A3600625AFE7E06802999200C1
:102C600000EB830029F096FC0499A268039B019E67
:102C7000E0683344521A920000EB810100EB8300BC
:102C800029F088FC6FF00302A068E3682844394605
:102C90006A4303EB800029F0A5FAD9E735B903A907
:102CA0000220CDE90346FFF7A1FDD4E7042D4FF044
:102CB000000332462068A16805D1FCF781F9E3687A
:102CC00053F8205079E7FCF77BF9E36843F820508C
:102CD000C1E700BF34370410483B04101B287FB500
:102CE00003460E46154622D005D8042844D90E289E
:102CF0003CD0002437E01D28FBD1104603A9FCF787
:102D000059F80028F5D0039B002BBCBF0023039388
:102D10000398B3685843FFF72BFFC368044600933A
:102D20000421039BB268F06808F042FA1BE012F03D
:102D30000304DED112681B4B9A4214D1AB68886839
:102D40001844FFF715FF0446B268F1689200C068A6
:102D500029F0CEFCB068E368AA68E968920003EB4A
:102D6000800029F0C5FC204604B070BD11463046F5
:102D7000FFF7AAFE3446F6E7AA0703D12968094AF5
:102D8000914203D0022BB4D10E24ECE7AB68009340
:102D9000EB68D6E9022108F091FA0028F4D01E244D
:102DA000E1E700BF6431041038B50C4611462046F7
:102DB00002221D46EDF772FA24B92046BDE83840DC
:102DC000FFF7D6BE0020FFF7D3FE2968BDE83840E4
:102DD000FFF794BD38B50C460546FFF7C9FE4CB960
:102DE00038BD54F82310C26842F823100133AB42B7
:102DF000F7D1F5E70023FAE7D0E90201FFF7EABFD0
:102E00002DE9F0410446406800278000F7F74AFDAD
:102E1000064604F108086168B94206D83346A0683E
:102E20000022BDE8F04107F0C3B858F8040F07F0DE
:102E30000FFB054618B146F827000137EBE730468F
:102E4000F7F758FD2846BDE8F08100002DE9F04174
:102E50000C460546114620460F4A9846EDF71EFAE5
:102E6000A01C29468000FBF7E2FE07460546002627
:102E7000D8F80030013C446047F8083FB44202D81B
:102E80002846BDE8F0810136002158F8260007F0F9
:102E90006BFA47F8040FF1E7FEFF0500024B83428F
:102EA00001D1F9F79FBA70472C200410F8B51546E8
:102EB000126806460C46406832BBCF0047F0020756
:102EC00039460430F7F756FD024610B143682B60CF
:102ED00012E040F2F1139C4201D17368F7E70E2C27
:102EE0000BD0706872210430F7F744FD28B13946E1
:102EF000406807F0B7F82860F8BD2A4621463046FA
:102F0000BDE8F840FFF7CABF03799B070AD50B4B12
:102F10009842F2D10A4E336F1BB90120FDF7FEFC37
:102F20003067306F6A68E10041F002011AB9FDF7BD
:102F300005FE0023CBE7FDF7F3FDFAE7B01504101B
:102F4000F827002070B5054648680E460022BA21D1
:102F50000430F7F70FFDB0B1406802F037F90446CE
:102F60007068002240F692710430F7F703FD60B1FB
:102F7000406802F02BF92246034607492846BDE87F
:102F80007040F9F721BF054CEAE722462846BDE824
:102F900070400349F9F718BF64D703107A02041090
:102FA0007CD7031070B5C50045F002050122294603
:102FB0000B48F7F7DFFC4468064674B91020F7F7B2
:102FC00071FC084B044603600120FDF7A7FC2A466C
:102FD000BA216060FDF7A4FD7460204670BD00BF9B
:102FE0004C280020D0320410F7B51E4F0E1E4FEAB9
:102FF000C00105464FF000021B4841F0020118BF16
:103000003846F7F7B7FC0446C8B940F2E1339D42B1
:1030100023D01EBB6946284606F040FA0378752B7C
:103020001CD100990130013906F002F9C100224695
:10303000384641F00201F7F79DFC78B104466A4634
:103040001121606806F05EFE009B23B100216A46F4
:10305000084607F011F8646800E0044C204603B00D
:10306000F0BD00BFB0310410443204102C20041015
:1030700030B5002432F8145035B185420AD10A68BF
:103080001AB953F824300B6030BD4A6843F8242045
:103090000023F8E70134EDE738B50C4605460B6828
:1030A0000549DA88F9F790FE216822462846BDE8EE
:1030B00038403831FCF756BD68D60310034600206F
:1030C00010B553F8342F824202D14FF0FF3010BDBB
:1030D00053F8044F8C42FAD00130F4E738B5136846
:1030E000054614464BB90068FFF7E8FF431C03D0C0
:1030F000831C55F82330236038BD0249024806F08E
:1031000065FE00BF8AD703102C2C04102DE9F04770
:103110001746426BCE19964280460C46994604D01B
:1031200033461E491E4806F05AFEB01C4146800038
:10313000FBF77DFD05464FEA840A52464660494644
:10314000083029F0D5FA0AF108000021BA00284415
:1031500029F048F83E4409F1040AA64202D828465C
:10316000BDE8F08759F8240002F018F801464046FF
:10317000FFF7A4FF431C04D10A460A49084806F099
:103180002EFE05EB8007BB6813B10A460649F5E73A
:103190005AF824300234BB60DFE700BF62CC031072
:1031A000582A0410EFCC0310E4CC03102DE9F041B1
:1031B00004460E3080008846F7F78DFB074605462B
:1031C000002647F8344FA64202D12846BDE8F081D8
:1031D00058F8260001F0E2FF013647F8040FF2E745
:1031E0001FB5019101F0DAFF019B044603F00702CD
:1031F000022A05D09A0708D11A68184B9A4204D1BE
:10320000012001A902F042FB019003AA019802A942
:10321000FBF7A0FEDDE90201FFF7C8FF1049114AE4
:10322000416140F2012101810F49026081610F4932
:103230000822C1610E49828001620E498274416296
:103240000D490E4A81620321C1720D49C480C160DB
:103250000C490263C16204B010BD00BF143B0410EE
:103260000D310110183C041099300110B56801109F
:10327000C1690110DD300110896A0110843B04101E
:1032800004050607C9670110032A0CBF014902495A
:10329000F9F7ECB991D703105AD203100620704702
:1032A00070B5154606460C46FBF7CEFC83889A059A
:1032B00002D40B4807F05EFD04F00703022B07D091
:1032C000A30703D12268074B9A4201D00020F1E7FF
:1032D00001222146301DF7F74DFB4560062070BDE9
:1032E00096D70310143B041038B505460C46FBF77F
:1032F000ABFC83889A0502D40D4807F03BFD04F02F
:103300000703022B07D0A30703D12268094B9A4277
:1033100001D00020F1E702222146281DF7F72AFB01
:1033200018B90549054806F051FD062038BD00BF13
:1033300096D70310143B0410A4D703102C2C0410B0
:1033400007B5820706D10168074A914202D18388F6
:103350009B0502D4054807F00DFD01A904F0B6F95C
:1033600003B05DF804FB00BF183C041096D70310AF
:1033700010B50446084611460022ECF78FFF21469F
:10338000BDE810400420FBF752BC4368184783682F
:10339000184770B5054610200E46F7F783FA044625
:1033A00095E80F0084E80F002046E66070BD70B518
:1033B000054610200E46F7F775FA044695E80F000B
:1033C00084E80F002046A66070BD70B50546102049
:1033D0000E46F7F767FA044695E80F0084E80F00F9
:1033E0002046666070BD000010B5044686B00846F1
:1033F00011461A4602AB0193084B00930423ECF7E5
:10340000D7FF21461020FBF712FC029A4260039A74
:103410008260049AC26006B010BD00BFD4330410AD
:103420000430704703460846D3E9011210B5DB6843
:10343000024CC0E90223C0E9004110BD7C340410F5
:10344000C3680246002B05DDD0E90101884206DB96
:1034500000207047FCD0D0E901018842F8DD5068B7
:1034600003445360FEF7D0BFD1E902324968002A15
:10347000A3EB01031344CCBF03F1FF330133042852
:1034800093FBF2F303D0052806D000207047002BF1
:10349000D4BF0E201E20704723EAE370FEF7B4BFAE
:1034A00070B50E46044611463046134A1D46ECF7E9
:1034B000F5FE21461020FBF7BAFB002343600123F1
:1034C0009E420446C360286804D1FBF799FCA060C3
:1034D000204670BDFBF794FC60606868FBF790FCC9
:1034E000032EA060F4D1A868FBF78AFCE0600028F6
:1034F000EED1024807F08EFA06000200ACD70310A6
:10350000136810B514462BB9922904D14068FEF710
:103510007BFF206010BD962901D18068F7E79529CF
:10352000F8D1C068F3E7000038B5D1E901230C46B3
:1035300009490546F9F748FCE268012A05D1284601
:10354000BDE838400549F9F791B82846BDE838404C
:103550000349F9F739BC00BFB3D70310E0D4031017
:10356000C0D70310042A1FB50446084639D1D4E950
:10357000023162680029A3EB02030B44CCBF03F1C4
:10358000FF33013393FBF1F1830721EAE1711AD193
:103590000268154B9A4216D101AA00F0A7FC134904
:1035A0001020FBF744FBE2686368019901FB0233DA
:1035B00043606368029901FB02338360039B5343BA
:1035C000C36004B010BD024600232068FBF7F8FC7E
:1035D000E268636802FB003004B0BDE81040FEF70B
:1035E00013BF0020EDE700BF34370410503404103F
:1035F0000346806840B1411E996049000422586822
:1036000041F00101FBF704BE704737B51D46044683
:10361000084611464FF00212ECF740FE6A4640F2AF
:10362000F711286806F06EFB009B43B100216A4643
:10363000084606F021FD0446204603B030BD214671
:103640000C20FBF7F4FA044628686060FBF7CEFD17
:10365000FBF7D6FBA060EFE730B51C4685B005460A
:10366000084611464FF00212ECF718FE0023032221
:10367000206801A9CDE901330393FBF7F5FD38B9C3
:103680002068FBF7BDFB01300290F7F70BF90190C2
:103690004FF6FD72029B023B934202D9002007F0D5
:1036A000B9F929461020FBF7C2FA019A4260029A42
:1036B000028100228281428105B030BD032910B50C
:1036C000044606D0042923D016224FF0FF301A609A
:1036D0001DE012F001000BD02189A38960890B4401
:1036E0001B1A93FBF1F001FB1033181E18BF0120C9
:1036F00053070CD522896389A18913445B1A013BC6
:1037000093FBF2F102FB11330BB140F0040010BD4A
:103710000020FCE72DE9F843448998460389858910
:103720001C44641B013C064694FBF3F003FB10446D
:10373000944228BF144604EB0509B9FBF3F203FBDE
:1037400012994D450F4608D970685A1B284428F035
:10375000CFFF33895B1B00251F4470683946A9EBF6
:103760000502284428F0C4FF0023A6F80C90204648
:10377000C8F80030BDE8F8832DE9F84398468489FD
:10378000038945891C44641B0F4694FBF3F103FB3A
:103790001144944228BF144604EB0509B9FBF3F227
:1037A00003FB12994D45064609D941685A1B384614
:1037B000294428F09DFF33895B1B00251F44716855
:1037C0003846A9EB0502294428F092FF0023A6F809
:1037D0000A902046C8F80030BDE8F8830289838942
:1037E00041891344581A90FBF2F302FB1300400086
:1037F00040F0010070470000820708D10068064BC6
:10380000984206D0054BC31A5842584170470020D1
:1038100070470120704700BFE0360410B436041032
:10382000044B0B60044BC1E9013000230846CB6018
:10383000704700BFBC330410253B011008B50122BE
:103840000430F7F755FA062008BD08B50222043007
:10385000F7F74EFA062008BD38B5044608460021A1
:1038600006F082FD05460434284606F0F1FD0146C7
:1038700000B938BD01222046F7F73AFAF4E770B5EF
:1038800006460D460124B44201D3062070BD55F80A
:1038900024102868FFF7E0FF0134F4E738B5044648
:1038A0000846002106F060FD05460434284606F06F
:1038B000CFFD014608B9062038BD03222046F7F7A0
:1038C00017FAF3E730B585B004460846694606F0B6
:1038D0004BFD05460434284606F0BAFD014610B9F2
:1038E0001E2005B030BD00222046F7F701FA00285F
:1038F000F1D00E20F5E738B5016804461020FBF73B
:1039000096F9054661680430F7F7E8F9A36862683C
:10391000E168E868AB60920028F0EAFE284638BD0E
:1039200038B50D46FFF7E7FF04462946FFF794FF39
:10393000204638BD38B50D46FFF7DDFF0446294661
:10394000FFF7ACFF204638BD10B5022204300C460C
:10395000F7F7CEF918B92146024807F035FA0620E4
:1039600010BD00BF782B041008B50430F7F794FAA7
:10397000062008BD2DE9F84307460E460C681AB923
:103980002046FFF7B8FF0446012504F10409BD42B3
:1039900002D32046BDE8F88356F82500844204D1BE
:1039A0004846F7F779FA0135F1E7002106F0DCFC2B
:1039B0008046404606F04CFD01460028F3D0022226
:1039C0004846F7F795F9F4E708B50122FFF7D2FF6B
:1039D000062008BD0022FFF7CDBF000008B5043067
:1039E000F7F736FA18B90249024806F0EFF908BDB0
:1039F000C6D70310782B041050F8210010B10438FA
:103A000018BF0120704700008A072DE9F0410446E5
:103A10000D4611D10E68204BF31A5E425E41AB6831
:103A200063B91EB120461D49F8F720FE1C49204607
:103A3000BDE8F041F8F71ABE0026F0E71EB12046B7
:103A40001849F8F713FE20461749F8F70FFE00272C
:103A50000123DFF860806A68BA4206D8204613491D
:103A6000F8F704FEAEB11249E1E73946E868FFF71E
:103A7000C3FF60B11BB941462046F8F7F7FDEB687C
:103A8000012253F827102046FBF7F2F800230137F4
:103A9000E1E7BDE8F08100BFB4360410D8DE0310C2
:103AA000D1D70310D7D703102DD60310FFCF0310A3
:103AB000E0D4031049D503100528F8B50D4609D008
:103AC00006280CD0042828D18B68002B0CBF0E20B0
:103AD0001E20F8BD8868400040F00100F9E711F0B1
:103AE00003001AD10E680E4B9E42F2D104464F6875
:103AF000A74203D1760046F00100EAE7EB682146D1
:103B00001846FFF779FF30B1062053F8241006F06D
:103B1000B9F906EB60060134EAE70020D9E700BFF7
:103B2000B43604100346826870B5C1685668B14265
:103B300001D3002008E0D5684C1C2846FFF75CFF45
:103B400018B155F82100DC6070BD2146EFE7000098
:103B50002DE9F04105460F4610200C49FBF767F8A8
:103B600000F10408044629464046F7F7B7F8002656
:103B7000AE4202D12046BDE8F08157F8261001225E
:103B80004046F7F7B5F80136F2E700BFE03604101B
:103B900088422DE9F84305460E46174608D11AB16A
:103BA00006242046BDE8F883BDE8F843FFF7A3BE2E
:103BB00000210846FFF7CCFF00210446304606F0FE
:103BC000D3FB804605F10409404606F041FC064659
:103BD00058B9002FE5D0E868F6F78CFE63686B6093
:103BE000A368AB60E368EB60DAE700223146484641
:103BF000F7F77EF80028E7D031462046FFF71EFE93
:103C0000E2E70122FFF7C4BF0022FFF7C1BF012294
:103C10000430F7F76DB870B50C46054611462046DE
:103C200002221E46ECF73AFB3CB921462046FFF73C
:103C30008FFF04462046256070BD00210846FFF72F
:103C400087FF00210446306806F08EFB06463046AA
:103C500006F0FEFB01460028ECD02046FFF7D7FF18
:103C6000F5E700002DE9F04186B016460446CDE99F
:103C70000010FFF7C1FD0246002835D1012121487F
:103C800001ABFFF7C8FF01270446009D2846FFF758
:103C9000B3FD024650BB6B4601211A48FFF7BBFF3C
:103CA0004FF0010805461EB1A268AB689A4226D0C3
:103CB000154B2E1D0293154BCDE9033400230593BC
:103CC00002A8FFF72FFF014698B91E2617B1201D45
:103CD000F7F7E2F8B8F1000F02D0281DF7F7DCF88B
:103CE000304606B0BDE8F0810027CEE74FF000086F
:103CF000D9E700223046F6F7FBFF0028E0D10E2678
:103D0000E4E700BFE0360410BC330410253B01108B
:103D10000B46002201461846FFF7A4BF0022FFF71A
:103D2000A1BF0000F7B51546CDE900128A07074686
:103D30000C460CD10E68404BF31A5E425E41242FB4
:103D400007D02846FFF758FD60B903B0F0BD002644
:103D5000F5E700222946201DF6F7CAFF002867D1A3
:103D60000E20F2E732461C2F64D8DFE807F0434B01
:103D70004F535A636363632230376363633E636305
:103D800063636363290F166363631D00294620463E
:103D900003B0BDE8F040FFF7CDBD2946204603B093
:103DA000BDE8F040FFF730BF69460220FFF712FE82
:103DB000CBE72EB169460220FFF761FD2046C4E73C
:103DC0002946204603B0BDE8F040FFF7A9BD2946CB
:103DD0002046002EDCD0FFF761FDEFE729462046A4
:103DE000FFF7D6FE002EE9D1AFE769460220FFF7C4
:103DF000C1FDAAE701222946204603B0BDE8F040F4
:103E0000FFF730BF012221462846F6E7A268AB68DB
:103E10009A42A5D12946204603B0BDE8F040FFF7FD
:103E20007DBF2946204603B0BDE8F040FFF770BFD4
:103E30001E208AE7002088E7E03604104A6801491E
:103E4000F8F7C2BF68D603100020704770B504466B
:103E50000D46104E1049F8F709FC0122204669680A
:103E6000FAF706FF31462046F8F700FC012220460B
:103E7000A968FAF7FDFE31462046F8F7F7FB204621
:103E8000E9680122FAF7F4FE2046BDE870400349D4
:103E9000F8F7ECBB49D50310E2D70310E0D40310C8
:103EA000136893B9922902D1436813607047962929
:103EB00001D18368F9E7952901D1C368F5E7B1F528
:103EC000317F04BF014BC2E9003070475437041002
:103ED00070B506460D46102003491446FAF7A7FEB2
:103EE000C0E90165C46070BD343704102DE9F041AC
:103EF0008046C0680F46062814461BD0FAF780FF9C
:103F0000051E02D1254806F085FDD8F8040012DC14
:103F1000062833D17E1ED8F8080006283AD0FAF7D2
:103F20006FFF0028B8BFC01940EAE070B8421EDB3E
:103F3000781E1CE00125D8F8040006281CD0FAF7EA
:103F40005FFF061EB8BFF61926EAE676BE42A8BF96
:103F50003E46D8F8080006281AD0FAF751FF002884
:103F6000B8BFC01920EAE070B842A8BF3846C4E91B
:103F70000060A560BDE8F0810026EAE7FAF740FF9F
:103F8000061EB8BFF61946EAE676BE42C2DAC2E7B6
:103F90003846ECE74FF0FF30E9E700BFE9D7031000
:103FA00010B5044686B00846FAF72AFF6A4601466D
:103FB0002046FFF79BFF009B03A95B0043F0010332
:103FC0000393019B03205B0043F001030493029BD6
:103FD0005B0043F00103059302F096FC06B010BDB0
:103FE0000E2803460CD01E280AD010F0010007D17D
:103FF0009A0706D11868034BC31A584258417047B4
:10400000012070473C30041008B50146FFF7E8FF77
:1040100038B98A0704D10868034BC31A584258417B
:1040200008BD0120FCE700BFF42D0410044B0B6019
:10403000044BC1E9013000230846CB60704700BF44
:10404000BC3304104940011013B50446806800F0E9
:104050000703022B11D101A9C00805F01FFAE2687D
:10406000019B9A422FBF0020835C01325B003CBF62
:1040700043F00100E26002B010BD8368C0680193A4
:10408000EDE70000F8B507461C4B0D46D1E90110DD
:104090009F420DD105F0CCF8044648B1284608F0FF
:1040A000F5FD0023E4002B6044F002042046F8BD37
:1040B00069682B6801319942AE6803D03046F6F743
:1040C0000CFC064600236A68B354AB602B600C4BB3
:1040D0009F4205D131466868BDE8F840FBF720BD36
:1040E00039461020FAF7A3FD69680446816030461E
:1040F00005F080F8E6606060D8E700BF143B04106C
:10410000742604102DE9F04101F00703022B074645
:104110000C4686B017D101A9E00805F0BFF90646A4
:104120000025019902A808F095FDDDF81080019B9B
:10413000AB420CD82046FAF787FD02A9FFF7A2FF91
:1041400006B0BDE8F0818B68CE680193E8E7705D4A
:10415000B84708F805000135E9E7000001460148C5
:10416000FFF7D0BFF9B9011001460148FFF7CABFF8
:1041700009BA011008B5FAF767FDC2880349972A02
:1041800014BF97234223024805F029FEF8D70310F5
:10419000582A041038B5044608460D46FAF754FD6F
:1041A000084B984208D0084A9C4208BF14468442F3
:1041B00006D02846FFF7DEFF844201D00248F6E72A
:1041C00038BD00BF742604100C3A04102DE9F04FDE
:1041D00004468BB00191FAF737FD04F00703022B78
:1041E000054637D102A9E00805F058F90746019BBA
:1041F0009A0706D11B683A4A934209D0394A93423A
:1042000006D000220121364801ABFEF7CDFD01901A
:104210000024DFF8D880DFF8D890019804AA03A919
:10422000FAF798FE454514BFAA46CA462646039BA0
:10423000A34213D83146002606A808F00BFD089CBF
:10424000039BB3422CD8284606A9FFF71BFF0BB0EF
:10425000BDE8F08FA368E7680293C8E7049B4FEAC4
:10426000840B53F82400FAF7EFFC804514BF034693
:104270004B469A4502D01C4806F07CFD0CB1029BCF
:104280001E44049B53F80B0000F00703022B05D1DA
:10429000C00805F0ECF806440134C8E78068FAE786
:1042A00036B120463946029A28F022FA029B1C4475
:1042B000049B53F8260000F00703022B0CD105A93C
:1042C000C00805F0EBF801462046059A28F010FAE0
:1042D000059B01361C44B3E78368C1680593F3E787
:1042E00064310410843B041001D8031074260410B8
:1042F0000C3A041070B500F00703022B04460D467B
:1043000086B026D101A9C00805F0C8F8064628469F
:10431000FAF776FD019B0546834217D2014602A8B3
:1043200008F098FC2A462021049827F05BFF019AA8
:104330000498AD1A314600EB550028F0D9F9204613
:10434000FAF782FC02A9FFF79DFE0446204606B05C
:1043500070BD8368C6680193D9E700002DE9FF4767
:104360000E4682460868FAF76FFC71688046FFF7D0
:1043700011FF306800F00703022B39D102A9C008F1
:1043800005F08CF80446706800F00703022B33D167
:1043900003A9C00805F082F88146029ABAF1020F1B
:1043A00004EB02072FD9B368062B2AD0012140461F
:1043B0000091214602F02AF90546BAF1030F0AD00E
:1043C000F368062B07D00122214600924046029A4C
:1043D00002F01CF90746039B6BBB2846791B07F0CC
:1043E000ADFA0130400040F0010004B0BDE8F087B4
:1043F0008368C4680293C6E78368D0F80C9003937F
:10440000CBE72546D9E72546E5E74946284628F083
:1044100041F938B901343546039AAE18BE42F4D991
:104420006000E0E7D04504D1284607F071FA06465F
:10443000F1E76E1CEFE70024DFF804A0ECE700BF13
:10444000143B041001F00703022BF7B5064608469B
:1044500009D101A9C00805F021F80446019B33B930
:104460000E2003B0F0BD8B68CC680193F6E7144BC7
:104470009E4202D0134B9E4212D127460025019A3C
:104480003B1B9A420ED84DB9EAE715F8010BB0472D
:104490000028E5D0019A2B1B9A42F6D81E20E0E7AF
:1044A0002546F7E717F8010B07F062FA0028E6D077
:1044B00017F8010CB04705460028E0D1D0E700BF4F
:1044C000D1B90110E5B9011001460148FFF7BABFA3
:1044D0005DB9011001460148FFF7B4BF71B9011081
:1044E00001460148FFF7AEBF85B9011001460148FA
:1044F000FFF7A8BFD1B9011001460148FFF7A2BFDD
:10450000E5B901102DE9F04788B00522804608463C
:1045100001A9FAF7A9FE029904A8490808F09AFB34
:10452000019C029E069D2644B44209D3069B404648
:10453000ED1A04A90595FFF7A5FD08B0BDE8F087C1
:10454000274617F8019B484607F008FAE0B9BE4233
:1045500002D10E4806F05EFA484607F01DFA002820
:10456000F7D094F801A0A71C504607F015FA0028D0
:10457000EFD0484607F050FA0446504607F04CFA90
:1045800040EA041005F8010B3C46CDE72DD8031096
:10459000884230B513D20378303B092B0FD8002363
:1045A0000A24136010F8013B1568303B04FB053307
:1045B0008142136003D00378303B092BF2D930BD20
:1045C000012A13B50C4613D100F00703022B0BD1BF
:1045D00001A9C00804F062FF019B206063604223D0
:1045E0000020A36002B010BD8368C0680193F3E7A8
:1045F0000120F7E72DE9F84F8F18B94204460D4620
:10460000984607D20B46002213F8011B272903D036
:10461000222902D1272606E00122BB42F4D1002A3A
:1046200014BF22262726324620461E49F8F7CCFB27
:10463000DFF88490DFF86CA0DFF880B0AF4206D8D6
:1046400032462046BDE8F84F1649F8F7BDBB15F8CD
:10465000012BB24205D1324613492046F8F7B4FB8C
:10466000ECE75C2A04D159462046F7F7FFFFE5E75F
:104670001F2A08D97F2A12D0B8F1000F01D01306E3
:104680000DD45146E9E70A2A01D10849ECE70D2A81
:1046900001D10749E8E7092A01D10649E4E749467B
:1046A000DBE700BF3CD803103BD8031042D803100F
:1046B00045D8031048D803104BD803103FD8031037
:1046C0002DE9F8430D46164618490446F7F7CEFF84
:1046D000174FDFF86C80DFF86C902E44AE4205D89F
:1046E0002046BDE8F8431149F7F7C0BF15F8012B84
:1046F000222A01D05C2A04D139462046F8F764FB0F
:10470000ECE71F2A01D94946F7E70A2A04D10949EB
:104710002046F7F7ABFFE1E70D2A01D10649F7E79D
:10472000092A01D10549F3E74146E6E72A040410C6
:104730003BD8031042D8031045D8031048D80310C3
:1047400052D803103CD8031001F00703022B73B5B5
:104750000446164608460DD101A9C00804F09EFE85
:104760000546032E0AD129462046019AFFF7A8FFE5
:1047700002B070BD8B68CD680193F2E7042ED4E9D6
:10478000000303D12946019A9847F1E70122044921
:104790009847012329462046019AFFF72BFFE7E7B8
:1047A00038D503102DE9F0479942804691461E46C0
:1047B000DDF820A013D3BAF1000FA1EB0304D6BF9C
:1047C00025460025002408EB0507324649463846B1
:1047D00027F060FF20B1A54201D05544F3E7002740
:1047E0003846BDE8F08700002DE9F04F82468BB0D7
:1047F00008680D46CDE90423FAF726FA064628682C
:1048000000F00703022B14D107A9C00804F046FEEC
:104810000446DFF8ECB068685E4543D008A9FAF7B3
:10482000C9FA00283ED0089BFF2B06D9324806F073
:10483000F1F88368C4680793EBE78DF8243001230F
:104840000DF124090393079ABAF1020F04EB020851
:1048500040D9AB68062B3BD0012130460091214660
:1048600001F0D4FE0746BAF1030F0AD0EB68062B1D
:1048700007D00122214600923046079A01F0C6FE79
:10488000804647450AD8049BA8EB070100934A4697
:104890003846039BFFF786FF0146E8B9059B43B303
:1048A0001648C4E730466968FFF774FC686800F092
:1048B0000703022B07D109A9C00804F0EFFD8146C8
:1048C000099B0393BFE78368D0F80C900993F7E73F
:1048D0002746C8E72746D4E75E4508D1204607F0BB
:1048E00020F8400040F001000BB0BDE8F08F001B45
:1048F000F7E74FF0FF30F7E759D8031064D80310FB
:10490000143B041000230122FFF76EBF00234FF079
:10491000FF32FFF769BF01231A46FFF765BF012386
:104920004FF0FF32FFF760BF2DE9F04F04280C462F
:1049300091B045D1C868FAF763FA08B9206897E0E2
:1049400040EAE07320680493FAF77EF96168069004
:10495000FFF720FC0698A168FFF71CFC206800F018
:104960000703022B2FD109A9C00804F097FD834645
:10497000606800F00703022B2AD10AA9C00804F0DE
:104980008DFD0590A06800F00703022B25D10BA92F
:10499000C00804F083FD0390DDE909329A42CDD8C6
:1049A0000026DDE90953002B55D126B130460B9A7C
:1049B000039927F09DFE4FF0010A0B9FD8462EE089
:1049C0004FF0FF33BEE78368D0F80CB00993CFE710
:1049D00083680A93C3680593D4E783680B93C3681D
:1049E0000393D9E70BB909F10109A9EB080526B131
:1049F0002A464146F01927F07BFE3D4426B10B9A2A
:104A00000399701927F074FE0B9F0A9B2F44099D90
:104A100009EB03085D44A5EB08050AF1010A049BB4
:104A20009A450DD065B101220A9B00922946404665
:104A3000059A0793FFF7B6FE079B81460028D1D160
:104A40006EB9E919BAF1000F3FF478AF0CA808F07D
:104A500001F90E9EA5E74FF0000A5746AEE7414622
:104A60002A46F01927F044FE06980CA9FFF70AFB26
:104A700011B0BDE8F08FF8B50E460146102014467F
:104A8000FAF7D5F8054684607EB12146304604F039
:104A9000B1FB6860601CF5F705FF22463146E8600F
:104AA000074627F025FE00233B552846F8BD08B5EC
:104AB00004F00CFCC00040F0020008BD10B5044634
:104AC000D0E9011006F0AFFF014610B9044805F027
:104AD0007DF92146BDE810400248FFF7D3BA00BF78
:104AE000EC290410143B041001460148FFF7CABA30
:104AF000143B041001460148FFF7C4BA0C3A0410F5
:104B000038B50D46044606F08EFF014610B9094837
:104B100005F05CF92946204604F08AFB30B92A46A4
:104B20002146BDE838400448FFF7A5BFC00040F06B
:104B3000020038BDEC290410143B0410F0B5074600
:104B40000D461E46144687B00AB1EBF747FC062215
:104B500021462846EBF7A2FB002D44D0012D0FD1B2
:104B60006A46102102A808F085F868463168224696
:104B7000FAF77EF8384602A9FFF784FA07B0F0BDCD
:104B80003068830726D10268184B9A4222D1D0E9B7
:104B90000265446824B93146284604F02BFB0446DC
:104BA0003146284606F03FFF014610B9104805F08F
:104BB0000DF93146284604F03BFB18B1C00040F027
:104BC0000200DBE739461020FAF731F8C0E9026548
:104BD0004460D3E702A90522FAF746FBDDE90201AA
:104BE000FFF78EFFCAE70A20C8E700BF0C3A04109F
:104BF000EC29041001280B4607B506D10B680220EA
:104C0000009340F20A5301936B4601460022034889
:104C1000FFF794FF03B05DF804FB00BF143B0410E2
:104C200010B5044627F018FE01462046BDE81040A6
:104C3000FFF766BF0A4601460148FFF71CBF00BFE9
:104C40000C3A041070B5024608680C4681078CB017
:104C50000ED103683A498B4230D03A498B420BD18E
:104C600000F00703023A012A0AD9374806F082F811
:104C700000F00703022BF5D0012A27D03348F5E7CF
:104C8000022B1DD108A9C00804F008FC05462068C5
:104C900000F00703022B17D1C00804F0DDFB044627
:104CA00024B92846089904F0A5FA0446102024499E
:104CB000089EF9F7BCFFC0E9026544600CB070BD06
:104CC0008368C5680893E2E74468E9E7C3070BD542
:104CD000411002D5002005F09DFE08A807F0BAFF9C
:104CE00008A8FFF707FFE9E701A9FAF7BDFA20B125
:104CF000DDE90101FFF79EFFE0E72068FAF7A8F978
:104D000078B910210DEB010007F096FF206808A983
:104D100005F02AFB0446204605F09AFB20B904A8BA
:104D2000DFE7411004A8EFE7FAF76AF8FF2801D996
:104D30000748D0E7C1B204A807F0FCFFEBE700BFCB
:104D40000C3A0410143B0410BBD5031071D80310A7
:104D500059D80310084608B519460AB1EBF73EFBCF
:104D600018B1BDE80840FFF76DBF014808BD00BF9E
:104D70006C370410012807B50BD10B680220009393
:104D800040F20A5369460193FFF75CFF03B05DF8F8
:104D900004FB0028F8D10148F8E700BF6C37041085
:104DA000034610B40A4C0846A34204D111465DF8EC
:104DB000044BFFF7A5BE074CA34204D110465DF893
:104DC000044BFAF79DBE11465DF8044BFFF732BF66
:104DD000143B041074260410F0B5054685B00C464B
:104DE0001746F9F731FF05F00703022B064615D1E8
:104DF000E808694604F052FB0546042F26D1A307B4
:104E0000009818D12268124B9A4214D1214601AA67
:104E100006F0E1F930B90F4805F0CEFFAB68ED6858
:104E20000093EAE7DDE901123046521A2944FFF700
:104E3000B7FF05B0F0BD0146002322463046FAF721
:104E4000BFF8285C400040F00100F2E70020F0E7E6
:104E5000343704104CD503102DE9FF410C4602AB4A
:104E60000193234B0431009301380123EBF742FAFD
:104E70002068F9F7E9FE002180460846FDF7AAFF01
:104E80000546206800F00703022B0ED103A9C008D5
:104E900004F004FB0146039E0E44B14224D20B46AB
:104EA000B3421C4605D100270EE08368C168039316
:104EB000F1E71A78631C0A2A14D00D2AF0D163781E
:104EC0000A2B0CBF022701279DF80830621A03B194
:104ED0003A444046FFF764FF01462846FDF7EDFCE3
:104EE000E119DAE70127EFE7284604B0BDE8F081D1
:104EF000643704102DE9F04F0C468BB081461068E2
:104F00001646F9F7A1FE012C07903ED07168FFF715
:104F100041F9706800F00703022B31D109A9C008DC
:104F200004F0BCFA0390099B0593306800F0070376
:104F3000022B2FD109A9C00804F0B0FA8046002442
:104F4000B9F1010F0EBF4FF0FF3301230025A34637
:104F50002746DDF824A006BF06930AF1FF35069325
:104F6000CDF810A0049BD3B9BBF1000F29D1234B7E
:104F70002348079A9A4208BF0A200BB0BDE8F08F79
:104F800083680993C3680393CDE7062305931D4BFC
:104F90000393CAE78368D0F80C800993CFE7012315
:104FA00005990398009308EB0502FFF7FBFBA8B9EE
:104FB000BBF1000F18D1B9F1000F08D12F460AF14B
:104FC000FF34621CD21B524512D13068D5E7B9F1CB
:104FD000010F2C460AD02F464FF0010B069B1D44B3
:104FE000049B013B0493BDE72C46F7E75F46E8E7E7
:104FF000079808EB0701FFF7D3FEBEE7143B041048
:105000006C3704105C3704100A4601460220FFF793
:1050100071BF0A4601460020FFF76CBF0A460146F1
:105020000120FFF767BF00002DE9F0430C4689B06F
:1050300005469146F9F708FE21460646FFF7AAF80D
:1050400005F00703022B12D103A9E80804F026FAA1
:10505000074604F00703022B0DD104A9E00804F071
:105060001DFA8046049B5BB9224805F0D3FCAB686F
:10507000EF680393EDE7A368D4F80C800493F1E79D
:105080001D4A1E4B2046964208BF0A23B9F1010F64
:10509000CDE9053307930CBF05950795F9F7D4FDC6
:1050A000864205D041463046049AFFF779FE044611
:1050B00042463846049B0399CDF80090FFF772FBF7
:1050C00088B1C51B2A4639463046FFF769FEDDE93F
:1050D0000321521A2944CDE90504521B30463944B4
:1050E000FFF75EFE079005A9032001F00DFC09B053
:1050F000BDE8F08377D80310143B04106C3704101C
:105100000122FFF791BF4FF0FF32FFF78DBF2DE96E
:10511000F34100F00708B8F1020F04460D4601F014
:1051200007070DD1022F05D1431A5842584102B04A
:10513000BDE8F081C00804F08FF90646686805E014
:10514000022F4668FAD1C80804F086F926B118B1D2
:10515000B04201D00020EAE7B8F1020F16D1E00812
:10516000694604F09BF90446022F13D101A9E8080F
:1051700004F094F90146DDE900239A42EAD1204681
:1051800027F088FAB0FA80F04009D0E7A368E46815
:105190000093E9E7AB68E9680193ECE708B500F034
:1051A0000703022B0DD0830709D10268064B9A42F0
:1051B00005D1D0E90210BDE8084004F087B8FEF739
:1051C000D9FFC00808BD00BF143B041000F007035E
:1051D000022B07B50CD0830708D103681A7B2AB1CC
:1051E00003EB82031A69074B9A4208D0FEF7C2FF0D
:1051F00001A9C00804F052F903B05DF804FBC068CF
:10520000FAE700BFED520110F0B50C4689B0074631
:1052100015462068052201A9FAF726F8029B33B942
:105220001C4B1D489D4208BF0A2009B0F0BD012F4C
:105230004FEA430613D96068013B1E44FFF7C6FFDF
:105240000446314604A807F005FD01980699029A24
:10525000013A06D2284604A9FEF714FFE5E7002428
:10526000EFE7067833099F2E88BF273330330B7062
:1052700010F8013B8E1C03F00F03092B88BF273366
:1052800030334B701CB112B12378CE1C8B70314679
:10529000DEE700BF143B04106C370410014AFFF72F
:1052A000B3BF00BF143B041000F00703022B13B57B
:1052B0000C460CD0830708D103681A7B2AB103EB94
:1052C00082031A69084B9A4209D0FEF753FF01A9DD
:1052D000C00804F0E3F8019B236002B010BD8368AE
:1052E000C0680193F7E700BFED5201102DE9F04FC0
:1052F00021289BB006460D461446099201F0070886
:1053000040F01D821046F9F79FFCC37B9BB12046FD
:10531000F9F79AFC06462046F9F796FCC37B06EBA4
:1053200083063269AC4B9A4205D1D4F804A004F14B
:10533000080B00240AE0A3072ED12268A74B4FF0E8
:10534000010A9A4218BF00240DF1240BB8F1020F94
:1053500027D10BA9E80804F0A1F80590AF0725D1E3
:105360009F4B2A68D61A734273410EAA102112A8C5
:10537000069307F07FFC059A4FF0000815460B9B3B
:1053800002EB0309A94513D8002C40F0CD81C2459A
:1053900000F0CA81934825E04FF0010A0DF1240B7B
:1053A000C7E7AB680B93EB680593D7E70023DCE70F
:1053B0002978252904D012A807F0BCFC0135E1E7C3
:1053C0006F1CB94502D8884805F024FB6978252967
:1053D00004D112A807F0AEFC3D46EFE7282957D1CB
:1053E00014B9824805F0C6FCA81C01460F4617F800
:1053F000013B292B46D1091AFFF759FB01462046EC
:10540000FBF774FA4FF001080646002207922022AB
:105410003B460027049299451D463BD800230C9338
:105420004FF0FF33A9450D93CDD92B782E2B14D1F6
:10543000681C8145C7D96B782A2B64D1C24539D9FC
:1054400008F101035BF828000893F9F7D9FC089BE1
:105450000D9098460235A945B5D92EB9C24529D92E
:105460005BF8286008F101082B78472B53D8442BB0
:1054700000F20081059A5E49AD1A5E481A46009511
:1054800004F0ADFC894501D15B489DE73946ADE7A5
:105490000026BAE713F8012B2B2A18D00CD8202AA3
:1054A00018D0232A19D000230C932B782A2B23D130
:1054B000C24515D8514895E72D2A05D0302AF2D19A
:1054C00047F010070492A6E747F00107A3E747F06B
:1054D0000207A0E747F004079DE7082207929AE732
:1054E00008F101035BF828000893F9F789FC089B91
:1054F0000C909846013593E7284649460CAAFFF7D9
:1055000047F805468CE7002349460DAA0D93FFF79F
:105510003FF805469FE7A3F15802D1B22029A9D848
:10552000202AA7D801A151F822F000BF115701107D
:105530007554011075540110755401107554011003
:1055400075540110755401107554011075540110F3
:105550007554011075540110B155011041560110D8
:1055600075560110755601107556011075540110CD
:1055700041560110755401107554011075540110F5
:105580007554011075540110955601107554011091
:1055900075540110B1560110B15601107554011027
:1055A0004156011075540110755401101157011026
:1055B00006F00703022B05D0B0072ED13368104A3E
:1055C00093422AD116A93046FFF76EFE169A01467D
:1055D000012A19D00B4805E7C96701104C290410AE
:1055E0000C3A0410CED8031083D8031087D80310C8
:1055F000B2D80310102A04108DD8031094D80310C9
:10560000143B04109ED803100C9B0193202300939D
:105610003B460EA8F7F73AF8D0E63046FEF7E0FC36
:1056200060B13046F9F7ECFB0C9B0122019320237B
:105630008DF85800009316A93B46EAE78E48D1E65C
:10564000B10709D133688D4A934205D13046FBF743
:1056500085FEFCF733FC06460D9B0A2203930C9B48
:105660000293049BCDE90073612331460EA8F7F73E
:1056700089F8A3E63046F9F71BFC0D9B2A780293C4
:105680000C9B01460193049B0EA800933B46F7F741
:1056900089F993E6079B0BB147F088070D9B082219
:1056A00003930C9B0293049BCDE900736123DCE719
:1056B000102110AA16A807F0DDFA2B78722B23D040
:1056C000069B1BB3B20721D132686D4BD31A5A42E5
:1056D0005A419200314610A8F9F7CAFA0D9B179A61
:1056E000002B0C9BB8BF0D92019320230D990093C2
:1056F0008A4228BF0A463B4618990EA8F6F7C6FF0D
:1057000016A807F0C3FA59E60122E3E70022E1E711
:105710000D9A173B03920C9A0292049A0192079AEF
:10572000174300971022A0E75648554B069A12A936
:10573000002A18BF1846FEF7A5FC04461BE00846E1
:10574000F9F782FAB8F1020F074618D110A9E80854
:1057500003F0A4FE80461D2E26D1204612A9F9F79B
:1057600029FB044638B1129B002B0DDC454B464CFF
:105770009F4208BF0A2420461BB0BDE8F08FAB68EB
:10578000D5F80C801093E6E7109916A8594307F056
:1057900061FA189B012100934046129B109A05F074
:1057A00007FD384616A9C6E72046F9F74DFA8742A5
:1057B00018D104F00703022B0FD116A9E00803F05B
:1057C0006DFE8146DDF858A01B2E2AD01CD8042E71
:1057D00048D90E2E25D00024CDE7A368D4F80C902C
:1057E0001693EFE7264B9F4209D10122204616A9C6
:1057F000F9F73AFD0028EED0DDE9169AE4E7242E09
:10580000E9D12046FEF7B6FC242EE4D101234A4616
:105810000093404653461099FEF7C4FF00BB0E2488
:10582000A9E7109BA3B1BAF1000F17D0109916A8E1
:10583000514407F00FFA4146109A189826F058FF85
:105840001898109B52464946184426F051FFA8E785
:105850002046F9F7F9F98742E5D18CE72C468AE72B
:105860001E2488E74B4641463046109ACDF800A0EA
:1058700005F0F0FCD2E700BFA9D80310F42D041006
:105880000C3A0410143B04106C3704102DE9F74F48
:10589000054608680C46F9F7D7F9012D814628D945
:1058A000022D676826D0A068F9F7AAFA06460021FB
:1058B0000846FDF78FFA8046206800F00703022BA8
:1058C0001BD16946C00803F0E9FD0446009D062F80
:1058D00025443AD1AC42274627D23878013406F025
:1058E0003DF80028F6D1AF421FD2002E5ED03C46D4
:1058F0000EE006274FF0FF36D9E78368C4680093AF
:10590000E4E7A2461AF8010B06F028F810B954464D
:10591000AC42F6D13946E21B4846FFF741FA014650
:105920004046FCF7CAFFAC4208D3404603B0BDE88E
:10593000F08F3878013406F011F810B1AC422746E8
:10594000F7D1002ECFDD013ECDE739464846FEF7C0
:1059500021FC384601A9FFF7A7FC019F8346A7B9A0
:10596000174805F057F8AA462146AAEB0402484614
:10597000FFF716FA01464046FCF79FFFAA45D4D22E
:10598000002E0AEB070400DD013E002EEBD0A246FC
:105990000AEB07039D42E6D33A465946504626F0A5
:1059A00079FE0028E0D00AF1010AF1E739464846BD
:1059B000EA1BFFF7F5F901464046FCF77EFFB4E726
:1059C00077D803102DE9F04F022806460D4685B022
:1059D00004D805B0BDE8F04FFFF758BF0868F9F7E5
:1059E00033F98346D5E9000700F00703022B12D1F3
:1059F00002A9C00803F052FD8046A868F9F700FA32
:105A0000041E0DDA29463046FFF740FF05462846BA
:105A100005B0BDE8F08F8368D0F80C800293ECE706
:105A200004F1010900214846FDF7D4F9062F054687
:105A300002D1284805F0C0F9384603A9FFF734FC25
:105A4000DDF80CA00090BAF1000F02D1224804F05A
:105A5000E1FF029E4644A6EB0A074CB1B8450BD8BD
:105A600052463846009926F015FE08B1013FF5E789
:105A7000B845EB6800D8F4B941465846A6EB080291
:105A8000D5F80CA0FFF78CF9A7004AF82400002CE9
:105A9000BDD0A9EB0404E868A6003246C11926F07F
:105AA00079FD6A68E868121B00219200304426F0F4
:105AB00099FBAC60ABE7F21B5846A2EB0A0207EB7E
:105AC0000A010193FFF76CF9019B3E4643F824005D
:105AD000013CC0E7DDD8031077D803102DE9F0436F
:105AE0000D680E4605F00703022B174685B0A0F19E
:105AF00002083ED103A9E80803F0D0FC0446B8F13F
:105B0000000F21D02846F9F79FF8039AB8F1010F4A
:105B1000814604EB020508D0F368062B05D001216D
:105B20000091214600F072FD0546B368062B07D0B0
:105B30000122214600924846039A00F067FD044680
:105B40002D1B25EAE57503957368DDF80C909A071F
:105B500006F1040811D11968144A91420DD15E680A
:105B600003F108080025B54209D10E2005B0BDE8B3
:105B7000F083AB68EC680393C1E70126F2E703A961
:105B800058F82500FFF790FB039A01464FB1A9EBA7
:105B900002004A4503D8204426F07CFD18B10135A7
:105BA000E1E73846F5E71E20E0E700BF843B04103C
:105BB0000022FFF793BF0122FFF790BF2DE9F04FBE
:105BC0002DED028B95B005900D469146102108AA47
:105BD0000CA89A469FED758A07F04CF84D450AD3FC
:105BE000059C0CAB0FCB84E80F00204615B0BDEC34
:105BF000028BBDE8F08F2F4617F8011B7D290DD1D0
:105C00004F4508D269787D2905D10CA807F092F894
:105C10003D460135E2E7664804F0FCFE7B2903D0EF
:105C20000CA807F087F8F4E74F4534D269787B2950
:105C3000EBD07D2911D021290FD03A290DD03A4639
:105C40004A45154627D0137801327D2B03D0212BEE
:105C500001D03A2BF4D12E4602E03D4600273E46C5
:105C60002B78212B1BD16B1C994516D995F80180F7
:105C7000A8F17203012B10D80235A9450BD92B7856
:105C80003A2B21D16B786C1C7D2B1AD02246012334
:105C90004A45154606D34748BEE74748BCE74FF09C
:105CA0000008ECE712F8011B7B2901D10133EFE773
:105CB0007D29EDD1013BEBD12B787D2B06D03F48E0
:105CC000AAE7A145E7D925460024F5E7002F43D0F0
:105CD00000233878109305F055FEC8B93B46B3420F
:105CE0009B4605D213F8012B2E2A01D05B2AF6D150
:105CF000ABEB07013846FEF7DAFE00220746014605
:105D00002298F4F737FE28BB39462D4805F05CF899
:105D1000DAF80030002B01DD2A487DE710AA314671
:105D20003846FEF735FC209A109B013A9A4283468A
:105D300003D82549254804F049F8219A013352F83F
:105D400023704FF0FF33CAF80030B34514D2204817
:105D500005F032F84768F8E7DAF80030002B01DA8E
:105D60001C4859E7209A013A9342E2D2219A013322
:105D700052F82370CAF8003084BBB8F1000F04D089
:105D8000B8F1730818BF4FF0010810210AAA10A833
:105D900006F070FF394642460AA8F8F769FF0E4838
:105DA00010A9FEF76FF907461BE000BF0000C842CC
:105DB000ECD803100CD9031007D903101DD9031018
:105DC000782B041026D9031044D903109C2B0410FF
:105DD0004BD9031059D90310143B0410B8F1000F2C
:105DE000CED14FF0FF3307930A93002C00F0AE8022
:105DF000EEF78EFF229B2A460293219B21460193B8
:105E0000209B10A800935346FFF7D8FE10A806F079
:105E100082FF119A90F80080831883460493B8F1AA
:105E2000000F71D04146B94826F02EFA00285AD00A
:105E300000260BF1010B9BF80020A2F12001C9B252
:105E40000D2965D842F60104CC4014F0010408D0B5
:105E50002B2A5BD0A2F120014A424A4194000BF167
:105E6000010B9BF80020232A08BF0BF1010B9BF8C4
:105E7000002008BF44F00804302A0CD1B8F1000F0C
:105E800006D13846FEF7C0F8002818BF4FF03D088D
:105E9000002E08BF302607AA58460499FEF778FB63
:105EA000027803462C2A01D05F2A02D144EA422418
:105EB00001331A782E2A05D1581C04990AAAFEF734
:105EC00067FB034693F800B0BBF1000F07D05946BB
:105ED0008F48049326F0D8F9049BD8B101331B787E
:105EE000D3B18C4898E69BF8016056B1314687489B
:105EF00026F0CAF938B132460BF1020B46469046FD
:105F000099E7B04697E78046464694E70224A6E71D
:105F10000024A6E78346E2E710A806F0B7FEB8F132
:105F2000000F08D13846FEF76FF800280CBF4FF07D
:105F30003C084FF03E08002E08BF202614F0060F44
:105F40000CD0BBF1730F04D1734865E6A346264617
:105F5000E8E7BBF1630F01D170485DE6B8F13D0F92
:105F60002AD0B8F15E0F2AD0B8F13C0F01D144F02D
:105F700001043846FEF734F8002800F09980BBF1A0
:105F8000780F10D8BBF1610F1CD8BBF1470F4FD869
:105F9000BBF1440F00F28C80BBF1000F71D0BBF15C
:105FA000250F00F085803846F8F75AFE5A4603461A
:105FB0005B495C4803F013FF44F01004D9E744F058
:105FC0002004D6E7ABF16203162BECD801A252F8FD
:105FD00023F000BF4B600110656001108360011069
:105FE000B1600110B1600110B1600110A75F011034
:105FF000A75F0110A75F0110A75F0110A75F011045
:10600000A75F01108360011095600110A75F011068
:10601000A75F0110A75F0110A75F0110A75F011024
:10602000A75F0110A75F0110A75F01103760011083
:10603000BBF1580FB7D100230393079B1022CDE982
:1060400001630094ABF1170307E000230393079B60
:106050000222CDE9016361230094394608A8F6F7CE
:1060600091FBD6E53846F8F7CBFE079B0122CDE938
:10607000006323468DF8400010A908A8F6F706FB38
:10608000C7E500230393079B0A22CDE9016300942F
:106090006123E2E723074FF000030393079B48BF08
:1060A00044F08004CDE90163082261230094D4E721
:1060B0003846FDF7A9FF00284BD0BBF1000F33D0C5
:1060C000BBF16E0F30D0BBF1250F30D0BBF1240FE8
:1060D0007FF669AFBBF1470F12D8BBF1440F7FF6D3
:1060E00062AF3846F8F7E4FE0A9B01460293079B2D
:1060F0005A46CDE90063234608A8F6F753FC88E525
:10610000ABF16503022BECD94DE700BF77D9031043
:106110007CD903108CD9031091D903109DD9031099
:10612000ACD90310102A04104FF0670BD9E738469A
:10613000F8F7BEFE07EE900A67EE887A0A9B6622A1
:106140000293079B17EE901ACDE9006344F04003D9
:10615000D2E7B8F13D0F01D10E485DE5BBF1000F6C
:1061600003D0BBF1730F7FF41EAF10A93846FFF7C1
:106170009BF80A9B109A002BB8BF0A920A9B014613
:106180009A4288BF1093079B109ACDE9006323467B
:1061900073E700BFBAD9031070B505460868164604
:1061A00000F00702022A0C468AB017D104A9C008E1
:1061B00003F074F901460023049A05930A4405ABE1
:1061C00006A8CDE901460095FFF7F8FC2068F8F72E
:1061D0003BFD06A9FDF756FF0AB070BD8268C16895
:1061E0000492E8E707B501A9FFF75EF8019903B04B
:1061F0005DF804EBFEF75BBC0229F8B5044605D058
:10620000042923D001291CD10020F8BD5668012E95
:1062100010D0022E10D00020156829182CBF01279D
:10622000002766B1002D0ADA884238BF0021A1603C
:106230001160E9E78068EFE741684868ECE7002F04
:10624000F5D016224FF0FF301A60DEE7406806F006
:1062500032FD00236360D7E730B40A460D68054C71
:106260000549064B8D4214BF2146194630BCF6F74E
:10627000ABBD00BFE2D90310703A0410CFD90310B0
:1062800008B510B9014804F0C5FB08BDF4D90310E6
:106290002DE9F84345680446284698460F461646B9
:1062A000FFF7EEFF2B7B6BB1D5E90109F4F7FAFAA2
:1062B00000226368A86049461A739868E2605A68C9
:1062C00026F016FAA568AD1922D26068D0E9001848
:1062D000A94203D24160691A06F012FDA268424544
:1062E00007D9636800219868A2EB0802404425F0B2
:1062F00079FF636832469868A3683946184426F0E7
:10630000F7F96368A5605A68AA4238BF5D6004E087
:106310001B234FF0FF36C8F800303046BDE8F88345
:106320007FB50D46014610201E46F8F780FC00237D
:106330000446C0E90233002D3FD03068C50705D4BC
:10634000810713D102681E4B9A420FD1F8F758FD0E
:10635000002506F0A5FC60604DB3DDE901120023C5
:106360002046FFF795FF0023A36020E0052201A946
:10637000F8F77AFF336803F00702022A0AD09A0777
:1063800018D11B681A7BAAB103EB82031A690D4B63
:106390009A420FD11020F4F785FADDE901216060FF
:1063A00006F060FC6368029A5A603368E360204636
:1063B00004B070BD01250298CBE71020C9E700BFEB
:1063C0003C300410ED5201102DE9F04105464768BC
:1063D0000E4638469046FFF753FF7C68AB689C42F8
:1063E0000FD9E41A444528BF4446B96822461944E7
:1063F000304626F07DF9AB682344AB602046BDE80B
:10640000F0810024FAE7000070B50446456828468C
:10641000FFF736FFD5E9012126680548054C064BF4
:10642000864214BF20461846BDE87040FEF7B8BC4F
:10643000703A04100C3A0410143B0410044B0B6027
:10644000044BC1E9013000230846CB60704700BF10
:10645000BC3304105964011073B50546806800F020
:106460000703022B15D101A9C00803F017F8EC6847
:10647000019A944211D20444204605F049FA061BC1
:1064800031462046FEF713FBEB683344EB6002B065
:1064900070BD8368C0680193E9E70020F7E701F069
:1064A0000702022A13B5044608460AD101A9C0080A
:1064B00002F0F4FF042C08D0052C0CD0002002B010
:1064C00010BD8A68C8680192F4E7019B002B0CBFDD
:1064D0000E201E20F3E7019905F030FA400040F04D
:1064E0000100ECE701F00703022B2DE9F74F04460A
:1064F000164608460ED101A9C00802F0CFFF054696
:10650000032E019A0AD129462046FEF7D9F803B096
:10651000BDE8F08F8B68CD680193F1E726B9294675
:10652000636820689847F2E7AF18BD4207D22B4650
:10653000002213F8011B272916D0222915D14FF06C
:106540002708424620462849F6F73EFCDFF8989097
:10655000DFF8B0A0DFF8B0B0AF420FD84246204617
:106560002149F6F731FCD2E70122BB42E1D1002AF2
:1065700014BF4FF022084FF02708E2E7284605F045
:10658000ACF90646284605F0C3F9B045054605D1E5
:10659000424659462046F6F717FCDDE75C2E04D14B
:1065A00051462046F6F762F8D6E7A6F120035E2BA7
:1065B00002D832464946EDE70A2E01D10B49F0E7F1
:1065C0000D2E01D10A49ECE7092E01D10949E8E76E
:1065D000FF2E324601D80849DCE7B6F5803F34BFCC
:1065E00006490749D6E700BF3CD8031042D803103C
:1065F00045D8031048D803104BD8031052D80310C5
:1066000008DA03103FD803103BD80310F7B51E4635
:106610002B4B0D46984214469DF8207002D0294B12
:10662000984208D13B4632462146F8F7C9FC05445A
:10663000284603B0F0BDF3070BD5761001960199FB
:106640002A19002926DA0020013A134679B9551C87
:10665000EEE7304601A9F8F7ADFB0028EFD1304650
:10666000F8F7FEFA18490246184803F0B8FBAA42A8
:1066700007D200B10191002FDAD11549154803F076
:10668000A5FB1B78013A03F0C003802B1CBF01203F
:106690000131DAE70024954205D304B10191002FBE
:1066A000EBD01546C4E70139C2D30124681C054666
:1066B0002B78013003F0C003802BF8D0EBE700BF4C
:1066C0000C3A0410742604100FDA0310582A041030
:1066D0001EDA03109C2B0410F0B5044685B00D465D
:1066E0001746F8F7B1FA04F00703022B064616D155
:1066F000E00803A902F0D2FE0446042F4DD1AB07F7
:1067000032D12A68274B9A422ED1D5E90137EA685F
:10671000062A08D0032A06D0234804F04DFBA368BC
:10672000E4680393E9E7062B1AD001222146009280
:106730003046039AFFF76AFF0546062F039A11D0E9
:1067400001232146009330463B46FFF75FFF854219
:1067500025D8421B29463046FEF722FB05B0F0BD86
:106760002546EAE7A018F2E70023039A00932146A2
:106770002B463046FFF74AFF90F900300278002B95
:1067800008DB0121FEF793F9E8E701315B081A42C3
:10679000FBD1F7E740230121F9E70020DEE70A20DB
:1067A000DCE700BF343704104CD503100346D0E9B2
:1067B0000212486882423FBF901C013251F820000B
:1067C000DA6028BF00207047044B0B60044BC1E91E
:1067D000013000230846CB60704700BFBC33041073
:1067E000AD670110032A2DE9F84304460F4615460C
:1067F00012D11749F5F73AFFD4F80880002607F1BF
:1068000004097B68B3420ED8032D19D111492046E3
:10681000BDE8F843F5F72ABF0F49F5F727FF012533
:10682000DFF84080EAE71EB141462046F5F71EFF3B
:106830002A46204659F8041FF8F71AFA0136E0E70D
:10684000012B03D120460549F5F710FF0449DEE787
:1068500047D50310ED010410E7D7031025DA031024
:10686000E0D4031049D50310024608680B460830EF
:1068700050F8041C04F066BD0A46083050F8041CA9
:1068800004F094BD10B50446F8F7DEF9C37B2BB1D4
:1068900000EB83031A69054B9A4205D02046BDE8F8
:1068A0001040034901F09BB8204610BDC967011094
:1068B000843B0410052870B50D461DD0062807D06E
:1068C00004281CD14B68002B0CBF0E201E2070BD6D
:1068D00001230C4C6A685E1C013B9A4203D860009D
:1068E00040F00100F3E7062055F8261003F0CAFA3D
:1068F000334604EB6004EDE748684000F0E7002011
:10690000E5E700BF483B041070B50C46064690B161
:10691000851CAD0028460949F8F789F946604CB155
:106920002146083D031D254451F8042BA94243F894
:10693000042FF9D170BD0248FCE700BF843B04106E
:10694000483B04102DE9F0410C4611462046022236
:106950001E46E9F7A3FC6CB33568AB0703D12A6880
:10696000154B9A4217D01020F3F79CFF00210446E4
:10697000306803F0F9FC002580460427404603F008
:1069800067FD064650B928462146FFF7BDFF05467C
:106990002046F3F7AFFF2846BDE8F081BD4205D39E
:1069A0002046F900F3F799FF04467F0044F825607C
:1069B0000135E3E7014DEEE7843B0410483B04104A
:1069C0007FB50446102C0D4610460CD007D8042C79
:1069D00044D90E2C20D00024204604B070BD1B2CBE
:1069E0001AD01D2CF7D103A9F8F7E4F90028F2D04A
:1069F000039B002B30DD686800215843FFF784FFBC
:106A000000F10803009304460421039B6A6805F122
:106A1000080004F0CDFBDFE7FFF734FF064600284F
:106A2000D9D07368686800211844FFF76DFF6A6861
:106A300000F1080305F1080104469200184625F00C
:106A400057FE034672686868920006F1080103EB7E
:106A5000800025F04DFEBFE70A4CBDE7FFF712FFAF
:106A60000028B8D0436805F1080100936A6800F176
:106A70000803204604F022FC00280CBF0E241E242C
:106A8000AAE700BF483B0410042A7FB504460D4620
:106A90002BD111F0030640681DD10A68144B9A42AD
:106AA00019D101AA04F097FB10B9124804F084F937
:106AB0003146DDE90130C01AFFF726FF019942682F
:106AC00008340546920004EB8101083025F010FEE1
:106AD000284604B070BD2A46014600232068F8F716
:106AE0006FFA023054F82050F2E70025F0E700BFBB
:106AF000343704104CD50310F8B50E46124B134929
:106B000088421ED08288920503D40124306020463A
:106B1000F8BD847C002CFAD000EB84000069026888
:106B20009A42EDD10024476800F1080505EB87077C
:106B3000BD42ECD2314655F8040BFFF7DDFF0444AB
:106B4000F6E70024E3E700BF843B04100C33041095
:106B5000F7B50C4600231646054654F8047B01A9F8
:106B600038680193FFF7C8FF01983268037AD208AA
:106B700000EB83031E69691E2346B0473861062077
:106B800003B0F0BD2DE9F04705460C46DFF8EC8078
:106B9000DFF8F890AB6873B1A28890050BD4E15C84
:106BA00021B90F2B07D112F4C07F04D00422EB6867
:106BB0001A60BDE8F087E37C53B3696804EB830394
:106BC0001869C900002241F002010430F3F7D2FE37
:106BD0000246E8B12B7C28683BB101460020EB68F7
:106BE0005268BDE8F04703F04DB868B1A388990535
:106BF0000AD4224B9C4207D00069214B984203D112
:106C00002049214803F0E2F82146EB685268E8E7A2
:106C10002B68ABB9A37C002BCBD004EB83031C699E
:106C200023684B4509D1264656F8047F04EB8707B5
:106C3000043756F8044FB74214D84445AAD1B8E7F0
:106C40002A7C002AE6D1A2889205E3D44445E1D00B
:106C50001869EA68696803F055F8EB681B68002B4F
:106C6000D8D0A6E74445E4D021462846FFF78AFF5E
:106C7000EB681B68002BDCD09BE700BF0C330410D3
:106C80007C3C041027DA03102C2C0410843B0410E5
:106C90002DE9F04316680746154687B0002E30D11F
:106CA000D0E90132CDE90121A1F111025142514156
:106CB0009A7CC90004958DF814600391CAB103EB66
:106CC00082031969174B0A689A421DD10C46DFF8F6
:106CD0005C9054F8048F46450BD054F8041F494586
:106CE00001D10136F7E701A8FFF74CFF2B68002B15
:106CF000F7D02B687BB1042B03D10B4B2B60BB6807
:106D00006B6007B0BDE8F083084B9942F1D001A851
:106D1000FFF738FFEDE7054901A80393FFF732FFBE
:106D2000EFE700BF843B04107C3C04100C330410DC
:106D3000F0B5132200260F2389B001AF039004465B
:106D40000D46016803A8CDE90423019606978DF846
:106D50001C607E60FFF716FF019848B1042816D129
:106D60002069F7F771FF838806461B0602D5206964
:106D700009B0F0BD1DB91020F3F794FD0546F37B73
:106D8000294606EB8306336920699847F0E73A46BF
:106D90003146304603F070F9EAE7000040F6CA7366
:106DA000984273B50C4619D040F68273984215D0BC
:106DB0008B0703D10A680A4B9A420FD00025094E6F
:106DC000204601236A4616F8011B02F0DDFF0098F9
:106DD00020B90135032DF3D102B070BD0120FBE7CE
:106DE000F4330410B43B04102DE9F0411368044659
:106DF000164686B0002B4BD1172905D1C388DB007E
:106E000043F0020333601AE040F2F112914219D1CB
:106E1000C37C5BB100EB83031869394B002808BFC2
:106E2000184603799D0703D5306008E03448F8E739
:106E3000F9F7CFFD3060037943F00203037106B028
:106E4000BDE8F08140F2ED12914215D12D48844207
:106E500010D0A37C13B104EB83031869840701905D
:106E600003D10268284B9A42DED001A90120FFF726
:106E70004BFDD9E72548D7E7CDE903360123CDE916
:106E80000101014601A88DF81430FFF77BFED6E71B
:106E9000C37C002BD3D000EB83031F693B79980799
:106EA000CDD4D2F80480C900043741F00205B8F10E
:106EB000000F09D1022229463846F3F75BFD00286E
:106EC000BDD0C6F80080BAE7A38899070ED4414622
:106ED0002846FFF763FF48B1A388DA0703D50C49BA
:106EE0000C4802F073FF43F00203A38001222946FD
:106EF0003846F3F73FFD73684360002382E700BF25
:106F0000B02904100C330410843B0410483B0410D7
:106F100045DA03102C2C0410CA880149F5F754BF38
:106F20006EDA031038B51D460446084611464FF088
:106F30000212E9F7B3F90820F3F7B4FC2B68C0E9B3
:106F4000004338BDF0B505460E4614468BB0EAB195
:106F5000042A0CBF0F221C220023CDE90133099320
:106F60000E2305A8296801AFCDE9036405950793B1
:106F700008970692FFF706FE0198042808D12246DA
:106F800031462869F8F744F90BB0F0BD0B22E3E76E
:106F90000028F9D05CB1042C0CBF012002203A4635
:106FA000002103F069F8042C18BF0620ECE701204B
:106FB000F5E700002DE9F0411646126805460C463B
:106FC0008CB0002A78D1CF0047F0020700F1040806
:106FD000019039464046F3F7CDFC10B14368336069
:106FE00012E040F2F1139C4211D198E80700704B77
:106FF000079308AB83E8070007A8F9F7EAFC3060BD
:10700000037943F0020303710CB0BDE8F081CDE9D0
:1070100009068DF82C00296807A8CDE90754FFF769
:10702000B1FD306860B32B689B889A07ECD510F0EF
:10703000030413D102685F4B9A420FD1FCF7F0F9B9
:107040000068062803D15C495C4802F0BFFE224676
:10705000012101AB02F0ACFF3060D5E7B72103AAF4
:1070600002F050FE039B002BCED001980590F7F75D
:10707000EBFD00210690022003AA02F0FDFFEBE7E2
:107080000E2CC1D0B72CBFD0D52CBDD0B12CBBD0CD
:10709000A4F5FC73012BB7D9B4F5F87FB4D00E2159
:1070A000019803AA02F02EFE039B002BACD0002116
:1070B0000120059703AAE0E7016877688B889B07A2
:1070C00061D50023CDE9070401AA07A8CDE9013362
:1070D000CDE909328DF82C30FFF754FD01980028D6
:1070E00036D010F003081AD10268324B9A4216D1FA
:1070F000FCF796F9CDE903574FB98068062883D08D
:107100003A46012103AB02F053FF002367E74068D2
:1071100006283FF479AF4246022103ABF3E703AA06
:107120005FB9B12102F0EEFD039B93B105950021FB
:10713000012003AA02F0A0FFE7E7D52102F0E2FD5B
:10714000039B9BB1059500210220069703AAF1E756
:1071500067B94FF4F871284603AA02F0D3FD039BE8
:1071600093B1E40044F002040594E0E740F2F91121
:10717000284603AA02F0C6FD039B7BB1E40044F05D
:1071800002040594DFE74FB90222E1001143281DF4
:10719000F3F7F0FB00283FF437AFB6E7E100012238
:1071A00041F00201281DF3F7E5FB4760ADE700BFA2
:1071B0004C290410F43304107BDA03102C2C041037
:1071C000F0B51C4B89B01B5C002504930C23CDE962
:1071D000025104460E460DEB03000968059317465D
:1071E000CDE90055CDF818D08DF81C50FFF7CAFC3A
:1071F000009B042B0CD13A462046316903F012FC67
:1072000003460D4A934200D10023184609B0F0BD51
:10721000002BF9D06A4629460120029702F02CFF84
:10722000242C0346EDD1F7F731FF00280CBF0E23C5
:107230001E23E6E73C3C04100C37041070B50D46E5
:10724000234B88B0195C0023CDE903510B2101AA1F
:10725000CDE905120646296803A8CDE901338DF86A
:107260001C30FFF78FFC019C042C07D130462969A4
:1072700002F008FE0446204608B070BDCCB120469E
:10728000294602F0EFFE062E04460CD0082EF2D15D
:10729000C207F0D4830703D102680E4B9A42EAD0AA
:1072A000002003F067FDF7F7B7FD400040F0010450
:1072B000E1E7062EDFD1B323296803A80493FFF783
:1072C00061FC019B002BD6D16D0045F00104D2E793
:1072D0006E3C04103C30041070B5151E0C4614BFF3
:1072E0001B211D2188B0CDE903410921002301AAFA
:1072F000CDE905120646216803A8CDE901338DF8D2
:107300001C30FFF73FFC019B3BB935B91B232168BB
:1073100003A8CDE90435FFF735FC0198042816D100
:107320002069F9F793FD80B13DB12368D88802F058
:10733000A9F801463046F5F799F945F08002216930
:107340003046F7F795FC08B070BD2A46F7E728B13C
:10735000214602F087FE00220146F1E72046F7F7BA
:107360007FFC2346024602493046F5F72DFDEAE749
:1073700088DA031038B504460D460B49F5F776F95F
:10738000002220466968F7F773FC20460749F5F7A5
:107390006DF92046A9680022F7F76AFC2046BDE88F
:1073A00038400349F5F762B99ADA031049D503105A
:1073B00079DA031070B5057A25B9C28805490648FF
:1073C00002F00DFD00EB85042469A446BDE8704081
:1073D000604700BFA3DA0310582A0410F0B50E4628
:1073E00001241021002389B0CDE9044103900168F4
:1073F0000546174603A801AACDE901338DF81C30D4
:107400000692FFF7BFFB019B042B0CD12869F7F70D
:107410001BFC037C3A4600EB830003693146286974
:10742000984709B0F0BD2046FBE700002DE9F04F7A
:107430000D4687B011462846774A1C46E8F72EFFCE
:10744000012D03D0032D07D0744813E0206807B046
:10745000BDE8F04FF7F7F8BB2068FDF79FFED4E9D1
:10746000017817F00306814603D13A686C4B9A42C3
:1074700002D0002003F07EFC4046F9F7B1F9002865
:10748000F7D039464FF4077A51F8040FDFF8CCB142
:10749000B04208D10EB3BB685D7C15B103EB850328
:1074A0001D690B231BE051F8043F9D07E1D11A68C9
:1074B0005A45DED11A7A22B9DA885A495A4802F076
:1074C0008EFC9A880136940541BF42F0010402F017
:1074D00002029C804AEA020ADAE735460A23002DB6
:1074E00018BF013305339800F3F7F5F94F4B044605
:1074F00043614F4BC0F800B083614E4BA0F804A02D
:10750000C3614D4BA0F8069003624C4BC0F8388025
:1075100043624B4B83624B4BC3624B4B03634B4BFE
:10752000836003F10433C36009230374484B43634E
:107530000A23C3744EB10B23012E837408BFBF68A6
:10754000C76315B10C230564437400251022002184
:1075500002A824F047FEA94602AED8F808309D42A2
:1075600007D3204601A9FFF7C7FA01282DD93948CA
:1075700080E7D8F80C704FEAC50B57F8350007EBD9
:10758000C50A00B304281ED0A388DAF804109B07AC
:1075900006D4FFF703FC18B1A38843F00203A380CD
:1075A00032464FF4FC71DAF8040057F80B7002F021
:1075B000A9FB73683BB11020F3F774F9B060C0F811
:1075C0000890F760B6680135C7E70022C22108F1CC
:1075D0000400F3F7CFF9054678B1436813F00302CE
:1075E0000BD11B68D98840F29D23994205D1031D18
:1075F00001211948FFF796FC686002AA95681DB939
:10760000204607B0BDE8F08F94600021022002F010
:1076100033FD2A46F2E700BF06000200EADA031053
:10762000843B0410B6DA0310582A0410F9760110CE
:10763000D9720110617601103D720110C171011003
:10764000B56F0110456F0110316D01100102030487
:10765000DD730110C8DA0310D03B0410183C04108D
:10766000F0B50D46164609210A221F4600238BB0AD
:10767000CDE906120590016803AA044605A8CDE9E4
:10768000033308928DF82430FFF77CFA039838B959
:107690002046F7F7E5FA0B4902460B4802F09FFB3C
:1076A000042807D13B4632462946206902F080FC77
:1076B0000BB0F0BD33462A4604990097F8F7EBFA71
:1076C000F6E700BFF2DA0310582A041038B5044672
:1076D000FFF712FA0546043021468000F7F7A7FAB3
:1076E000002104460430F3F707F90DB1014B236183
:1076F000204638BD7C3C04102DE9F0470024164696
:107700009846182208238AB00DF10C0907460D4649
:10771000014605A8CDE9062303940594CDF82090F1
:107720008DF82440C9F80440FFF72CFA039801941F
:1077300008B1042824D1384601A9FFF7C7FF044641
:1077400000231122394605A8CDE90333CDE90623EC
:107750000594FFF717FA039B002B58D055EA060152
:1077600039D14A46084602F087FC0746062F4ED01C
:107770003846F7F775FA2E4902462E4802F02FFBDD
:1077800055EA06020ED1012102AB029702F010FC6D
:1077900004462046F7F758FA8742D1D020460AB06F
:1077A000BDE8F08705EB46040134A4002046F3F75A
:1077B00079F882464146221F40F8047B24F098FF66
:1077C000534632460398691C02F0F2FB04465046C9
:1077D000F3F790F8DDE705EB46070237BF003846C0
:1077E000F3F760F88146039B41460360049BA7F1D1
:1077F00008024360083024F07BFF4A4631462846A1
:1078000002F03AFC07464846F3F774F8AEE70198F1
:107810000028C3D02269084B9A42BFD1037A32466E
:1078200000EB83031F6929464346B8472061B5E74B
:10783000FFDA0310582A04107C3C041009210A22A4
:10784000002300B589B0CDE904120390016801AAB4
:1078500003A8CDE9013306928DF81C30FFF792F9A9
:107860000198003818BF012009B05DF804FB000042
:107870001FB5074B0A4601934B6802938B6801467C
:1078800001A8039302F04CFC05B05DF804FB00BFB7
:10789000F83B04102DE9F0410F46154D154EB84246
:1078A0001FD010F003031ED10268AA421BD1837CB3
:1078B000DBB100EB830000690368B342EFD10446FB
:1078C00054F8043F00EB830000F1040854F8040F5F
:1078D000A045E4D93946FFF7DDFF0028F6D0BDE822
:1078E000F0810120FBE70020F9E71846F7E700BF29
:1078F000183C0410843B04102DE9F3418B07064625
:10790000019112D10B68124A934211D0114A93424D
:107910000BD14F6801F108040025DFF84080BD421B
:1079200009D10E2002B0BDE8F0810B4803F022FA25
:10793000012701ACF0E754F82510414505D0304649
:10794000FFF7A8FF08B90135E9E71E20EAE700BF05
:10795000183C0410843B04101ADB03100C33041091
:1079600038B51C460546084611464FF00412E8F7A4
:1079700095FC6068F7F768F90A4B2168984208BFE0
:107980006068FFF7B9FF0E2802D1002003F0F2F97A
:107990000C20F2F787FFD4E90012C0E900518260A1
:1079A00038BD00BF183C0410820708B503D1026837
:1079B000044B9A4202D0044803F0DCF9BDE80840C9
:1079C000FFF79ABF183C04102EDB031010B50C46CD
:1079D000F7F73AF92146BDE81040FFF78DBF38B5FB
:1079E0000D460446F7F730F9854204D02946FFF7E3
:1079F00051FF10B12469204638BD0446FBE72DE94C
:107A0000F04100260746344600F104087B68B34283
:107A100002D82046BDE8F08158F8040F02F018FDA6
:107A2000054650B124B921467868FEF76DFF04463B
:107A3000B31C44F823500136E8E70446E9E70000A8
:107A40002DE9F0410C460546114620460D4A984660
:107A5000E8F724FCA01C29468000F7F7E8F8074661
:107A60000546002647F8044FA64202D12846BDE845
:107A7000F08158F82600002102F076FC013647F824
:107A8000040FF1E7FEFF010070B504460D46F7F75D
:107A9000DBF8837B294600EB830304222046BDE804
:107AA00070401B69184770B504460D461646F7F737
:107AB000CBF8837B324600EB830329462046BDE8A2
:107AC00070401B69184770B504460D46F7F7BCF8BF
:107AD000837B294600EB830300222046BDE87040EB
:107AE0001B69184770B50D460446F7F7ADF8037BE0
:107AF0002A4600EB83002146BDE87040036924203C
:107B0000184738B5034614460D4661B152B11146C7
:107B10002846984760B16B683BB96C6045F001033B
:107B2000AC60E3602C46204638BDAB68DC60F5E70E
:107B30006368EB606560002BF5D144F00103A5603C
:107B4000EB60F0E7F8B5064631B1002511F001030E
:107B500004D000232946EB600846F8BDCC68CB6012
:107B600014F0010307D1E7682246E3603046FFF7CF
:107B7000C8FF3C4601460A4630462946FFF7C1FF8A
:107B800021460546E2E78A422DE9F04184460F4648
:107B900006D10023BDE8F04151685360FFF7D2BF22
:107BA000D66896B11446E468E307FCD524F00104D6
:107BB00063685168934206F0010816D1002339B971
:107BC000984518BF1E466660D1603846BDE8F08112
:107BD00060465360D360FFF7B5FF05466060EE6016
:107BE000B8F1000FF1D0A560EFE71D46DB689342C6
:107BF000FBD1002260465A60DA60FFF7A3FF00283D
:107C0000EDD0E8600546EAE7D0E90432013B0361C4
:107C100052F823007047036942695B1A013B52F82E
:107C200023007047F8B5446A06460D46B4B1D4E95E
:107C300000030B44834222D908310022014420462C
:107C4000F2F756FE0246B8B9616820460831F2F7ED
:107C50004FFE63682360336A63603462802D2F4671
:107C600038BF802707F10800F2F71CFE00230760E9
:107C700043600446706202E023682B44236060681E
:107C80000834054444F8045C2044F8BD38B50D467A
:107C90000C211446FFF7C6FF4FF49D720560C0E942
:107CA000012438BD38B5D0E903329A4204460D4666
:107CB00008D3103399004069F2F70FFEE368606162
:107CC0001033E360D4E90432591C216142F8235097
:107CD00038BDF8B504461D46D0E9000383420F467F
:107CE000164608D31030C100A068F2F7F6FD2368ED
:107CF000A06010332360D4E90103421C626053F892
:107D0000301003EBC00267F3170143F83010D67050
:107D10005560F8BD10B48469CAB20023616B5DF888
:107D2000044BFFF7D6BF0000F0B593B00446684699
:107D30000E4617461D46F6F735FF10B1002013B06A
:107D4000F0BD3A463146204602F06CFE0446F6F796
:107D5000EBFEA30703D12268024B9A42EED001202A
:107D60002C60ECE76027041010F00102034604D0F9
:107D700040F001030B6001207047A8B110F0030030
:107D800013D11A793A2A11D19B6813F001000B60C4
:107D9000F1D19A070AD11868054B9842EBD0054BF0
:107DA000C31A58425841704770471046704700BF89
:107DB0003C300410F42D041010F001021CD110F01E
:107DC00003030CD000F00F03062B15D00A2B11D1A2
:107DD00000090D3803288CBF00200120704770B1C6
:107DE00002793A2A08D02D2A08D18068B0FA80F0AA
:107DF0004009704710467047012070471846704789
:107E0000C20702D540F001007047830710D0030974
:107E100000F00F00062803D1D80040F002007047A0
:107E2000A3F10E00022809D8064B53F82000704732
:107E300030B103793A2B03D180687047024870470C
:107E400002487047C43C041014370410483B041027
:107E500038B505460C46FFF7AFFF38B12846FFF7A7
:107E6000CFFFF7F713F9031B5842584138BD2DE9EE
:107E7000F0410F4605461446114689B92046FEF7E3
:107E800043FD014600F10808A4B90A4628463946D0
:107E9000FFF7FCFE01462846FFF704FF012007E03C
:107EA00028460139FFF7B7FEFFF786FF0028E4D127
:107EB000BDE8F0812846FFF7A7FE0646FFF7A0FFC2
:107EC000013C48F82400002EDED0B307DCD1686AFC
:107ED00000F108039E42D7D3426813449E42D3D296
:107EE00073681B0A0233A2EB83024260CCE70000F6
:107EF000F7B58669054696F83C200F46A2F10803BF
:107F0000042B52D8DFE803F003232B384C00D6E9CA
:107F1000111001F0DBF9902F04460ED1C1000022B0
:107F200041F0020105F12800F2F724FD28B1426872
:107F3000D3071CD542F0010002E0200140F002000E
:107F40000146284603B0BDE8F040FFF7ABBE002273
:107F5000D6E91110334600F089FC0246E8E70096A6
:107F60000023D6E91110012200F0C6FD0246284682
:107F7000716BFFF78BFEE3E7D6E911100A2906D8EB
:107F800001F0A4F930B1000140F00600D8E701F09B
:107F90004FF9F7E7D6E911210648FCF76CFDE5E754
:107FA000D6E91110FCF746FEE0E7120142F00A00A4
:107FB000C6E700BF143B041010B5FFF7D5FE50B163
:107FC0000B6813F0010007D19A0704D11868034B1E
:107FD000C31A5842584110BD0120FCE73C30041040
:107FE0000021FFF735BF0121FFF732BF2DE9F04F28
:107FF0002D2A0446884616461D4687B00BD100211F
:10800000FFF709FEC0B1830702D10379922B13D089
:1080100007B0BDE8F08F922A20D10021FFF7FBFDC9
:10802000014648B1870707D14768FBB2952B0AD1B3
:108030002046FFF7E9FD013DA6F11E03012B41D8C3
:108040002F46AB4618E0962BF6D127F0FF072046C7
:1080500047F09207FFF7D8FD4F60D9E7962A08BF8F
:108060000135E9E71E2E20D1FFF7BDFFA8B948462C
:10807000FFF7B6FF00B9D3460BF1FF3A6FB1013FEE
:1080800039462046FFF7C7FD23696269A3EB0B035E
:10809000814642F82300002FE4D1002151450CD144
:1080A0006D1A012DB4D0332E49E0FFF799FF002857
:1080B000F3D14846FFF797FFDCE72046FFF7A4FD22
:1080C0000131EBE7202E1AD100212046FFF7A3FD56
:1080D0000746FFF785FF78B93846FFF784FF002889
:1080E00000F01F81EA212046FFF78EFD204607B0F1
:1080F000BDE8F04FFFF7D6BD4FF48571F3E7052ECD
:1081000000F09E80A6F12303DFB2092F0DD8092BC2
:108110000BD8DFE813F017001700170048004800DD
:108120004800700017000A001D01922E40F05D818A
:10813000D4E9012303EBC20313F8053C2D2B40F0D7
:10814000F0806CE1691E2046FFF765FD03A9FFF78B
:108150000BFE0028A7D0022F8EBF4FF02209A6F1F8
:108160000D095FFA89F9AF1E002F09DA002D40F0E2
:108170003181039AD30740F1328142F00101B5E722
:1081800039462046FFF747FD04A9FFF7EDFD00281B
:1081900089D0DDE90312484603ABFFF7C5FD00288F
:1081A00081D0013FE0E7691E2046FFF734FD03A9B7
:1081B000FFF7DAFD00283FF476AFAF1E002FD5DDC4
:1081C000791E2046FFF727FD04A9FFF7CDFD002803
:1081D0003FF469AF39462046FFF71DFDDDE9031284
:1081E0000009243803ABC0B2FFF79EFD00283FF41E
:1081F0005AAF023FE2E700212046FFF70CFD03A93A
:10820000FFF7B2FD00283FF44EAF01212046FFF7F3
:1082100002FDC0F30710332803990BD1C80707D418
:108220008A077FF440AF0A68854B9A427FF43BAFE0
:10823000022001E03F38C0B201F024FE039095E730
:1082400000212046FFF7E7FC0746002869D010F020
:10825000030A04D1436803F0FE03562B61D00121C9
:108260002046FFF7D8FC00F00F03022B59D1BAF1DA
:10827000000F05D13B795B2B02D1FF68002F50D056
:10828000BB074ED13B792C2B4BD1BB6803F00F02BF
:10829000022A46D11B09482B43D1FB68002B40D052
:1082A00013F0030A3DD11A79302A3AD1D3F808B035
:1082B0004FEA10195846FFF77FFD70B961490190E8
:1082C0006148F8F717FE0546A169019B3A680968FD
:1082D000F8F7F2FE2846F6F77DFC5846FFF790FDCA
:1082E0004FEAC9010746012241F0020104F12800CA
:1082F000F2F740FB4760484601F0C4F80378204697
:108300005F2B08D1FFF780FC2046FFF77DFC554628
:10831000D046082690E6FFF777FC59462046FFF73F
:10832000C1FCA91C89002046FFF77CFC074646EAF1
:108330000523C0F80080436000F10801002D77D1CB
:10834000962E03D139462046FFF7ACFC3946CDE6E0
:1083500001212046FFF75FFC074600212046FFF77A
:108360005AFC07F00F03022B7FF49DAE00283FF468
:108370009AAE10F003027FF496AE0379322B7FF4AD
:1083800092AE3909C900D0F8089041F002012F4897
:10839000F2F7F0FA00283FF486AE406804AA4FEAEC
:1083A000191101F0AFFC049B002B3FF47CAED90700
:1083B0000AD49A077FF477AE1A6821498A4203D01B
:1083C00023498A427FF46FAE059A002A7FF46BAE90
:1083D0000393CBE62046FFF717FC013DC6E629468E
:1083E0002046FFF753FC014680E6962E12D1D4E9D1
:1083F000012303EBC20313F8153C2D2B91D12A4620
:1084000041462046FFF733FD00288AD06368023BCF
:108410006360FDE5062E02D0362E7FF444AE2A4678
:1084200041462046FFF723FD00287FF4F1AD78E7B1
:108430002046FFF7E9FB013D41F825007EE700BF3C
:108440003C30041037DB0310A02A0410D03C041089
:10845000F42D04100346006830B550B184070AD1EA
:108460004468E5B28D4206D100F10803200A13608A
:1084700030BD0346FBE70120F9E700002DE9F04F8E
:10848000AA4B97B0CDE907310D460290A84905A83F
:1084900000240192F6F754FB40234FF40070CDE91D
:1084A0000934F2F7FFF920230B908020CDE90C343A
:1084B000F2F7F8F92146CDE90E0513A8CDE91144EC
:1084C000F2F71AFA019B002B49D0022B0CBF3F2276
:1084D00022460023696B09A8FFF7FBFB0023DFF8A6
:1084E00068A20A9C002C00F065810B99013C01EB0D
:1084F000C40251F83410D678C1F317098D49632EA0
:1085000011F806B08C498D4F895D526888BF41F4DF
:10851000807107EB41070BF0300110290A940BF032
:108520000F081ED020294BD0002B00F01C81B8F181
:10853000020F40F00B81012A40D000211BF0010FF7
:1085400002F1FF3306D078880AEA0000B0F5805FB8
:1085500008BF5308012B40F0E680E1B1E3E03D2283
:10856000B7E702B1BBB107EB420725E0BB4637F8DE
:10857000023B03EA0A01B1F5805F0ED195F83C1089
:10858000C3F30B03994216D109A83146FFF7B0FC9B
:108590002846F1F771FD0023A3E7531C434504D29D
:1085A0003246494609A8FFF794FBBBF8001009A81A
:1085B000FFF7B0FBEFE701329045D7D8012390E7F2
:1085C0007BB102F10043013B37F813300AEA0303A1
:1085D000B3F5405F21D1002109A80392FFF762FBA8
:1085E000039A07EB420490452BD8019B83B1052EDB
:1085F0000ED1002109A8FFF70EFB48B9012109A8F7
:10860000FFF709FB830744D000F00F00022845D193
:10861000002407EB4803A0465AE0012ACED995F87A
:108620003C30062B40F0F48045494648F8F762FCA0
:10863000044600236A6B2968F8F73EFD2046F6F7EA
:10864000C9FA039434F8021B01EA0A00B0F5805F0E
:1086500016D195F83C00C9B288420ED1082805D140
:10866000314609A80392FFF743FC039A2846039278
:10867000F1F702FD039A0132B5E7002A9ED0CEE75A
:10868000531C4946324609A8FFF723FB039B198870
:108690008DE70028BCD003793A2BB9D109A8FFF7A0
:1086A000B3FA09A8FFF7B0FA00230822494609A83F
:1086B000FFF79CFC6FE733F8022D02EA0A01B1F5DF
:1086C000805F10D1D2B2082A02D1013408F101082A
:1086D0009F42F0D1B8F1010F1CD11BF0400F19D00F
:1086E0000026314610E0214609A80393FFF793FACC
:1086F000039B08B108F101080134E9E7FFF784FAA8
:10870000002818BF01460136A64209A8F6D1FFF796
:10871000C9FA40E71BF0800F04D0002109A8FFF739
:10872000C1FA013423463246C0E700BF6FA80010EB
:10873000F39B01102C410410F43C0410A43D0410E0
:1087400043DB03107C2A041000F0FFFF012A3FF4F2
:1087500035AF12F001013FF4F1AEB8F1030F7FF431
:108760005EAF0121EAE608EA020303F0010337F8ED
:10877000134004EA0A01B1F5805F13D195F83C106B
:10878000C4F30B04A14202F1010409D11BB9314623
:1087900009A8FFF7ADFB2846F1F76EFC2246E2E799
:1087A0002246C4E64946531C09A83246FFF791FA0F
:1087B0002146FCE613A8F2F7B9F8129850B14168C7
:1087C00022460831F2F794F8129B5A681A60119AFF
:1087D0005A60119395F83C30002B7FF420AF0D9B2D
:1087E000002B3FF41CAF0E9B0B981B681093F2F705
:1087F00081F80E98F2F77EF80120F6F7AFF9DDE97F
:108800001001029B83E80300184617B0BDE8F08F03
:10881000022B01D1034908E7042B0CBF024903498D
:10882000034803E74CDB031073DB03105FCE031038
:10883000A02A041038B50446406808B9606038BD05
:108840004568F2F757F82846F7E70000044608B5F0
:1088500031B1054B4A6B036009680023F8F72CFC23
:108860002046F6F7B7F900BFA02A04102DE9FF4112
:1088700004461F46019246182AB1023A222A02D91A
:10888000374802F0C7F8B442254626D34FF0000817
:108890002846711B01AA00F0FFF905442846002470
:1088A000019BB04201462AD3B8F1000F00D06442C8
:1088B000640044F00104A94204D00D46B5422B46A1
:1088C00042D348D0019A2749012A08BF00222648EE
:1088D000F8F7A6FB3946FFF7B9FF14F8010B03F0D0
:1088E0003DF880460028CED12B782B2B01D1254690
:1088F000CEE72D2BCAD125464FF00108C8E710F866
:1089000001CBACF13002092A0AD9BCF15F0FC8D003
:108910004CF02002A2F1610CBCF1190FC4D8573AF7
:108920009342C1D983FB0441B1EBE47F03D11444EA
:1089300094EA4402B5D5711B424603A80395F9F7A2
:1089400088FD03990446B6E71878013503F006F868
:108950000028B3D1B6E7204604B0BDE8F08100BFDF
:1089600086DB03109BDB0310102A041007EE900A2D
:1089700010B5E9B1F5EE407AF1EE10FA18D00446E0
:10898000C0F3C7530B4411F10A0F63F3DE5412D343
:10899000494207EE901AF8EEE77A0F4817EE901A60
:1089A0001FF004FB07EE904A07EE100AC7EE877A25
:1089B00017EE900A10BD07EE901AF8EEE77A064817
:1089C00017EE901A1FF0F2FA07EE104A07EE900A1F
:1089D00067EE877AECE700BF0000A04000232DE996
:1089E000F0479C46044690461D4642189A46194652
:1089F00018461E46944264D2274617F801EBAEF1A2
:108A00003009B9F1090F3CD8022E07D1384CA142E8
:108A100002DC0A2404FB01913C46EBE7B9F1000FAC
:108A200016D0344CA04213D84FF00A0EB5B96546A3
:108A30004FF00A0CCDB9A042B4461ED80A2404FB5C
:108A40000090012E08BF03F1FF334FF0000CE3E765
:108A50000EB90135E0E70CF1010CDDE7A04294BF4F
:108A60000EFB00F00133013DE0E7A0429CBF0CFB90
:108A700000F003F1FF33013DDCE7002EE5D10133C7
:108A8000CAE726B9BEF12E0F03D10126C4E7022E94
:108A900014D04EF02009B9F1650F0FD1BA4203D9B5
:108AA00066782B2E04D1A71C97421ED00226B3E76E
:108AB0002D2EFBD14FF0010AA71CF5E7BEF15F0F89
:108AC000AAD0BAF1000F0ED107EE900AF8EE677A3D
:108AD0001D4417EE900A2944FFF748FFC8F800002C
:108AE0002046BDE8F0874942EEE70024F8E700BFE2
:108AF00064666606979999192DE9F04F4FF00008C2
:108B00002DED028B81464FF0000AC3469FED5F8A30
:108B100085B01F46109B009201934518CDF80CB00C
:108B2000A9454C4667D30026A21C954240F284809A
:108B3000227842F02002692A6ED1627842F0200247
:108B40006E2A79D1A27842F02002662A74D14FF0C1
:108B5000FF420392E21D954204F103001AD9E27824
:108B600042F02002692A15D1227942F020026E2AB1
:108B700010D1627942F02002692A0BD1A27942F029
:108B80002002742A06D1E27942F02002792A01D12A
:108B900004F10800009B83B1A8420ED2027842F093
:108BA00020026A2A09D1844208BF4FF07E5200F1A8
:108BB000010008BF03924AF0020A2EB1DDED037AEC
:108BC000F1EE677ACDED037A84423CD00646AE42A0
:108BD000B1463FD345D1BAF1010F34D00398BAF171
:108BE000000F48D00146404605B0BDEC028BBDE801
:108BF000F04FF7F755B919F8010B02F0AFFE064632
:108C000000288DD121782B2901D14C468CE72D29C4
:108C100089D14C46012687E76E2A0DD1627842F051
:108C20002002612A08D1A27842F020026E2A03D1E4
:108C30008DED038AE01CADE7204603AA291BFFF750
:108C4000CDFE0028A6D112491248F8F753F9019930
:108C5000FFF7FCFD99F80000013602F07FFE0028C6
:108C6000B5D1002FEFD0BAF1000FECD14FF0010ACF
:108C7000DDF80C8052E70FB10021B5E705B0BDEC7F
:108C8000028BBDE8F04FF8F709BB00BF0000C07FC2
:108C9000A4DB0310102A0410012910B5136822D98F
:108CA000017830291FD14178841C41F020017829B6
:108CB00006D133F0100314D110231360201A10BD15
:108CC0006F2904D133F008030BD10823F5E762299B
:108CD00004D133F0020304D10223EEE70BB90123E0
:108CE00013600446EAE7002BFBD10A23F8E7D0E93A
:108CF0000003184770B505460C468E18B44200D1E3
:108D000070BDD5E90003984704F8010BF6E738B5C4
:108D100004460025D4E90003984700F07F0343EAA6
:108D2000C5150306F6D4284638BD00002DE9F041EC
:108D300086B00546FFF7DBFFC4B2042C06D8284BEB
:108D400053F82440204606B0BDE8F0812846FFF7DE
:108D5000DEFF064630B9062C04D12846FFF7C7FFD0
:108D6000204CEFE70A2C10D100213046FDF7CCFD56
:108D70000027044600F10408B742E3D02846FFF775
:108D8000D5FF013748F8040FF6E7314602A803F093
:108D900061FF324628460499FFF7ACFF631F012BA1
:108DA0000CD82846FFF7A3FF052C02A803D1FBF738
:108DB0009BFE0446C6E7FBF79DFEFAE7072C4FF043
:108DC0000003DDE9031003D10A22FFF74FFDF0E7AE
:108DD000093C624200936241FFF78EFEE9E700BF63
:108DE000DC4104106C3704102DE9F84305460E46AB
:108DF00017460024DFF8A8802868FFF778FF5FFA9D
:108E000080F9B9F1FF0F01D1BDE8F883C2070DD594
:108E10002868FFF77CFF10F0010F18BFAB684FEA1E
:108E200050040CBF06EB840403EB84044FEA59039F
:108E3000082B21D8DFE803F0050505050505171BFC
:108E40001E00DB070DD52868FFF761FF5FEA99096F
:108E500023D0B9F1010F0CBFAB68EB680246214685
:108E600016E00120F2E76B689B680120F6E76B686B
:108E7000DB68FAE74346F8E7094A03F18043093B18
:108E800052F82330F1E751F804CB9C4441F804CC6C
:108E9000013AF8D204EB8004AEE73B46DEE700BFC0
:108EA000442404102DE9F04F8FB007460991FFF7D5
:108EB0002EFF00F00303C20803F1020A00F00408C9
:108EC00008927BB94FF000091046F1F7EBFC4E46D3
:108ED00001460546089A3846FFF70CFFCDF810907A
:108EE00000248EE00898F1F7DDFC089A014605465B
:108EF0003846FFF7FFFEBAF1030F384645D1FFF7BA
:108F000006FF0446002628182B5D411C0A1A1B0682
:108F100002F1FF3231D44FF00009CDE90699CDF8C6
:108F20001090B8F1000F79D03846FFF7F0FE804678
:108F3000BAF1030F08BF01308000F1F7B3FC4FF026
:108F4000000B0590C3455FD1ECF77FFCBAF1020F2F
:108F500083466ED12A46002312F8011B501B0906D6
:108F600000F1FF305DD429465846059A9BB2ECF7D4
:108F700073FC58460FB0BDE8F08F11F8013BC3F306
:108F8000801C0CFA02F21643C0E7FFF7C0FEBAF1EC
:108F9000050F064608D13846FFF7B9FE049038465B
:108FA000FFF7B5FE81469BE710F0200925D0384633
:108FB000FFF7ADFE834616F0400002D03846FFF7BB
:108FC000A6FE1BEB00041AD0033020F003040BEBC9
:108FD0000400F1F780FC0346234407900693B9F19F
:108FE000000F04D05A4619463846FFF783FE4FF06B
:108FF00000094C46CDF8109093E7CB46DBE7A1463D
:109000000494CDE906448CE738460999FFF74AFFF6
:10901000059B43F82B000BF1010B93E7CDF814806F
:1090200092E712F8011BC1F3801404FA00F0034325
:1090300094E7099B0A970B93069B0C93079B0D9350
:10904000F30612D5154FD7F8B01021B90846F9F735
:10905000C1FEC7F8B0002946D7F8B000F9F72DFCDB
:109060002A4629460AA8FFF7BFFEBAF1030F06D128
:109070002C44B8F1000F03D0059B43F82840059C11
:10908000049BB6B202932A4651465846CDE90046A3
:10909000089BCDF80C90ECF7E8FB6AE7F827002076
:1090A0002DE9F047836886B00493036805460F46B0
:1090B00002A83F490593F5F743FD042228460DEB2E
:1090C0000201FFF717FE9DF806609DF80420B30823
:1090D0004D2A03F02F030CD19DF80520062A08D154
:1090E0001BB106F00302032A03D19DF807201F2AB3
:1090F00002D9304801F08EFC23B1043B032B01D987
:109100002D48F7E716F04006F3D12846FFF7FFFD9C
:1091100081462846FFF7FBFD4FEA490403348046A9
:1091200000EB94008000D7F800A0F1F7BBFB24F01F
:109130000304CAF808002044CAF80C004E450DD1BB
:109140000024444539682BD12846FFF7ABFE7860F0
:109150000120F5F703FD06B0BDE8F0872846FFF7CC
:10916000D6FD10F0010F4FEA500413D12046F1F75D
:1091700099FB8246224601462846FFF7BBFD28465A
:10918000FFF7B5FD2146504600F0A0F804465046D2
:10919000F1F7B0FB3B689B6823F816400136CDE73A
:1091A0002846CE68FFF7C2FD46F824000134C8E720
:1091B000F39B0110AADB0310B2DB03101FB50C46B2
:1091C000014601A80DF070F9214601A8FFF768FFDC
:1091D00004B010BD0346064A506A1A684168C1F3DC
:1091E0001E018A4202D3521A1A6070470068F5E7DE
:1091F000F827002041F205530144884204D3D8B235
:10920000012838BF0120704710F8012B03EB4313EE
:109210005340F2E70448054B4362002300F50D700C
:1092200040F80C3C1AF0C4BEF8270020ECD704101C
:109230002DE9F04781460F46002942D0FFF7DAFFBB
:109240008246214B5C6A0CB9204636E094F907301F
:10925000E668002B4FF0000506F1FF3616DB0136FD
:1092600004F11808B54215D32468ECE706EB0508AD
:109270004FEA580808F106033A46484654F82310C6
:1092800023F048F90028CCBF45464646731B012B06
:10929000ECD8E4E723695B5D9A4510D163695B5DB7
:1092A0009F420CD13A46494658F8250023F0F2F97E
:1092B00028B96068C0F31E002844BDE8F087013576
:1092C000D0E70120F9E700BFF82700202DE9F84397
:1092D00081460E46574823F0CFFB31464846FFF7FC
:1092E000A7FF0546002840F09E80FF2E06D9514872
:1092F00023F0AEFB5049514800F068FD504C771CFC
:10930000D4F8280298B1D4E98B133B448B422FD96F
:109310002A463944F1F7ECFA054600BB0246D4F878
:109320003012D4F82802F1F7E3FAC4F82852802F5B
:109330003D4638BF80252846F1F7BFFAC4F8280219
:10934000002842D13846F1F7B8FAC4F828020028BC
:109350003AD1384823F07CFB384601F047FBD4F87B
:109360002C323B44C4F82C32D4F82832002BDED007
:10937000D4F83032D4F82822494602EB03083B44A3
:10938000002732464046C4F8303223F0B1F9314666
:10939000404608F80670FFF72DFF636A8146D3E95F
:1093A0000253AB422CD36D000A2D38BF0A2506208C
:1093B00068431830F1F781FA68B9C4F828021D48EB
:1093C00023F046FB2846C8E73D460023C4F82C524C
:1093D000C4F83032CCE700F1180202EB8502616A72
:1093E00002612A4442614A680160C968C2F31E02F0
:1093F0000A444168C76062F31E01C0E9011560625A
:10940000626AD2E9033202F80390626A991D5269D6
:10941000D654626A42F821805568D168C5F31E05AA
:109420000131D1601D44034823F012FB2846BDE8FA
:10943000F88300BF2C2A0020BADB0310E82A0410AE
:10944000F827002010B5044623F006FA014620460E
:10945000BDE81040FFF73ABF07B5019001A8FFF73C
:10946000B9FE019B0269D05C03B05DF804FB07B54F
:10947000019001A8FFF7AEFE019B4269D05C03B0EA
:109480005DF804FB07B5019001A8FFF7A3FE019B5F
:10949000063350F8230003B05DF804FB13B50190C8
:1094A00001A80C46FFF796FE019B4269D25C063389
:1094B00050F82300226002B010BD00002DE9F843EF
:1094C00007461C481D468846164623F0D5FA002359
:1094D0003B60C8F8003033602B60174BDFF85C90BE
:1094E0005C6A7CB92B683268124813442B60BDE873
:1094F000F84323F0ADBA336812F8010B013303448B
:1095000033600DE04C45EDD03B6801333B60E268D1
:10951000D8F800301344C8F800306269E368D11805
:109520008A42E8D32046F0F73DFB2B6824680344C9
:109530002B60D6E72C2A0020F8270020ECD7041057
:109540002DE9F843104823F097FA104B104F5C6A4E
:10955000DFF84080DFF840905CB90B48BDE8F84385
:1095600023F076BA4146484655F8042BF3F72CFC15
:1095700006E0BC42F1D0E36804F1180505EB830670
:10958000B542EFD32468E7E72C2A0020F827002013
:10959000ECD70410C2DB03101424041030B50023F0
:1095A000202511F8012F0AB9027030BD120600F112
:1095B000010420D513B12023037020460B78124AF2
:1095C00003F07F036BB9013A12F8013F044613F030
:1095D000800F00F101000BD003F07F032370012303
:1095E000DFE712F9014B002CFBDA013BDBB2E9E7C4
:1095F00000F8013CE8E7012B04BF057020460B781A
:1096000000F8013B0223CCE7C9DB0310D0E90232AA
:1096100093423DBF5A1C826018784FF0FF3070476C
:10962000036810B5013B0333044602D84068F1F7E4
:1096300061F92046BDE81040F1F75CB9F8B5054680
:1096400010200C461F461646F1F72CF9054BC0E9D1
:10965000007484603444C4606B60034B2860AB606A
:10966000F8BD00BF0D9601102196011008B5421EED
:10967000013912F8010F11F8013F50B12BB902F076
:1096800095F980F00100C0B206E09842F1D00020C8
:1096900004E0B3FA83F0400900F0010008BD0000C7
:1096A000024613B548B101236A4600F06DFB0098ED
:1096B000003818BF012002B010BDCC0044F00204F5
:1096C00021460648F1F756F9024620B921460448DA
:1096D000F1F750F9ECE70120EDE700BF4432041048
:1096E000B0310410094B03EB8003D3F8B40000F051
:1096F0000703022B05D0830705D10268044B9A4269
:1097000001D1FBF763BD0348704700BFF827002075
:10971000143B04107A020410F8B5037804460BB920
:109720000020F8BD402B1FD1012000231F461E46FC
:109730001D462278002A45D1DA1E012A40F28C808B
:10974000002D03DC002E01DC002F02DD002B00F0D9
:10975000838014F8013C5C2B7ED00028E0D0B3F16C
:109760000A0018BF0120DCE74149FFF77FFF00280E
:10977000DAD120463F49FFF779FF0028D4D12046AF
:109780003D49FFF773FF0028CED120463B49FFF744
:109790006DFF0028C8D120463949FFF767FF002830
:1097A000C2D120463749FFF761FF0028BCD12046CF
:1097B0003549FFF75BFF0028B6D120463349FFF754
:1097C00055FFB2E7272A61780BD1002B46D0032B37
:1097D00002D127294AD143E0012B47D883F0010366
:1097E00044E0222A13D133F004020BD1222906D1FE
:1097F000A278222A03D10234C3F1040336E01BB15C
:10980000042333E0022B31D1C3F102032EE05C2AA2
:1098100008D1272903D0222901D05C2902D12BB3FA
:10982000013423E013BB5D2A12D007D8292A0BD0BC
:109830005B2A0BD0282A19D1013517E07B2A09D0E1
:109840007D2A13D1013F11E0013D0FE001360DE00B
:10985000013E0BE0013709E0012062E72729BDD175
:10986000A278272AB8D10234C3F10303013460E798
:1098700090D20310D3D20310040E0410CFD20310E1
:1098800090F60310300304100CF7031075D2031088
:109890002DE9F04F00EB010882460E4645468BB09D
:1098A000CDE902236C1EA24501D9554610E015F8FA
:1098B000010C02F05DF808B12546F3E7207802F0CC
:1098C00061F80028F8D123785F2BF5D02E2BF3D048
:1098D000DFF8F4912B4643451F4603D23A78013313
:1098E0002E2AF8D14745A7EB050415D02146284676
:1098F000FFF79EFC014618B900200BB0BDE8F08FC1
:109900004846012308AA00F03FFADDF82090B9F19B
:10991000000FF1D07D1CDDE7062E08D90722504646
:10992000644922F0B7FE002808BF4FF000094FF04D
:10993000000802274646C3465F4BCDF804805A6AAA
:109940005368D268C3F31E0313440493049BBB42C1
:1099500014D8002E4AD15545CED1631E052BCBD845
:10996000544E22463146284622F094FE0028C3D1A8
:10997000039B26441E60C4F10700BEE7384607A9D2
:10998000FFF78CFD034624B902785F2A0DD1013719
:10999000DCE7079A9442FAD8014605902246284609
:1099A00022F0B8FD059B0028F1D1394648460593C1
:1099B000FFF776FE0028EAD0019A0799059B62B16D
:1099C00022465A450BD8914209D3019810F802C09B
:1099D000985C844508D10132F3E78B460193B84681
:1099E000002ED4D13E46D2E79346F8E7464501D053
:1099F0005C455DD2019A039B22441A60ABEB0400E4
:109A00007BE7304607A9FFF749FD824664B9037832
:109A10005F2B13D101364645F3D928490298F2F756
:109A200025FE4FF0FF3068E7079B9C42F2D80146C5
:109A30002246284622F06EFD0028EBD131464846EA
:109A4000FFF72EFE0028E5D007F10F0BDBF1000237
:109A500002F00F020BF00F0358BF5342ABEB030BA6
:109A6000ABEB070BBBF1010FD8BF0BF1100B079A43
:109A700007EB0B031344402B13D8002305E0029897
:109A80000193F2F7F3FD019B01339B450C49F6DC92
:109A900051460298F2F7EAFD079B3B4403EB0B07A4
:109AA000B8E7524607490298F3F78EF9079FB1E7E6
:109AB0004027B0E70A5A0410F8270020C302041018
:109AC00021020410F7F903102C5A04104FF05043F0
:109AD0001A68024B53F82200704700BF0020002094
:109AE00010B501468468FFF7F1FF0461FFF7EEFF50
:109AF000C968C16010BD00008388024603F4C071CC
:109B0000B1F5C07F0FD0190604D5C37B00EB8302EB
:109B10001069704713F4807006D0D37B02EB830288
:109B20001369586870470148704700BFBDB80110FD
:109B300070B5FFF76FFB0025FFF7C8FF0123274C27
:109B4000C561A4F84832D4F84C320BB1A4F848529D
:109B5000A4F85452F7F756F9214B224EC4E91035B8
:109B6000214B03212148E364A564C4F83C5284F8E6
:109B70004052F6F7CBFE01213046F6F7C7FEAA2287
:109B8000BA213046F6F7CCFFFFF7A0FFC660FFF71B
:109B90009DFF002106610846C4E941552567C4F8C8
:109BA000B050C4F8A450F9F715F90A21C4F8B4006C
:109BB000F8F783FE40F2E261D4F8B400F8F77DFED6
:109BC000002106F13400F8F7B7FF40F2027240F2CC
:109BD000DA63C4F8C050C4E92E2370BDF827002012
:109BE000702D041058280020483B041048280020FD
:109BF0007047D0E90230184708B5074B186F08B90D
:109C0000064808BD002240F672710430F0F7B2FE3B
:109C10000028F5D04068F4E7F8270020041A041063
:109C200010B50446FFF752FFE4000A46C06844F04E
:109C30000201BDE81040F6F773BF014608B5FFF713
:109C400045FFBDE80840C900C06841F00201F6F7D1
:109C500075BF10B50446FFF739FFE4000A460069F6
:109C600044F00201BDE81040F6F75ABF014608B5BE
:109C7000FFF72CFFBDE80840C900006941F0020170
:109C8000F6F75CBFF8B51C46930707460E46154627
:109C900008D113689A88910615D5520610D5B38855
:109CA0009B0501D52560F8BD50B9114B9E4207D0E8
:109CB0000C201049F4F7BBFFC0E901652060F2E712
:109CC000C4E90057EFE70C4A934202D16B68236066
:109CD000E9E70A4A9342E5D130B1F4F7B5FF084B02
:109CE000834214BF06463E466B68C4E90036DAE795
:109CF0000C330410145A0410D03B0410B83B041069
:109D0000183C041000232DE9F0410E46C2E900334F
:109D100007461446F4F798FF0A2E054602D1206044
:109D2000BDE8F081192E07D1838803F4C0731BB1FD
:109D3000144BC4E90037F3E76B7B5BB105EB83039E
:109D40001B6922463146384698476368042BE7D1A1
:109D500000236360EB7C002BE2D005EB83031869E2
:109D6000F100002241F002010430F0F703FE002868
:109D7000D6D02346294642683846BDE8F041FFF771
:109D800081BF00BF78190410F0B593B0054668464E
:109D90000E4617461C46F4F705FF40B93A463146D1
:109DA0002846FFF7AFFFF4F7BFFE13B0F0BD002C5D
:109DB000FBD1019B04491868FDF76CFD0028F4D124
:109DC0000198F4F707FF00BF2C2C041008B519B94F
:109DD000F7F78AF8F4F7FEFEF7F78CF8FAE70EB417
:109DE00003B503AA52F8041B0192F7F7B1F8F4F790
:109DF000F1FE000038B50546FFF768FEEC0000698B
:109E000044F00204002221460430F0F7B3FD02467C
:109E1000A8B90C4B186F30B121460430F0F7AAFDF9
:109E200008B1406838BD002221460748F0F7A2FD7E
:109E3000024620B92A4605490548FFF7D0FF506879
:109E4000F0E700BFF8270020B4150410FBF9031059
:109E5000302B041010B50446FFF738FED0E903326A
:109E60009A4207D0E100002241F00201181DF0F7EC
:109E700081FD20B92046BDE81040FFF7BBBF406818
:109E800010BD0000032837B505460C4607D108462B
:109E9000F5F7FCF800B30E24204603B030BDCA0726
:109EA0002FD54B1008282AD801A252F820F000BF65
:109EB000999E0110E19E0110FF9E0110FF9E01106E
:109EC000D59E0110FF9E0110999E0110DD9E01108C
:109ED000999E0110002BDED01E24DDE7002BDBDA7B
:109EE000B3F1404F06D14FF0804003B0BDE83040A1
:109EF000F8F78ABA5B425B0043F00104CCE7DB432E
:109F0000F9E7062825D101F00703022B10D08B07B3
:109F10001FD10B681A7BE2B103EB82031A69204B55
:109F20009A4216D1486840B98B68C86801930CE022
:109F3000CC082046FFF790FA18B1400040F0010429
:109F4000AAE7204601A9FFF7A9FA0199FFF752F9FC
:109F5000F3E72046F4F778FEC37ABBB100EB830049
:109F60000369214628469847B0B9042DB4D0A5F11D
:109F70000803022B12D90B4B20465D5DF4F770FEEF
:109F80002A46034608490948FFF729FF062DECD168
:109F9000640044F001047FE704467DE700247BE78A
:109FA000ED5201106E3C041007FA0310582A0410F9
:109FB0002DE9F04105460E4617469846F4F744FE53
:109FC000847A54B100EB8404246943463A4631460E
:109FD0002846A446BDE8F04160472846F4F740FE15
:109FE000024902460248FFF7FAFE00BFF2DA031008
:109FF000582A041000231A461946FFF7D9BF00005B
:10A00000F0B587B015460C4606461946FFF75EFDCB
:10A0100003690493FFF75AFDC3680593FFF756FDE4
:10A020000561FFF753FDC1600D4902A8F4F788FDF3
:10A030002246314668463768FEF720FAB4FA84F2C1
:10A04000394668465209EAF75FFC044615B1FFF746
:10A05000D1FF04460120F4F781FD204607B0F0BD92
:10A06000E19A011007B50022019101AB0121FFF730
:10A070009FFF03B05DF804FB30B455681446003D03
:10A0800018BF0125C5F1020302EB83030A46291814
:10A09000206830BCFFF78CBF10B50446F6F7CEFF42
:10A0A00030B1002320461A461946FFF781FF0446C7
:10A0B0002046F6F7DDFF28B9BDE810400249034805
:10A0C000F6F718BF204610BD10FA0310582A0410E6
:10A0D00010B5C00086B040F0020014460190FFF7B2
:10A0E000F5FC0369059402930623CDE903310B4B7C
:10A0F000186F70B1002240F6A2710430F0F73AFCFC
:10A1000038B100220521406801ABFFF751FF06B0CE
:10A1100010BD01A90520E7F78FFCF8E7F82700201C
:10A1200070B5164604460D46FFF7ECFD336893B94B
:10A13000A30709D12268084B9A4205D12B46E28831
:10A1400006490748FFF74BFE2046F4F789FD2B46EA
:10A1500002460449F5E770BD183C041031FA0310BB
:10A160002C2C04103AFA031007B56A46FFF7D8FF03
:10A17000DDE9000111B903B05DF804FBF5F7CCFD92
:10A18000F9E700002DE9F04385B01D4606460C4670
:10A190001746F4F759FD3A4B8046984208D12B46B2
:10A1A0003A462146304605B0BDE8F043F7F7DABC41
:10A1B000818811F4C07916D0062C31D1FFF786FCC6
:10A1C000002303624046FFF797FC0346304698475A
:10A1D0002860E8B9FFF77AFC036A002B18BF1C4619
:10A1E0002C60002015E0062C1AD11921304601AA56
:10A1F000FFF788FD019B7BB98A21304601AAFFF752
:10A200008FFF03940021012001AAFFF735FF28608A
:10A21000012005B0BDE8F0834946484601AAF4E7AD
:10A22000002CE9D13846F4F70FFD1649FDF732FB53
:10A2300001AA60B147213046FFF764FD019B73B16D
:10A240002146204601AAFFF717FF2860C9E79B2196
:10A250003046FFF757FD019B0BB10397D2E7384615
:10A260000949F6F719FF30B108490948F6F742FEE7
:10A2700028600220CDE73846FFF70EFFF8E700BF61
:10A28000282F04104C2D0410E02C0410D3D60310FA
:10A29000E82A04107FB540F2EB1102AA0546FFF749
:10A2A00031FD029CDCB12046694601AAF4F752FE5A
:10A2B0000024009BA34201D804B070BD019B53F859
:10A2C0002400FAF76BFF0646014602AA2846FFF76C
:10A2D00027FF30460299FFF7A3FC0134E9E728463F
:10A2E00040F2F11102AAFFF71BFF029DAB68A342E7
:10A2F000E2D9EB68E60053F8340078B104280DD0B9
:10A30000FAF764FF03785F2B08D0EB689859FAF7E7
:10A3100045FFEB6833445968FFF782FC0134E5E7F9
:10A3200073B505460C461646F4F78EFC437B5BB1CD
:10A330000422CDE9002600EB8302136921466A4618
:10A3400028469847009B43B12846F4F789FC2346EA
:10A35000024603490348FFF742FD02B070BD00BF4B
:10A360003AFA03102C2C041073B50C460646F4F789
:10A370006BFC83880546190632D4C37BB3B14CB954
:10A3800000EB83031A69174B9A4203D01020F0F7B1
:10A3900089FA0446EB7BAA8805EB83031B69D20587
:10A3A00048BF1B6821463046984778B96A460F2156
:10A3B0003046FFF7A7FC009B53B11CB91020F0F703
:10A3C00071FA044621466846F7F7D0FC02B070BD2A
:10A3D0003046F4F745FC044902460448FFF7FFFC09
:10A3E0003046F3E7316D011042FA0310582A041089
:10A3F00073B50446F4F728FC8188064611F4C0754D
:10A400000CD0FFF763FB002303623046FFF774FBB9
:10A410000346204602B0BDE8704018476A4619213D
:10A420002046FFF76FFC009B3BB92046F4F718FC71
:10A43000054902460548FFF7D2FC6A4629462846E8
:10A44000FFF71AFE02B070BD4FFA0310582A04102D
:10A4500030B5054695B0EAF75BFC2846F4F7F4FB07
:10A460008488014614F4C0740CD0FFF72FFB00233E
:10A4700003620846FFF740FB0346284615B0BDE8D7
:10A48000304018476A4619212846FFF73BFC009BDD
:10A49000F3B102A8F4F786FB014640B96A46FFF71C
:10A4A000EBFD0446F4F740FB204615B030BD039B9E
:10A4B0000B491868FDF7EEF938B10398F6F7E6FC9A
:10A4C0000146FFF703FB0162EEE70398F4F782FB16
:10A4D0002846F4F7C5FB034902460348FFF77FFC13
:10A4E000E02C04104FFA0310582A04102DE9F04F05
:10A4F00013688DB004460293002855D102F1040878
:10A50000C1F307294FEA4903CFB253FA81F158F852
:10A5100021604FEA810B76105CD13546BB00039376
:10A5200008EB8703009308EB0B034FF0000BDDF8FB
:10A5300000A00193019B9A4550D1D9444FEA490BA1
:10A540007B1C002E5ED103EB0B05A800F0F7AAF9E7
:10A5500081460CB1012604604146039A09EB86004E
:10A5600022F0C6F8BC19A344AB4506D948464FEAC9
:10A570008B01F0F7B2F95D4681462646DFF800A26E
:10A58000DDE90032934240F08A80321B21464B467F
:10A5900052080298FFF70CFD04464846F0F7AAF966
:10A5A00020460DB0BDE8F08F546802F10808A7E717
:10A5B00026FA0AF3D80708D558F82A00F4F748FD18
:10A5C00018B1F4F71DFC013805440AF1010A57459A
:10A5D000EED1A3E74FF0000A5546F8E7DAF800207D
:10A5E0006AB9DAF8040050B1810708D102686449F9
:10A5F0008A4204D1F6F791FA0BF1FF3B83440AF14A
:10A60000080A97E71D445D44A800F0F74BF981461E
:10A610000CB1046001244FF0000A5745A3D026FA7C
:10A620000AF3DA0758F82A0035D5830716D10368EC
:10A63000544A934202D0544A93420FD108AA07A920
:10A64000F4F788FC079A09EB84000899920022F03D
:10A650004FF8079B1C440AF1010ADEE708A9FFF73F
:10A6600083FEA7EB0A03039004930398FFF7F0FE21
:10A6700003460028EFD0049A2244954207D8484662
:10A68000E9000593F0F729F98146059B6D0049F82B
:10A6900024300134E9E749F824000134DBE7009B6A
:10A6A000D3E9002B002A62D11BF0030726D1DBF887
:10A6B0000030534522D1DBF808309F4203D3009B82
:10A6C000083300935CE7DBF80C304FEAC70853F817
:10A6D000370088B104280FD000F00703022B01D007
:10A6E000FBF780FD49F82600DBF80C30B20043444C
:10A6F0005B684A44023653600137DCE76A215846FA
:10A7000008AAFFF70DFD002108AA0846FFF7B4FCD0
:10A710000021FFF729FE03900398FFF799FE0746F3
:10A720000028CCD0731CAB4207D34846E900F0F7B1
:10A73000D4F84FEA45088146454607F00703022B47
:10A7400003D03846FBF74EFD07460F21584608AAAE
:10A75000FFF7E6FC0021012008AA0A97FFF78CFC0E
:10A76000B3004B4449F8267002365860D4E7B30072
:10A770004B4449F826200236C3F804B09FE700BFD7
:10A780004C290410843B04106431041070B5830715
:10A790000C46154686B01BD103681D4A934202D071
:10A7A0001C4A934214D102AA01A9F4F7D3FB019BDE
:10A7B000A34227D319D8029B043D03EB84049C4297
:10A7C00001D106B070BD54F8042D45F8042FF6E70A
:10A7D00002A9FFF7C9FD002306469C4230460193BB
:10A7E00006D8FFF735FE0028EBD022460A490BE0D9
:10A7F000FFF72EFE30B1019BE21A013A45F8220024
:10A800000133EAE7019A05490548FFF7E8FA00BF76
:10A81000843B04106431041076FA03105DFA0310CF
:10A82000102A04102DE9FF4183071546CFB2C1F36A
:10A83000072436D10368384A934202D0374A9342FC
:10A840002FD10290029803AA01A9F4F783FB019883
:10A850003B1983425AD80026039901EB8003A64294
:10A8600014D1C01B01EB8701801BF8F7B3FA05EB8D
:10A87000860842460399BC0045F826000B198B4216
:10A880000AD10023029304B0BDE8F08153F8042DEF
:10A8900045F826200136E2E753F8040D42F8040F8C
:10A8A000EDE70021FFF760FD002380469F42019302
:10A8B00017D800210846F8F78DFA06464046FFF7FC
:10A8C000C7FD0146C0B9B368A3421FD345F8246051
:10A8D00005EB840205EB8301AA4211D11B1BB36077
:10A8E000D1E74046FFF7B4FD80B1019BFA1A22443C
:10A8F00045F822000133D9E73046F7F7DEFFDDE700
:10A90000F768881A385842F8040DE5E7019A0449B7
:10A910000448FFF764FA00BF843B0410643104105C
:10A920005DFA0310102A04102DE9F04F85B000AF36
:10A9300007F1080205460C46FFF7E4F9D7E90201E2
:10A9400029B1F5F7E9F91437BD46BDE8F08F0028C5
:10A95000F9D140F2F511284607F10802FFF7D2F9C4
:10A96000BB6823B922461F491F48FFF738FA07F191
:10A97000080228461721FFF7C5F9391DB868FAF70C
:10A9800093FC82462046FEF772FDD7F804905146AC
:10A9900009F101068519EB1D23F00703ADEB030D4B
:10A9A0006B464A4618464FEAD30B21F0A1FE2E23F0
:10A9B000204609F83B30FEF765FDE8468146204613
:10A9C000FEF755FD464402464946304621F090FECA
:10A9D00029464046FEF77AFC01221E21FFF778FB4C
:10A9E000B1E700BF93FA0310E42B041008B5044646
:10A9F000EEF76AFE18B104490448FFF7E7F922466A
:10AA000003490248FFF7EBF999FA0310542B04109D
:10AA1000BCFA0310014608B50148FFF7D7F900BF9B
:10AA2000102A04102DE9F043831E05468846174678
:10AA300087B0062B3BD8DFE803F0093A3A093A041D
:10AA40000F00B94212D04FF00E09F0E03A4607B0BD
:10AA5000BDE8F043F4F744BB3846F6F7EFFA40B1EF
:10AA600039464046F6F718FB0028ECD04FF01E0997
:10AA7000DDE017F0030440F006813A68A44B9A42E7
:10AA800040F0018107F104097B68A342DBD959F842
:10AA9000046F3046F6F7D2FA002800F061813146A3
:10AAA0004046F6F7F9FA0028E0D10134ECE711F05E
:10AAB000010F00F006814E10F90740F1D2807C10A2
:10AAC000232800F2E080DFE800F0B6BADEBEC2DE86
:10AAD000DEDEDE121D20233D46484ADE50586C74EF
:10AAE000121D20233D46484ADE50586C749846EAB1
:10AAF000040090EA40034FEA400900F1AC8049F0BD
:10AB0000010994E086EA0400F3E706EA0400F0E7AE
:10AB1000002C02DA7F48FFF77DFF1F2C09DC6FF065
:10AB200040432341B34204DB4FF040432341B3424F
:10AB300005DD3046F117F7F757FC8046C7E006FA07
:10AB400004F0D6E7002CE5DB1F2C2046A8BF1F2011
:10AB500046FA00F0CDE73019CBE7301BC9E786FB9A
:10AB60000404B4EBE07FC4D0E3E7002C00F0FA80EB
:10AB70002146304600F03FFCBBE7002C00F0F2809D
:10AB800007EE906AB8EEE77A07EE904AF8EEE77AB9
:10AB9000C7EE277A17EE900A07B0BDE8F043F6F744
:10ABA0007DBB002C00F0DE802146304600F015FC15
:10ABB0009FE7002C1EDA07EE906AF8EEE77A3A4635
:10ABC00017EE901A07B0BDE8F043F6F7C9BBE207ED
:10ABD00004D583FB0002B2EBE07FAAD1012C88D020
:10ABE00083FB0332B2EBE37F4FEA6404A1D1002C74
:10ABF000EDD17EE733460120F9E7002C00F0B2806A
:10AC000000210220FBF780FE21468146304600F0FD
:10AC1000F2FB400040F00100C9F808002146304630
:10AC200000F0DBFB400040F00100C9F80C00484692
:10AC300007B0BDE8F083A642FFF618AF03E7A642CF
:10AC40003FF714AFFFE6A6427FF710AFFBE6A64240
:10AC5000BFF60CAFF7E6C11707B0BDE8F043F7F752
:10AC6000C3BBBB072DD13B682B4A93421BD107EED8
:10AC7000906AF8EEE77A3A4617EE901AF6F770FB0C
:10AC800081460028D3D1254B40465D5DF3F7E8FFB0
:10AC900004463846F3F7E4FF234600902A4620494D
:10ACA0002048FFF79CF8204A93420AD107EE906AA9
:10ACB000F8EEE77A3B46002217EE901AF5F7BCF95A
:10ACC000DEE7062D03D143462425B8461F464046FD
:10ACD000F3F7BAFF037B33B9A5F109030C2B0DD8A9
:10ACE0000D35EDB2F3E700EB830003693A464146C8
:10ACF0002846984781460028EED098E7A5F116032C
:10AD00000C2B13D843460F35B846EDB21F46DEE78D
:10AD1000843B041047D70310F42D04103C3C04106E
:10AD2000EAFA0310582A041060270410242D04D9CD
:10AD30004346B8461F460F3DEDB2242DA3D14046F1
:10AD400002A9FFF711FB04462046FFF781FB00280C
:10AD50003FF479AE3946F4F73FFA0028F4D085E69F
:10AD6000374690E701490248FFF730F840D3031017
:10AD7000742C0410014608B50148FFF727F800BFFE
:10AD8000582A04102DE9F041044617461E460D4688
:10AD900041B11868F3F758FF6368834202D0054851
:10ADA000FFF7E8FF33463A462946A068BDE8F04180
:10ADB000FFF7FEB8FDFA0310014608B50148FFF79A
:10ADC00005F800BFC42A041007B50022019101ABA9
:10ADD0000121F5F7ABFFF3F7FDFE0000014608B5D2
:10ADE000024809B9FEF7F2FFFFF7EEFFE02C04106E
:10ADF00008B5F3F735FF024902460248FEF7EFFFB8
:10AE000003FB0310582A0410410008B5024841F022
:10AE10000101FFF7D9FF00BF0C2B041041F2E271D2
:10AE200008B50148FFF7D0FFE82A041030B593B009
:10AE3000044668460D46F3F7B5FE48B92046294654
:10AE4000FFF710F90446F3F76FFE204613B030BD4C
:10AE500001990248F3F732FF0024F6E714240410A6
:10AE60000022034B9A6403F14002DA61704700BF8D
:10AE7000F827002008B514F089F9094AB2F84832D9
:10AE80001B0451BF4FF6FF73B2F8483203F1FF3392
:10AE90001BB2A2F84832BDE8084014F085B900BFE3
:10AEA000F827002008B514F071F90B4BB3F84822CD
:10AEB000013212B2A3F8482242B9D3F84C2212B997
:10AEC00093F8542232B10022A3F84822BDE808408A
:10AED00014F06AB90122F7E7F827002070B505469B
:10AEE0000C4614F053F9104B93F85422082A19D049
:10AEF000B3F84812561C09B2012904BF0021A3F877
:10AF0000481293F8551283F854620A4402F007027B
:10AF1000183203EBC203C3E90154012414F044F9CD
:10AF2000204670BD0024F9E7F827002038B5044614
:10AF30000D4614F02BF92168C9B90E4BB3F848221D
:10AF400012B2012A4FF0000208BFA3F84812626053
:10AF5000D3F85022256042B9C3F84C42C3F850429E
:10AF6000012414F021F9204638BD5460F6E700248E
:10AF7000F7E700BFF827002002282DE9F04104463A
:10AF80001BD04FF05046394D336855F82330DB69FC
:10AF90009BB114F0FBF83268034655F82220D569BE
:10AFA00045B10021012CD16104D114F0FDF82846EF
:10AFB000F3F710FE184614F0F7F82D4CB4F84832A9
:10AFC0001BB2002B50D14FF050431A68274B53F857
:10AFD0002250A54248D114F0D9F8B5F8486203468A
:10AFE00036B21EB1BDE8F04114F0DEB84FF6FF7284
:10AFF000D4F85072A4F84822A7B1D4F84C526A6829
:10B00000C4F84C220AB9C4F850221846D5F800807A
:10B010002E6014F0C9F82846C04714F0B7F8AF42C4
:10B020000346EAD194F85402D0B194F8552201387D
:10B0300002F11801013204EBC10102F0070284F8A9
:10B0400054021846D1E9015684F8552214F0ACF8A0
:10B0500031462846FFF7EAFEBDE8F041FFF722BF80
:10B06000184614F0A1F8F7E7BDE8F08100200020B1
:10B07000F82700200120FFF77FBF08B5FFF7FAFF90
:10B0800020BF08BD10B50446FFF7F4FF2046BDE819
:10B09000104014F03BB80000F8B5054630200E46CD
:10B0A0001746EFF718FC072D04460570C66001D05F
:10B0B000012D0FD1B368C3F30F13A382EAF7C5FBC9
:10B0C000042320612783E3842020EFF7EBFBE06279
:10B0D0002046F8BD014B5B5DEFE700BF345A04101A
:10B0E00010B50446C06AEFF705FC2046BDE81040E5
:10B0F000EFF700BC30B500220446058D954201D81B
:10B10000002030BDE36A03EBC20043688B42F8D0F5
:10B110000132F3E770B504460D461646FFF7EAFF25
:10B12000C0B9E38C228D9A4208D30633D900E06A75
:10B13000EFF7D3FBE38CE0620633E384238DE26A0E
:10B14000591C218502EBC30002F8336000234560DF
:10B150004370438070BD034618465B68002BFBD1EB
:10B16000FFF7C8BFF8B544680E462CB9F8BD042BEC
:10B17000FCD105230370F9E7254628466D68002DAC
:10B18000F4D077683946FFF7B5FF0028F5D003788B
:10B19000043B022BEAD806253570002239462046AA
:10B1A000FFF7B8FF0378002BE1D105706468F4E77E
:10B1B000F8B50746002602FB01F41D46069BAE4289
:10B1C00000D1F8BD18462246394621F091FA0346CF
:10B1D00001362344F3E70B4610B5144601461846E2
:10B1E000F8F784FEA068002809DA62682368013253
:10B1F0009A4262600ADC431E5842584110BDFAD0A0
:10B20000D4E900329342F6DD6360F4E70133FBE7F3
:10B210002DE9F041D1E900488F6800210646084633
:10B22000F7F7D8FD002F054611DA444502DA284623
:10B23000BDE8F08156F824102846F7F73EFB3C4461
:10B24000F3E756F824102846F7F737FB3C4444450B
:10B25000F7DBECE770B50446022C15461846049E51
:10B2600010D1B24226D1034608461946AE423246B4
:10B2700028BF2A4621F00EFA022C0ED1B0FA80F037
:10B28000400970BD2CB1032C05D0334616461D462F
:10B29000E9E70124EAE70424E8E700280ADB0BD108
:10B2A000AE4203D02CBF01200020EAE7601E18BF89
:10B2B0000120E6E70020E4E70120E2E72DE9F0477E
:10B2C000022804461746DDF8208004D1424508D004
:10B2D0000020BDE8F087B8B1032817D04246B84631
:10B2E00017461A460B461146B845C2461D4628BFAA
:10B2F000BA460E464FF00009D14509D1B8451DD0D8
:10B300002CBF01200020E4E70124EDE70424EBE753
:10B3100031682868F3F760FF20B10435043609F17D
:10B320000109E9E7022CD3D032682968E0B2FFF7BF
:10B3300079FBA0F11E0358425841CAE7601E18BFAE
:10B340000120C6E72DE9F0471646804618681D46DD
:10B350000F46F3F779FC022E8146D5F804A013D9E5
:10B3600001233946AA68F3F72BFE032E044606D0C4
:10B37000394601234846EA68F3F722FE0746A7420A
:10B3800004D80948FFF746FB0024F8E7514658F86F
:10B390002400F3F721FF08B90134F0E7600040F022
:10B3A0000100BDE8F08700BF0AFB03102DE9F04162
:10B3B000002507460E4690462C46B54204D1600053
:10B3C00040F00100BDE8F081414657F82500F3F751
:10B3D00003FF00B101340135EFE790FBF1F303FB0C
:10B3E0001100002802DA002903DC704702D000298E
:10B3F00000DA08447047002806DB002901DACB4355
:10B40000184490FBF1F070470029FADBC1F1010309
:10B41000F6E703685A7C03EB82031869704707B5A7
:10B420000546FFF7F6FF86680C4626B10A46284611
:10B430000C2101ABB0472046FFF7E6FC2DE9F041B7
:10B44000044686B00868FFF7E4FF012C0D46064667
:10B450002AD94C686410601C26D0214602A801F04D
:10B46000EBFB621C02D0631EBCB11C46012102A88A
:10B4700001F046FC0122014680463768286801AB8E
:10B48000B847411C21D101990B291BD1039B012BEA
:10B4900011D0012102A801F0B5FC337B02A8DB0723
:10B4A0001AD5F9F70BFB0AE0102102A801F0C4FB42
:10B4B0004FF0FF34D5E702A801F0E8FB062006B004
:10B4C000BDE8F0812868FFF7AAFF0028E1D098F8CE
:10B4D00000300A2BC5D1E0E7F9F70CFBEFE737B5F1
:10B4E0000446FFF796FF042185680022204601AB41
:10B4F000A847013003D120460199FFF790FF0620AD
:10B5000003B030BD0868FFF7EABF37B50446FFF760
:10B5100080FF012185680022204601ABA847013049
:10B5200003D120460199FFF77AFF062003B030BD12
:10B5300037B5002101900846F7F74CFC044601207E
:10B5400001A9FFF77BFF0546F3F7A0FD20B12946CF
:10B550002046F7F7B2F9F2E7204603B030BD2DE9F7
:10B56000F0471E4681461546FFF753FF9DF82070B1
:10B570000024D0E9008317F0020F8A4618BF9846CE
:10B58000346007F001072DB133462A46514648463C
:10B59000C04710B92046BDE8F087431C07D1336887
:10B5A0000B2BF7D1002CF5D000233360F2E7002FEE
:10B5B000F1D182442D1A0444E5E72DE9F043012836
:10B5C0000E46904689B01DD137684FF480793846D1
:10B5D000FFF71FFF002605464FF4807104A801F015
:10B5E0002BFBDDF8188041464A4638462C6803ABF1
:10B5F000A047411C3BD103990B2935D1002E47D1DF
:10B60000062076E04868F3F7FBFB0546681CDBD0B4
:10B610003068FFF7FEFE037B0746DA072C46294613
:10B6200004A874D501F008FB0027002C5ED0214649
:10B6300004A801F065FB00230093014603AB2246FA
:10B640003068FFF78CFF039B80464BB3214604A86C
:10B6500001F0D8FB03990B296CD1059B002B45D138
:10B6600004A801F013FBCBE73846FFF7D8FE78B10A
:10B670008145064403D9A9EB00098044B3E74FF4A0
:10B68000807104A801F026FB4FF480798046AAE778
:10B690002B7B0596DB0704A829D4F9F72BFA28E0C1
:10B6A00084421CD8DDE90541C8573A460028CB5DE5
:10B6B00022DA03F0E000C02820D003F0F000E028F8
:10B6C0001ED003F0F803F02B14BF052304231F44FE
:10B6D000A74217D805F1FF35E6D12C46A5E7211A78
:10B6E00004A801F08FFBB8F1000FDBD104A8F9F733
:10B6F000E5F909B0BDE8F0830123E8E70223E6E7B6
:10B700000323E4E72C1B013C3C4417468DE701F082
:10B71000A1FACDF8008003AB2A4606993068FFF7FE
:10B720001EFF039B43B104A801F0B0FA03990B2953
:10B730003FF466AF306898E73B7B0590AAE70022AC
:10B74000FFF73BBF0122FFF738BF73B50446CDE9D1
:10B7500000121D46FFF75DFE02212B4686686A46F1
:10B760002046B047431C18BF009802B070BD73B5A7
:10B77000064648680C46F3F743FB032E05460DD0FA
:10B78000002D12DB002201AB29462068FFF7DDFF08
:10B79000431C0DD101992068FFF741FEA068F3F723
:10B7A0002FFB02460028EBD0EDE71620FFF72CFB1D
:10B7B000F6F745FE02B070BD1FB5012301900320CE
:10B7C00001A9CDE90230FFF7D2FF05B05DF804FB17
:10B7D00010B50C46F3F738FA437C73B100EB8300E5
:10B7E000E107006901D503683BB1A20701D54368B1
:10B7F0001BB1630705D583681BB902490248FEF7F0
:10B80000E5FA10BD10FB03100C2B04101FB50093BC
:10B8100003AB0446FFF7A3FE039921B10B2907D020
:10B820002046FFF7FCFD400040F0010004B010BDD1
:10B830000620FBE712F0020F7FB516460D460CBF3F
:10B8400002220122044642F00402686801A9F3F7CB
:10B850000BFD032C11D1A868F3F7DEFA0024029A3D
:10B860000199121B82420292334628BF02462144AC
:10B870002868FFF7CBFF04B070BD042C0BD1A8687B
:10B88000F3F7CAFA0446E868F3F7C6FA029B9C424B
:10B8900028BF1C46E3E700244FF0FF30DFE7022219
:10B8A000FFF7C8BF0322FFF7C5BF0022FFF7C2BFE3
:10B8B0000122FFF7BFBF0223FFF7A8BF13B5019016
:10B8C00001A90120FFF7BAFD0446F3F7DFFB0028CA
:10B8D00014BF2046002002B010BD034693F900209B
:10B8E0000078002A0ADA402200F07F00104206D1D8
:10B8F00013F8012F02F0C001802904D0704720EA1C
:10B9000002005208F2E702F03F0242EA8010EFE73D
:10B91000431C18460278013302F0C002802AF8D096
:10B92000704703460020994200D8704711F8012D56
:10B9300002F0C002802A18BF0130F4E70346014438
:10B94000002099421A4600D870471278013302F05D
:10B95000C002802A18BF0130F3E700007F289DBF96
:10B96000024B185CC0F3400000207047C85A041016
:10B970007F289DBF024B185CC0F3C00000207047B9
:10B98000C85A04107F289DBF024B185CC0F380008A
:10B9900000207047C85A04107F289DBF024B185CD6
:10B9A000C0F3801000207047C85A04107F2809D8BF
:10B9B000064B1B5C13F00C0F06D1A0F15F0358423D
:10B9C000584170470020704701207047C85A041042
:10B9D0007F289DBF024B185CC0F300100020704709
:10B9E000C85A04107F289DBF024B185CC0F340105A
:10B9F00000207047C85A041008B50246FFF7E8FF58
:10BA000000B12032104608BD08B50246FFF7EAFF34
:10BA100000B1203A104608BD3038092884BF20F014
:10BA2000200007387047024610B50144E524002085
:10BA3000914203D8B0FA80F0400917E012F8013BB8
:10BA400030B103F0C003802B11D10138C0B2EFE751
:10BA5000BF2B09D9F72B09D8DB0803F0060344FAFA
:10BA600003F303F00300E3E71B06E1D510BD00205C
:10BA7000FCE7000010B5104B84B0552803920093EA
:10BA80000C46D1E90132CDE901320B6809D051F8F9
:10BA9000042C18466946F3F7BBFBA4F1080004B078
:10BAA00010BD042218466946F3F7B2FB0346204650
:10BAB000236004B010BD00BF343704102DE9F04FEF
:10BAC00006468289C389043200EB820703EB4303F5
:10BAD000043707EB830399B00C3B0391DFF8DC825A
:10BAE000049300EB8203019306A8F3F75BF8034687
:10BAF000002851D1D6E901B53168039A4968D1F8D7
:10BB00000890002A66D09BF80020682A62D003982B
:10BB10000393FEF7C1FA0446F3F706F80794A24927
:10BB20002068FBF7B7FE38B173681A784B2A00F02B
:10BB30008180682A00F08B80079C9C4B9C4206D039
:10BB400075682B785D2B02D0642B40F08980049BB4
:10BB5000BB420BD3726805E0049B0C3B0493049B2F
:10BB6000BB4203D3049B1B689342F5D9049BBB42A1
:10BB7000C0F09E81049A049B11685B68049A23F0CC
:10BB800003037160946043F8044FB36006A8F3F7B1
:10BB900009F803460028ADD0079CC0E7049B94F940
:10BBA00000200C3B002A04932378C0F2618704F143
:10BBB000010B9B447E4BB3F848321BB23BB14FF0B4
:10BBC00050427C4B126853F82230DB6913B10120DC
:10BBD000FFF7D2F95C46C6F804B014F8013B58F8F8
:10BBE000233043F00103184794F900202378002AFA
:10BBF000C0F2C080621C049913440C310491049972
:10BC000000200B60736814461B78DDF810C0A3F1A8
:10BC10004903B3FA83F304995B0945EA4303CCF87B
:10BC200004308860726014F8013B58F8233043F008
:10BC30000103184793F901105A780029C0F2938044
:10BC4000023313447360B368103BB3604CE707984A
:10BC5000B468F5F71BF9206073680133736043E73C
:10BC60003368D3F80CC0644614F8013B180603F09F
:10BC7000030A13D50020A4EB0C0314F8012B013B9D
:10BC800002F0040199404AEA010AC2F3C00101FA34
:10BC900003F3110640EA0300EDD4824414F8013B9B
:10BCA0001A0603F0010CC3F3450912D50620002142
:10BCB00014F8013B013103F001028A404CEA020C06
:10BCC000C3F3450282401B0649EA020900F106005F
:10BCD000EED4CC44A4442046A5EB0C05E4F7F9FED1
:10BCE000BAF1FF3FA1440DD003464FF0000B2046B0
:10BCF0001C46E4F7F6FED3450BF1010BF9D12346C0
:10BD00000446184633684C455B684FF00102996859
:10BD100031F8103009880DD320E00CF01F0E754566
:10BD200004F101044FEA5C1018D3A145A5EB0E0500
:10BD3000024413D994F9000094F800C00028ECDA0A
:10BD400094F801E04FEA0C1000F4E06040EA0E00C5
:10BD50000CF00F0E754504F10204E6D20798F5F7D2
:10BD6000ABF9079CF3E6997802F07F0242EAC11230
:10BD7000033366E7627803F07F0343EAC213A21C31
:10BD800039E7059B013C2B60F2F7CEFE0120049BB6
:10BD9000094A0C33DB1B9B1002FB03F3C6E9014588
:10BDA000F38119B0BDE8F08FE02C0410D42F0410FB
:10BDB000F827002000200020ABAAAAAA8C5B041060
:10BDC000AA46039A5AF80419C6F808A0002A00F0F7
:10BDD000AD860021DDF80CB055F8040C5A4605ABD1
:10BDE0000391FEF7CFF90128CBD0002840F0E4867C
:10BDF000059B45F8043CBBF1000F06D05846BA49F4
:10BE0000F5F74AF9002840F0B38674602378554668
:10BE100058F82330013443F001031847AA4614F8B8
:10BE2000010C5AE901122930C0B2043DFEF7FAFDB7
:10BE30004AF8040C74602378013458F8233043F036
:10BE40000103184714F8010C29683030C0B2FEF71E
:10BE500019F82860EEE714F8013C2A680198C3F14C
:10BE6000C00340F8232074602378043D58F8233041
:10BE7000013443F00103184714F8013C019AC3F15F
:10BE8000B00352F823302246002B00F07A8645F8A2
:10BE9000043F74601378013458F8233043F00103F1
:10BEA000184792499248F5F725F80446F2F73CFE08
:10BEB0000220746175E755F8040CFEF7EDF80446AE
:10BEC000F2F732FE07942AE62868FEF7E5F8044602
:10BED000F2F72AFE079422E614F8013C803B5B004F
:10BEE00043F0010345F8043F74602378013458F8A7
:10BEF000233043F0010318472868043DFEF7CAF9D0
:10BF000098E700222378A24603F07F011B0604F184
:10BF1000010401EBC212F5D439F812102868FEF7BB
:10BF200003FD45F8040F746023780AF1020458F801
:10BF3000233043F00103184700222378A24603F080
:10BF40007F0101EBC212190604F10104F5D4AB46DE
:10BF500039F812005BE90121FEF7BAF84BF8040C3E
:10BF600074602378043D58F823300AF1020443F04A
:10BF700001031847049B9F4205D900F0E6BD0C3B26
:10BF80009F4200F2E2859C68002CF8D0F2F7CCFDCD
:10BF90000794C4E500212378A24603F07F0202EB58
:10BFA000C1111A0604F10104F5D4524BCAB29B1A0E
:10BFB000CA0902F4FF729B1A05EB83052A46012089
:10BFC000FEF794FA2860746023780AF1020458F8A6
:10BFD000233043F00103184700212378A24603F0E1
:10BFE0007F02180604F1010402EBC111F5D46FF0D1
:10BFF0004043C8B2CA0902F4FF721B1A9B1A05EB30
:10C0000083052A46C1F30721FEF736F8DAE7002157
:10C010002378A24603F07F021B0604F1010402EB21
:10C02000C111F5D46FF04043CAB29B1ACA0902F499
:10C03000FF729B1A05EB83052A460020C0E7002209
:10C040002378A24603F07F0101EBC212190604F126
:10C050000104F5D4D309D1B203F4FF730B44A5EB6B
:10C0600083052B46C2F3072253F8040BFDF7A0FF0C
:10C07000A8E700212378A24603F07F02180604F106
:10C08000010402EBC111F5D422783368D04305EBEB
:10C090008005986842F4807250F8210059682B4658
:10C0A000E9F74EFC0AF102032860736063780AF135
:10C0B000030458F8233043F0010318470021237884
:10C0C000A24603F07F021B0604F1010402EBC1113A
:10C0D000F5D433682278986850F821005968C2F185
:10C0E000010305EB8305DAE74C2D0410845B041093
:10C0F000C42A0410FEFFFF3F00212378A24603F06C
:10C100007F0202EBC1111A0604F10104F5D4336871
:10C11000043D98682A4650F821005968E9F7B6FBB3
:10C1200050E700212378A24603F07F02180604F1AD
:10C13000010402EBC111F5D433680022986850F86D
:10C1400021005968E9F7A2FBEBE64FF0000B2378DA
:10C15000A24603F07F021B0604F1010402EBCB1B95
:10C16000F5D42A4659462868FEF75CFB74602378AC
:10C17000CBF3072258F8233052FA8BFB43F001032C
:10C180000AF1020405EB8B0518474FF0000B2378EA
:10C19000A24603F07F0202EBCB1B1A0604F1010456
:10C1A000F5D42A4659462868FEF7F0FA74602378D9
:10C1B0000BF1804B58F823300BF1FF3B43F00103A8
:10C1C00005EB8B050AF10204184700222378A246EA
:10C1D00003F07F0101EBC212190604F10104F5D44A
:10C1E000AB469308C3EB837312F0030255F82300A8
:10C1F0005BF8041900F08484012A00F05284F7F7F8
:10C2000006FD5D468FE6A2461AF8013B032B04BFEC
:10C210002B46D3F800B0637818BF4FF0060BA3F19C
:10C22000550308BF043D012B40F208842C4655F805
:10C23000040C54F804195A46F7F74AFE45F8040C62
:10C2400025465446C6F804A014F8013B58F823309C
:10C2500043F00103184700202378A24603F07F0231
:10C260001B0604F1010402EBC010F5D4C0F1010378
:10C2700005EB83052946F7F76BFCA3E6083DD5E9F6
:10C2800001212868F4F74CFCD4E500202378A2466D
:10C2900003F07F0202EBC0101A0604F10104F5D48A
:10C2A000F4F73CFB3DE600202378A24603F07F0232
:10C2B000190604F1010402EBC010F5D4C0F101032A
:10C2C00005EB83052946F6F785FD7BE600202378FC
:10C2D000A24603F07F021B0604F1010402EBC0102A
:10C2E000F5D4C0F1010305EB83052946FAF70CFBF1
:10C2F00068E694F9003094F800A0002BC0F2B183F6
:10C300000134B56055F80C3CA5F10C00002B00F091
:10C310000984FEF76DF8002800F0018445F8040F49
:10C3200044E329462868AA46FEF71EF8824505F12F
:10C330000C053FF47FAD002345F8080C45F80C3C94
:10C3400078E500212868FEF70FF8286072E5049B65
:10C350000C3B04932B68062B40F0238474602378F5
:10C36000043D58F82330013443F00103184794F991
:10C3700000202378002AC0F25883403B0134234434
:10C380006B60227804356A6014E0049B013A5B68B4
:10C3900099070CD5049B1B68A34280F0B68355E92E
:10C3A0000131DB074CBF45F8081D45F8041D049B0F
:10C3B0000C3B04935006E8D1D5F800B0002A00F0F9
:10C3C0008380143DFFF7F6BBD5F800B0BBF1060F34
:10C3D00000F0C2831BF00101A5F1080A40F00D83B3
:10C3E0005846C5F804B002914FF0060BF2F72CFC4A
:10C3F000524602992860C5F808B00320FDF73CFEBC
:10C40000F2F744FE08B9DAF80CB05546CAF800B0A5
:10C4100010E5D5F800A02A4650460D21FDF780FE14
:10C42000504605F1080A0C215246FDF779FE00211D
:10C4300052460846FDF720FE94F900302178002B83
:10C4400005F10402C0F2EA82631C4FF0000C1C46A6
:10C45000DDF810E019440EF10C0ECDF810E0DDF817
:10C4600010E05546CEF80010DDF810E0049942F0D7
:10C47000020ACEF804A0C1F808C05060736014F836
:10C48000013B58F8233043F00103184794F900307A
:10C4900094F800A0002BC0F2FC8204F1010B286884
:10C4A000F2F7F4FD80B9D344FFF784BB94F9003070
:10C4B00094F800A0002BC0F2E48204F1010B28687C
:10C4C000F2F7E4FD0028EED1043DFFF773BB94F9C9
:10C4D000003094F800A0002BC0F27082AAF1400A4C
:10C4E00004F1010B2868043DF2F7D0FD00287FF429
:10C4F00061ABD344FFF75EBB94F9003094F800A021
:10C50000002BC0F27082AAF1400A04F1010B2868E6
:10C51000043DF2F7BBFD00283FF44CABD344FFF7DA
:10C5200049BB94F900202378002AC0F25182403B95
:10C5300004F1010BFFF73DBB2B4655E9020153F80F
:10C5400008C945F808CCC3E90101746023780134B7
:10C5500058F8233043F0010318472B4655F8041CC4
:10C5600053F8040945F8040C5960746023780134C9
:10C5700058F8233043F001031847EFE655F8082B2D
:10C580002A6055F80C2C45F8042C7460237801348B
:10C5900058F8233043F0010318472A6845F8042F60
:10C5A00074602378013458F8233043F001031847AE
:10C5B00000222378A24603F07F01180604F101044B
:10C5C00001EBC212F5D439F81200FDF74FFB74608D
:10C5D00023780AF1020458F8233043F00103184786
:10C5E00000222378A24603F07F011B0604F1010418
:10C5F00001EBC212F5D439F81200FDF71EFB74608E
:10C6000023780AF1020458F8233043F00103184755
:10C6100000222378204603F07F0101EBC2121906A5
:10C6200004F10104F5D4019BC2EB827253F822306D
:10C630005A68002A00F0A58200225A6074602378AC
:10C64000841C58F8233043F0010318470022237854
:10C65000204603F07F011B0604F1010401EBC21226
:10C66000F5D40199C2EB827251F82230002B00F010
:10C670008882002341F8223074602378841C58F8A3
:10C68000233043F00103184755F8082C55E9010100
:10C69000F2F7BEFD746023780C3D58F82330013466
:10C6A00043F00103184700222378A24603F07F01DC
:10C6B00001EBC212190604F10104F5D439F8121085
:10C6C00055F8042C55F80809FDF72AFE7460237804
:10C6D0000AF1020458F8233043F0010318470022FE
:10C6E0002378A24603F07F01180604F1010401EB50
:10C6F000C212F5D4296839F81200FDF7AAFA74605D
:10C700002378043D58F823300AF1020443F0010372
:10C71000184700222378A24603F07F011B0604F18C
:10C72000010401EBC212F5D4296839F81200FDF7B3
:10C7300077FA74602378043D58F823300AF1020434
:10C7400043F00103184700222378204603F07F01BD
:10C7500001EBC212190604F10104F5D4019BC2EBEE
:10C76000827253F822202B68043D53607460237852
:10C77000841C58F8233043F0010318470022237823
:10C78000204603F07F011B0604F1010401EBC212F5
:10C79000F5D42B680199C2EB8272043D6AE7AA4680
:10C7A00004225AE90101043DF2F732FDFFF740BBD4
:10C7B000FDF722FA45F8040FFFF73CBB002223786F
:10C7C000A24603F07F0101EBC212190604F1010435
:10C7D000F5D4043D39F81200291FFBF749F87460BD
:10C7E00023780AF1020458F8233043F00103184774
:10C7F00000222378A24603F07F01180604F1010409
:10C8000001EBC212F5D439F8121028682A46FDF758
:10C8100087FC74602378043558F823300AF1020449
:10C8200043F00103184700212378A34603F07F0259
:10C8300002EBC1111A0604F10104F5D4D5F800A0E9
:10C8400039F8113050460293F2F7FEF982889305C9
:10C850000BD5029B0022D90041F002010AF104002D
:10C86000EEF788F808B1406803E050460299FDF7FA
:10C870007BFC2860746022780BF1020458F82230A7
:10C8800043F00103184700222378A24603F07F01FA
:10C8900001EBC212190604F10104F5D439F81200B3
:10C8A000FDF7A8FAFFF73DBB00222378A24603F06C
:10C8B0007F01180604F1010401EBC212F5D439F826
:10C8C0001200FDF7C7FAFFF72CBB002214F8013B5A
:10C8D00003F07F011B0601EBC212F7D4019BC2EBF0
:10C8E000827253F8223022465B68FFF7CDBA0022ED
:10C8F00014F8013B03F07F0101EBC2121906F7D4D3
:10C90000019BC2EB827253F822302246FFF7BCBA79
:10C91000002345F8043FFFF78DBA00222378204614
:10C9200003F07F011B0604F1010401EBC212F5D4F0
:10C9300033685B68DB6853F8223045F8043F746065
:10C940002378841C58F8233043F001031847002251
:10C950002378204603F07F0101EBC212190604F18F
:10C960000104F5D439F81230DB0043F00203E4E7A8
:10C97000227842F380122378204603F07F011B06C1
:10C9800004F1010441EAC212F5D4530043F001035B
:10C99000D3E71E2345F8043FFFF74CBA062345F8BA
:10C9A000043FFFF747BA0E2345F8043F746014F8BC
:10C9B000013B58F8233043F00103184763780AF02D
:10C9C0007F0A4AEAC31AAAF5804A04F1020B89E5F4
:10C9D000627803F07F0343EAC213A3F5804304F1B6
:10C9E000020BFFF7E6B863780AF07F0A4AEAC31A37
:10C9F000AAF5804A04F1020B89E5062355F8042CB8
:10CA0000002102920320A5F10C0245E901336B607D
:10CA1000FDF732FB029A45F80C2CF6E4637801F03E
:10CA20007F0141EAC311A31C0FE5627803F07F0385
:10CA300043EAC213A3F580430234A0E455F8080C7E
:10CA4000F2F702F9838858057FF5F0ABA5F10801EC
:10CA50005A466078FFF70EF804F1020A0546FFF720
:10CA6000F0BB63780AF07F0A4AEAC31A023448E44A
:10CA7000627803F07F0343EAC21304F1020BFFF76D
:10CA800098B863780AF07F0A4AEAC31A04F1020BE5
:10CA900015E563780AF07F0A4AEAC31A04F1020B2B
:10CAA000FDE4DBF80020F4F73BF8083DFFF73BBA64
:10CAB0000CE055F8043C291FD8075ABF45F8042C50
:10CAC0000D4645F8082D049B0C3B0493049BBB4288
:10CAD00061D3049B5B689B07F5D5049B2A681B68A0
:10CAE000A342E6D34FF0FF3304994D6825F00305C8
:10CAF000C5E90123049B0835D3F800B0FFF76AB8F5
:10CB0000F5F7DBFE5D46FFF70EBA530043F0010375
:10CB10006B60049B0435D3F800B0FFF75BB8544456
:10CB2000103D43E755F8080CFFF7F3BB55F8040C2C
:10CB300005ABFDF727FB01283FF423A900283BD1D3
:10CB4000059B45F8043CFFF760B920492048F4F7FD
:10CB5000D1F90446FFF71ABAC5E901BB083D2A46D8
:10CB600000210320FDF788FAC5F800B0FFF762B98D
:10CB70005846FDF791FA0446F1F7D6FF0794FEF701
:10CB8000CEBF14491448F4F7B5F90446F1F7CCFFC9
:10CB90000794FEF7C4BFF1F7C7FF0020B560FFF7A9
:10CBA00000B9D9072A460BD51368043D5B108DD414
:10CBB00013601A46FFF7FEBBF1F7B6FF059CDDE7F1
:10CBC000F1F7B2FF2C680794FEF7A9BF685B041069
:10CBD000E82A0410485B0410302B041038B5436871
:10CBE000054619440368994210D9037B1BB1002103
:10CBF0000748FDF7EBF801F1100424F007040834AE
:10CC000021468068EDF769FE2C60A86038BD00BF42
:10CC1000E82A041070B5044615460E461146FFF783
:10CC2000DDFFD4E901302A46184431461FF0B2FC3A
:10CC300063682B44636070BD012938B538BF01219A
:10CC400004460025084621606560EDF72BFE25733C
:10CC5000A06038BD38B505460C460131FFF7ECFF42
:10CC60006C6038BD0023C0E9013201230160037309
:10CC70007047000038B514460546FFF7DDFF024B4C
:10CC80002560636038BD00BF15CC0110037B10B573
:10CC9000044613B98068EDF72DFE0023A36010BD94
:10CCA00038B505461020EDF7FDFD04462946FFF78F
:10CCB000C3FF204638BD10B5044648B1037B13B905
:10CCC0008068EDF717FE2046BDE81040EDF712BE74
:10CCD00010BD000038B5037B04460D461BB1002192
:10CCE0000648FDF773F8016880682944EDF7F5FD03
:10CCF0002368A0601D442560184438BDE82A04104C
:10CD000038B504460D46FFF769FFD4E901301D44EC
:10CD10006560184438BDD0E900239A4210B5044636
:10CD200002D10121FFF7D6FFD4E901320021D1540D
:10CD3000A06810BD10B50C460121FFF7E1FF04709B
:10CD400010BD7F29F8B50C46CEB204D80121FFF7FB
:10CD5000D7FF0670F8BD06F03F06B1F5006FC1F3CE
:10CD6000871546F0800607D20221FFF7C9FF65F05C
:10CD70003F0505704670EDE705F03F05B1F5803FD2
:10CD8000C1F3073745F0800508D20321FFF7B8FF4C
:10CD900067F01F07077045708670DBE70421FFF717
:10CDA000AFFFA40C07F03F0764F00F0467F07F07A4
:10CDB000047047708570C670CCE738B505460846E4
:10CDC0000C461FF049FD214602462846BDE8384082
:10CDD000FFF720BFF8B547680446B94228BF394677
:10CDE00016460D461146FFF7F9FEA368A819591912
:10CDF0007A1B18441FF0CEFB6368A068334463605D
:10CE00002844F8BD43688B4234BF0021591A416061
:10CE1000704738B504461546626808468A4203D909
:10CE200029448A4201D8606038BDA368521A184468
:10CE300019441FF0AFFB63685B1B6360F4E70000FD
:10CE40004A680149EFF7C0BF1BFB031038B51C4609
:10CE5000084611464FF00212E3F720FA2568E90769
:10CE600032D4AA072CD0284611F06CFB83790546F2
:10CE7000183303F03F03082B2ED84FF0FF341B4B21
:10CE80001B68DB0701D416F06DFC45B3AC791F219C
:10CE900004F03F04204616F059FD002220461146BA
:10CEA00016F07AFD2046002116F0C6FDAC7904F09C
:10CEB0003F04283C0E490820F1F7B9FE446038BD14
:10CEC0002A680C4B9A42CED12846F1F799FF0828E0
:10CED0000446C8D80025D2E70748FDF79BFD082C7B
:10CEE00002BF0222054B1A60E4E700BF00000A40BF
:10CEF0008C5F04103C3004102CFB031000200A400F
:10CF00000C4A4168136883EA01330B4903F4704308
:10CF10000B600421094B19601368DB05FCD55368CD
:10CF2000C3F3072040EA031080B2400040F0010044
:10CF3000704700BF00000A4000100A4000200A406D
:10CF4000F0B5086889B00D4611F0B2FB0646686876
:10CF5000F1F756FF04460522E86801A9F2F784F9C3
:10CF6000C4B9A8686A46042104ADF2F715F82F4643
:10CF7000009B1859F1F744FF0434102C45F8040BBA
:10CF8000F6D1DDE90123304639461FF079FD062050
:10CF900009B0F0BD0148FDF73DFD00BFC6D5031047
:10CFA0004FF0504201231F288ABF203852689268F0
:10CFB0008340134214BF01200020704730B585B074
:10CFC000CDE902329DF820300468002B0CBF01230C
:10CFD0000323657C012204EB850424690093A46982
:10CFE00002ABA04705B030BD30B5046885B0657CA4
:10CFF000CDE902329DF8203004EB850424695B0002
:10D0000000930122A46902ABA04705B030BD08B56A
:10D0100003685A7C03EB82031B695B6803B1984782
:10D02000062008BDF7B5002106460846F5F7D2FEF2
:10D03000082405460127002330461A460097A1B26E
:10D04000FFF7D2FF28B96100284641F00101F5F74A
:10D0500034FC0134FEF70EF8782CECD1284603B0EE
:10D06000F0BD0000F0B50E68054633680C465A7CEA
:10D0700085B003EB82031F693B691BB90E490F485A
:10D08000FCF7A4FE0622606801A9F2F7EDF8022D74
:10D090000CD0A068F1F7FAFF0346DDE90112304633
:10D0A0003C69A04720B14042FDF7AEFE0123F4E702
:10D0B000062005B0F0BD00BF43FB03100C2B04108D
:10D0C00030B50446236808465A7C85B003EB8203DA
:10D0D0001D696B691BB90B490B48FCF777FE0522EC
:10D0E00001A9F2F7C1F8DDE9011220466B69984702
:10D0F000002802DA4042FDF787FE400040F00100C0
:10D1000005B030BD43FB03100C2B0410F0B50646F0
:10D11000D1E9007087B00C46F1F772FE0622054691
:10D1200003A9A068F2F7A0F8032E0ED0E068F1F78B
:10D13000ADFFDDE903230090A9B23846FFF73EFFBB
:10D14000002804DA4042FDF75FFE0120F1E70620E7
:10D1500007B0F0BDF0B50646D1E9007087B00C46C7
:10D16000F1F74EFE0522054603A9A068F2F77CF808
:10D17000032E0ED0E068F1F789FFDDE9032300906C
:10D18000A9B23846FFF730FF002804DA4042FDF725
:10D190003BFE0120F1E7400040F0010007B0F0BD88
:10D1A000F0B50646D1E9007087B00C46F1F728FECD
:10D1B0000546A068F1F724FE014602A8FFF74AFDE4
:10D1C000032E0ED0E068F1F761FFDDE90332009035
:10D1D000A9B23846FFF7F2FE002804DA4042FDF714
:10D1E00013FE0120F1E702A8F7F784FC07B0F0BDB9
:10D1F000530710B501D1202A02D90948FDF70AFCCE
:10D20000083A12B2431E002A03DAC0F101001844A2
:10D2100010BD21FA02F4083A03F8014F12B2F2E706
:10D220004BFB03102DE9FF4105460E4603A81146AE
:10D230001A46FFF7DDFF4FF0000803460746314668
:10D240002846CDF8008003AAFFF7CEFE0123B8429E
:10D250000446009309D04346424631462846FFF72C
:10D26000C3FE204604B0BDE8F0813146DDE90A2363
:10D270002846FFF7A3FE0446F3E7000010B58AB086
:10D2800002AB0193124B0C4600930423013819445E
:10D29000E3F730F80498F1F7B3FD014606A8FFF76D
:10D2A000D9FC079B039A0193089BBDF808100093D3
:10D2B00020689DF81430FFF7B5FF002802DA4042DD
:10D2C000FDF7A2FD06A8F7F715FC0AB010BD00BFD8
:10D2D000E860041010B58AB006AB0193104B0C4601
:10D2E0000093042301381944E3F704F8062203A944
:10D2F0000898F1F7B9FF049B079A0193039BBDF8C7
:10D300001810009320689DF82430FFF78BFF002849
:10D3100002DA4042FDF778FD06200AB010BD00BFDA
:10D32000E86004102DE9F0418EB006AB0193194B73
:10D330000C460093042301381944E2F7DBFF052271
:10D3400003A90898F1F790FFDDE90378246802AD9E
:10D3500028469DF824200799BDF81860FFF748FF7C
:10D360002368CDE90A055A7C314603EB8203022289
:10D370001B6900929D692046CDE90C870AABA8473E
:10D38000002802DA4042FDF73FFD06200EB0BDE85E
:10D39000F08100BFE86004102DE9F04389B0054634
:10D3A000D1E9009002AF0C46F1F72AFD07F108021F
:10D3B0008046391DA068F1F7CDFD032D29D0E06826
:10D3C000F1F764FE05467B686A46012B38BF0123EE
:10D3D000A2EBC3039D46002402AE7B685A1E7A600E
:10D3E000CBB914B9C6E900440124D9F800306D0066
:10D3F0005A7C484603EB82031B6900959D692246CF
:10D4000033461FFA88F1A847002818DA4042FDF792
:10D41000FBFC0125D7E7BB680522186807F10C0162
:10D42000F1F722FF3A6932B146F83420FA6806EB88
:10D43000C4035A600134BB680433BB60CDE74000CD
:10D4400040F001001C37BD46BDE8F08307B5064B30
:10D450004A68B3FBF2F30093D1E903230349EFF7E2
:10D46000B3FC03B05DF804FB20A1070056FB0310DA
:10D4700008B502490248FCF7A9FC00BF43FB0310B2
:10D480000C2B041038B50546086813460468627C06
:10D4900004EB8204226914680CB9FFF7E9FF0A1D46
:10D4A000691EA047062038BD08B503685A7C03EB07
:10D4B00082031B699B680BB9FFF7DAFF984710B12D
:10D4C0004042FDF7A1FC062008BD08B503685A7C60
:10D4D00003EB82031B69DB680BB9FFF7C9FF9847B1
:10D4E00010B14042FDF790FC062008BD30B44FF06B
:10D4F000000242EC440042EC40000121A0F1200275
:10D50000C0F12005084C21FA05F501FA02F22A4380
:10D510008140D4E900530D431343C4E9005330BCA8
:10D52000052116F013BA00BFA01900204FF0000328
:10D5300043EC44007047002117F018B938B5D0E922
:10D54000025304464FF0000242EC44304068FFF7BB
:10D55000F2FFE068FFF724FD48B915B96FF06D00E0
:10D5600038BD0120002117F001F9013DF1E7002D40
:10D570000CBF6FF06D000020F2E738B5044640683C
:10D58000FFF7D9FF23694FF0010242EC4430606895
:10D59000FFF7D1FF2046FFF7D1FF05462069FFF7CF
:10D5A000C5FF6068FFF7C7FF284638BD10B586B0D5
:10D5B0000446084611461A4602AB0193104B0093ED
:10D5C0000423E2F797FE029811F072F8E0600398E6
:10D5D00011F06EF8059B049AA3600A4B20619A42F1
:10D5E00094BFB3FBF2F30123E0686360FFF77EFFB3
:10D5F0002069FFF77BFF2046FFF7BFFF06B010BD95
:10D60000E05F041020A10700F0B5142085B00D469E
:10D610000A491E461746F1F70AFB0446394606EB4F
:10D62000850201A8EDF77AF920463246294601AB7A
:10D63000FFF7BCFF204605B0F0BD00BF006004103E
:10D6400038B504460069FFF771FF6068FFF773FFA4
:10D650002046FFF773FF054638B94FF001022369F2
:10D6600042EC44306068FFF766FF284638BD2DE97C
:10D67000F04704464068884617464FF00106FFF71A
:10D680005AFFE36846EC44306068FFF754FF4FF000
:10D69000080A4FF000092046FFF750FF054600BB7F
:10D6A0002069FFF77DFC40EA4900E3685FFA80F9F2
:10D6B00046EC44306068FFF73EFFBAF1010AEAD158
:10D6C00088F8009017B9236946EC44306068FFF78A
:10D6D00032FF2046FFF732FF054628B12069FFF7E9
:10D6E00025FF2846BDE8F0874FF00102E36842ECD1
:10D6F0004430F3E7F8B507461D4614468E18204619
:10D70000311B013C40B145B1B4FA84F252093846AC
:10D71000FFF7ADFF0028F2D0F8BD2A46F7E72DE964
:10D72000F0410446406888464FF00106FFF703FFCA
:10D73000E36846EC4430072748FA07F3DB07206923
:10D740000FD5FFF7F3FE6068FFF7F5FE2046FFF701
:10D75000F5FE054640B12069FFF7E8FE2846BDE822
:10D76000F08146EC4400EEE7E36846EC4430013FCC
:10D77000E2D22069FFF7DAFE6068FFF7DCFE2046A0
:10D78000FFF7DCFE05460028E8D12069FFF708FC1A
:10D7900005466068FFF7CFFEE36846EC4430DDE7FE
:10D7A0002DE9F04107460C460D468E18B542A5EB13
:10D7B000040807D0384615F8011BFFF7B0FF002812
:10D7C00001DBF3D04046BDE8F0812DE9F84F074674
:10D7D0000E4615461C46FFF733FFF0B90A9B384644
:10D7E00003F0010949EA4601C9B2FFF798FF002892
:10D7F00013DB0DD10646083405F1FF3B7DB90A9BCA
:10D800009B0703D53846FFF7B8FE30B9304604E031
:10D810003846FFF7B2FE6FF01200BDE8F88F54E90A
:10D82000023505EB030AB9F1000F23D1A6EB050879
:10D83000554505EB08061AD0384615F8011BFFF7C9
:10D840006EFF0028E9DBF3D04FF0000B0FE05BEA3E
:10D8500005030CBF012200223846FFF708FF00280D
:10D86000DBD12B46AAEB0501013D002BEFD15D4634
:10D870000834C1E71D46F4E7012A2DE9F74F824637
:10D880008B4615461C464BD1D3E90067DAF80030C9
:10D8900059465A7C504603EB82030C9A1B6900924E
:10D8A000D3F81C8032463B46C047012D064614D9AA
:10D8B0000C9BDB070ED54FF0000804EBC505226872
:10D8C000606807EB08011EF013FF54F8083BA542FF
:10D8D0009844F4D13846EDF70DF8304603B0BDE872
:10D8E000F08F54F8332001331644AB42F9D130465F
:10D8F000ECF7D8FF0C9B074613F00109C6D1A046F0
:10D900004E46A94508F10808C0D058E90221B819C7
:10D910001EF0EEFE58F8082C09F101091644F0E754
:10D9200000231E46E1E70000064BC01A064B80109C
:10D930005843064B03EB80030020D3F80C31C3E9B6
:10D9400005017047B0140020CDCCCCCCF8270020C6
:10D95000084BC01A084B80105843084B03EB800358
:10D96000D3F80C3109B958697047012914BF002058
:10D9700098697047B0140020CDCCCCCCF82700209B
:10D98000F0B587B003AB51F8046B01931A4B044612
:10D990000093013803231546E2F7ACFC174B184AF5
:10D9A000F31A9B105343174F423307EB83077868F2
:10D9B00060B91C20ECF776FF134B0360134BC0E9F2
:10D9C00001360623C360002303747860012C02D85B
:10D9D0002B68072B0ED9DDE903131C079DF81420D3
:10D9E00003D012B90A48FDF715F802740022C0E905
:10D9F0000523C16007B0F0BDB0610410B014002071
:10DA0000CDCCCCCCF8270020B48704107062041071
:10DA100077FB031008B50C4B0C4AC31A9B105343F9
:10DA20004A0644BF82684260094A02EB8303D3F886
:10DA30000C0130B18369194004D041610EF084FEBD
:10DA4000012008BD0846FCE7CC270020CDCCCCCC7B
:10DA5000F827002010B503780446052B05D11021C6
:10DA6000FFF7D8FF0123237010BD032B01D0062B35
:10DA7000F8D120212046F3E7F8B51A4C1A4B041BC5
:10DA8000A4105C4314236343184A0546D15C31B3A8
:10DA90000026D6540521806815F058FFE868052156
:10DAA00015F054FF6F68124D31467B1B5D425D419E
:10DAB0002435284615F0FAFF28460E4916F062F97B
:10DAC00040223B681E63DE661A600B4B04F128029D
:10DAD000423403EB820203EB840396605E6006200F
:10DAE000F8BD00BFB0140020CDCCCCCCCC2700209A
:10DAF000B8170020B1DD0110F8270020136810B519
:10DB000014466BB940F2073399420AD1064BC01A4A
:10DB1000064B20F0030003445868F4F775FC2060BE
:10DB200010BD04235360FBE7B0140020CC27002075
:10DB300013B54B68CC681B68064A9B6801948A1A27
:10DB400089689210009104494A430449EFF73CF96F
:10DB500002B010BDB0140020CDCCCCCC82FB0310A1
:10DB60002DE9F0438DB0084611461A4605AB0193E6
:10DB7000554B00930723E2F71BFC059D012D04D9AB
:10DB80002A4652495248FCF72AF914270A98514C60
:10DB9000062807FB05470BD010F08AFDC10703D507
:10DBA000C0F34003AB4202D04B48FCF733FFB860F0
:10DBB0000B9806280DD010F07BFDC20703D4C0F3EC
:10DBC0004003AB4201D04548EFE7142303FB054374
:10DBD000D860142200234FF0010C6A43A118A1F869
:10DBE00010C08B743E49089801EB8501C1F8A8006C
:10DBF0003C49062802EB0106DDF8248021F802C02A
:10DC0000C6E90133C6E90333B37013D0072202A972
:10DC1000F1F72AFBB8F1200F02D818F0070F01D056
:10DC20003148C2E7039B4FEAE808F360029B86F89D
:10DC3000028033611423DDE90621002003FB054344
:10DC40005E684FF0010833684FF00009D8664FF462
:10DC500020700A29186008BF196892B204BF41F009
:10DC6000080119609A60C3F83C80C3F838901A6CB8
:10DC700040F2E4621A63C3F86C801C4B1C49F31A2F
:10DC80005E425E412436304615F04AFF414630463A
:10DC900015F00CFF142303FB05440321A06815F0C5
:10DCA00055FEE068032115F051FE4A464146A06842
:10DCB00015F072FEE0684A46414615F06DFE3846A2
:10DCC0000DB0BDE8F08300BF78610410A9FB03101C
:10DCD000102A0410B0140020BAFB0310C1FB03107B
:10DCE000F8270020CC270020C8FB0310B81700201D
:10DCF000B1DD0110837C73B9437C63B143681B6859
:10DD00001B6F1B0707D401230382034BC01A034B6D
:10DD10001844FFF79FBE7047B0140020CC270020A6
:10DD200038B5002443681B68A14202D01D6F2D073F
:10DD300007D41A6B42F004021A63FFF7DBFF204698
:10DD400038BD1D6915550134EEE71FB5044605229F
:10DD5000084601A9F1F788FADDE901212046FFF71D
:10DD6000DFFF400040F0010004B010BD0368002058
:10DD700010B5814202D01C6FA40704D41A6B42F084
:10DD800020021A6310BD145C01301C61F1E71FB55D
:10DD900004460522084601A9F1F766FADDE90121EA
:10DDA0006068FFF7E3FF400040F0010004B010BDE1
:10DDB0002DE9F04F85B0EFF30582D2B2A54CA64B0A
:10DDC000A64E342A0CBFA0469846B8EB040418BFF0
:10DDD000012414230122002C14BF1425002503FB69
:10DDE00004639A74D8F800309D4FD3F82CB005EB3B
:10DDF000060A1BF0400F18BF5A6D1BF4806F3D449C
:10DE00000ED04FF0140909FB04695B6E99F81030CD
:10DE1000012B05D02846FFF71DFE012389F810309D
:10DE20001BF0040F2FD04FF01409D8F8002009FB85
:10DE300004F9136B23F00403136306EB09031B7C43
:10DE4000062B09D02846FFF705FE02212846FFF7DA
:10DE5000E1FD032307F8093008212846FFF7DAFD22
:10DE600014236343FA181269002A75D10622FA5462
:10DE700020B90121504603AAFFF752FF14230622BE
:10DE800003FB04631A741BF0A00F38D0D8F80030DD
:10DE9000DFF8CC919A6D1A6D1A6B22F020021A638A
:10DEA00014236343F218127C0193052A0AD02846F2
:10DEB000FFF7D0FD01212846FFF7ACFD0222019BB0
:10DEC00009F8032004212846FFF7A4FD1423634327
:10DED00009EB03021169002940F08B80052209F843
:10DEE000032038B98DF80C000121DAF8040003AAE8
:10DEF000FFF73CFF1423052203FB04631A741BF491
:10DF0000007F1ED014276743D8F800301B6EF3192A
:10DF10001B7C012B09D12846FFF79CFD02212846D6
:10DF2000FFF778FD03224E4BDA55D8F8003014275E
:10DF30001B6F13F0080F00F08480012307FB0467B8
:10DF40007B741423504603FB04660023B37405B0AE
:10DF5000BDE8F04FFFF7CEBE4FF000090421504658
:10DF600003AACDF80C90FFF7DBFE3D4B0190019A20
:10DF70004A4583D003AA12F809C014226243985C70
:10DF80009918032820D10420985400228A608A78A6
:10DF90004A70142262439818417839B38268013973
:10DFA0004CEA0222C9B28260417051B9C168B2FB29
:10DFB000F1FC01FB1C22402182602846FFF72AFD6C
:10DFC000274B09F10109D2E70428E2D0142000FB15
:10DFD000043081684A1C8260026902F801C0D0E9FD
:10DFE0000212914224BF00228260EAE7062199547E
:10DFF000ECE719F80330042B0AD1D2E90231B3FB64
:10E00000F1F001FB1033402128469360FFF702FD39
:10E01000142303FB04F219F8021003FB047705290B
:10E020001CBF052109F80210BA683969531CBB608E
:10E030008A5C8DF80C20FA68934228BF0023BB60ED
:10E0400052E72846FFF706FD012307FB04673B74F0
:10E0500077E700BFC0170020B8170020B0140020D9
:10E06000CC27002010B5074C237813B10648FFF7E2
:10E0700003FD237D23B1BDE810400448FFF7FCBC3D
:10E0800010BD00BFCC270020B0140020C414002015
:10E09000826830B5C468531CB3FBF4F504FB153338
:10E0A00044689C4217BF04680020A154836018BFD5
:10E0B000012030BDD0E9013293420CD00268D35C1C
:10E0C0000B704368C2680133B3FBF2F102FB1133FA
:10E0D00043600120704700207047032910B50446B3
:10E0E00026D1022180F8241012F001000BD0217DEE
:10E0F00021B101224FF0FF301A6018E0D4E951102D
:10E10000401A18BF0120520711D5227D012AF0D1F3
:10E11000D4F84831D4F84C210133B3FBF2F102FBBF
:10E120001133D4F84421934201D040F0040010BDD3
:10E130001622DFE770B588B002AB01931D4B009348
:10E140000323E2F7D7F80722029805A9F1F78CF824
:10E150009DF80C40059B102C9DF9100004D0202C3C
:10E1600011D01548FCF756FC069A52081D4680EA65
:10E17000E076A6EBE07603EB4202F6B29A4205D1D6
:10E18000062008B070BD069A9208EFE7102C09D15E
:10E19000B3F900100028ACBF81403141198002332F
:10E1A0000435EBE729680028ACBF81403141296084
:10E1B000F5E700BFB8620410F0FB0310062938B57C
:10E1C00005460C4606D00846F0F7C4FD40B90548A0
:10E1D000FCF720FC002385F8243006202C6238BD93
:10E1E0000123F8E7F4FB031000B5CB6989B006936F
:10E1F0008B6905938B7D049391F9153003930B7D07
:10E2000002930B690193CB6800938B680A790349E9
:10E21000EEF7DAFD09B05DF804FB00BFFFFB031069
:10E220002DE9F04F04461046227D884685B0DAB9C4
:10E2300094F91510A57D00290A46B8BFCA1D012D05
:10E2400014BF01250225C2F3C70212FB05F2D2B2A8
:10E25000B0FBF2F602FB160646B116224FF0FF3075
:10E260001A6005B0BDE8F08F0122F7E70028F8D06A
:10E2700094F82430012B06D1C4E95580C4F86061BC
:10E2800084F86431EDE7102914BF042302236B43A3
:10E290000825B5FBF3F5B14645430093002D33D077
:10E2A000A37D94F9157013BB103F18BF0127224BB3
:10E2B00004F5A07A03EBC707A5F10803019317F94A
:10E2C000011B94F824304A1C21D0ABB908EB010B98
:10E2D00059465046FFF7EEFE0028F9D009F1010932
:10E2E000019B013D9D42EAD1009B9844D6E7102F47
:10E2F00014BF03270227DAE7022B06D15046414418
:10E30000FFF7D8FE0028E9D14E463046A9E74BB9C1
:10E3100004F5A07B58460DF10F01FFF7CBFE002856
:10E32000F8D0DDE7022BF0D150460DF10F01FFF7D9
:10E33000C1FE0028D4D1E7E7E86304102DE9F041DD
:10E34000047D0546012C0E46174606D001224FF0EB
:10E35000FF341A602046BDE8F0814AB390F82430BB
:10E36000012B08D1C0E9551200223C46C0F86021BB
:10E3700080F86431EEE700F5A07895F824306BB9A9
:10E3800040463178FFF784FE0028F9D0A74204F117
:10E39000010306F10106DDD91C46EEE7022B07D189
:10E3A00040463178FFF774FE0028EFD1013CD1E7F9
:10E3B0000024CFE72DE9F0410126044615460F461B
:10E3C000984696403346002217F01CF939462046FD
:10E3D000334608FA05F217F073F904F12F4000F5FF
:10E3E0006000010D06312846BDE8F041C9B215F0C4
:10E3F000ADBA00002DE9F74F4FEA001808F1A0432D
:10E40000D3F80C5415F0010540F08C800122013541
:10E41000102D02D103B0BDE8F08FD3F80C1402FA2E
:10E4200005F40C42F3D0A64B03EB8003D3F8144160
:10E43000002CEFD0A36B9D4276D0E36B9D42E9D1D7
:10E440000123D4F8441104F1400606EBC316D4E9C5
:10E4500052231A44521AB2FBF3F103FB1122217D1D
:10E46000012940F0958094F82410012926D194F8D0
:10E47000641119B3D4F85871D4F86011013B7F1AB4
:10E48000B7F5007F28BF4FF400779B1A9F4215D83D
:10E490004FF0000904F5A07A4F45D4F8602145D12A
:10E4A000D4F8583117449F42C4F8607106D3002352
:10E4B0002146206A84F86431FCF710FDD4E9523219
:10E4C000D4F8441113445B1AB3FBF2F102FB11338D
:10E4D0007F2B57D9636904F5A07723F07F4323F09E
:10E4E000FF03B3F5805F2BD1344606F18009214646
:10E4F0003846FFF7DFFD2378611CA3703846FFF72D
:10E50000D9FD6378043404F8013CA145EFD101231F
:10E51000AB40AD0108F1A04805F1A045C8F80C34A6
:10E520002E6077E700257EE700238AE7D4F8543190
:10E5300050464B44995CFFF7ABFD09F10109ABE78D
:10E54000B3F5005F4FF0000419D03119384601349B
:10E55000FFF7B0FD802CF8D1D9E749463846FFF7E0
:10E56000A9FD19F8013BD14589F80330F5D10834EC
:10E57000802CCCD004EB06090BEB040AEDE706F186
:10E58000040BF7E78022002130461DF02BFEBEE78A
:10E59000013B9B1A7F2B04F5A07754D80123AB4095
:10E5A000AD0108F1A04805F1A045C8F80C346E6033
:10E5B00094F82430012B7FF42DAF94F86421002AC5
:10E5C0003FF428AF94F91520D4F86011102AA27DE9
:10E5D00014BF04260226012A08BF022316FB03F6F5
:10E5E0000823F6B2B3FBF6F3D4F85851D4F844013B
:10E5F0006D1A5D43D4E9523213441B1AB3FBF2F097
:10E60000B5F5007F28BF4FF4007502FB10339D4223
:10E61000D4F854A13FF6FEAE4FF000098A44F5B994
:10E62000D4F86031D4F858214B449342C4F8603197
:10E63000FFF4F0AE2146206A84F8645103B0BDE8CF
:10E64000F04FFCF74BBC06F1FF3906F17F0A19F8D1
:10E65000011F3846FFF71CFDD145F8D19EE7A37D89
:10E6600094F91580EBB9B8F1100818BF4FF0010804
:10E670004FF0000B134B03EBC80818F9011B4B1CA0
:10E6800017D038465144FFF715FD09F101090BF188
:10E6900001035FFA83FBBBF1080FEED1083DB244E2
:10E6A000BDE7B8F1100F14BF4FF003084FF0020898
:10E6B000DEE738460DF10701FFF7FCFCE7E700BF96
:10E6C000F8270020E86304100120FFF793BE002024
:10E6D000FFF790BE2DE9F04F2DED028B91B004466F
:10E6E000084611461A4608AB0193504B0093082385
:10E6F000E1F700FE089890B10FF0DAFF064609989E
:10E7000080B10FF0D5FF05460A9870B10FF0D0FF29
:10E710008046731CAB420BD04548FCF77BF94FF0A9
:10E72000FF36ECE74FF0FF35EEE74FF0FF38F0E74C
:10E730009DF82CB0BBF1010F01D93E48EDE79DF9E2
:10E740003090B9F1100F04D0B9F1200F01D03A4840
:10E75000E3E79DF834A0BAF1010F01D93748DCE7AF
:10E760000F9F002F40F3F2813846ECF79BF800230F
:10E770000E9AC4E95133236284F8643184F824305A
:10E780002379C4E90627C4E902658022C4F8500150
:10E79000C4F84001C4F84C71C4F8108084F814B077
:10E7A00084F8159084F816A08BBB0A20244915F034
:10E7B00005FA01210A2015F079F9237D012B2DD1CD
:10E7C00094F915101F4B204A102918BF1346002535
:10E7D000DFF88C802363002758F8046B39463046F5
:10E7E00016F078FEE0B10137042FF7D1002730464C
:10E7F000216B16F08BFE0FB1002837D10135EDB239
:10E80000032DE8D177B911491148FBF7DFFA0B2046
:10E81000104915F0D3F901210B20CCE70E4BD6E7B8
:10E820000127E4E710BB0D49EEE700BF7862041052
:10E830004FFC031061FC0310F0FB031068FC031095
:10E84000CFE60110C4630410AC6304106CFC031029
:10E850000C2B0410C9E601109463041082FC031011
:10E86000DC6304100000003B0000804300213046C0
:10E87000A66216F015FE216B84F82C00A06A16F033
:10E8800060FE0023024694F82C106063A06A16F024
:10E8900084FF237DA269012B637D18BF202353438E
:10E8A0009B0007EE903A0520B8EEE78A16F05CF977
:10E8B00007EE900AF8EE677A87EE887A5FED177AAE
:10E8C00037EE277AFCEEC77A17EE903A9BB2002B10
:10E8D00000F00A8107EE903AF8EE677A37EE677A31
:10E8E0005FED1F7A27EE277AFCEEC77ACDED037A2B
:10E8F0009DF80C201B0443EA022C227D2369012A87
:10E900004FEA131540F0F280667D03F01F03760690
:10E9100006F0785646F0804665F01F0543F48013F4
:10E9200046F4C0264FF01808A26825F4F84597026F
:10E9300007F4F8471F43130945EA8325D4E90C136C
:10E940000979581E01444FEAC31EA06A4EEA013EEF
:10E9500094F82C107E4B08FB0108C8F8C8C0C8F812
:10E96000D060EE4303EA161306EA56061E42D0F8BC
:10E9700068C147F0804703EA550500F0BF8055EABB
:10E980000C0508D1C8F8CCE00023182505FB0105CB
:10E990007B40C5F8DC3000260123FFF70BFD012387
:10E9A000E26894F82C10A06AFFF704FD237D94F828
:10E9B0002C10012B18BF00232269A06AFFF7FAFC74
:10E9C0003546304616F0B0FA08B90135EDB20136D9
:10E9D000102EF6D1012D40F2A280002016F094FAFC
:10E9E000A063002016F090FA94F814800346B8F162
:10E9F000010F94F915900390E06300F092800223D8
:10EA00000127A16A9B00059301F12F4303F56003E1
:10EA100094F82C501B0DDA0004922A1D02EBC3035C
:10EA20005B04079305F108034FEA830B01EB8303B3
:10EA300004F1340A04F1400606935AF8042F4548BD
:10EA4000930100EA423C059AB8F1010F4CEA020C2E
:10EA500007F0010202F10E0254F822202CF4F03CDF
:10EA60004CEA423C2CF4FC0C03F1A0434CF0110C9A
:10EA70005FD1049AC9F3C40E2A444CEA42424FF0D3
:10EA8000800CBCFBFEFCABF1100E22F0F0028E44B9
:10EA90001E6042F01002C3F804E0C3F808C0012F62
:10EAA0001A6106F1800642D001232779A26B0398F0
:10EAB000294C3E0103FA02F203FA00F006F1A046E7
:10EAC0003F01C6F80C24E251C6F80C04E051086876
:10EAD000AB4003430B604FF0A043C3F8502411B088
:10EAE000BDEC028BBDE8F08F1A4603E7DB03ED03B4
:10EAF0001A4E03F4782365F4782513E745B1BCF189
:10EB0000000F3FF448AFC8F8CCE01B031B0A3CE7FA
:10EB1000C8F8CCE0BCF1000F3FF436AFF5E7104980
:10EB200072E6B9F1100F0CBF0123022368E7022738
:10EB300083E70698079A186020204CEA020222F028
:10EB4000F0025E6042F040029860A8E70548E4E504
:10EB500021841000F1E07FFC0424005000000980B3
:10EB60009DFC0310B4FC03102DE9F8430446806AB1
:10EB7000002843D0012694F82C10036806FA01F20D
:10EB800023EA0203036016F07FFCD4E90C12A06AAA
:10EB900016F0F0FC4FF010084FF0040904F13405B2
:10EBA00004F13C0755F8040F820102F1A042D3683A
:10EBB00006FA00F123F4F03343EA4033136123797A
:10EBC00018FB039303F1A04303F5505319604FF072
:10EBD000A043C3F86414D3685B01FCD416F08EF92B
:10EBE000AF42DFD123795BB90A20074915F0CAF893
:10EBF000D4F85001EBF77EFE0023A362BDE8F88352
:10EC00000B200249F2E700BFCFE60110C9E6011070
:10EC100008B5FFF7A9FF062008BDF8B50C46164653
:10EC2000054654F8047B3846FFF79EFF38463346C6
:10EC30002246691EFFF74EFD0620F8BD2DE9F04380
:10EC40000D4690461E4641462846194A85B0E1F7D2
:10EC500025FB3068F0F7D4F80128074602DD154897
:10EC6000FBF7D8FE144B00F1440203EB8209D9F8FC
:10EC70000440C4B94FF4B4701049EFF7D8FF04460C
:10EC8000C9F804000771414606EB850201A8EBF7BD
:10EC900045FE204601AB321D691EFFF71BFD2046D5
:10ECA00005B0BDE8F0832046FFF75EFFEBE700BF4D
:10ECB000FFFF0300BBFC0310F8270020D062041004
:10ECC0000022024BC3E94522704700BFF82700200D
:10ECD00010B5074CD4F8140108B1FFF745FFD4F87C
:10ECE000180118B1BDE81040FFF73EBF10BD00BFCE
:10ECF000F827002010B50C46F0F78EF8631E03428B
:10ED0000024604D0234602490248FBF768F810BDCA
:10ED1000C0FC0310102A041070B5064614460846BD
:10ED20000AB3042A71680FD1FFF7E4FF7368012B5F
:10ED300003D0022B06D0006800E00078BDE87040E8
:10ED4000F3F762BB0088F9E7FFF7D4FF05462046DA
:10ED5000F0F762F87368012B03D0022B05D028600E
:10ED600000E028700624204670BD2880FAE70000E5
:10ED70004A680249D200EEF727B800BFDEFC031054
:10ED800001232DE9F041A0F1200703FA07F703FA68
:10ED900000F54FF0504E0223DFF848C0DCF8286041
:10EDA0001F28DCF8284013D8DEF8048018EA050F85
:10EDB00014BF4FF001084FF0000841450DD1013B51
:10EDC00081F0010102D1A01BBDE8F0812646E7E7F2
:10EDD000DEF8088018EA070FEAE7A41B9442DFD3A5
:10EDE0005842F1E700000B40F8B5074608680C46AA
:10EDF0000FF05EFC05466068F0F748F9022F064602
:10EE00000BD9A068EFF7FCFF024631462846FFF712
:10EE1000B7FFBDE8F840F3F7F7BA014AF5E700BFDE
:10EE200040420F001423002903FB00F014BF01230C
:10EE300000230B494FEA031302FA03F24FF6FF7364
:10EE400018BF0B4600F180400C3010B500F52824A7
:10EE5000216800F529204A401A40026010BD00BF19
:10EE60000000FFFF1423584300F1804000F52823E1
:10EE70001B68890041EAC201594001F00C0100F50C
:10EE80002920016070471423584300F1804000F5A9
:10EE900028231B6800F52920594001F00101016079
:10EEA0007047000007B58B7900934B790A790349C5
:10EEB000EDF78AFF03B05DF804FB00BFEEFC031022
:10EEC00008B500210079FFF7DEFF062008BD00002D
:10EED000124A10B51278FAB90479114A125DDAB102
:10EEE000C279CAB181794279003918BF012162B96A
:10EEF000827C003A18BF01222046FFF7B3FF20466C
:10EF0000BDE810400121FFF7BEBF10F8063C0A46DD
:10EF1000191E18BF0121EFE710BD00BFD42D00203E
:10EF2000F12D002038B5142304460079434303F142
:10EF3000804303F528231A694FF6FF739942A8BF4F
:10EF4000194602FB011202F5FF427F32B2FBF3F2D7
:10EF50000D4692B26179FFF765FF0123E371204608
:10EF6000A560BDE83840FFF7B3BF0000012810B529
:10EF70000C681FD1E379E3B12379134AD25CC2B1A3
:10EF80001422534303F1804303F528231A69D968F7
:10EF90006379003B18BF01231B01D94088B2531C81
:10EFA000C0EB014000EB5300B0FBF3F0400040F039
:10EFB000010010BD4868EFF723FF01462046FFF728
:10EFC000B1FF0620F5E700BFF12D0020002270B54B
:10EFD0001646074D074C2079002105F8016B0132D8
:10EFE000FFF751FF0C2A04F10C04F4D170BD00BFEF
:10EFF000F12D0020D814002070B5044605200D46E0
:10F0000015F0B2FD094B00EB14129A4209D9002306
:10F0100010261946E0FB06412A4620461DF014FD45
:10F0200070BD04EB0010B0FBF5F0F9E7005BF90FE1
:10F0300001464008FFF7E0BF2DE9F0414FF014080A
:10F040000379174E044608FB036358680D46FFF723
:10F05000EFFFA5FB0031EA1700FB021111482779E9
:10F06000181841F100010CA3D3E900231DF0ECFCBA
:10F0700008FB076636696179721C824228BF024626
:10F08000384692B2FFF7CEFE0223E3712046A56018
:10F09000BDE8F041FFF71CBF00CA9A3B000000002A
:10F0A00000800A400065CD1D012870B50D6824D18F
:10F0B000EB790BB32B79154AD25CEAB11426144CC8
:10F0C00006FB03435868FFF7B3FF2B79024606FBA4
:10F0D00003446B79E468003B18BF01231B01DC404B
:10F0E000002319460B4DA4B24008E4FB05011DF0B6
:10F0F000ABFC400040F0010070BD4868EFF780FEB7
:10F1000001462846FFF798FF0620F5E7F12D00207D
:10F1100000800A4000CA9A3B01460138FFF76CBFE5
:10F1200070B50E460446052015F01EFD06EBD6739D
:10F1300000EB6303B3FBF6F34FF6FD72934220D866
:10F140001025013B142221794A4302F1804202F545
:10F1500028225560136101221D4B5A54E3799342D2
:10F1600024D12046A168FFF7DDFE63792BBB04F1B3
:10F170000C00C379012B23D1BDE870408168FFF7F3
:10F18000D1BE4FF6FE707043FFF7C6FF05467043D1
:10F19000FFF74EFF0F2D00F1FF3302D80D48FBF7AC
:10F1A00039FCB5F5805FCDD30B48F8E7022BDCD1F5
:10F1B0002046A168FFF740FFD7E7A4F10C00D8E78D
:10F1C000022B04D1BDE870408168FFF735BF70BDE8
:10F1D000F12D002012FD031017FD0310012810B5BA
:10F1E0000C6813D123790E4AD25C72B114225343B6
:10F1F00003F1804303F5282358681B6903FB0000D3
:10F20000FFF716FF400040F0010010BD4868EFF71F
:10F21000F7FD01462046FFF783FF0620F5E700BF14
:10F22000F12D002030B587B00446084611461A4635
:10F2300002AB0193134B144D00930423E1F75AF8EA
:10F24000012302992B704A1C02D02046FFF768FF69
:10F2500003994B1C02D02046FFF764FE0499481C1A
:10F2600002D02046FFF7E8FE059B5A1C03D0003B66
:10F2700018BF0123A371002320462B70FFF728FE3F
:10F2800007B030BD48640410D42D002010B50C46E2
:10F2900013460A1D411E2068FFF7C4FF062010BD5B
:10F2A0002DE9FF410E4690461F4641463046174A1B
:10F2B000E0F7F4FF38680FF0FBF90C221F284FEA43
:10F2C00050048ABF04F0030404F00704083400F07B
:10F2D000010303EB44030E4C054602FB03440023E9
:10F2E0004146E38007EB860201A8EBF717FB2046B7
:10F2F00001AB3A1D711EFFF795FF2846042114F05B
:10F3000025FB204604B0BDE8F08100BFFFFF0300ED
:10F31000D814002008B5002107F01CF9062008BD0C
:10F3200008B5012107F016F9062008BD2DE9F04FB8
:10F3300083B000AF15461C468846786069B1D3F8A3
:10F34000009019F0030F08D1D9F800305A7C22B18F
:10F3500003EB82031B69002B58D108EB45039B008C
:10F36000073323F00703ADEB030DEB464FF0000925
:10F370004FEA88063246214658460BEB060A083605
:10F380001DF0B6F934442A464E4640F21251FAB9FD
:10F3900066B1B9F1000F09D0D9F80000EFF776FE99
:10F3A00000280CBF03230123C9F800305B462A461E
:10F3B000414600200FF012F9814679680C20EFF7E2
:10F3C00036FC0C37C0F804900672BD46BDE8F08FDD
:10F3D00041F25A6C54E90230634510D13A60EFF7BC
:10F3E00055FE40F2125106463A68013D54F8080CA9
:10F3F000013A884208BFAAF104090834C7E7D44695
:10F400004CF8083BCAF80400E246EFE701290CD1AA
:10F4100075B1012D09D141F25A6362689A4204D153
:10F42000A068EFF733FE0646C7E70020FBF7A2FC13
:10F430002E46C2E7012910B5044604D0022908D09F
:10F440004FF0FF3010BD406807F076F8237A58403F
:10F45000F8E7017A4068514007F07CF80020F1E7B6
:10F4600070B50D4604461146284602221E46E0F7B6
:10F4700015FF35B9204607F05FF8400040F0010065
:10F4800070BD3068EFF702FE0146204607F062F8D3
:10F490000620F5E710B40C460B1D0022411E206823
:10F4A0005DF8044BFFF7DCBF38B5054651F8040B97
:10F4B00013460468627C04EB8204226914680A46DD
:10F4C000691EA047062038BD08B503685A7C03EBC7
:10F4D00082031B695B6803B19847062008BD30B4FE
:10F4E0000468657C04EB85042469A468A44630BCE8
:10F4F00060477FB5054648680C46EFF781FC01463A
:10F500006846FDF7A7FB032D029E12D1A068EFF716
:10F5100077FC0146019A30461CF064FE029B01997B
:10F520001A462068FFF7DBFF6846F5F7E3FA04B0F8
:10F5300070BD0021EEE77FB50C46054606226068E7
:10F5400001A9EFF791FE032D019E10D1A068EFF7FE
:10F5500057FC0146029A30461CF044FE019B20688D
:10F560001A460299FFF7BBFF062004B070BD0021C8
:10F57000F0E71FB504460522084601A9EFF774FE1F
:10F58000DDE9012120460023FFF7A9FF062004B092
:10F5900010BD000030B5154687B005220446084668
:10F5A0006946EFF761FE03A906222846EFF75CFEE5
:10F5B0000199049B994202D00548FBF72BFA20469B
:10F5C000039B009AFFF78BFF062007B030BD00BFFA
:10F5D0001CFD031004300EF0ABB9000010B58AB06A
:10F5E0000446084611461A4603AB0193184B009394
:10F5F0000723E0F77FFE03994B1C07D0154AB2FBA7
:10F60000F1F301FB132202B101336360049B581C28
:10F6100018BF2372059B0798591C18BF6372069B7D
:10F620005A1C18BFA37210B10FF042F8E06008989E
:10F6300010B10FF03DF82061099810B10FF038F8C3
:10F6400060610021201D0EF045F90AB010BD00BF19
:10F65000A465041020A107007FB54B694A68049394
:10F660000B690393CB6802938B7A01934B7A0093D7
:10F670000B7A0449B1FBF2F20349EDF7A5FB07B0A1
:10F680005DF804FB20A107002DFD031010B58AB022
:10F69000084611461A4602AB01931C4B00930823FF
:10F6A000E0F786FE1A491820EFF7C1FA0299194AC5
:10F6B0000446B2FBF1F301FB132202B10133636094
:10F6C000039B2372049B6372059B082B02D0124894
:10F6D000FBF7A0F9069BA372079818B1089B0BB122
:10F6E000099B0BB90D48F3E70EF0E2FFE0600898C4
:10F6F0000EF0DEFF206109980EF0DAFF0021606154
:10F70000201D0EF0E7F820460AB010BD6465041015
:10F71000DC65041020A1070080FD031086FD0310A6
:10F720008288C388018913445B1A013B93FBF2F082
:10F7300002FB1030704782880389C18813445B1A2A
:10F7400093FBF2F002FB1030704710B504463430E2
:10F75000FFF7F1FF40B96368986900F08800A0F1F5
:10F7600080035842584110BD0020FCE711B9B0F8A1
:10F7700046007047012914BF0020B0F844007047CC
:10F7800008B5FFF7E2FF00280CBF0E201E2008BDC1
:10F7900038B504464068856915F00805FBD116F0B8
:10F7A000F1F8217AC1B9212014F080F90023217ADF
:10F7B0000B4A01F1840002EB8000E360836001F1F9
:10F7C0008600823102EB800002EB8102836093604D
:10F7D000A364A4F8443038BD29462220E4E700BFE2
:10F7E000F827002008B5FFF7D3FF062008BD00006A
:10F7F00010B504460121406816F053F9E368064845
:10F80000B0FBF3F001300FF023FC6068002116F02C
:10F8100048F9062010BD00BF405DC60008B514F0D1
:10F820009FFF4FF47A7219B100231DF00DF908BD46
:10F83000B0FBF2F0FBE7000003292DE9F04105469B
:10F8400016461F4618D112F0010409D043689B697F
:10F85000DA0605D52030FFF76EFF041E18BF01241D
:10F86000730706D505F13400FFF75AFF08B144F0DD
:10F8700004042046BDE8F08101291CD114F070FF7A
:10F880002C8F0646104821348846002384FB000153
:10F89000EA681DF0D9F8861948EB01082846FFF7F9
:10F8A00054FF78B914F05CFFB04271EB080107D245
:10F8B000FBF7E0FBF2E716234FF0FF343B60D8E79D
:10F8C0006E23F9E70024D4E780BA8C0100B5B1F8C3
:10F8D00044308DB00A930A7F104B53F822300993BD
:10F8E0004B8B08930B8B0793CB8B06930B8E059357
:10F8F0000B7D0493CB7C03938B7C02934A7C084B57
:10F9000053F8223001930B7C0093CB680A7A0549A7
:10F91000EDF75AFA0DB05DF804FB00BF1C68041047
:10F920002C680410A2FD031070B50E461D46044657
:10F9300090B002AB0193564B1146304600932A46D5
:10F940000E23E0F7D7FC029B0498002BC8BFE360AE
:10F95000039B002BC8BF2374431C03D0062815D17A
:10F9600000236374059B0698002BC8BFA374062868
:10F9700014D00EF09DFEC20705D4227A031DC3F3F6
:10F98000C003934209D04348FBF744F8EFF738FA35
:10F99000C1074CBF02230123E3E7E0740798062860
:10F9A0000CD00EF085FEC30705D5227A031DC3F3E4
:10F9B000C003934201D03848E6E72075089806282E
:10F9C0000ED00EF075FE00F00303022B05D1227A53
:10F9D000031DC3F3C003934201D03048D4E76075E0
:10F9E000099806280ED00EF063FE00F00303032BE7
:10F9F00005D1227A031DC3F3C003934201D02848E6
:10FA0000C2E7A0750A9B002BA8BF23830B9B002B8A
:10FA1000A8BF63830C9B002B04DB032B01D9214877
:10FA2000B2E723770D9B002B04DB032B01D91E4883
:10FA3000AAE763770F9B002B0FDD1F2B1A4605D912
:10FA400047F6FE718B4202D918489DE72022E38BCE
:10FA500093421EBF0023E28323620E9B002B0FDD27
:10FA60001F2B1A4605D947F6FE718B4202D9104862
:10FA70008AE72022238E93421EBF002322866363DF
:10FA8000E368BEB92A68072A14D8A3B110B070BDC4
:10FA90009866041027FE03102DFE031033FE03109A
:10FAA0003AFE031041FE031052FE03106FFE0310D6
:10FAB00078FE031023B94FF4E133E360002363833E
:10FAC00043F2C823E168628BB3FBF1F301339A423E
:10FAD00038BF6383606815F08DFF637CA27C217C56
:10FAE000606815F0C5FFBFF34F8F0121606815F006
:10FAF000D4FFBFF34F8FE07C10F0020F0CBF022148
:10FB00000B2113F023FF207D10F0020F0CBF022108
:10FB10000B2113F01BFF237F980703D50121207DC4
:10FB200013F04CFF237FD90703D50121E07C13F0AC
:10FB300054FF637FDA0703D50221607D13F006FFCF
:10FB4000637F9B0703D50221A07D13F0FFFE637F37
:10FB50006268C3F3400003F0010352F8301FDB0377
:10FB600043EA80334B40256A03F4404302F5805258
:10FB700013607DB9E08B0130EAF794FEE38B227AC3
:10FB80000133A3841D4B206203EB82032585E584AA
:10FB9000C3F81802656B7DB9208E0130EAF782FE4A
:10FBA000238E227A01332387144B606303EB820395
:10FBB000A5876587C3F82002237ABBB921201049A5
:10FBC00013F0AEFF0121212013F070FF7023626853
:10FBD0009363134653F8341F03F5805301F0380143
:10FBE0001960526B02F007021A604FE722200549A4
:10FBF00013F096FF01212220E6E700BFF82700203E
:10FC00006DFF011061FF011010B50C4613460A1D6F
:10FC1000411E2068FFF788FE062010BDF0B50D4696
:10FC200017461E46144A3946284685B0E0F736FB8B
:10FC30003068EFF7E5F80128024603D90F4910486C
:10FC4000FAF7CDF84C230F4C4FF4807203FB0044BD
:10FC500000233946E283228601A806EB850223624F
:10FC60006363EAF75BFE204601AB321D691EFFF7B6
:10FC70005BFE204605B0F0BDFFFF030081FE0310D0
:10FC8000102A0410F815002042684FF4007002F1A9
:10FC9000380311F4007F14BF03F5005303F54053FC
:10FCA000186002F13403526B11F0400F18BF82F05C
:10FCB000180202F0380203F580531A60704708B545
:10FCC00089B2A0F84410FFF7DFFF002008BD000054
:10FCD00070B505460C4686B003AB0193214B043149
:10FCE0000093013803231646E0F704FB012D246836
:10FCF0001ED83568072D94BF00250125A36C63B974
:10FD0000A4F84430214618480CF0DCFC227A174B4A
:10FD1000A06403EB8203C3F81002FDB1039D062D1E
:10FD200008D02846EFF716F820B91148FAF772FE06
:10FD30000125E3E7049931B131F4187203D00D497C
:10FD40000D48FAF74CF8A36C9DF8142089B2DD60D9
:10FD50001A742046A4F84410FFF796FFA06C06B072
:10FD600070BD00BF0488041014680410F827002038
:10FD70008DFE0310A5FE0310102A041070B500219B
:10FD80000446006C1CF058FE10B3656804F134069C
:10FD9000AB699B0607D5206CBDE870401CF058BECF
:10FDA0004FF0FF3212E03046FFF7C5FC0028F2D0DA
:10FDB000628FA38F9342F3D0531C616B9BB2638716
:10FDC0008A5C218F994298BF002363872A60DFE70E
:10FDD00070BD028910B58488531CA34228BF00233C
:10FDE000C4889C421EBF0468A154038110BD2DE944
:10FDF000F74F05460C4690460193FFF70FFD274647
:10FE00000646B5F8189004EB080B05F1340A5F4577
:10FE10000AD12846FFF7B2FF3C1B05F1340A4445DE
:10FE200034D206EB090B1DE05046FFF779FC0028A1
:10FE3000EFD0504617F8011BFFF7CBFFE7E7FFF7BE
:10FE4000EDFC831B994509D224B90B234FF0FF34F5
:10FE5000019A1360204603B0BDE8F08FABEB0000C1
:10FE6000FBF710F95046FFF75BFC0028E7D050463F
:10FE700017F8011BFFF7ADFFFFF7D0FC0646284639
:10FE8000B5F81A900134FFF779FFC8E74446E1E777
:10FE9000F8B504460D46C06A00211CF0CDFDD0B176
:10FEA00004F120076668B369DB0604D5E06ABDE8A3
:10FEB000F8401CF0CDBD3846FFF732FC0028F5D0E5
:10FEC000002DF3D03168013D4A05EBD43846C9B264
:10FED000FFF77FFFE6E7F8BD10B504462121FFF7E5
:10FEE000D7FF04F12000FFF726FC400040F001009E
:10FEF00010BD38B5436804461D6C15F0500505D09B
:10FF000040F2DF5217215A64FFF7C2FF63681A6C90
:10FF1000910609D540F2AF5204F134005A64FFF75C
:10FF20000AFCB8B945F0200563681A6C920542BF17
:10FF30004FF4007203F501535A60B4F8443048BFDF
:10FF400015431D420AD0A06CA4F84650BDE83840C5
:10FF50000CF0FABB2046FFF711FFE5E738BD0000C3
:10FF60000148FFF7C6BF00BF441600200148FFF755
:10FF7000C0BF00BFF81500202DE9F74F04460F461B
:10FF800015469946FFF74AFCB846064604F1200399
:10FF9000B4F818A007EB050B0193D84513D10CE07A
:10FFA000FFF73CFC801B82450BD2B8EB070504D160
:10FFB0000B234FF0FF35C9F80030284603B0BDE8E9
:10FFC000F08FFBF757F80198FFF7B5FB38B9636876
:10FFD0009B69DB06E4D421212046FFF759FFE28C20
:10FFE000238D934212D0531C216A9BB2E3848A5C16
:10FFF000A18C994298BF0023E384134608F8013B83
:020000041002E8
:10000000FFF70CFCB4F81AA00646C6E74FF0FF3322
:10001000F4E7000010B5054C2046FFF7B9FB04F1EA
:100020004C00BDE81040FFF7B3BB00BFF81500203F
:1000300008B51BF047F800280CBF0E201E2008BD95
:1000400038B50C68022894F8245019D14868EFF7A5
:100050001DF8854214D048B1226A0C4B9A4205D152
:100060006368062B02D11620FAF7CEFE012384F82E
:10007000240084F8253008B10DF09AFB1CF0F0FC48
:10008000002D0CBF0E201E2038BD00BFD868041004
:10009000F0B58BB003AB0193184B51F8044B0093B0
:1000A00001380723E0F726F9DDE903763846059D98
:1000B000EEF7CAFD037C13B91148FAF7ABFC3046E2
:1000C000EEF7C2FD037C0BB90E48F6E7062D06D00D
:1000D0002846EEF7B9FD837B0BB90B48EDE7062008
:1000E000069BC4E901762361079BE5606361089B79
:1000F000A361099BE3610BB0F0BD00BF3868041039
:10010000B2E90310A9E90310BBE90310F8B5164FD3
:10011000D7F8C03023BBB820EAF7DDFB0625134B28
:10012000044603600346C0E90155C0E90355C0E930
:100130000555C56100F18002C3E90A5508339A42AA
:10014000FAD100260A4B3246314642202362A68469
:10015000EFF786FCC4E92C55C4E92A06C7F8C0406D
:10016000D7F8C000F8BD00BFF8270020CC69041004
:10017000D8680410136810B54BB940F23223994285
:1001800002D1036A136001E00423536010BD546878
:10019000002CFBD040F232239942F7D190F8243062
:1001A00013B11620FAF730FE0462EBE72DE9FF41A8
:1001B00000230546CDE90133039395F82430084622
:1001C000164623B195F82580B8F1000F02D016200D
:1001D000FAF71AFEEEF714FE10F0800F04460CBF7B
:1001E00003220122304642F0040201A9E7B204F0E2
:1001F0007F04EFF739F8631E0E2B02D90E48FAF789
:1002000009FC394640461BF05DF808B91020DFE7CD
:1002100039464046BDF80830019A1BF073F848B1E2
:100220001E20640004EBD7140A3445F8246004B09F
:10023000BDE8F0810E20FAE779E903102DE9F041DD
:100240000746D1E900400D46EEF7DAFD94F8243078
:1002500013B194F8256016B11620FAF7D5FDC4B293
:10026000214630461BF0B8F800280CBF4FF00E08AE
:100270004FF01E08032F07D1A868EEF707FF2146AD
:1002800028B130461BF06CF84046BDE8F0811BF009
:1002900085F8F9E708B514F019FD062008BD00003F
:1002A0001FB5084611461A4602AB01930C4B00934A
:1002B0000223E0F77DF8DDE902201AB109490A4876
:1002C000F9F78DFD42F2C403984202D90748FAF7C4
:1002D000A1FB114614F032FD054805B05DF804FBA2
:1002E000EC690410C4FE0310102A0410CFFE0310A2
:1002F000386A041030B5048A856802FB0412847CD5
:10030000D208042C18BFC9430124003B18BF0123A5
:10031000A85C01F007018C4020EA04008B400343F5
:10032000AB5430BD038A02FB0313827CDB08042A32
:1003300018BFC943826801F00701D05C084100F092
:10034000010070472DE9F0474FF00109B0F810C0E7
:1003500090F812804FEADC0C02FB0CF20B4499423D
:1003600001D1BDE8F087B8F1040F18BFCF43099E53
:1003700085680CBF01F0070707F0070702EBD104FF
:10038000003E18BF01262C4409FA07F5ED434FF053
:10039000000EBE40DDF820A06DB276B2BAF1000FBB
:1003A00001D10131DBE714F80E700AF1FF3A2F405A
:1003B000374304F80E70E644F0E730B5058AD408F8
:1003C00005FB0411003B4FF0010418BF01238568B1
:1003D00002F00702685C944020EA0400934018434E
:1003E000685430BD30B58368058AD40805FB0433F2
:1003F000585C02F00702104100F0010030BD2DE909
:10040000F0414FF0010E069C02EB040C624501D155
:10041000BDE8F081048AD50804FB0515079E8468B1
:1004200002F00707003E2C4418BF01260EFA07F51C
:10043000ED43BE406DB276B204EB0308444501D1F2
:100440000132E3E727782F40374304F8017BF5E7D3
:1004500010B5048A02FB0411826822F8113010BD25
:10046000038A02FB0311836833F81100704770B5EB
:10047000068ADDE9044502FB06118268013C02EBB5
:10048000410207D270BD26F8025B01390029FAD17A
:10049000018AF3E719461646F8E730B5048A8568FD
:1004A00002FB0412032492084900A85C01F0060133
:1004B0008C4003F0030320EA04008B401843A85447
:1004C00030BD038A02FB031382689B08D05C49009D
:1004D00001F00601084100F0030070472DE9F843E0
:1004E000804615460C46CF18089B02EB0309A7422D
:1004F0000CD8BDE8F883324621464046099BFFF7F9
:10050000CCFF0136B145F6D80134F0E72E46F9E7C5
:1005100010B5048A02FB041284685208A05CC90763
:1005200055BF00F00F0003F00F0340EA031320F063
:100530000F004CBF0343DBB2A35410BD10B5048AB7
:10054000806802FB0400435410BD10B58368048A20
:1005500002FB0433585C10BD30B40C25847C6C4322
:10056000024D2C59A44630BC604700BFB06B04104C
:1005700030B40C25847C034B05FB043330BC5B6832
:10058000184700BFB06B04102DE9F041DDE90647C4
:10059000002C2CDD002B2ADD0B44002B27DD14441E
:1005A000002C24DDC689964221DDB0F80CC08C45B4
:1005B0001DDD4FF00C0822EAE2720797B442D4BF67
:1005C000C2EB0407C2EB060790F812E0094D21EADE
:1005D000E17108FB0E55AC686345D4BFC1EB030362
:1005E000C1EB0C030697A446BDE8F0416047BDE8A7
:1005F000F08100BFB06B04102DE9F04F804685B04C
:1006000008461546EEF7FCFB04462846EEF7F8FBD5
:10061000002C0546B8F80C3019DA62429A4212DA18
:100620002344019301234FF0000B0293002DB8F8EF
:100630000E6016DA6B42B34205DA4FF0010A00276A
:100640002E44B74227D1062005B0BDE8F08FA34263
:10065000F9DD03F1FF3B631E01934FF0FF3302937B
:10066000E4E7B542EFDA771E4FF0FF3A6E1EE8E797
:10067000A9EB0401039A4046FFF77AFF4946034677
:100680003A464046FFF768FF029B9944019B4B4561
:10069000EED15744D5E77B1BD9460393F6E770B5F7
:1006A00004460D1F00EB820654F8040FEEF7A8FB7A
:1006B000B44245F8040FF7D170BD10B586B00C6890
:1006C0000846042202A9FFF7EAFFDDE90212059BB2
:1006D00020460193049B00930123FFF755FF06205A
:1006E00006B010BD10B586B00C680846042202A9F9
:1006F000FFF7D5FF059B2046019301230299009344
:10070000DDE90323FFF740FF062006B010BD10B55A
:1007100088B00C680846052203A9FFF7C0FF079BB5
:1007200020460193069B03990093DDE90423FFF71C
:100730002BFF062008B010BD2DE9F0418046D1E91D
:1007400000700E46EEF75CFB0446B068EEF758FB0F
:10075000002C054602DBBB89A34202DC0620BDE873
:10076000F0810028FADBFB898342F7DDB8F1030F43
:1007700008D1024621463846FFF7FAFE400040F015
:100780000100ECE7F068EEF73BFB2A460346214602
:100790003846FFF7E1FEE1E737B504460846EEF7D5
:1007A0002FFB0C21A27C074B019001FB0233E28955
:1007B0002046009200229D681146A389A847062082
:1007C00003B030BDB06B04102DE9F04F044689B082
:1007D000486889461D460292EEF712FB0646D9F894
:1007E0000800EEF70DFB8346D9F80C00EEF708FB86
:1007F000042C019017D9D9F81000EEF701FB04463C
:100800004FF6FE73721E9A42B04609D80BF1FF37BD
:100810009F42DA4604D8B4F5803F01DAB44204DAE4
:100820000020FAF7F7F83446EAE7019A062A4FD88B
:10083000DFE802F004524534343C50000BF1070A63
:100840002AF0070AAAF108070123AAEB070A67435F
:100850000393029B08FB0A7743F00402D9F80000D7
:1008600005A9EEF701FD039B5F43069BB3EBD70F92
:10087000D6D325B914201949EEF7D9F905462846EB
:10088000D9F80030AE816B60059BA5F80EB0AB6067
:10089000019B2C82AB7409B0BDE8F08F073406F1E0
:1008A000070824F0070428F00708CDE7033406F111
:1008B0000308022324F0030428F00308C5E70134E9
:1008C00006F10108042324F0010428F00108BCE724
:1008D0000348A6E70823B8E71023B6E7046C041022
:1008E00068FC031070B50C461D4611462046054AAB
:1008F000DFF7D4FC29462046BDE8704000230222E1
:10090000FFF762BF0A0008007FB58A680B68039290
:10091000012201934B680328029388BFCB6804929D
:1009200005930022052101AB0248FFF7DBFF07B06A
:100930005DF804FB046C041008B54068EEF794FC05
:1009400080F00100C0B208BD2DE9F74F0546D1E99E
:1009500000A00C46F4F73AFC0646A068EEF750FA01
:100960000746E068EEF74CFA042D834640D920692B
:10097000EEF746FA0346013E12E0A4F12002602A97
:1009800028BF7F243D461B4A203CC7EBC4041444C7
:10099000002D0DDA013507F108029542F8D12F46F6
:1009A00016F8014F002CE8D1062003B0BDE8F08F07
:1009B000BAF80C20AA42EDDDD84614F80590B9F13A
:1009C000000FE7D019F0010F0DD0B8F1000F0ADBCE
:1009D000BAF80E20424506DD4246294650460193AC
:1009E000FFF7BAFD019B4FEA590908F10108E6E754
:1009F0000123C0E7246C0410F8B505461F46038A9E
:100A0000846802FB0311069E0C44013E00D2F8BD2F
:100A100020463A4607991BF0E5FB2B8A1C44F4E775
:100A20002DE9F74F1E46B0F810800D9F02FB08120B
:100A3000846807F00F0704EB5204A8EB060847EAA6
:100A400007120C9B4FEA071B00924FEA580801F06F
:100A5000010506F1FF3A013B02D203B0BDE8F08F79
:100A60000DB306B3D146227822F00F023A4304F8C0
:100A7000012B4FEA5902204600990C9301921BF07A
:100A8000B1FB019A19F0010F0C9B04EB020007D097
:100A9000A15C01F00F014BEA0101A15405B901303D
:100AA00000EB0804D7E7B146E3E72DE9F0470C4631
:100AB000064688B00D680522204603A9FFF7EFFD22
:100AC000062E10D9A069EEF7E1FADDE9031205ABB5
:100AD00058CB40B1CDE900462846FFF755FD06202A
:100AE00008B0BDE8F0870127DDE90346DDF81C808A
:100AF000DDF814A03246534621462846CDF804803E
:100B00000097FFF741FDDDF81890534606EB090208
:100B100021462846013ACDE90078FFF735FD3B46EE
:100B2000324621462846CDE90098FFF72DFD04EB1B
:100B30000A013B463246CDE900980139CCE708B5B9
:100B40000A460168007AE0F705FABDE80840EEF7CA
:100B500057B9038A02FB031382685B08D05CCB079A
:100B60004CBF00F00F0000097047F0B4049F67B15C
:100B700000290ADB87898F4207DD002A05DBC5894A
:100B8000AA4202DAF0BCFFF7E7BCF0BC70472DE9DF
:100B9000F04F9846154687B0109BA8EB01060093CE
:100BA000009A002EA2EB0507DABFA1EB08064FF072
:100BB000FF394FF00109002FDABFAF1A4FF0FF3AAB
:100BC0004FF0010ABE420C46119B1DDB5246CA463D
:100BD00091463A46374616462A460D4614460022A6
:100BE0004FF0000B0192720002927A00C7EB4606AA
:100BF00003925F450ADC012241461092009A07B039
:100C0000BDE8F04FFFF7B1BF0122E9E7019ACAB191
:100C1000002C0FDB8289A2420CDD002D0ADBC28989
:100C2000AA4207DD2A46214605930490FFF794FC6B
:100C3000DDE90403002E13DA029A554416440BF141
:100C4000010BD6E7002DF5DB8289AA42F2DD002CEC
:100C5000F0DBC289A242EDDD224629460593E4E796
:100C6000039A4C44B61AE5E710B588B00C680846FC
:100C7000052203A9FFF713FD079B20460193069B5E
:100C800003990093DDE90423FFF781FF062008B0F4
:100C900010BD2DE9F04F87B01E46DDE91098129B7C
:100CA000144603F0040203F0010C03F0020B03925C
:100CB00003F00802DB0607460D46049236D5BCF168
:100CC000000F08D00123CDF804800093A4EB0902A3
:100CD000F318FFF759FCBBF1000F0AD00123384687
:100CE0000093CDF80480F318A4EB0902A91BFFF7C9
:100CF0004BFC039B53B1012338460093CDF804808D
:100D0000F31804EB0902A91BFFF73EFC049BABB3ED
:100D1000012329463846109304EB0902F318CDF855
:100D2000448007B0BDE8F04FFFF72EBC01EB060A88
:100D3000A4EB0902CDF800C043465146AD1B059215
:100D4000FFF713FF434629463846059ACDF800B011
:100D5000FFF70BFF039B4C4422462946384600937D
:100D60004346FFF702FF049B224610935146434639
:100D7000384607B0BDE8F04FFFF7F7BE07B0BDE853
:100D8000F08F2DE9F04F0C4606460B6891B0052216
:100D900020460BA90793FFF782FC062E21D9A069F4
:100DA000EEF774F9072E4FEA00151BD0E069EEF755
:100DB00027F800F00F0040EA05030493DDE90D3445
:100DC00053EA040211D1DDE90B12049B079803F0EA
:100DD0000F0300930F9BFFF7C8FE062011B0BDE87C
:100DE000F08F002545F00F03E7E700263746B246AF
:100DF00004FB04F20692520005925D00069AC5F1CA
:100E000001055543059A03FB03F802FB03F94FEA7A
:100E1000480B06EB0802B145089229DA002637464E
:100E2000B2466500C5F1010508FB05F50BFB04F8AA
:100E3000069B464506EB0309CFDCDDE90B12049B5C
:100E4000079802930F9B4F44CDE900435346FFF7A9
:100E500020FF059B0AF1010A1E4405EB4703002B06
:100E6000C1BF04F1FF34A8EB0B08DF1B5D44DFE7D3
:100E7000049A079802920F9A0993CDE900A2DDE93E
:100E80000B12FFF706FF089B0AF1010A1F4405EB4E
:100E90004702002A099B5E44BBDD0599013BA9EB93
:100EA0000109D71B0D44B4E72DE9F04F91B00B6851
:100EB00002AF064648680D463B62EDF7A1FF81464A
:100EC000A868EDF79DFF052207F12C018246E8682E
:100ED000EEF7CAF90022402097F834103C6BDFF798
:100EE000C5FFB4EB400F4FEA40035ED32869B4FB63
:100EF000F3F4EDF785FF052EF8612ED8002107F1F8
:100F00002C00FFF71CFE0121054607F12C00FFF71E
:100F100016FE06466400013C214607F12C00FFF74F
:100F20000EFE2146B3460646013907F12C00FFF7B5
:100F300006FEA846FB69054601930AEB06030093EB
:100F4000023C09EB00030BEB0A02386A08EB0901CB
:100F5000FFF71DFE002CDFDA27E06869EEF796F850
:100F60000028CBD04FF0004300266FF00045BB6156
:100F70000EE07100013107F12C00FFF7E0FDBB69C5
:100F80008542A8BF05468342B8BF03460136BB6110
:100F9000A642EEDBA30007336400621E23F00703C2
:100FA0003A61FB60BB69AB4204DA06203C37BD46C0
:100FB000BDE8F08FFB680021C7F814D007F12C00C2
:100FC000ADEB030DFFF7BBFD0121804607F12C00BF
:100FD000FFF7B5FD4FF0000B04463B6902AE7B62A4
:100FE000796A07F12C007C60FFF7A9FD796A7B6ABA
:100FF0000446023B013907F12C00C7F808807B62E8
:10100000FFF79DFD7A688046A242BB6803D09542F7
:1010100014DAA54214DAA2421146B8BF2146A94209
:1010200025D1A2422DDA01230093FB690AEB0402C9
:1010300009EB0801386AFFF798FD18E0A542EADAE3
:10104000A8EB0301A5EB020C0CFB01F1A21A49016C
:1010500091FBF2F202EB431212F1100348BF02F1CE
:101060002F030BF101005B1146F82B3083467B6A9E
:10107000002BB5DABBF1000F40D10135D7F814D001
:1010800090E703EB0901524403DD01230093FB6960
:10109000D0E7FB6901930AEB04030093386A09EB7C
:1010A0000803FFF774FDE2E7116852F8044F03F1FB
:1010B000010CA14226DD06EB830246F82340516075
:1010C00003B1013B06EB83029842EDDC00244FF0B4
:1010D00001080AEB0502A34506F10806CDDD56E935
:1010E0000213F8695B1ACDE9008001337A62386A2D
:1010F0004944FFF749FA02347A6AECE700230BF11E
:10110000FF30DFE76346DFE773B50D460E4906465D
:10111000F6F765FC044628B10FCC0FC523682B6099
:1011200002B070BD3046694601AAEDF713FF009882
:10113000031F012B02D92046F9F76CFC2B46012234
:101140000199FFF741FBEBE7046C04102DE9F04F28
:101150000E468DB00546D1F80080706802A9FFF7F1
:10116000D3FFB068EDF74CFE8246F068EDF748FE1D
:10117000042D044640D93069EDF742FE07460023AE
:10118000052D099305D97069062802D007A9FFF734
:10119000BBFFB8F80C6056452ADDB8F80E00A04237
:1011A00026DDBDF81450CAF10002AA4220DABDF8CB
:1011B0001630614299421BDA55442344B542A8BF18
:1011C00035468342A8BF03462AEAEA7924EAE47452
:1011D0000029ACBFC4EB010AC4F1000A002AACBF6D
:1011E000C9EB020BC9F1000B0093009B9C4221DB71
:1011F00006200DB0BDE8F08F4FF0FF37BFE7019A32
:101200000BEB060102A8FFF7B3F9099A03462AB1CE
:101210000146002207A8FFF7ABF903469F4204D01E
:10122000224631464046FFF797F90136AE42E6DBEB
:101230000134DAE70AEB04034E460193F6E7704700
:10124000002208B51046024913F082FD30BFFDE7C9
:101250000020082008B5FFF7F3FF08B513F098FD4C
:1012600000280CBF01200320400040F0010008BD11
:1012700007B5684614F0CCFF08216846F3F7DAFC9E
:1012800003B05DF804FB08B5EDF7BAFD0DF08CFF77
:10129000062008BD01282DE9F74F824610D10868C5
:1012A000EDF7AEFD0128064604DC03B0BDE8F04FC3
:1012B0000DF0BFBE5F4B984211D95F48F9F7AAFB0A
:1012C00000252E460DF062FFDFF89081814698F8E8
:1012D000004034B103B0BDE8F04F0DF065BF554696
:1012E000F0E7012388F8003019F0DCFE10B1BAF104
:1012F000000F4FD1082013F0F5FB0127DFF860B194
:10130000092013F0EFFB072013F0ECFB5B460022F3
:1013100002210420CDF800B013F0F4FB00225B465C
:1013200011460520CDF800B013F0ECFB00225B461F
:1013300011460620CDF800B013F0E4FB3F4813F04F
:10134000C1FC17B13E4813F0BDFC3E4B3E4A1A604B
:10135000BAF1000F20D113F0C5FD3A4B3B4A384695
:101360001A600CF0FDFB48460DF01EFF0DF086FEE6
:1013700055B114B1012013F0FFFA0120002113F040
:1013800057FA012013F0BCF9002388F8003003B0AD
:10139000BDE8F08F2746B1E72D4BD3F8B4B0D3F8B2
:1013A000B8A0002D40D00022C3F8B4204FF4202272
:1013B0000120C3F8B82013F09DF90120254913F04E
:1013C00037FA13F0CDF902460B464FF47A714FF01D
:1013D000FF30C6FB01236FF00041904271EB030424
:1013E0003CBF02460B46012013F096FA80F0010440
:1013F000E4B267B9164BD3F8B42042F48002C3F8C4
:10140000B420D3F8B82042F00062C3F8B820124AE2
:10141000136943F00403136104B130BF0C4BC3F8EC
:10142000B4B0C3F8B8A098E7C3F8B4502C46C3F8DA
:10143000B850DEE736894100E4FE031000000540A5
:101440000080054000800E4000E0D10000B0FA00AE
:10145000000001403F12021000ED00E0D52D0020F9
:10146000001BB70008B5FFF715FF062008BD08B53B
:10147000FFF710FFFFF7E4FE08B50DF087FEBDE8AB
:101480000840F0F7C1BF08B501200DF03FFE06206F
:1014900008BD0000F0B50E46074687B038B90520F4
:1014A00013F062FB400040F0010007B0F0BD086897
:1014B000EDF7A6FC0446052013F056FB0546AC42AA
:1014C0002046B8BF28460EF061F84FF47A7005AB9D
:1014D00094FBF0F004AA03A913F07CFBE0B1DDE972
:1014E0000412039813F046FB012F0ED07068EDF73D
:1014F00087FC0C4B984208D0844210D1234601222D
:1015000000210620009413F0FDFAAC4202DA2046D6
:101510000EF03CF80620C8E70348F9F77BFA0348C9
:10152000FBE700BF006CDC02F0FE031003FF0310BA
:10153000002108B5024A034B08461A6013F07FFCED
:1015400000B0FA0000800E4008B5FFF7F1FF4FF041
:10155000504201231F288ABF203852689268834076
:10156000134214BF0120002070477FB5052201A956
:10157000EDF77AFEDDE901230020D118914204D174
:10158000400040F0010004B070BD082412F8015B77
:1015900080EA050343F3000303F01806704003F0EC
:1015A0008003013C43EA50004FEA5505F0D1E5E7DE
:1015B000002113F0DBB870B504460E460DF0E6FDD1
:1015C0004FF00103054643EC44400620FFF7F0FFCF
:1015D0001EB14FF0000343EC44403620FFF7E8FF14
:1015E0004FF0000343EC44400A20FFF7E1FF284698
:1015F000BDE870400DF0D8BD70B50C460DF058F840
:1016000006462046EDF7FCFB0825044604F00101E0
:101610003046FFF7D0FF013D4FEA6404F6D10620C3
:1016200070BD38B50D460DF043F804462846EDF779
:10163000E7FB01462046FFF7BEFF062038BD70B528
:1016400004464FF0000646EC44000DF09FFD4FF0BD
:101650000103054643EC44400620FFF7A9FF46EC92
:1016600044400920FFF7A4FF2046FFF770FF04461F
:1016700028460DF099FD3720FFF79AFF204670BDF0
:1016800070B50DF015F8002506462C463046FFF7DC
:10169000D6FF00FA05F301351C43082DE4B2F5D15D
:1016A000600040F0010070BD08B50DF001F8FFF7D3
:1016B000C6FF400040F0010008BD38B50CF0F8FF4F
:1016C0004FF00103044643EC44004FF4F0700DF07A
:1016D000BFFC0DF05BFD4FF00003054643EC4440BA
:1016E0004620FFF765FF2046FFF731FF04462846F6
:1016F0000DF05AFD4FF4CD700DF0AAFC002C14BF74
:101700000E201E2038BD4068002808BF0620704704
:101710008369062B04D00E2B0CBF1E200E207047B1
:101720001E20704708B513F01BF84FF47A7241B1D0
:1017300000231BF089F9044B03EA400040F001004C
:1017400008BDB0FBF2F0F6E7FEFFFF7F062202289D
:1017500038B5D1E9005462610AD1FFF7E3FFE061D7
:1017600021466A680348F6F7CCF96860062038BD60
:101770008868F4E7DD190210836937B5062B044643
:1017800001D00E2B02D16069EDF724FA084B41F22B
:10179000C2211868EFF7AAF8A3690546CDE9003021
:1017A00069460220FFF7D2FF06206C6103B030BD0E
:1017B000F427002010B50446084611460022DEF743
:1017C0006DFD21460820EDF732FA0022426010BD7F
:1017D0000A4610B5416804460248F6F7D4F960603D
:1017E000062010BDDD19021070B50D4606461146E3
:1017F00028460C4A1C46DEF751FD2020E9F752F836
:10180000002306604360C3602368062203611E2331
:10181000C0E905230123022DC36102BF6268024BA8
:101820001A6070BD04000200F4270020136810B590
:101830002BBB40F24D23994202D10369136012E0A1
:1018400040F25923994201D14369F7E740F2A633A8
:10185000994201D18369F1E740F27123994203D1A2
:101860000F4BC2E9003010BD40F23A23994201D13A
:101870000C4BF6E7B1F54D7FF5D1C369DEE7536850
:10188000002BF0D040F25924A14202D14361002341
:10189000D4E740F2A634A142E5D18361F7E700BF67
:1018A000747104106C71041010B504468069062828
:1018B00001D00E2803D10E23A361204610BD1E289F
:1018C00007D1002307481A461946FFF773FFA061A6
:1018D000F3E7EDF7B9F9034B8342EED00249034831
:1018E000F8F774FAF07104102AFF0310E82A0410C4
:1018F000F0B50446806985B006284DD00E2830D05A
:10190000264F41F2C2213868EEF7F0FF84422AD018
:10191000234E6069EDF798F93146F5F7BBFF0546B0
:1019200028BB41F20A013868EEF7E0FF8021064645
:1019300001AA6069F8F7E6F9019BD3B129460120B5
:1019400001AA0394F8F798FB022001A9CDE90164EC
:10195000FFF7FCFE40F61A013868EEF7C7FF60613A
:101960001E2005B0F0BD0F490F48F8F72FFA646943
:10197000CFE7E569FFF7D6FE6D1005F10055A5EB41
:10198000600525F0404505F16045002DE2DD21466A
:101990003046FFF71DFFD7E70E20E2E7F4270020CF
:1019A000D071041031FF0310E82A041038B54468E0
:1019B00005461CB906490748F8F708FA002361688C
:1019C00005486360F6F7BEF86860204638BD00BF82
:1019D0003FFF03109C2B0410DD190210C369C86976
:1019E0004010C0EB630000F1005020F0404000F1D7
:1019F0006040C00F704730B50C46054685B00522E3
:101A0000206801A9EDF730FC012D0CD96068EDF7D5
:101A100003FAC243DDE9010101F08AF9C043F0F79E
:101A20000EFD05B030BD0020F3E7000030B50D46D7
:101A30008BB002AB0193454B043100930138012375
:101A4000DEF758FC03A9052228689DF80840EDF749
:101A50000BFC049929B103230139B1FBF3F10131E6
:101A60008900214406A8FBF7F5F8DDE90310089A80
:101A7000022801F1030302F1040528D8C8B10B784C
:101A800002284FEA930313700B7808BF48784FEA97
:101A9000031303F0300319BF5370402343EA1013BC
:101AA000537002BF4B789B0003F03C0393704023BC
:101AB000D370DDE907321B1BD1188A422CD10CB13F
:101AC0000A23137006A8F3F715F80BB030BD13F80E
:101AD000032C0338920805F8042C13F8032C13F890
:101AE000021C120102F0300242EA111205F8032C26
:101AF00013F8022C13F8011C920002F03C0242EA97
:101B0000911205F8022C13F8012C194602F03F023D
:101B100005F8012C2A46ABE71378192B04D841337A
:101B2000DBB202F8013BC8E7332B01D84733F7E7B4
:101B30003D2B01D8043BF3E73E2B04D03F2B0CBFD9
:101B40002F233D23EDE72B23EBE700BF0C7204109E
:101B5000F0B589B0052201A9EDF786FBDDE9015159
:101B600001EB4101890804A80131FBF765F8002069
:101B7000044603460646069F029A824204D8002B7A
:101B800039D01F48F8F746FF295C3D2905D1022BC3
:101B900031D0042B00D174BB0124A1F141025FFAC2
:101BA00082FCBCF1190F05D9A1F16102192A14D8E0
:101BB000A1F1470242EA86169A1D072AD8BF1346AA
:101BC0004FF00004C1BF059A023B511C0591C4BFF0
:101BD00026FA03F1B9540130CEE7A1F13002092A07
:101BE00001D80A1DE6E72B2903D02F29F3D13F2284
:101BF000E0E73E22DEE704A8F2F77CFF09B0F0BD83
:101C000043FF031001460148F2F77CBC0C3A041074
:101C1000014AF3F7F9BA00BF0C3A04102DE9F0437A
:101C2000D1E90043022895B088BF8D68184602A903
:101C300016464FF0050298BF0025EDF715FB0399F6
:101C40000B0702D03648F8F7E5FE002D3BD0062200
:101C5000284605A9EDF708FB069A039B9A4201D294
:101C60003048F0E7059F94F82C313F2B33D894F897
:101C7000248004F10409424649460CA81AF038FDB4
:101C800048460FF05BF848464FEAC8020CA9FEB17F
:101C90000FF05AF894F82C21C6F1020363F387126F
:101CA00084F82C2194F82C3103F03F03012B1BD036
:101CB000022B2AD01DB908A8F2F71CFF05462846BA
:101CC00015B0BDE8F08308A8FAF7C4FF0A9FCAE779
:101CD0000FF0FEF8DEE703F0C0031EB9402BE1D1A0
:101CE0001148B0E7802BFAE7DDE90283043408EB02
:101CF0000309C845DED23B464246314620460FF036
:101D0000E3FC08F110081037F3E7029B314600931B
:101D1000039A019704F58E73201D0FF0E9FCC9E7C3
:101D200055FF031062FF03106CFF03100022FFF742
:101D300075BF0122FFF772BFF0B50F461E46114670
:101D400087B0294A04463846DEF7A8FA7068EDF7EE
:101D500057F8431E012B054602D92448F8F75AFECE
:101D600021464FF49870ECF762FF05F03F0580F8CC
:101D70002C510446052269463068EDF775FA019B3F
:101D8000202B03D0102B01D01948E7E70023022FA6
:101D900003930BD9B068062808D0052203A9EDF7F4
:101DA00063FA049B102B07D01248D7E794F82C3124
:101DB00003F03F03022BF7D0019A039D009984F8AA
:101DC0002420201D1AF094FC55B12B4604F58E7288
:101DD00005F1100153F8040B8B4242F8040BF9D1C2
:101DE000204607B0F0BD00BF060004004F030410FA
:101DF000A5EE031080FF03101FB5052201A9EDF722
:101E000033FA0198F0F71BFB05B05DF804FB38B519
:101E100005460846F0F735FB04462846F0F731FB47
:101E200001462046BDE83840EDF77ABE38B50D468C
:101E3000F0F727FB04462846F0F723FB014620462F
:101E4000BDE83840F2F7F6BE08B50148F8F792FF52
:101E500083FF031008B50F2840D8DFE800F0080D15
:101E60000F12151B21293F3F3F3F3F3F3138885C10
:101E7000400040F0010008BD8856F9E731F8120033
:101E8000F6E731F91200F3E751F82200BDE8084007
:101E9000F0F7D5BA51F82200BDE80840F0F7B4BA1F
:101EA00001EBC201D1E90001BDE80840F0F7B7BA83
:101EB00001EBC201D1E90001BDE80840F0F794BA96
:101EC00001EB82010868BDE80840EFF7E7B901EBD4
:101ED000C201D1E9000114F0FFFAF4E70020CAE7DB
:101EE00070B5054648680C46EEF77AFCB0B96368F1
:101EF0009A0715D119680C4A914211D19B689B0F22
:101F0000012B0FD0094A0A49022B18BF0A4628465E
:101F1000A3680849BDE87040EAF756BF064AF6E7ED
:101F2000064AF4E7064AF2E7843B04108DDF03100B
:101F3000A7FF0310ABFF03109AFF0310A1FF0310CC
:101F4000C5E4031070B50E460446114630460D4AEE
:101F50001D46DEF7A3F921461020ECF768FE044683
:101F60002868ECF759FFA0606B68032E63604FF0A0
:101F70000203E36003D1A868ECF742FFE06020466B
:101F800070BD00BF0600040008280ED14B689A07F8
:101F90000BD11868064A904207D19B689B0F012B12
:101FA00003D18B681868F0F74ABA0020704700BF69
:101FB000843B0410F0B51F46A0F10E03012B06462A
:101FC0000D46144685B013D80E2807D1384601EBCC
:101FD0008204ECF76DFF206005B0F0BD384601EBE0
:101FE000C204ECF765FF17F0F7FAC4E90001F3E764
:101FF0003846ECF711FF072EEED8DFE806F00404B0
:10200000060609090C0C2855E6E725F81400E3E755
:1020100045F82400E0E7064903AA05EBC403009253
:102020003C203A46895D0393DFF7DEF8D4E700BF32
:102030006C74041070B54668012E01D8FFF704FFD8
:1020400083689B0F012B0AD0022B11D0002BF5D1F6
:10205000022EF3D1BDE87040C06800F023B8022E14
:10206000ECD11368032B01D804231360042011E082
:10207000C368022EC3F35A050DD11B0F0E2B17BFD9
:1020800001200420C3F3410398401368834200D227
:102090001060684370BD032ED0D1006900F002F8D3
:1020A000F7E700002DE9F84F04460F469246EEF799
:1020B00097FB00285DD1A0070AD12268304B9A42D5
:1020C00006D1524639462046BDE8F84FFFF7B2BF69
:1020D000E10702D52B48F8F74DFEFFF7B5FEE368A0
:1020E00003EBC60253F83630D3B1042B18D0506836
:1020F000C2072BD54310000FA0F10802052A1FD8F4
:10210000C3F31002C0F3410009FA00F0DAF800301E
:10211000834238BFCAF800001044854238BF0546E4
:102120000136A368B342DAD8022F06D1DAF80030BC
:102130005A1E2A445B4203EA02052846BDE8F88F8E
:102140000E2823F07842DDD10420DFE78307C4D1D5
:1021500003684345C1D18368524639464FEA630B51
:10216000FFF768FF2BF0604303449D4238BF1D46D4
:10217000D6E700264FF001093546DFF80480D0E7A6
:10218000843B0410BAFF031037B500220C680346E5
:1021900014F00300019219D12268114DAA4204D112
:1021A0002046EDF723F803B030BD0E4DAA420DD105
:1021B000012B01D0F8F7DEFDE1686468204601AA32
:1021C000FFF770FF400040F00100ECE7022B04D164
:1021D0004868ECF715FE0146F0E70221EEE700BF84
:1021E000742604108874041073B5002605460C4646
:1021F00001AAC16840680196FFF754FFAB68C4E9C3
:10220000003001233046A36002B070BD2DE9F043D9
:102210000546144685B06AB3476817F0030203D138
:102220003868434B984202D04248F8F7A3FDBB6898
:102230004E109B0F022B5BD1F868C0F35A039E42ED
:1022400003DB3D493D48F7F7C1FD7B68022B38D1E0
:10225000D5E90217022F4FEA10700FD1042C05D1D7
:10226000324605B0BDE8F043FFF7F4BD23463246E1
:10227000FFF7A0FE204605B0BDE8F0830E2817BF8B
:1022800001230423C0F34102934003FB0612042CF4
:102290002B49039203AB08D1002F095C0CBF3C20F3
:1022A0003E20DEF707FF0446E4E7002F095C0093B9
:1022B00008BF3C20134618BF3E202246DEF794FF9D
:1022C000D8E7042C32D1E9680392386903AAFFF7F2
:1022D000E9FE1C4980461020ECF7A9FC04463B6946
:1022E0004360AB6808FB06338360EB68E360C1E7DB
:1022F000012B1BD1AB68F868D3F8009010F00103F4
:1023000003D032464946000FABE7E96803AA0393BE
:10231000FFF7C8FE80460B491020ECF788FC08FB4D
:102320000696FB68044643608660DEE71446A1E734
:10233000843B0410DCFF0310E1FF03109C2B04100E
:102340006C740410887404102DE9F04F074687B0B0
:1023500040680D461446EEF743FA10B97348F8F793
:1023600009FDE900786841F00201EEF7BFFAC607FF
:10237000054640F1A380D7E902124CF2FF064FEA6E
:10238000107926FA09F616F001064FEA600AC0F342
:102390005A0813D1CAF3100A022A01EB0A033CD0EF
:1023A0000126003AC0F3417006FA00F018BF01227E
:1023B00009F00101DEF762FE064637E0022A4144D9
:1023C00010D134B92246484607B0BDE8F04FFFF7B8
:1023D00041BD234600224846FFF7ECFD204607B0EA
:1023E000BDE8F08F524805AB059154B9002A0A4662
:1023F00010F809100CBF3C203E20DEF75BFE0446BF
:10240000ECE7002A009322460B4610F809100CBF97
:102410003C203E20DEF7E8FEE0E709F00603022B51
:1024200018D0042B19D00BB911F80A604FF0010B2A
:10243000C8F344424FEAA8580BFA08F808F1FF38ED
:1024400074B926FA02F202EA080007B0BDE8F04FBC
:10245000EFF7DABF31F80A60E8E751F80A60E5E71C
:1024600020460392ECF7CCFC039AF96800EA0803D3
:1024700008FA02F8934026EA08060229BA6843EAF5
:10248000060310D109F00601022906D0042907D05D
:102490000029A3D102F80A30A0E722F80A309DE70C
:1024A00042F80A309AE7C5F341704D1E6942524422
:1024B00069410BFA00F0DEF781FE8FE7830703D155
:1024C00002681C4B9A4201D0FFF7BEFC002CFBD1E6
:1024D0008668B30F012BC6F35C0620D0022B0FD009
:1024E000002B7FF47BAF10201349ECF7A0FB0446D0
:1024F000EB684360BB683344A360FB68E3606DE74F
:102500004368022B0BD1C3681B0F08D1F96805AAD9
:10251000FFF790FDB9683144EDF702FB6FE710203B
:102520000549ECF784FB04464560E3E7E8FF031048
:102530006C740410843B04108874041010B51446A5
:1025400012681AB9FFF700FF206010BD6268FFF73C
:10255000FBFE0028F9D000232360F6E7F0B50D4616
:1025600016460021202289B0044619F03BFE2B4676
:102570007019834212D1002321466A4621F802399C
:1025800004F11E0031F8027F22F8023B81423B44F5
:10259000F8D10023B34209D109B0F0BD13F8011BF3
:1025A00034F81120013224F81120E2E7E95C51B13E
:1025B00008AA02EB410131F8202C501C103221F8FE
:1025C000200C24F812300133E4E700002DE9F0413B
:1025D0008846054611464046214A1F46DDF75EFE05
:1025E000B8F1010F0FD97868ECF70AFCB8F1020FC7
:1025F00004462BD0B868ECF703FC0646032C27D919
:102600001848F8F707FA0024264629461020ECF768
:102610000EFB3B6806F00F064360037A04F00304E8
:1026200044EA860423F03F031C430546047200205D
:10263000B8F1030FE86002D9F868ECF727FD2B7AB0
:1026400060F386132B722846BDE8F0810026D5E79B
:10265000002EDAD0731F0A2BD7D90348D1E700BF69
:1026600008000200F2FF0310F5FF0310042910B563
:1026700004460AD1406830B1237A5B0601D5F8F7E9
:102680002EFF00236360002010BD16224FF0FF30A4
:102690001A60F9E713B540680DF1030103685A7C2D
:1026A00003EB82031B6901221C6801ABA047431C9A
:1026B000014602D10198F8F7A7FB10B90348F7F7D4
:1026C00085FB9DF8030002B010BD00BF082C04106C
:1026D000D0E90032934210B5044603D25A1C02607E
:1026E000187810BDC36843B190F829202AB98068D2
:1026F0009847002801DBC0B2F3E70123002084F8EB
:102700002930EEE7436910B55A1E0446426123B9E9
:10271000FFF7DEFF0723206163612069430823611F
:1027200000F0010010BD2DE9F041074616460C46A9
:1027300059B10125002405FA01F83846FFF7E2FFF8
:1027400000B12C446D00A845F7D83019BDE8F081E0
:102750002DE9F843002307460E4688461D4601F141
:102760001E0938465C00FFF7CDFFC84504EB0002A8
:102770000CD038F8023F5919D31A05D51544103535
:1027800036F81500BDE8F8830D46EAE76FF0020061
:10279000F8E700002DE9F04FD3B001920E4640F269
:1027A000011205210446FFF7BEFF0122052105465F
:1027B0002046FFF7B8FF0422074611462046FFF7E0
:1027C000B2FF13228146002102A819F00BFD4FF041
:1027D000000ADFF8C8B0CA4519D11322304602A951
:1027E000FFF7BCFE4FF0000A05EB0709CA451AD3F4
:1027F0002A46304602A9FFF7B1FE05F10803019809
:102800003A460DEB0301FFF7A9FE00201CE0002271
:1028100003212046FFF787FF1BF8013B02AAD05493
:102820000AF1010AD7E731462046FFF791FF002859
:102830000ADB112829D012282CD010281ED1BAF179
:10284000000F04D16FF0020053B0BDE8F08F0322F7
:1028500002210AF108036B4413F8018C2046FFF7AC
:1028600062FF0AEB000BCB450246EBD80AF10803E6
:1028700041460DEB030019F0B5FC04E002AB0AF190
:10288000010B03F80A00DA46B0E7032211464FF0C5
:102890000008E3E70B220721F9E700BFF4740410F6
:1028A00070B5064604250020040A3046FFF710FFE5
:1028B000013D44EA0060F7D170BD70B506460425BD
:1028C000002004023046FFF703FF013D40EA040008
:1028D000F7D170BDF8B50446E36A013375D12046DF
:1028E000FFF710FF0022206302212046FFF71BFFA5
:1028F0000128E06240F081800023A4F84830A4F869
:102900004A30A4F84C30A4F84E30A4F85030A4F863
:102910005230A4F854301823A4F856309823A4F861
:1029200058307023A4F85A304FF4807304F16602D3
:1029300022F8023F01339BB2B3F58C7FF8D100231C
:1029400004F1960222F8023F0133902BFAD14FF4A2
:102950008C72A4F8B82140F21912A4F8BA214FF4ED
:102960008D72A4F8BC2140F21B12A4F8BE214FF4D2
:102970008E72A4F8C02140F21D12A4F8C2214FF4B7
:102980008F72A4F8C42140F21F12A4F8C62104F5E6
:10299000E37222F8023F01339BB2B3F5807FF8D196
:1029A00000232022A4F8A832A4F8B222A4F8AA3264
:1029B000A4F8AC32A4F8AE32A4F8B03204F2C622C5
:1029C00022F8023F0133202BFAD1E36A23B3013B03
:1029D000012B1ED8636B002B40F08C80204604F145
:1029E0004801FFF7B5FE94F8293093B9FF284FDC72
:1029F000E369C0B25A1CE26136E00228E5D1204604
:102A000004F52A7204F14801FFF7C4FE0028DCD067
:102A1000F8BD6FF00200FBE7676BD7B92046FFF700
:102A200057FE06462046FFF753FE06EB00262046DB
:102A3000FFF74EFE05462046FFF74AFE05EB002352
:102A400083F47F4383F0FF039E42E2D10136666345
:102A50006761636B013B6363002B7CD02046FFF70B
:102A600037FEE3695A1CE2611870E26B4AB1636C8D
:102A7000591C6164D054D4E910329A4201D1002328
:102A80006364D4E907239A42FFF426AF0020BFE72E
:102A9000B0F5807F5FD06FF4807318441C28B8DCD9
:102AA000314D35F8202015F82010C2F3C80201F08E
:102AB00007012046FFF737FE04F52A7160632046C0
:102AC000FFF746FE1D28A4DC05EB80056A886978BF
:102AD0002046C2F30E020909FFF725FEE36B002B27
:102AE0002AD0226C90423CD8636C1B1A4ABFD21881
:102AF000A363A263E16BE369A26B31B3581CE0618D
:102B00008A5C1A70E36B5BB1626CA16B501C6064F1
:102B1000595C9954D4E910329A4204BF002363648B
:102B2000A36B226C01339342A36301D10023A363FF
:102B3000636B013B6363A4E7D4E906239B1A9842C5
:102B40003FF667AF4042A063D4E79A5C1A70E3692E
:102B50000133E361ECE7236B002B3FF4C0AE0120AF
:102B600056E76FF0040053E70875041038B50546C2
:102B70000C4604B938BD2846FFF7AAFD013CF8E72A
:102B800038B50546FFF7A4FD04462846FFF7A0FD2B
:102B900044EA002080B238BD70B50E460446FFF707
:102BA00097FD05462046FFF793FD1F2D014639D1BD
:102BB0008B2837D12046FFF78BFD082802D06FF015
:102BC000020070BD2046FFF783FD1F280546F6D89A
:102BD00006212046FFF7CAFF6B0706D52046FFF700
:102BE000CFFF01462046FFF7C1FF280704D5204646
:102BF000FFF76EFD0028FAD1E90604D52046FFF75D
:102C000067FD0028FAD1AA0702D52046FFF7B8FFD2
:102C1000022384F828304FF0FF3363620F23012032
:102C20003360CEE71F2201EB0523B3FBF2F2C2EBC8
:102C30004212981AC3D105F00F03082BBFD1C5F378
:102C40000715072DBBD88B06B9D401230835EDB283
:102C500084F8283063623560B3E7F0B54FF6F1735E
:102C600041F2B0561FFA82FC120C11B94CEA024034
:102C7000F0BDB1420C4628BF344624F00F05054490
:102C800085420ED104F00F05054485424AD1BCFBB4
:102C9000F3F503FB15CCB2FBF3F5091B03FB15227F
:102CA000E3E707781030674410F80FCC3A44BC448F
:102CB00010F80E7C6244674410F80DCC3A44BC44D2
:102CC00010F80C7C6244674410F80BCC3A44BC44C6
:102CD00010F80A7C6244674410F809CC3A44BC44BA
:102CE00010F8087C6244674410F807CC3A44BC44AE
:102CF00010F8067C6244674410F805CC3A44BC44A2
:102D000010F8047C6244674410F803CC3A44BC4495
:102D100010F8027C6244674410F801CC3A44BC4489
:102D20006244ADE710F8017BBC446244ADE70000AB
:102D300003460144104610B5094C8B4200D110BD2A
:102D400013F8012B424002F00F0054F8200080EAF3
:102D5000121000F00F0254F8222082EA1010ECE763
:102D6000B474041070B50446C669FFF7B3FD051EC0
:102D700005DB94F82830012B03D0022B12D0284613
:102D800070BDE169626A3046891BFFF766FF012D5D
:102D90006062F4D12046FFF790FD636A834215D14B
:102DA0000125ECE7E169626A3046891BFFF7C0FF45
:102DB000012D6062E3D12046FFF772FD636ADB43B9
:102DC000834203D12046FFF76BFDE9E76FF003056F
:102DD000D5E700002DE9F743044640680E46174644
:102DE0009846002856D0E568002D34D10121F8F727
:102DF000EFFC4FF4A260E7F755FD2946E0604FF481
:102E0000A162043019F0EEF9E0682E4B80F80C5501
:102E10000361237AC460C3F3830503F00303012B2A
:102E20002CD1002D08BF08254FF0010909FA05F93A
:102E30004846E568E7F736FD00234FF0FF3128608C
:102E4000E5682A6885F82D30C5E91029AB616B6308
:102E50002963AB64AB63E06890F80C3583BB3744FF
:102E6000066247620430FFF77DFF012825D1E36841
:102E700083F80C05E368186A801B10E001A9043090
:102E8000FFF78AFE002805DB237A03F00303022BF9
:102E900008D158B116234FF0FF30C8F8003003B006
:102EA000BDE8F083032B01D10128F3D1019B15B1BB
:102EB000AB42A8BF2B461D46B6E70028DADAE9E7A1
:102EC0000020ECE79526021008B510B10148F7F78D
:102ED000A1FD08BDFBFF031030B50D46044685B0CB
:102EE0000079FFF7F1FF01A905222846ECF7BCF9AC
:102EF000DDE9011204F1080010F094F9062005B094
:102F000030BD2DE9F0410D46044611462846022207
:102F10001E46DDF7C3F921467420EBF788FE4FF01B
:102F2000000800F1080780F804800446384610F0D5
:102F300071F84146384610F077F8012D03D120464C
:102F40003168FFF7C9FF2046BDE8F0811FB5044690
:102F50000079FFF7B9FF0123684623712021F9F7B3
:102F600079FE029904F1080010F098F96846F1F72B
:102F7000C1FD04B010BD30B50D46044685B00079E2
:102F8000FFF7A2FF01A905222846ECF76DF9DDE95C
:102F9000011204F108000FF0BBFF062005B030BDA0
:102FA000F8B50D4604461146284602221E46DDF7B6
:102FB00075F921466420EBF73AFE002300F108077B
:102FC0000371044638460FF02BF838460FF032F8FC
:102FD000012D03D120463168FFF7CDFF2046F8BD13
:102FE0001FB504460079FFF76FFF01236846237180
:102FF00014210834F9F72EFE029920460FF0C1FF84
:1030000020460FF011F86846F1F774FD04B010BDCA
:1030100030B50D46044685B00079FFF755FF01A98C
:1030200005222846ECF720F9DDE9011204F1080039
:103030000EF070FF062005B030BDF8B50D46044611
:103040001146284602221E46DDF728F92146602057
:10305000EBF7EDFD002300F1080703710446384645
:103060000EF0AEFB38460EF0B5FB012D03D1204625
:103070003168FFF7CDFF2046F8BD1FB50446007943
:10308000FFF722FF01236846237110210834F9F766
:10309000E1FD029920460EF076FF20460EF094FBEB
:1030A0006846F1F727FD04B010BD0000820708B59F
:1030B00003D10268034B9A4202D00348F7F75AFE45
:1030C00008BD00BF64310410070004102DE9F84367
:1030D00005460E461446C36853F82270B442EB68A6
:1030E0004FEA84080AD9013C640853F82490394611
:1030F0004A460020F7F796FC1E2804D0EB6843F8F8
:103100000870BDE8F883EB6843F80890E6E72DE91E
:10311000F047D0E9028305460E468A464C0053F834
:10312000219001344445EB6808D352463146284685
:1031300043F82A90BDE8F047FFF7C8BF671C474532
:1031400009D203EB84020020526853F82410F7F7E9
:1031500069FC0E2800D02746EB687C0053F8272036
:10316000013443F82A20BA46DCE738B5FFF79EFF62
:103170000546846864080CB9062038BD013C214628
:103180002846FFF7C4FFF6E738B5FFF78FFF8368DF
:103190001BB90A490A48F6F719FEC168013B51F804
:1031A00023500C6883600D600021C26842F8231030
:1031B0000BB1FFF7ACFF204638BD00BF3FFF031047
:1031C0009C2B041070B505460E46FFF76FFF0446B2
:1031D00031462846EFF771FBA26820460021013AEC
:1031E000FFF774FF062070BD38B500F10C0100F147
:1031F00008030446456801220068A8470346A06802
:1032000008B1F7F701FE03B92373207B38BD000036
:1032100030B51D468DB003AB01931F4B401B00938F
:103220000C46012301EB8501DDF764F803980628BD
:1032300014D11A4B06931A4B0793012D1DD1082167
:1032400004AA08A8F9F716FD04A803222168EBF7E1
:103250000FFD08A8F1F748FC0DB030BD022108AA07
:10326000EBF79AFE089B1868F1F7B0FF089B0690F1
:103270005868F1F7ABFF0790DFE70A4B606802215F
:1032800005930490F8F7A4FA04A803222168EBF749
:10329000EFFC0620E0E700BFA477041049D5031037
:1032A0007E010410B7B801100123FFF7B1BF02235C
:1032B000FFF7AEBF2DE9F04F012191B00446F8F7BA
:1032C00087FA00250368082108A805930494069549
:1032D0008DF81C50F9F7B0FC04A8CDE90E552F4627
:1032E000FFF782FF2E46DFF80893DFF808A3DFF828
:1032F00008839DF81C406CB104A8FFF775FF5D2C96
:103300007BD038D83A2C2CD81F2C06D80A2C25D89C
:10331000082CEED8B548F7F77DFB0123A4F1200275
:10332000D2B2934013EA0A0F40F0FD8013EA08037B
:10333000DFD1222CEED109939DF81C100029E9D091
:10334000222940F0A08004A8FFF74EFFDDE9091014
:10335000F1F7D6FB04464FF0000B27E00D2CC8D048
:10336000D8E75B2CD6D100210846EFF733FD0446A1
:103370004FF0010B1AE0742C6DD039D8662C4CD06C
:103380006E2CC7D19DF81C30752BC3D104A8FFF754
:103390002BFF6C28BED104A8FFF726FF6C28B9D1FB
:1033A00004A8FFF721FF4FF0000B0624002E40F089
:1033B000ED802046EBF748FC0746BBF1000F40F0DC
:1033C000FB809DF81C00F8F7C9FA002840F009813D
:1033D0009DF81C30002B9DD1002C9BD00E9B002B08
:1033E00098D108A8F9F752FC204611B0BDE8F08F3B
:1033F0007B2C00F0C7807D2C8CD1002E8AD00E9BB8
:10340000002B00F0FB800F9A013B52F823600E93D3
:103410003046EBF719FC07466BE79DF81C30612B33
:103420007FF478AF04A8FFF7DFFE6C287FF472AF5B
:1034300004A8FFF7D9FE73287FF46CAF04A8FFF748
:10344000D3FE65287FF466AF04A8FFF7CDFE4FF0EA
:10345000000B0E24AAE79DF81C30722B7FF45AAFA4
:1034600004A8FFF7C1FE75287FF454AF04A8FFF746
:10347000BBFE65287FF44EAF04A8FFF7B5FE4FF002
:10348000000B1E2492E75C290CD104A8FFF7ACFEC8
:103490007528014606D86D2808D862283FD06628CE
:1034A00008BF0C2108A8F9F745FC34E0A0F16E0331
:1034B000072BF7D801A252F823F000BFDD34021029
:1034C000A5340210A5340210A534021023350210D1
:1034D000A5340210E1340210E53402100A21E1E7BC
:1034E0000921DFE700244FF0040B04A8FFF77CFE5E
:1034F00040F02000C0B2A0F13003DBB2092B84BF42
:103500005738C3B2BBF1010B43EA0414EDD1214695
:1035100008A8F9F716FC04A8FFF766FE0CE70821D7
:10352000C0E70D21BEE700239B460993214608A86A
:10353000F9F700FC9DF81C402E2C17D004F0DF0397
:10354000452B13D02B2C13D02D2C11D02046F8F75F
:1035500019FA034660B9DDE90910BBF1000F0BD081
:103560001A4600930393F5F7C7FAF3E64FF0010B01
:1035700004A8FFF739FED9E75B460A22F5F776F98A
:10358000044613E70020EDF7C9F9F0E64F4515D1E1
:1035900021463046EFF791F9BBF1000F3FF4A9AE99
:1035A0000F9BCBB901210CA8EFF7C6FA0F9B1E6049
:1035B0002046EBF749FB074626469AE62DB9BBF1B4
:1035C000000F7FF4A7AE254693E6294622463046F3
:1035D000EDF7A6FA0025DFE731460CA8EFF76DF905
:1035E000E6E704A8FFF700FEEBE600BF0E000410BC
:1035F000643104100020FF03011000043446E0E6AB
:1036000000B58DB0052201A9EBF72EFE029B08A89C
:10361000CDE90433019B069301238DF81C30064B42
:10362000089304AB09930023CDE90A33FFF742FE68
:103630000DB05DF804FB00BF703A041000487047FD
:10364000F478041038B5094B094DD3F808410CB98A
:10365000062038BDA06810F0030205D10368AB4214
:1036600002D1114602F086F9E468F0E7F82700205D
:10367000FC7E04101FB5EBF7C3FB041E02DA00202A
:10368000F7F7C8F921466846F9F7E4FA20460299A7
:103690000BF053FD6846F1F72DFA04B010BD0000A1
:1036A00010B50A4C01F06EFA00280CDB2289A188C3
:1036B000531C8B4228BF0023E1889942F2D0216835
:1036C00088542381EEE7062010BD00BFE4160020D9
:1036D00000487047187A041000487047087A0410B0
:1036E00000487047D8790410F0B5114C114D124EB6
:1036F00023782A683168114F01FB02313868014490
:1037000082EAB1724FEA717083EA1223434083F078
:1037100001033860DBB240F0020780EA904080EAA3
:103720004210237037602A6080EA4300F0BD00BF7A
:10373000003000202C2C0020302C0020342C0020C5
:1037400038B50546012404EA0503AB4205D3FFF76B
:10375000CBFF20408542FAD938BD640044F0010413
:10376000F1E710B52DED028B0C46EBF7A1FB08EE4F
:10377000100A2046EBF79CFB07EE100AFFF7B4FF98
:10378000C0F3160040F07E5006EE900AF7EE007A85
:1037900037EE487A76EEE77AA7EE278A18EE100A17
:1037A000BDEC028BBDE81040EDF778BD38B50D4695
:1037B000EBF726FB04462846EBF722FB844208DCA5
:1037C000001B0130FFF7BCFF2044BDE83840EEF796
:1037D0001BBE0020F7F71EF9F8B5074608680E462D
:1037E000EBF70EFB012F054607D1002828DDFFF778
:1037F000A7FFBDE8F840EEF707BE7068EBF700FBE7
:10380000022F044606D185421ADA401BFFF798FFC3
:103810002844EEE7B068EBF7F3FA061E0BDD601BF9
:103820003044013890FBF6F0002809DDFFF788FFEF
:1038300000FB0650DDE703D0601B30440130F1E7A8
:103840000020F7F7E7F8000008B510B1086806286F
:103850000ED112F0BFFC4522074B1860074B062023
:103860001A60E922064B1A600022064B1A7008BD46
:10387000EBF7D2FAEFE700BF342C0020302C002009
:103880002C2C00200030002010B5EBF7B9FA2028CE
:10389000044602D90848F7F7BDF858B1FFF724FFEE
:1038A0004FF0FF33C4F12004E3401840BDE810405E
:1038B000EEF7C5BD012010BDAF00041010B50446E1
:1038C000EBF794FCEBF79CFA00280ADDFFF738FFD2
:1038D000EEF79AFD042201462046BDE81040EBF7C2
:1038E00097BC00210148F6F771FA00BF9C2B041029
:1038F00008B5054B197821B9012208461A70FFF75F
:10390000A3FF062008BD00BFF02D002008B5FFF77B
:10391000EBFEBDE80840C0F3160040F07E5007EE15
:10392000100AF7EE007A77EE677A17EE900AEDF755
:10393000B5BC30B51C7855B2954218BF44F00104AF
:103940001C7001B10A5430BD70B5054608460E46DC
:10395000EBF756FA041E02DB6B68A34203DC314628
:103960000948F7F731FA05EBC404E6684EB1A868D8
:10397000EBF76AF922693146921BBDE87040F1F716
:103980000FBA062070BD00BF9C2B0410F8B5054689
:103990004068012815DD00210138F2F7B5FF012646
:1039A0000446071D6B68B34201DC2046F8BD710078
:1039B000284641F00101FFF7C7FF013647F8040F21
:1039C000F0E7014CF1E700BF483B041002282DE965
:1039D000F0410C461646D1F800800CD14868EBF750
:1039E0000FFA002803DBD8F80430834204DC616856
:1039F0001A48F7F7E9F9002008EBC004E7684FB36D
:103A0000D8F80800F1F7E2FB24693F1A241AD8F825
:103A10000800EBF719F9124B834211D1D8F80800CE
:103A2000F1F7D4FB7A1C054603D0C119F7F779FFEB
:103A30000746631C04D029192846F7F772FF04468D
:103A40003846EEF7E1FC30602046EEF7DDFC7060B2
:103A5000BDE8F0814FF0FF342746D8E79C2B0410D7
:103A6000143B041007B56A46FFF7B0FF6946022011
:103A7000F2F74AFF03B05DF804FB07B56A46FFF7AB
:103A8000A5FF009803B05DF804FB07B56A46FFF791
:103A90009DFF019803B05DF804FB00004A680149EE
:103AA000E9F792B9BB0004100A460149E9F78CB95D
:103AB000CA0004102DE9F04F002307460C46924639
:103AC00085B002BB01F10C05D4F800908DF80F30E1
:103AD0004E46E1F71DF94FF000083B780BB1292B5A
:103AE00013D1B8F1000F09D022682946A2EB0802D1
:103AF00040460DF10F03013AFFF71BFF9DF80F3011
:103B0000002B6AD068E01D46DEE73F2B00F02181E4
:103B100013D8243BDAB20A2A17D822680A2B14D801
:103B2000DFE813F09701130013001300D100130016
:103B30003D0173011300130080005E2B00F08181B2
:103B400013D85B2B76D05C2B43D02668002D66D033
:103B5000731C23600123AB5523685A1C22603A78FA
:103B6000EA5463680133636052E07C2BEDD1B8F115
:103B7000000F09D022682946A2EB080240460DF149
:103B80000F03013AFFF7D5FE4DB1226809F102009B
:103B9000A2EB090205EB0901284418F0FBFC23689D
:103BA000DA1C226015B160222B449A70D4F8008090
:103BB00008F10103236015B1612305F8093022687B
:103BC0002946A2EB09020DF10F03023A09F10100A7
:103BD0000FE17B787A1C23B90027384605B0BDE891
:103BE000F08F43F02001642903D043F02403772BA6
:103BF00013D1266875B1731C23600523AB55236868
:103C0000591C21607978E954174663680133636071
:103C1000013762E7B31C2360F6E7174695E7B31C4C
:103C200023609EE7531C16462360002D99D0022383
:103C3000AB5496E726687B78701C5E2B206013D10E
:103C40000DB10423AB5502370022236801332360F2
:103C50006368013363603B785D2B0AD129460DF11F
:103C60000F03FFF766FED3E70DB10323AB55013712
:103C7000EAE75C2B0BD17B78791C43F02007642F9B
:103C800003D043F02407772F02D1002309E03946FF
:103C9000002BA1D04F782D2F03D18F785D2F00D02E
:103CA0000231276865B107F1010CC4F800C0EB557B
:103CB00023685F1C27600F78EF544F1C0132CAE75E
:103CC00002372760F9E77B7816463F2B28D1BB786F
:103CD0003A2B25D100239B460237781C52462146B9
:103CE0000193FFF7E7FE074600283FF475AF02781F
:103CF000292A7FF471AF019B002B89D02268531CC5
:103D000023600DB17E23AB5420684FEA4B02431C65
:103D1000236029460DF10F030132FFF70AFE20E769
:103D2000A36803F1010B531CC4F808B023600DB164
:103D30007E23AB5420682946431C23604FEA4B0284
:103D40000DF10F03FFF7F5FD636801336360012395
:103D5000C3E72268B2423FF43FAF2DB1B01C921BC3
:103D6000A919284418F016FC2368023323607B78D5
:103D70003F2B0FD10DB16223AB5501372268294685
:103D8000921B0DF10F03023A701CFFF7D2FD63681E
:103D9000013332E0002DF1D06123AB55EEE7B242A2
:103DA0003FF41AAF2DB1B01C921BA919284418F08A
:103DB000F1FB2368023323600DB16022EA542068CE
:103DC0000DF10F03321A2946023A0130FFF7B1FD17
:103DD0002368023323607B783F2B11D10DB162231E
:103DE000AB550137294622680DF10F03921B023AA9
:103DF000701CFFF79EFD636802332668636007E767
:103E0000002DEFD06123AB55ECE7B2423FF4E4AEB6
:103E10007B783F2B10D10DB16123AB540137206863
:103E20002946321A0DF10F03023A0130FFF781FDE6
:103E300026680236266094E6002DF0D06223AB544B
:103E4000EDE72268531C2360002DA0D05023AB5413
:103E50009DE7531C2360002D99D05123F7E71FB530
:103E60000023CDE902330A23012201A90193FFF7C0
:103E700021FE18B1019805B05DF804FB4FF0FF304A
:103E8000F9E7000010B5072204460423C4E9002323
:103E900000220F4B0846C4E9022347F6FB63214684
:103EA0002382A274FFF706FE78B1007868B97E22FB
:103EB0002368E1180A73012203334A7323607F23C6
:103EC00062688B730232626010BD0120FCE700BFA4
:103ED0006203026038B50868F1F778F90546FFF724
:103EE000BEFF431C02D10848F6F794FD0749103085
:103EF000EAF79DFE294604460430FFF7C3FF08B1E8
:103F00000348F1E7204638BDD2000410047C0410B9
:103F1000DB00041010B5037843F02004642C4FEA52
:103F20005312C3F340100B7806D1303B092B15D93F
:103F3000D24302F0010011E0732C04D1202B0DD0EC
:103F4000093B042BF3E723F020014139192905D956
:103F5000A3F13001092901D95F2BE9D110BD2DE969
:103F6000F04104460D4610F8018C14F8026BA8F1DC
:103F700003035F425F4126B9B8F1030718BF012769
:103F800007E014F8012C3AB929462046FFF7C2FF92
:103F900040B13846BDE8F0812B789A4202D82278A9
:103FA0009A42F6D2013E0234E5E72DE9F347DDF807
:103FB000289006460D4617469846E0F7A9FE317848
:103FC0004F290FD8BB68AB424BD9741C512913D869
:103FD00005290DD871B1023903292BD8DFE801F08A
:103FE0003930303B512906F10104EFD1BB6864E060
:103FF000502961D02646E2E7622939D012D86029DB
:1040000031D06129F6D106F1020A747843463A4666
:1040100029465046CDF80090FFF7C7FF30B94AFA5D
:1040200084F4E7E77E2931D07F29E3D1012002B073
:10403000BDE8F0872A7873789A4212D1B41C08E060
:1040400029462046FFF78BFF58B1737804EB4303F2
:104050005C1C0135CEE729462046FFF75BFF0028B0
:10406000ECD10020E3E796F9014002343444C1E783
:1040700096F90100B41C43463A462946CDF8009013
:104080002044FFF792FF0028D0D1B3E7B41C767824
:104090004E45AFDA36B258F826A0434648F82650C7
:1040A0003A4629462046CDF80090FFF77EFF0028CB
:1040B000BCD148F826A0D4E73B68AB42D1D199E700
:1040C00010B4019C44B11130019313465DF8044BC8
:1040D0000A464968FFF769BF0C30F5E72DE9F0475C
:1040E00016688046B3070F46154686B003D132687E
:1040F0002C4B9A424DD029460120FFF7EBFE0024BD
:104100000646686802A9F1F7CFF8029BCDE90300E3
:1041100003440593DCB1022F19D9A868EAF770FEB1
:10412000029C049B8442A8BF20EAE0742344032F2E
:1041300004930CD0E868EAF763FE029A824203DB3C
:1041400084422246B8BF0246039B13440593F76896
:1041500001374FEA470A0AF103008000E6F7A2FBA5
:1041600000F10C090021FA000446484618F03AF81C
:1041700053464A46CDF8008003A9301DFFF7A0FF43
:1041800048B92046E6F7B6FB0624204606B0BDE84F
:10419000F0870124B5E7044BC4E900376B68A360DE
:1041A000F3E700BF047C04107C7B04100A46014640
:1041B0000120FFF793BF0A4601460020FFF78EBF9C
:1041C0002DE9F04F89B00646D1E900A002AF0C46B8
:1041D000EAF73AFD07F1080181466068F1F764F8F3
:1041E000BB68DAF80C5003440135022EC7E903001E
:1041F0007B614FEA45053AD9A068EAF701FE04461B
:1042000000210846EEF7E6FDAB007B606B46A3EBB2
:1042100085039D4606464FF0000B0AF104030DF19D
:1042200008083B6000217A68404617F0DBFFCDF8B4
:1042300000B02B464246386807F10C01FFF740FFFB
:10424000F0B1D8F80020D8F8043039699A4217D074
:10425000521A4846F0F7A4FD01463046EEF72DFB12
:10426000DAF80C30002B04DD0D48F6F7A5FD00242C
:10427000C6E7D8F80430002C3B61D3DD013CD1D136
:10428000D7E904124846521AF0F78AFD0146304633
:10429000EEF713FB30461C37BD46BDE8F08F00BF7C
:1042A000E40004102DE9F04F8DB0D1F800800646EF
:1042B00018F0030F0C4602AF04D1D8F80020684B69
:1042C0009A4204D021460120FFF704FE8046D4E93B
:1042D00001A5032E3BD9E068EAF792FD0646284681
:1042E00007F10801F0F7E0FF4FF0000BBB68C7E9EA
:1042F00003001844D8F80C30786101335A003A6052
:10430000DA001032ADEB020D564A02ACC4E90023CC
:10431000DB00C7F820B07B60A56004F10C09002128
:104320007A68484617F05EFFCDF800B04A463B6811
:1043300007F10C0108F10400FFF7C2FE48B93B6A1F
:10434000002B76D128462C37BD46BDE8F08F0026DD
:10435000C5E7E36821693A6A8B42F0D02AB9396926
:1043600007F11800591AF8F767FC3969E26807F194
:104370001800521AF8F74EFC5046EAF7EBFC70B101
:1043800021465046F5F76EFEF0F720FF017841B95F
:104390002369002E3B61C0DD013EBED1CFE7504610
:1043A000F2E75C2900F101093ED14378672B29D15E
:1043B00083783C2B26D1012200F1030999F80010E3
:1043C000A1F13003092B2BD800234FF00A0C4846EB
:1043D00019F8011B30390CFB031399F80010A1F1F7
:1043E000300CBCF1090FF0D91AB13E2908BF00F119
:1043F0000209626859009A4206D81B4841F001013F
:10440000F6F7E2FC0022D9E704EBC303D96829B12F
:104410001A6907F11800521AF8F7FCFB4846B5E78D
:104420005C29FBD109F1010907F11800F8F782FCBA
:10443000F4E7D7E9041207F11800521AF8F7EAFB7B
:104440002846EAF701FC094B834207F1180003D123
:10445000F0F74AFB054675E7F0F74CFBFAE700BFBB
:10446000047C04107C7B04109C2B0410143B04106F
:1044700010B504460846EAF7DFFD02220146201D7A
:10448000E6F778FA062010BD2DE9F74F0F46914662
:104490001D4600269DF830B001904E4502D103B074
:1044A000BDE8F08F57F82600EAF7C6FD0122014665
:1044B0000198E6F75FFAD0F804808246B8F1000F61
:1044C00012D11020E6F7EEF9044657F82600042131
:1044D0002060F7F77DF98268C4F80C80C4E90125F3
:1044E000CAF804400136D8E7BBF1000F02D0D8F873
:1044F00008301D43C8F80850F4E708B510F030F94B
:104500004FF47A7219B1002318F09EFA08BDB0FB7F
:10451000F2F0FBE7032837B50C460D680DD188682B
:10452000EAF76EFC03460022281D0092211D01229D
:10453000FFF7AAFF062003B030BD0523F3E738B527
:10454000054608461446EAF777FD00220146281D75
:10455000E6F710FA10B90220F6F756FC4568204637
:10456000EAF74EFCA860062038BD000010B50749E8
:104570001C20EAF75CFB002104460430E6F7BCF996
:10458000002320462382A36110BD00BF787C041065
:1045900050F8310010B1043818BF012070472DE9E0
:1045A000F74F82460C469046FFF7A7FF8146012051
:1045B000F6F7E2FC00252F46DAF804309D4210D3CE
:1045C000FFF79BFFA0EB0903002F3CD1B8F1FF3FA1
:1045D00036D0984537D909EB0803181AF6F752FD7B
:1045E000E8E7DAF8083029461846FFF7D1FF08B3A4
:1045F00003EBC503D3F804B00321DBE90006DBF8C5
:10460000082001ABB047411CCBF80C0002D1019847
:10461000F6F7FAFB70B164B1C20742BF23680133F9
:104620002360430742BF63680133636030F00503D2
:1046300002D101370135BFE7A3680133A360F8E772
:10464000F6F71BFDB6E7384603B0BDE8F08F000073
:1046500070B50C4605468EB0206802AA05A9EAF797
:1046600079FC606803AA06A9EAF774FCA06804AAAA
:1046700007A9EAF76FFC042D47D04FF0FF35DDE9BD
:10468000051301241944079B08A81944E6F734F9D7
:104690002346059A0299009408A8FFF7F5FE042323
:1046A000069A0399009408A8FFF7EEFE00940024F0
:1046B0001823079A049908A8FFF7E6FE2A4605A9D9
:1046C00008A8CDE906440594FFF769FF214605983F
:1046D000EEF780FB21460B900698EEF77BFB214618
:1046E0000C900798EEF776FB2146CDE90644099D2C
:1046F0000D9005948D421DD108A8E6F717F90BA976
:104700000320F2F701F90EB070BDE0680628B4D0BE
:10471000EAF7CEFB07EE900AF5EEC07AF1EE10FA5A
:10472000ABDB9FED197A67EE877AFCEEE77A17EE3E
:10473000905AA4E70A9B1846FFF72AFF10B303EB31
:10474000C1035B68DA68D40707D50B98C46805987D
:10475000461C05961E6844F82060500707D50C9843
:10476000C4680698461C06961E6844F8206032F01D
:10477000050207D00D9A1B68D068079A541C07944D
:1047800040F822300131B5E700007A440128F8B53D
:1047900006460D460F6816D9486806280ED14FF018
:1047A000FF34022E13D0A868EAF72AFB786122466C
:1047B000381D0021BDE8F840FFF7F1BEEAF720FB05
:1047C000041EEEDAEBE700204FF0FF34EEE70020A6
:1047D000ECE72DE9F7430E68FFF7D8FF0021EEF76D
:1047E000F9FA002405462746B368A34203D82846B1
:1047F00003B0BDE8F083F36821461846FFF7C8FE12
:10480000A8B103EBC4035A68D36883B112685B0094
:1048100043F0010369460220D5F80C900092019301
:10482000F2F772F807F1010849F82700474601340A
:10483000DAE770B50D680C46A969064619B9022079
:10484000F2F762F8A86121463046FFF79FFF002388
:1048500028826B82206870BDB0F9102038B50346FD
:1048600042B1013AB0F91210856802828D4203D834
:1048700000221A82002018E05A8A01325A82DA682D
:104880001046FFF785FE88B102EBC1025468E2686A
:1048900062B198695B692168520042F00102DB074E
:1048A0008160C26001D50023A36038BD0131DDE71E
:1048B000034B04489B6A00EA430040F00100704744
:1048C00000000B40FEFFFF7FFFF7F2BF401000F13A
:1048D0000050A0EB610020F0404000F1604040003B
:1048E00040F00100704700B58DB010B1086806288F
:1048F00035D104A811F0DFF8049801A908F0AEFA48
:10490000BDF80400EDF780FD04909DF80600EDF77A
:104910007BFD05909DF80700EDF776FD06909DF86C
:104920000800EDF771FD07909DF80900EDF76CFDAB
:1049300008909DF80A00EDF767FD09909DF80B00BF
:10494000EDF762FD0A90BDF80C00EDF75DFD04A9DE
:104950000B900820F1F7D8FF0DB05DF804FBEAF7E3
:1049600011FA01A9CAE700002DE9FF4103AA02A933
:10497000EAF7F0FA029B083B012B02D91648F6F73A
:10498000F9F9039B1868EAF73BFA039B0446586859
:10499000EAF736FA039B05469868EAF731FA039B73
:1049A0000646D868EAF72CFA039B07461869EAF727
:1049B00027FA039B80465869EAF722FA3B463246BB
:1049C0002946CDE90080204608F0C8FAEDF737FD0A
:1049D00004B0BDE8F08100BFFC00041008B50AF087
:1049E0004FFBBDE80840EDF71ABD1FB5684611F052
:1049F00062F8DDE90001EDF712FD05B05DF804FB9A
:104A000008B5EAF755FA9FED077A07EE900A67EEC8
:104A1000877AFCEEE77A17EE900A0AF00AFB062086
:104A200008BD00BF00007A4408B5EAF7E9F900289C
:104A300001DB0AF0FEFA062008BD08B5EAF7E0F946
:104A4000002801DD0AF004FB062008BD08B50FF0C0
:104A500087FE4FF47A7241B1002317F0F5FF044B43
:104A600003EA400040F0010008BDB0FBF2F0F6E7B9
:104A7000FEFFFF7F10B544100846EAF7C1F96FF05A
:104A8000404200F10053013B934203D305490648DD
:104A9000F5F79CF90444054800EA440040F00100A1
:104AA00010BD00BF0C010410982C0410FEFFFF7F06
:104AB000022870B50C4606D14868EAF7A1F910B192
:104AC0000A48F5F7A7FF0A4E2068D6F8A450002D33
:104AD00008BF0625062807D00721F6F779FE2368C8
:104AE0002846C6F8A43070BD0023F9E71D01041064
:104AF000F827002030B5144600220D4B283003EB78
:104B0000800393B00B485D685A60E8F75DF91CB10B
:104B100021460848EAF7D2F845B16846EAF742F874
:104B200020B92846F6F7DBFCE9F7FEFF13B030BDED
:104B3000F827002014240410F0B5114B0546D3F8D3
:104B4000A440002695B054B1236802A85A7C01966F
:104B500003EB82031F69EAF725F818B134462046B3
:104B600015B0F0BD01AB2A4603212046BE68B04710
:104B70000446E9F7D9FF631C08BF0024EFE700BF34
:104B8000F827002010B5214C94B0F6F773F9D4F84B
:104B9000A43033B94FF0FF34F6F784F9204614B04F
:104BA00010BD02A8E9F7FEFF60BBD4F8A400694677
:104BB00003685A7C03EB82031B6901221C6801AB6A
:104BC000A047044638B9E9F7AFFF22461049002054
:104BD000FFF790FFDEE7013407D101980B2802D1DF
:104BE000E9F7A2FFD6E7F6F70FF9E9F79DFF094BC2
:104BF0009DF800401B68A342CED1F6F731F96FF063
:104C00000104C9E7039A0449E1E700BFF82700203F
:104C100028010410901600204D010410F0B5174F24
:104C20000646D7F8A4300C4693B01BB36846E9F7A4
:104C3000B9FF0546B8B9022322463146D7F8A40089
:104C4000F6F7E4FD06280CD0C30705D5401020EA8E
:104C5000E0708442A8BF0446E9F766FF204613B01F
:104C6000F0BD2C46F8E70020019A0549FFF742FF06
:104C70000024F3E74FF0FF34F0E700BFF8270020EF
:104C80008101041030B5012814461D4685B002D1BB
:104C90001320F6F7B9F808B90120FAE76A468068E8
:104CA000F5F73EFA25B12946A20002A817F020FD2B
:104CB0006A4600212046F5F7DFF905B030BD000057
:104CC00000F00703022B2DE9F743064606D010F04B
:104CD000030513D102681E4B9A4204D1304601A944
:104CE000F0F7E2FA05461B4FDDF80480D7F80841DB
:104CF00007F5847924B91620F6F786F80025F2E73F
:104D000045B16368434505D142462846216817F0FE
:104D1000C1FC18B1D4E90223B24214D1E368C9F846
:104D20000030D7F804319C4202D10023C7F8043187
:104D300000234FF475711A462046FFF7A3FF0620A3
:104D400003B0BDE8F08304F10C091C46D2E700BFB4
:104D5000143B0410F827002030B51B4D85B0D5F862
:104D6000040178B3002340F2A2211A46FFF78AFF1C
:104D7000D5F8042103465268012A20D0F0F726FA1C
:104D8000044617F069FDD5F804315B680133191842
:104D90006846F7F751FFD5F804316846D3E90012A9
:104DA000F7F738FF23782F2B01D163781BB1214609
:104DB0006846F8F702F86846EFF780FE03461846A3
:104DC00005B030BD3223FAE7F827002073B5417BE8
:104DD0000546846829B1204602B0BDE87040F5F769
:104DE00037BB8CB16268E368012A83600FD132233C
:104DF000427340F2BB212046019301ABFFF742FF13
:104E0000A860F5F725FB0446204602B070BD0320DC
:104E1000F1F77AFDD4E900120646094B2D7B0948CB
:104E2000013A002D18BF18460131EFF7B9FF48F2DB
:104E3000010201233446C6E90323B060E4E700BF62
:104E4000143B04100C3A04102DE9F0410378064697
:104E50002F2B0F4605D0164BD3F804418CB9A04632
:104E600002E04FF0010801363478C4B1104BD3F89A
:104E700008410CB9012412E06568013D03D1A6EB9D
:104E800008063E600BE021682A463046013117F0E3
:104E900041FB58B9735D72192F2B03D13A6020463C
:104EA000BDE8F08113B9034B3B60F8E7E468E0E745
:104EB000F82700208ECD031070B5B8B0D8B90146E0
:104EC000EDF788FF05464E4BD3F8084114B9284644
:104ED00038B070BDA368D4E900012693EFF710FE47
:104EE00026A927900220F1F70FFD01462846EDF78D
:104EF000E4FCE468EAE707AB0193424B0093042328
:104F0000DBF7F8F903A90898F0F7CEF9079D0646F4
:104F10004FF44571284605AAF4F7F4FE059B002BD3
:104F200033D126A80495E9F73DFE0446002856D162
:104F3000049916A800F012FA0BAB08222146009340
:104F400016A82C2300F051FA08222F490BA817F0BD
:104F5000A1FB70B10BAB08220121009316A82C23F2
:104F600000F043FA082228490BA817F093FB002809
:104F700033D126480022037A012100EB83031C6908
:104F800004ABA0470546E9F7CFFD1020E5F78AFC02
:104F9000039B0222C0E9013500234FF44571C36031
:104FA000066009AB0446FFF76DFE0898F0F70EF9AE
:104FB00026A9FFF749FF012805D96368012B19D0FD
:104FC0004368012B16D1124B1A681AB15168012996
:104FD00013D1E26006251C6079E7E9F7A5FD0D48CD
:104FE0000022037A012100EB83031C6904ABA04774
:104FF0000546CAE70120F5F707FF02F10C03E3E7D6
:10500000F8270020647E0410B6010410C881041043
:1050100000290020FC7E0410F7B50D460646F0F787
:10502000D5F801A9FFF710FF0128044610D9304632
:10503000E9F70AFE019F0646384617F00DFC39468F
:1050400002463046EFF7ACFE2860204603B0F0BDC4
:105050000020F9E710B5094B86B002AC009301942B
:105060000423DBF747F921460298FFF7D5FF2346D3
:1050700002227621FFF706FE06B010BD447E041022
:1050800037B56946FFF7C8FF0D4D0446A0B9D5F8FE
:10509000080120B90620C5F8044103B030BD4268BC
:1050A000012A07D13223019301AB40F23F21FFF7E0
:1050B000E9FDEFE7C068ECE76B460122F5E700BFCA
:1050C000F8270020012873B514BF0A260E6801A92D
:1050D0003046FFF7A1FF0546B0B90F491020E9F7A8
:1050E000A6FD0E4B044643600D4BD3F80831836098
:1050F0003046E9F7A9FD0B4B65731A1A5342534129
:105100002373204602B070BD012240F2BB2101ABE7
:10511000FFF7B8FD0446F4E7BC330410CD4D021090
:10512000F8270020143B041038B5FFF7CBFF00210F
:1051300005460846EDF74EFE04462846F5F788F981
:1051400008B9204638BD04220121EAF761F801467A
:105150002046EDF7B2FBF0E713B501A9FFF75CFFBE
:10516000044610B91120F5F74FFE012807D0019829
:10517000F0F72CF8064917F0EFF80028F2D00122DA
:1051800040F20B31204601ABFFF77CFD02B010BDB1
:105190008ECD031007B501A9FFF73EFF0122802144
:1051A00001ABFFF76FFD03B05DF804FB37B50D46AB
:1051B0006946FFF731FF01A904462846FFF72CFF97
:1051C000844202D00120F5F71FFE6B46022240F216
:1051D0006E31FFF757FD03B030BD07B501A9FFF7EA
:1051E0001BFF012240F2763101ABFFF74BFD03B00C
:1051F0005DF804FB07B501A9FFF70EFF014688B96A
:105200000A20F1F781FB48F201020346012143F82D
:10521000082F00F12C0243F8041F9342FBD103B086
:105220005DF804FB012240F2A53101ABFFF72AFD36
:10523000F5E7000007B501A9FFF7EEFEE0B9124B54
:10524000D3F8080188B901460A20F1F75DFB012176
:10525000031D00F1280243F8041F9342FBD140F2E2
:105260000113C36203B05DF804FB4368012B01D056
:10527000C068E7E73223019301224FF46A7101AB62
:10528000FFF700FDEEE700BFF827002010B596B04D
:1052900001A9FFF7D9FD0128044602D8002016B065
:1052A00010BD8068E9F7D0FC427C019942B100EB67
:1052B00082031B69A0681B6816B0BDE81040184740
:1052C0000846EFF7ADFC029004A8E9F76BFC002854
:1052D000E4D102AB012240F2A5312046FFF7D2FC17
:1052E0000446E9F721FC0A21204603AAE9F754FE07
:1052F000039B1868E9F784FD10F4804F0CBF02206F
:105300000120CCE71FB5144C49000094C224520080
:10531000CDE9014341F00101069B42F001028160A9
:105320000261C0F80CD00246002107980393F4F7FD
:10533000A3FE06280BD01E2809D00E2809D0E9F7B5
:105340005FFD0028C8BF6FF0150004B010BD00203D
:10535000FBE76FF00400F8E73426041070B50D4643
:10536000044600F1080240F25D312846F4F7D8FE09
:1053700004F130064FF47D71284604F11C02F4F765
:10538000C1FC324640F2CD212846F4F7BBFC236B2A
:1053900023B1238843F00403238070BD324628469E
:1053A00040F2B531F4F7AEFC284604F138024A2148
:1053B000BDE87040F4F7B4BE73B5044625881646C0
:1053C00015F00105184604D0236902B0BDE870400D
:1053D000184702226368CDE9000273432A4604F1AC
:1053E0000800FFF78FFF02B070BD13B503240194CE
:1053F000049C08300094FFF785FF02B010BD73B520
:1054000004461846E3691646A3B1258815F0010540
:1054100004D0636A02B0BDE8704018470222636896
:10542000CDE9000273432A4604F11C00FFF76AFF2E
:1054300002B070BD6FF01D00FAE713B5C46944B146
:1054400003240194049C1C300094FFF75BFF02B01E
:1054500010BD6FF01D00FAE708B50B46018811F08A
:1054600004010FD05B00520042F0010243F001033F
:10547000C263836300F1300200210220BDE80840CE
:10548000F4F7FABD032B03D0042B0AD0062008BD85
:10549000036B002BFAD000F130020846F4F7ECFD64
:1054A000F4E700F138020846E8E7062070470000FC
:1054B00030B50446ADF5037D08461546E9F7E6FD2F
:1054C00008B100232362A3881B0714D52846E9F7F7
:1054D000DDFD70B14FF4007300220093092102AB8F
:1054E00004F1440006F0ECFA28B1074B185CF5F71C
:1054F0008BFC0D20F9E70620A38823F00803A38086
:105500000DF5037D30BD00BFE480041013B50446E3
:1055100001A9443006F00AF9014618B1114B185C94
:10552000F5F772FC0A20F1F7EFF9B4F85020920277
:1055300042F00102C0E90222626E023A520042F0D9
:1055400001020261019A520042F00102C0E9052203
:105550000122C0E90722C0E9092240F2FF12C2621B
:1055600002B010BDE480041000B5C7B06A464430F4
:1055700006F0B9F848B99DF8083013F0100F0CBFC9
:105580000220012047B05DF804FB0020FAE700008C
:1055900070B50446C8B00846EFF718FE0378014618
:1055A00023B12F2B4CD14378002B49D142F6210354
:1055B0000022CDE9022310238DF8103000210A20AB
:1055C000F1F7A2F99DF81030BDF80C1013F0100F90
:1055D000BDF80E30044603F01F024FEA42020CBF32
:1055E0004FF400464FF480460192480AC3F3451237
:1055F0000092DB0A01F01F0200F2BC70C1F34311FC
:1056000007F08AFC0123760046F001060546C4E94E
:105610000333C4E90533E3610298A660ECF70FFF9A
:1056200020622846ECF70BFF60622846ECF707FF84
:10563000A0622846ECF703FFE062204648B070BD48
:1056400002AA04F1440006F04EF80028B6D0024B3E
:10565000185CF5F7D9FB00BFE480041070B5044670
:10566000C6B008461546EFF7B1FD4434064601467C
:105670006A46204606F037F818B10C4B185CF5F76F
:10568000C3FB9DF8083003F01003AB4208D131464C
:10569000204606F0A6F80028EFD1062046B070BDDF
:1056A000002D0CBF15201420E9E700BFE480041092
:1056B0002DE9F041064608461746EFF787FD0446F8
:1056C0003846EFF783FD06F14408024605462146B9
:1056D000404606F068F9082809D1002239463046CC
:1056E000FFF7BCFF2A462146404606F05CF918B198
:1056F000034B185CF5F788FB0620BDE8F08100BF7E
:10570000E48004100022FFF7A9BF1022FFF7A6BF14
:1057100000B5A3B0812201A9443005F079FE18B18B
:10572000044B185CF5F770FB01A8EFF779FA23B08A
:105730005DF804FBE480041010B504460846EFF75A
:1057400045FD014604F1440005F035FE18B1034B58
:10575000185CF5F759FB062010BD00BFE48004106B
:1057600010B504460846EFF731FD014604F1440048
:1057700006F08CF818B1034B185CF5F745FB0620D2
:1057800010BD00BFE48004100228F8B50C460F6875
:1057900020D14868E9F758FA114E361A606818BFE8
:1057A0000126EFF713FD05460E494020E9F745FABB
:1057B0000D4B044643600D4B0673836000F11001EE
:1057C0002A4607F1440005F027FF30B1084B185C6A
:1057D000F5F71AFB0126074DE6E72046F8BD00BFA6
:1057E0000C3A04108033041005580210F9570210C7
:1057F000E48004107A02041008B5103005F041FF6F
:10580000062008BD30B500F11004C7B06946054652
:10581000204605F03FFF014640BB9DF816302BB3F4
:105820000420F1F771F82B7B04460DF11600ABB1A3
:10583000EFF7F6F9A0609DF80830009813F0100F0C
:1058400048F2010308BF4FF00113E3600123236115
:10585000ECF7F5FD6061204647B030BD16F0FCFF67
:1058600001460DF11600EFF7E5F9E3E7204605F0F4
:1058700008FF0024EFE7000038B50446084611464B
:105880004FF002121D46DAF709FD21464FF4207051
:10589000E9F7CDF9022383804FF400730446406496
:1058A000836029680430FFF759FD04F1440005F0D6
:1058B00019FB0D2805D1A38843F00803A3802046D7
:1058C00038BD0028FBD0024B185CF5F79DFA00BFED
:1058D000E480041030B5ADF5057D00220121039070
:1058E00003AB1048FFF7C8FF4FF4007500F1440404
:1058F000002209212046009504AB06F0E1F80E28AD
:1059000006D1002202212046009504AB06F0D8F80B
:1059100018B1054B185CF5F777FA06200DF5057DF3
:1059200030BD00BFFC7E0410E480041010B50C46AE
:1059300011461A4638B123460430FFF73DFD0038C2
:1059400018BF012010BD0420FCE710B50C4611461D
:105950001A4650B123460430FFF751FD10F11E0FD7
:1059600005D0003818BF012010BD0420FCE702203C
:10597000FAE7000070B50C4615460646002831D0FF
:10598000234A01F00703D15C71B300220430FFF712
:1059900063FD062C26D8DFE804F008050A15251853
:1059A00018000620E9F72CFA2860002070BD0628B0
:1059B00004D14FF400702880B060F6E7E9F720FAD0
:1059C00080B2F8E701232B60EFE7062801D04308F7
:1059D00006D1336AB3FA83F35B099B002B70E4E7CB
:1059E0000123FBE70420E1E7062CFBD801A353F8D1
:1059F00024F000BFAB590210A3590210B359021092
:105A0000C5590210E5590210D3590210D35902109A
:105A100004800410022970B5044615461E4613D1B1
:105A20005368012B0AD0022B0CD01BB91168201D22
:105A300005F06CFDA3692B60002070BD81692B68A7
:105A40001944F4E70169FAE701290AD1043005F0A5
:105A50006BFC0028F0D0084B1B5C4FF0FF3033602C
:105A6000EBE7042906D14368002BE5D0043005F0AC
:105A700095FCEEE71623F0E7E480041037B51D46E9
:105A8000043001AB144605F095FB38B1064B1B5CA6
:105A90004FF0FF342B60204603B030BD019BA34282
:105AA000F9D01C23F4E700BFE480041013B51C46B2
:105AB000043001AB05F0E6FA30B1044B1B5C4FF04B
:105AC000FF30236002B010BD0198FBE7E4800410B2
:105AD00070B5054608460C46E9F7C2F8234602466B
:105AE00002492846BDE87040E7F76EB9BF010410CF
:105AF000F8B5064610460F46EFF768FB0024421E35
:105B00002A492B4812F8013FBBB92C20E9F795F838
:105B100005463846EFF75AFB2F1D0246394606F177
:105B20004400E3B205F0E2F90646B8B32846E4F7CC
:105B3000E1FE204B985DF5F767F9782BE2D8712BE1
:105B400008D8612B25D0622B26D02B2BDAD144F03C
:105B50000304D7E7723B062BD4D801A555F823F0F0
:105B6000815B0210055B02107D5B0210055B021079
:105B7000055B0210875B02108D5B02100B49C1E7C9
:105B800044F00104BEE744F00A04BBE744F0060415
:105B9000B8E744F01204B5E70146B3E7E30603D5DE
:105BA0003846296905F0B2FC2846F8BD1480041077
:105BB00044800410E4800410036801330360002073
:105BC000704708B5AC3003F0B7FB062008BD10B530
:105BD00004460846E9F75AFA08B100232362062072
:105BE00010BD000037B500250446164901AAAC30A7
:105BF000019504F031F8002802DA4042F5F704F983
:105C000029460A20F0F780FED4F81411CA69520020
:105C100042F00102C0E902220A6A510041F001018A
:105C200001610199521A520042F00102C0E90522B5
:105C30000122C0E90722C0E9092240F2FF12C26234
:105C400003B030BDB95B0210C16C012903D0006DF7
:105C50000139EEF755BF3220704708B503692BB103
:105C600000F1140103F1AC0003F09EFF062008BD13
:105C7000F0B503690546C3B083B1224F00F11406A5
:105C800028696A463146AC3003F09CFF044648B9A7
:105C900028693146AC3003F087FF2C610024204690
:105CA00043B0F0BD9DF808302E2B08D19DF8093087
:105CB000002BE5D0029B3B40B3F5385FE0D00021DC
:105CC0000420F0F721FE2B7B044602A89BB1EEF7DF
:105CD000A7FF9DF80030A060012B48F2010308BF28
:105CE0004FF00113E36001232361019B5B0043F04C
:105CF00001036361D3E716F0AFFD014602A8EEF79A
:105D000099FFE6E700FFFF0010B41C46019B0194D9
:105D100000685DF8044BFFF790BB10B41C46019B74
:105D2000019400685DF8044BFFF75FBB10B50446B3
:105D300009F0A6F9631E073403F8010FA3424FEAE6
:105D4000102040EA01604FEA1121F5D110BD00009A
:105D500010B504460846E8F783FF0349024620468B
:105D6000BDE81040E7F730B8CA01041008B508B91B
:105D7000F4F750FE08BD2DE9F0410E4617460446E3
:105D8000D0F804801D464046FFF7F0FF3B46324600
:105D900004F1100108F1AC0003F0F6FD0028BEBFCD
:105DA000404228604FF0FF30BDE8F0812DE9F0411E
:105DB000D0F80480044640461D460E461746FFF7BD
:105DC000D5FF98F844301BB104F10800FFF7AEFF8F
:105DD00060683B46324604F11001AC3003F0EBFD45
:105DE0000028BEBF404228604FF0FF30BDE8F08180
:105DF00002292DE9F041044616461D461FD1D0F870
:105E0000048004F110074046FFF7B0FFD6E90023F5
:105E1000394608F1AC0003F0D0FD002805DA404215
:105E200028604FF0FF30BDE8F08160683946AC3043
:105E300003F0C5FD0028F2DB30600020F3E7012904
:105E40000CD146683046FFF791FF04F1100106F1CE
:105E5000AC0003F097FD0028EFDAE0E704290AD14F
:105E600040680028E9D004F11001AC3003F088FD4F
:105E700000236360EFE716232B60D2E710B51C46C2
:105E8000FFF7EAFA0CB9062803D0BDE81040E8F79E
:105E9000B7BF204610BD0A46012306210068FFF760
:105EA000EDBF002303211A460068FFF7E7BF00009B
:105EB000F8B506461F460223044626F8043F30463E
:105EC0001546FFF74BFA5422002104F1580016F052
:105ED00089F901221F4B1146E3651F4B30462366AB
:105EE0001E4BA66563661E4BA3660023FFF7C6FF25
:105EF000012300220521A06DFFF7C0FF0022064606
:105F000004210123A06DFFF7B9FFBD42C4E91B576F
:105F100038BF3D466423C4E91D60A800B04228BFD5
:105F20003046E367069BA660C4F88430C4F880005E
:105F3000E4F7B8FCC4F88C00D4F88000E4F7B2FCB5
:105F4000C4F89000D4F88400E4F7ACFCC4F89400E2
:105F5000F8BD00BF1B5D0210095D0210975E0210C4
:105F6000A35E021010B50E4BD2B002AC00930194A8
:105F70000523DAF7BFF9059B0299009307A8DDE92D
:105F80000323FFF795FF1DA932A803F0C5F80028E9
:105F900002DA4042F4F738FF062052B010BD00BFCD
:105FA000DC82041070B588B00646084611461A46D1
:105FB00003AB0193174B00930523DAF7F9F94FF47C
:105FC0009670E4F788FC0546044645F8486B1021B6
:105FD0002846F6F731FE2F212846F6F7ABFE9DF84E
:105FE0001C30204684F84430069B03990093DDE979
:105FF0000423FFF75DFF04F1580104F1AC0003F046
:10600000EBF8002802DA4042F4F7FEFE204608B022
:1060100070BD00BFDC82041070B504460846EFF77F
:10602000D5F803782F2B0BD0E56C4DB104F1480661
:1060300001463046F6F7C1FE3046F6F76CFEE564E1
:1060400070BD00000000000070B50446C6B0FFF748
:10605000E3FFAC340146054604AA204603F01EFBCC
:10606000002802DA4042F4F7CFFE082302AE0122F4
:10607000009329463346204603F032FB08280246A7
:1060800037D100200146013AB35C090241EA1061B0
:1060900043EA0020002AF6D117A3D3E9002316F023
:1060A000DBFC054600210A20F0F72EFC9DF810309D
:1060B0000446012B48F2010308BF4FF0011383602F
:1060C0000123C0E90333C0E90533C3610598ECF748
:1060D000B6F920622846ECF7B2F960622846ECF780
:1060E000AEF9A0622846ECF7AAF9E062204646B075
:1060F00070BD0025D6E700BF00CA9A3B0000000033
:106100007FB515460446FFF787FF06462846EFF79A
:106110005DF80546E16C6846F6F78EFD2B782F2B6F
:1061200004D0D4E913216846F6F774FD2946684681
:10613000F6F743FE6846F6F7EEFD3146024604F1F7
:10614000AC0003F06BF904466846F6F79FFD002C9F
:1061500002DA6042F4F758FE062004B070BD10B5B4
:106160000446FFF759FF014604F1AC0003F0E6F8DE
:10617000002802DA4042F4F747FE062010BDFFF780
:10618000EEBFF0B5C3B00546FFF746FF43780446BF
:1061900073B101466A4605F1AC0003F07FFA0028AE
:1061A00003DB9DF80030022B02D00220F4F72CFE16
:1061B0002B6D9C4214D1204616F04EFBE864EB6C2C
:1061C000012B0AD0012405F148062F213046F6F7AD
:1061D000B1FD2F6DEB6C9C4214D3062043B0F0BD93
:1061E00000232146EB6405F14800F6F7E6FDE6E7FB
:1061F0000132934207D1121B21463046F6F709FEC1
:10620000224605E02246B95C2F29F1D0A242F2D8FD
:10621000E96C8A4202D2BB5C2F2B0DD1131B012BE0
:106220000CD13B5D2E2B20D1C4F101031A44214631
:106230003046F6F7EEFDCDE70132EAE7022B14D146
:106240003B5D2E2B11D13B195B782E2B0DD1012CF0
:1062500006D9013C012C03D0631EF95C2F2902D121
:106260000132121BE3E71C46F4E7541CB2E710B5F9
:106270000446FFF7D1FE014604F1AC0003F0A2FB97
:10628000002802DA4042F4F7BFFD062010BD0000EE
:106290000228F8B50C460E6821D14868E8F7D4FC0E
:1062A000144F61683F1A304618BF0127FFF7B4FE4C
:1062B000054611494820E8F7C0FC104B07734360BE
:1062C0000F4B00F11401836004462A4606F1AC002E
:1062D00003F028FC002809DA4042F4F795FD06F1A6
:1062E0004800F6F718FD01270546E2E7204626613B
:1062F000F8BD00BF0C3A041080330410715C02102A
:106300005B5C021030B50024C7B00D4B03916946A9
:106310000546CDE901440093FFF77EFE04AA01463D
:1063200005F1AC0003F0BAF938B99DF81030012B33
:1063300014BF0120022047B030BD2046FBE700BF5C
:10634000143B04102DE9F341064610460F46EEF7C4
:106350003DFF3C4900250C46DFF8ECC0013810F841
:10636000012FB2BBD6F81431002D986A08BF012561
:106370007C30E8F762FC00F17C03436696F8443019
:10638000044646607BB100F108084046FFF7CEFCAA
:1063900008220123A26704F17002C4E91A2384F8D9
:1063A0007030C4F8748039463046FFF735FE04F18A
:1063B00064030246009304F110012B4606F1AC0081
:1063C00003F0C6F9002839DA002340426360F4F78D
:1063D0001BFD782AC3D8712A08D8612A28D0622ADE
:1063E00020D02B2ABBD145F00305B8E7723A062A24
:1063F000B5D801A353F822F02D6402105F63021098
:10640000296402105F6302105F6302103764021098
:106410001564021040F202330DB91D469FE70020BB
:10642000F4F7F8FA61469AE7214698E70123F3E783
:1064300040F60213F0E740F20253EDE7204602B0C7
:10644000BDE8F081F88004102881041010B50446DE
:106450000068F5F744F82046BDE81040E4F74ABA72
:106460001FB54379027904469A4212D382799A423F
:1064700015D8F4F7FFFD01230093A27903AB206840
:10648000E11DF5F76CF8039BC0B260713BB930B108
:10649000237123795A1C22711C44E07901E04FF0EA
:1064A000FF3004B010BD000041F6BA23F0B5C900BA
:1064B00087B041F002011D4A0491064604A902205A
:1064C0000593FEF7C7FD01210746F5F781F9002284
:1064D000846803AB0B2138460392A047431E033365
:1064E000044618D8092838BF0924FF2C28BFFF24E8
:1064F000E01DE4F7D7F90123076084710546009396
:10650000C11D2246384603ABF5F729F86871039898
:1065100018B1F4F779FC1924EAE7054B2871736088
:10652000044B3560B36007B0F0BD00BFB429041060
:10653000616402104D64021010B4036801215A7C9A
:1065400003EB82031B691C680023A4461A465DF80E
:10655000044B604710B403680A46597C03EB81037F
:106560001B6902211C680023A4465DF8044B6047A8
:106570000368013304D04068431C584258417047B7
:106580000120704710B50B6804689C4209D0406830
:106590004968884205D08C4203D0181A18BF0120E0
:1065A00010BD0020FCE740F30903B3F1FF3F08BF33
:1065B0000130C0F30900043070470A680368534093
:1065C00003604A684368534043608A688368534065
:1065D000836070470346006830B95A682AB99868E2
:1065E000B0FA80F0400970470020704708B5036892
:1065F00002461B0D13F4E06005D0101DFFF7C2FF2B
:10660000B0FA80F0400908BDC36E426D1944891A82
:10661000B1FBF3F203FB1211836D8B4208D9012306
:10662000406ECA0801F007018B40815C0B43835424
:1066300000207047184A11F0805F30B5174C18BF22
:106640001446036883EA010525420DD043F309048B
:10665000013409D001EA0204114A1A4042F09F4273
:1066600042F4E002944203D100230360012030BDD4
:106670000A0D02F4E064B4F5806F05D1C3F38924F8
:10668000C1F389218C4201D20020F0E752B203EB22
:1066900082230360F8E700BF00FCFF7F00FC0F705F
:1066A00000FC0F00024608B50846FFF77CFF1368A0
:1066B00003441360002008BD826910B5D1E900349D
:1066C0009A4212D1C3699C4214D0D1E90234A34248
:1066D00006D10A60C2695B004A600022CB608A6012
:1066E00000208B6801338B6010BD9442EDD1C469EA
:1066F000A342E9E76FF05300F6E7036B1944C1F3D7
:106700000903003B18BF012321F0004141EAC37196
:106710000163002070470368013303600020704765
:106720002DE9F04F87B00493836E139EDB690292CC
:10673000DDE91148A2199A42834689460AD8C36EF8
:106740002BB9049B013B05933EB9304692E0109A69
:106750009342F6D86FF053008CE0B9F1000F3FD0B0
:10676000D9F80030109A93423AD1D9E9015305EB98
:10677000030AA24534D9A54211D8AAEB040AB245AE
:1067800028BFB246D9F80C10651B40465246294432
:1067900015F0AEFFD0445444A6EB0A06D4E72D1BF7
:1067A000B54228BF3546029B109A1B6893421DD103
:1067B000029BD3E901130B44A34217D9A14211D87C
:1067C0001B1B9D4228BF1D46029B611ADB68404689
:1067D0002A46194415F08CFFA8442C44761BB3E7D5
:1067E0003546E0E7091B8D4228BF0D46DBF86800FF
:1067F00041694268B4FBF1F31746049A01FB134365
:10680000964217D3B3B98E4214D3B5FBF1FA01FB0C
:106810001A53A5EB030A0393224643461099CDF879
:1068200000A0B84730BB039BD0445444A3EB050AF7
:10683000564489E7029D109A2A60E21A6A60059D13
:106840001B1B0D442544B5FBF1FC01FB1C516D1ACB
:10685000C1698D4294BF5B195B18816A8B4228BF66
:106860000B4602998B600093CB681099B8470028BB
:106870003FF46AAF07B0BDE8F08F00002DE9F04F9C
:10688000064687B03C3091460F469A46D1E90383CD
:106890000593FFF7ABFEC9F3892B044680B1BBF12A
:1068A000000F0CD0F36BCAF38922C3F38923934200
:1068B00004D16FF0010007B0BDE8F08F6CD3002465
:1068C000059D2846FFF76FFE031D4345F1D80423BD
:1068D000A8EB0008039305ABCDE901833B68324682
:1068E0000093002104233046FFF71AFF0028E2D16D
:1068F000059B1BBA6B4023F000430593BBF1000FCF
:106900001ED02A0D02F4E063B3F5806F18D1AAEB14
:106910000403C3F38920C5F38921884210D323F0EF
:106920007F4323F4700323F47F7323F0030343F0C6
:10693000804343F48013AB42BBD052B204EB8224B9
:10694000AAEB0401694011EA0901B9D145F3090331
:106950000133AED0129BC5F30909994528BF99466A
:10696000119BCDF80C900293109B324604334344A4
:1069700001933B68304600934B46FFF7D1FE002859
:1069800099D1129B0146A3EB0902119B03EB09006D
:1069900015F028FC60198EE7004C91E700FCFFFF22
:1069A0001FB5C3F309040294069C019400240094CB
:1069B000FFF764FF04B010BD30B587B003AD1446D7
:1069C000084B094A0095FFF7EBFF002804DA831C07
:1069D00000D1002007B030BD29462046FFF7EDFD6D
:1069E000F7E700BF0C00F07F0000F07F30B51346E2
:1069F00004460268082087B004AD916E03900295AA
:106A0000586801901B6810460093CB6902F1100191
:106A1000FFF786FE30B92846211DFFF7B3FD003889
:106A200018BF012007B030BD70B5084E044631468E
:106A300015F0F4FE31460546201815F0CFFE04444B
:106A4000605DB0FA80F0400970BD00BF8ECD0310CC
:106A5000F0B51C4640F2FF339A4205460E4685B01B
:106A600004F1080C08D160461A4915F023FF0223EF
:106A70002370002005B0F0BD036F9702013343EA95
:106A80008223CDF800C0144AFFF78AFF0028F1DB0B
:106A9000000D02AB2070009347F0005331462846AA
:106AA0000E4A43F00803FFF77BFF0028E2DB40F2C9
:106AB0000223B3EB105F4FEA105202D1039B6360D5
:106AC000D7E740F201239A42D3D1C0F309006060B6
:106AD000CFE700BF8ECD031000FC0F7800FC0F70D5
:106AE0002DE9F04F00248946A046ABB00493CDE9D0
:106AF0000A44BDF8E030BDF8DCB0BDF9E4A0069072
:106B000005930498FFF74FFDD9F80C3087189F4282
:106B100064D20423039309ABCDE90173069AD9F833
:106B200000300021009310460423FFF7F9FD0028F0
:106B300040F01881099B049A1BBA5A4042F0004366
:106B400004930993D9F800300AAE0A933B1D0B93C6
:106B50000999369B81EA08021A40844B1A403BD1BE
:106B6000369BC3F38923002B00F0A1803C256543AD
:106B7000049805F1A8036B4443F8700C349823F88B
:106B80005CBC43F86C0C359823F858AC43F8680C9F
:106B90003698924643E9190893469046059843F87B
:106BA000486C23F85A0C3A9843E91E9743F8540C62
:106BB0003B98013443E91401DDE90A01443B83E8D1
:106BC000030005F1A8030DEB0305A5F14C033B936E
:106BD000674B36923A9305923A4692E7359B002BE3
:106BE00040F3BE80349B17461B680993349B5E6854
:106BF00008333493359B013B3593A9E7B2F5817F88
:106C00001CD10025099BC3F309029542E4D2B16867
:106C1000C3F38923534441EA83213378726803F52F
:106C2000407341EA0351DDE93A3098470028C0F249
:106C3000998006F10C06CFD10135E3E703EB8A21F9
:106C40003246DDE93A3098470028C0F28B80C3D045
:106C5000002C00F087803C232AAA013C03FB04237C
:106C600053F8702C53E91101049253F86C2C53F82B
:106C7000608C349253F8682C33F85CBC359253F82E
:106C8000642C33F958AC369233F85A2C53F8486CCC
:106C9000059253F8542C53E91E973A9253F8502C0E
:106CA0003B9253F84C2C09920AAA82E80300369AC8
:106CB000099BC2F3892232B1C3F389225A458BD38F
:106CC00005998A4288D2C3F30A52002A84D040F23E
:106CD00001118A4292D1264A07933A9B93423FF48C
:106CE0007BAF3C222AAB02FB04350021A5F17800E2
:106CF00015F078FA049B25F85CBC45F8703C349B91
:106D000025F858AC45F86C3C359B45E91E9745F88D
:106D1000683C369BB14645E91938059B4FF0005851
:106D200025F85A3C3A9B002745F8543C3B9B0134DC
:106D300045F8503C079BC3F3090BC3F38923A3EB2E
:106D40000B0353440FFA83FA00230BF1010205925F
:106D5000084A3493CDE935324FF0FF3304933BE7D3
:106D6000002075E72BB0BDE8F08F00BF0000F07F7A
:106D70003566021000FC0F602DE9F04F154687B014
:106D8000826E119C139ED2698946A11991420746D1
:106D90004CD86FF0010ADFF89CB003F1FF380EB950
:106DA000304640E02B68E868023317D1D5E901127C
:106DB0000A44944212D28C4210D3121BB24228BF12
:106DC0003246611A01441298059215F091FC059A19
:106DD000129B144413441293B61AE0E7D7F868C024
:106DE000C5F800A0DCF8141008EB01032344B3FB42
:106DF000F1FEB4FBF1F201FB124201FB1E315B1A02
:106E0000DCF82810A21A8B4228BF0B466A60AB60E0
:106E10004946CDE90103009238465A46109BFFF7D8
:106E20002DFD0028BBDA07B0BDE8F08F6FF05300EE
:106E3000F9E700BF00FCF7FF2DE9F04F0646884652
:106E400091469A46002487B0119F0DF1100BA7427E
:106E500003D8002007B0BDE8F08F3D1B082D28BFE8
:106E60000825109B4246E318CDE900A300213046D7
:106E7000CDE902B5A9EB0403FFF752FC0028E9D1E4
:106E8000129B2A461868594602F0EAFE129B2C44CF
:106E90001860DCE72DE9F04F97B00A93C36E1446F3
:106EA00007460E46126853B1934205D86FF053055A
:106EB000284617B0BDE8F08F61688B42F6D90021F3
:106EC0004FF004080EABCDE90113009243463A4659
:106ED0003846CDF80C80CDE90E11FFF721FC0546B0
:106EE00010B110F1540FE3D1CDF80C804FF0000831
:106EF0000FAB0293CDF8048063683A460093414695
:106F000004233846FFF70CFC0F9B0546002848D0A9
:106F100010F1540FCCD1414654F821304FF0FF35D9
:106F2000336081F00103079354F82330736016AB8C
:106F300003EB810151F8203CB3600023F36002238E
:106F40000893A44A10AB92E80300042283E80300EC
:106F50004FF0FF3006F1080102F082FE0023A9463F
:106F60004FF0FF389B460C900693099305934046DB
:106F7000FFF719FB0422BB6E834403920DAACDE9EF
:106F800001B232680021009238463A46DB69FFF7C9
:106F9000C7FB044660B114F1540F00F01981254677
:106FA00086E70E9A9B1A002BD4BF00210121B3E77C
:106FB00004220C980DA902F053FE0D9B0C901BBAF5
:106FC00088EA030ABAF1000FCDF834A01DDA4FEABF
:106FD000185303F4F063A3F5A06463426341F268BD
:106FE000002A40F0FD80D6E90032C6E90023079B65
:106FF00016AA02EB830353F8203CB360089B012BD5
:107000003FF454AF012308939BE75046FFF7CBFAB8
:10701000BB6EDA6900EB0B03934200F2D9804FEAB2
:107020001A5101F4F061B1F5A06F33680BF1040857
:1070300033D10421039114A9CDE9018100932146A4
:10704000134638463A46FFF76BFB04460028A2D1A8
:10705000149A0C9B9A4240F0BB800D9B04221B0D9E
:10706000F86A0CA98AEAC37A02F0FAFDF8620D9870
:10707000FFF799FA059B5844B382109BC6E9030AAF
:10708000B361119BF361099BF3754FF0FF330C93D0
:107090004B464D46D046994669E70CA90438CDE9E0
:1070A0000080029138463946FFF7C6FE04460028A4
:1070B0007FF471AF0D9B3068190D11F4E06C1CD199
:1070C000059AC3F389239A4201D8013305930D9998
:1070D000209B0A984B40034032680B9362D1DDE954
:1070E0002230CDE9142814AA9847041E0B9B56DAC7
:1070F00014F1540F3FF473AF51E7BCF5806F1DD10D
:10710000059A48B242FA81F18AB20592324A09EAF6
:10711000020242F09F4242F4E002934202D149F05F
:107120000049D4E7B9F1FF3FD1D0C3F38923C9F3B4
:1071300089229342CBD809EB8029C8E7BCF5C06F00
:1071400013D1082201F001030993BB6E039210AA28
:10715000CDE90182009021463A463846DB69FFF7C7
:10716000DFFA04460028B2D015E740F2FF53C1F31E
:107170000A029A42ABD10822BB6E039212AACDE951
:107180000182009021463A463846DB69FFF7C8FA8B
:10719000044600287FF4FFAE0123069397E70D9B7A
:1071A00003D199464B46A94673E70C4A89EA030185
:1071B0000A4052B1022CF5D1C9F38922C3F38921C7
:1071C0008A42EFD343F00049ECE74FF0FF39E9E79B
:1071D000002304E70483041000FC0F0000FCFF7F81
:1071E0000021B17513B3B96E8869B2FBF0F300FBEF
:1071F0001323DBB9069BCBB14FF0FF33149314ABD1
:107200000293129B3846CDE90023CA693368394698
:10721000FFF712FE20B110F1540F01D0054647E6EA
:10722000DDE91332981A43424341B375314607F101
:107230003C00FFF7DBF988B1FB6BC5F38922C3F390
:1072400089239A4204D145F00045219B43B912E0BD
:10725000691CFAD09A4288BFA5F58065219B3BB195
:10726000B28AC5F38923934228BF1346219A13801B
:10727000002DBFF61DAEB38AC5F38925AB4294BF7E
:1072800000256FF0010513E62DE9F04F01231446A8
:1072900000228FB0C4E906231A4B0AAD06460F46FA
:1072A0000FCB85E80F00DFF86090DFF860A0DFF813
:1072B00060B004F118084046FFF75AF9034610B1D0
:1072C0006FF001001BE0294620460593FFF7F4F913
:1072D000002814DB3A68059B08927A6821460992D7
:1072E00007AACDE90292CDE900A342465B463046AB
:1072F0000796FFF7CFFD0028DBD0831CD9D00FB055
:10730000BDE8F08F0C830410ED6902100800002026
:10731000FF03F07F1FB50023CDE9023301934FF047
:10732000FF330093FFF7B6FD05B05DF804FB0000E6
:107330002DE9FF411446012300226D46C4E90623CE
:10734000134B06460F460FCB85E80F0004F11808D3
:107350004046FFF70DF910B16FF0010011E029462A
:107360002046FFF7A9F900280EDB39464046FFF713
:1073700009F930B1424621463046FFF7CBFF0028DD
:10738000E6D004B0BDE8F0816FF05300F9E700BF2C
:107390000C8304102DE9F04F8DB0CDE90523036A6D
:1073A00015688B61436A8046CB612B780E46002BB3
:1073B00000F08880464CC4F30A53022B049304D196
:1073C0002846444915F00AFA05442846414915F073
:1073D00025FA0128074606D12B782E2B0CD105F172
:1073E00001094D46E7E7022806D102463A492846F8
:1073F00015F050F9002865D005EB0709CA464FF093
:10740000010B5046334915F0E9F9824450463149A1
:1074100015F004FA0246C8B1012805D19AF80030E7
:107420002E2B10D19244ECE702280CD107902A4968
:10743000504615F02FF9079A28B9BBF1010BF1D18D
:107440000AF10209CDE70BF1010BEBE72B78002BDA
:1074500034D0059B1D60049B022B36D140F2FF33D4
:10746000C4F389249C4206F1180A1BD10DF1240BA8
:107470001A4B52460293069B3146CDE900734046B3
:107480004FF0F043CDF80CB0CDE909850B97FFF72D
:1074900001FD041E12DBA4D1F37D002BE8D16FF0B7
:1074A00001040BE00E4B314643EA842340460D4A6B
:1074B000CDF800A0FFF774FA041ED7DA20460DB00D
:1074C000BDE8F08F6FF01504F8E76FF01304F5E7EF
:1074D00000FC2F008ECD0310D20104104D75021058
:1074E0000800002000FC0F702DE9F04F0746884689
:1074F00091469A46002487B0129E0DF1100BA642C9
:1075000001D800201BE0351B082D28BF0825109B43
:107510004246E318CDE900A300213846CDE902B583
:10752000A9EB0403FFF7FCF848B9119B2A4658461B
:10753000191915F0AFF8002804D005DA012007B0BA
:10754000BDE8F08F2C44DAE70220F8E713468268A2
:1075500030B5C1F30905AA4228BF2A4685B0029278
:107560004168044601915968009101681B6808460A
:10757000FFF7BAFF28B9A368AB4202D034BF01209D
:10758000022005B030BDF8B5C6690D68083EB542A9
:107590000F4613D3B5FBF6F0013815F045FA841CFD
:1075A000A5EB8404B4FBF6F4204615F03DFAA5EBF8
:1075B0008005204604FB16553D60F8BD0020FCE721
:1075C0002DE9F04F89B006460F46DDF84C80059254
:1075D0004BB94FF0FF32C8F800200020149A136016
:1075E00009B0BDE8F08F846E013B07A920460793E0
:1075F000FFF7C9FF12A905462046FFF7C4FF4FF069
:10760000040A81460DF1140BA945059A03D3129B78
:10761000C8F80020E1E795FAA5F3A5EB0904B4FA50
:1076200084F4B3FA83F3C4F11F049C4228BF1C46C0
:10763000A300CDE90023002104233A463046CDE9DA
:1076400002BAFFF76DF80028CAD10123A340ED1A52
:10765000DAE700002DE9F04F9046CE6A4A6B074604
:10766000B2420C4685B05CD2B61A9E4228BF1E4676
:10767000B146DFF8B4B001F1400AB9F1000F01D111
:10768000304618E0226B110304D5BB6EE16BDB6959
:1076900099421BD1D201636B10D404F13C020292D7
:1076A00004F13802CDE900325146D4E90A233846C4
:1076B000FFF786FF30B105B0BDE8F08F6FF0010233
:1076C000C4E90E23236B43F400232363BB6EE26BF8
:1076D000DB69216B9D1A4D4528BF4D4611F0807125
:1076E000CDE90285019215D0A28838464BEA822264
:1076F000009204F108015246FFF73EFB0028DAD160
:10770000636BA8442B446363E36BA9EB05092B442B
:10771000E363B2E7A26B384600925246FFF700F8E7
:10772000ECE70020C7E700BF000010202DE9F04F74
:1077300089B00646DDE9120A0F4690461D4688B319
:107740000138059005A9B06EFFF71DFF04460DF145
:10775000180B29461498D04720BB1CB304F001092C
:10776000C9F102039B00CDE900504246394630463C
:10777000CDE902B3FEF7D4FFA0B9E54305F001055A
:10778000A84207DB08AB03EB8505023C55F8085C13
:107790004C44DEE706991498D04703460120002B9D
:1077A000EED0184609B0BDE8F08F00002DE9F04F8B
:1077B00095B004460D46164600211C220CA80593E0
:1077C00014F010FD012340F202291393494B08AF36
:1077D0000FCB87E80F0012A8FEF7CAFE20B1A76AF8
:1077E000002F56D1384642E039460CA8FEF764FF18
:1077F00000287BDB30461299A847002837D1304655
:107800001399A84798BB204612AA0CA9FFF782FD3E
:1078100068BB8046DFF8E4A0DFF8E4B0BDF84420A0
:107820001FFA88F39A42D6D906AA0AEA8823009258
:107830002046314A43EA0B030CA9FFF7B1F80028B0
:1078400004DA821C13D108F10108E7E7B9EB105FF5
:107850004FEA10530ED1079B224600930021204689
:10786000CDE90156069BFFF761FF0028EBD015B06C
:10787000BDE8F08F059A002AE5D0B3F5007FE2D18C
:1078800030460699A8470028F1D130460799A84705
:10789000EBE7BB79012B01D03F68A1E73B6B13F409
:1078A000403F13D13B6B03F08273B3F5802FF3D1CC
:1078B000CDE901567B6B224600932046BB6B07F156
:1078C0004001FFF733FF0028E6D0D0E7DB01E9D421
:1078D000CDE90156FB6A224600932046BB6A07F1B8
:1078E0004001FFF723FF0028DCD0C0E76FF0530012
:1078F000BDE700BF0C83041000FC0F7000FCFF0309
:107900000800002038B5C26D436D00251344C26ED7
:107910000446B3FBF2F102FB11334365836EC56588
:10792000DA6A036ED100994294BF81658365294666
:10793000406E14F057FC0123224620460449FFF70D
:1079400035FF18B1E36EC4E91655236638BD00BF94
:107950000966021070B504460D46A06DE36D8342C2
:1079600008D3236E002B2FD02046FFF7CBFF002833
:10797000F3D020E0616EDA088A5C03F00706F2407B
:10798000D20719D4626D1344E26EB3FBF2F002FB2E
:1079900010332B60A56DE36D226E0133013AAB42CB
:1079A000E36522660ED2DA08885C03F00703D8404C
:1079B00010F00100EFD170BD0133E365236E013B90
:1079C0002366CBE70020F6E76FF01B00F3E77FB5F7
:1079D0000C4604310646FFF7BDFF054680BB214635
:1079E0003046FFF7B7FF054650BB2246042342F856
:1079F000080FCDE90223019022680146009230462B
:107A00003246FEF78DFE10B110F1540F1BD1B36E4C
:107A10005A6A002A0BDDA368013242F00102013BE1
:107A20001344B3FBF2F102FB11329B1AA3604FF037
:107A3000FF330422C4E903230022C4E90523E361E0
:107A4000284604B070BD0546FAE70000002307B5DC
:107A5000044901AA0193FFF7A9FE00B9019803B0F8
:107A60005DF804FB17670210C368184710B50C4691
:107A7000826AFF21E06814F0B5FB4FF0FF3323600A
:107A800010BD2DE9F0430D4609689846CB1C06460B
:107A9000174685B003D9002005B0BDE8F083806E9D
:107AA000AC6882691444013CB4FBF2F302FB13435B
:107AB000E41A0094D0F80890EB686A68C847002878
:107AC000EAD1B8F1000F04D12946B06EFFF7CEFF1E
:107AD000E1E74FF0FF333B600294EB6822460193ED
:107AE0006B683946009330462B68FFF7FDFC002891
:107AF000D2DBE9D06FF05300CEE72DE9F84F804696
:107B00000C46924699464FF0000B0B9E0D9F0FB905
:107B1000384631E022680A99D8F868308A422DD177
:107B20006068B0422AD89D6A0544B54226D9AD1B8B
:107B3000BD4228BF3D46E368301A2A4618440C99D6
:107B400014F0D6FD6368A2682E44F31A934238BF3E
:107B50001346D8F86820A360926A9A4204D00C9B1E
:107B60007F1B2B440C93D2E74B465246214640469E
:107B7000FFF787FF0028F2D0BDE8F88F0A9A22604D
:107B80009A69B6FBF2F302FB1363F31AC4E9013BF3
:107B9000BDE700002DE9F04F04460D4687B02046B2
:107BA00005A9FFF7D7FE064658B9DDF81480A06E88
:107BB0004146FFF759FF0646002853D010F1540FF5
:107BC00056D0304607B0BDE8F08F2A6B0DF1130A8E
:107BD00012F0807FCDE9017AA3EB0703CDF80C907A
:107BE0001CD0AA882449204641EA8222009205F14D
:107BF00008015A46FFF7C0F870B901232246204613
:107C0000CDE902A9CDE9008704F11001FFF775FF66
:107C100060B110F1540F2BD00646D2E7AA6B59463B
:107C2000009220462246FEF77BFDE5E70137EB6B2D
:107C3000BB42CAD8A36EE1699A6AE86C14F058FD99
:107C40002369A06E2B64636904F110016B64A3695E
:107C5000AB64FFF70BFF2B6BC5F8388043F4802330
:107C60002B63AEE707464FF0010905F1400BDEE755
:107C70004FF0FF33236192E7000010202DE9F04F11
:107C800093B0CDE908230B6B0646DC010D461BD5EE
:107C90004C6B099BCA6AE318934238BF1346C26F04
:107CA0009A4211D2C36ECC630366FFF773FF2B6B4E
:107CB000044630B143F480132B63204613B0BDE873
:107CC000F08F23F080732B63099B059305F140032C
:107CD0000D93059B0BB9099CEFE72A6B12F48021E9
:107CE00005D0B36EE86BDB69984240F0A380D20107
:107CF0006B6B00F1D78005F140020692B1B9ABB1D0
:107D000011AA0292013B05F13802019200931191F0
:107D10003046D5E90A230699FFF752FC044608B11C
:107D20002B6BC7E70699B06EFFF7A0FEF36E3366C4
:107D3000AB6B0A936B6B0793013B0C9330460FA917
:107D4000FFF708FE04460028EAD1DDF83C90B06E4B
:107D50004946FFF789FE044630B114F1540FDFD1D4
:107D60004FF0FF332B64E9E7079BB76E1BB9C5F8EB
:107D70003890EB635AE00C9B384610A91093FFF73C
:107D800002FC109B03F1010AFB69CDF840A09A4563
:107D900073D100F1010898FAA8F8B8FA88F8A24659
:107DA0000A9B08F1010B119311AF4FEA8A030B9361
:107DB0000423CDE902730B9B3246CDE90093304694
:107DC00001230699FFF799FE119B04460028C4D1B0
:107DD000C24557D10AF1010AD345E6D8C5F8389013
:107DE0004FEA8B03C5E70A9B3246009300213046D9
:107DF000CDE9027BCDF80480AAEB0803FEF790FCE6
:107E0000044600288CD1012332463046CDE9027B5E
:107E1000CDE900980699FFF770FE044600289CD132
:107E200008F10108C245DED8C5E90E9A2B6B43F470
:107E300080232B63B36EDF69EB6BFF1A059B9F42B8
:107E400028BF1F46089B03970293EB6B32460193B2
:107E5000AB6B304600930D990123FFF74EFE0446AD
:107E600020B310F1540F7FF45BAF29463046FFF783
:107E700091FE04460028E5D052E7A0464FF0010BE2
:107E800011AFCFE70422CDE902720B9A0146CDE98A
:107E90000032304604233246FEF742FC04460028F6
:107EA00098D03DE76FF00102AA6362E76B6B3B4439
:107EB0006B63EB6B3B44EB63089B3B440893059B74
:107EC000DB1B0593F36E336603E7F0B585B0CDE9B0
:107ED00002231D464B680C4601930B68174600931E
:107EE0000246002300F11001FFF707FE064640B9E5
:107EF0002A463946E06801F0B3FE6368E0602B442F
:107F00006360304605B0F0BD2DE9F04F064687B0FE
:107F100010469946FEF747FB4B6893464A6903446F
:107F200093420C46804641D88B682BF0004A8AEA7F
:107F300003031BBA05933046042305AAFFF7C5FFC8
:107F4000054678BBBBF1000FA8F1040720DA0DF15C
:107F5000130B2FB30123CDE902B3D9F80430324615
:107F6000043B4344DB1B0193D9F80030002100930C
:107F700030463B46FEF7D4FB40B901235A46214622
:107F80003046FFF7A2FF013F0028E2D0054609E096
:107F90003B464A4621463046FFF797FF0028F5D179
:107FA000C4F808A0284607B0BDE8F08F6FF01B05A5
:107FB000F8E713460A46D0E90001FFF7A5BFF0B580
:107FC0000B6B0C461903054697B008D5DA0158BF6C
:107FD0004FF0FF3223F4002358BF22642363216B48
:107FE0004B0302D4002017B0F0BD11F08071666B16
:107FF000E76A3FD1542201A814F0F4F8A36ACDE94E
:108000000B37012311AFCDE90D3695E80F0087E856
:108010000F004FF0FF372F60626BE36A9A4212D372
:1080200004F1400701232A4639462846FFF729FD77
:1080300020B310F1540FD6D121462846FFF7AAFDF0
:108040000028EFD0CFE7012328460DF1030201A954
:10805000FFF700FB0028C6DB0123214628460DF16F
:108060000302FFF70BFE0028BDDB2B680133D3D0E2
:108070001197D0E7B7422CBF67636663A36BA36217
:10808000636BE362236B23F4802343F48033C4E9FE
:108090000C36A7E72DE9F7431E460B6B17461A036C
:1080A00005460C4619D4216B0B051DD4D4F8348039
:1080B0006B6F08EB06029A422FD811F4802919D071
:1080C00033463A4621462846FFF7D8FD002808DB0C
:1080D000236B23F49013236303E0FFF770FF002862
:1080E000E1D003B0BDE8F083E36A626B934288BFDE
:1080F0006363DBE7E36A9845E2D96363636B9845A2
:10810000DED90123214628460DF107028DF807909C
:10811000FFF7B4FD0028F1DAE3E76FF01A00E0E7BB
:1081200010B504460B6A0846E3664B6BA166E36034
:1081300013B18B6B1BB9E3616FF00B0010BDE361F2
:108140002146FFF793FCA06E04F11001FFF78EFCAF
:10815000A36EDA6B0AB96266EEE762661A6C002AF1
:1081600008BFFF2222675A6C002A08BF6FF0004246
:10817000626740F2FE32996C002908BF1146A16780
:108180001A6D501CE26712D10023E36700204FF004
:10819000FF33C4E90A00C4E90833C4E90F00C4E9A5
:1081A0000C00C4E912006064A0632065C6E7002AE1
:1081B000ECD1DA6C986A4AB1D3088842024628BFEB
:1081C0000A469A4294BFE267E367DFE7DB69DB08B0
:1081D000F3E72DE9F34107460E4614464D6B13B104
:1081E000012B09D12C447B6FA3423CD3AC4210D16C
:1081F000204602B0BDE8F081022B08D1D1E90B3254
:10820000520302D5AB4238BF2B461C44EBE72C4649
:10821000E9E7336B1B031ED5D7F86880F26BD8F8FB
:108220001C309A4217D0694640460095FFF7ABF9DB
:1082300001A9054640460194FFF7A5F985420AD1F8
:10824000736C019A934206D8B16C0B449A4202D2E5
:108250007463F263CCE731463846FFF7B0FE00287E
:10826000C7D17463C4E76FF01500C2E72DE9F04F82
:108270000D46816E6B688A69C9691433571E8B423B
:1082800094BFFF187F184FF0000AB7FBF2F30446C3
:10829000D1466FF0030B02FB13738BB0FF1A6E68AD
:1082A000BE4219D34FF0FF322B690892A9EB0302AB
:1082B000CDE9003208AE0296214620462B6809F12E
:1082C0000402FEF7B9FD002847D1089B534500F092
:1082D000B2806FF0530040E040F2FE32ABEB060399
:1082E0003B440436934294BFF618B618BE424FF092
:1082F000FF0335D38DF81F30A26ED2E90632D21AB1
:10830000964236D8012203920DF11F02CDE9016297
:108310002A680021009220462246FEF701FA10B199
:1083200010F1540F19D1A36E21469A694FF0FF3313
:10833000099309ABCDE90123009620462B680892EA
:10834000FEF77AFD10B110F1540F06D129462046F0
:10835000404A08ABFFF7D8FD58B10BB0BDE8F08F2D
:10836000A7F11402964228BF1646BE428DF81F3070
:10837000C2D29DF81F206B68D243ABEB0308C2F357
:10838000C01202F5A062B04448EA0258AB6848F453
:108390007F2848F4406888EA03031BBA089308ABB7
:1083A00019460422E86801F05BFC082208ABE8608B
:1083B000039202936B68099001932B6804F11001FA
:1083C00000932246002320460591FFF796FB0028E4
:1083D000C3D10599B9F1000F04D16B68D5F80CA091
:1083E00003F104099DF81F30BE426FEA03034FEA10
:1083F000036303F0004383EA0803AB604FF0FF33ED
:108400006E60EB6006D2A36E62699B6A13449E4263
:10841000FFF445AF4FF0FF33224623602046002390
:10842000FFF72FFB002898D1A06E0369984700281A
:108430003FF435AF91E70422CDE900920296214640
:1084400020462B68FEF7F8FC002886D1089B002BFD
:1084500083D03EE708FCFF5F2DE9F04F97B0CDE9F0
:108460000823836E04465A6A8B68002A03F10103CD
:108470000D46BDF88480BDF888B08B601ADC0027FB
:10848000002600234FF0FF32A06ECDE91132CDE976
:1084900013236968C36C1091002B3CD0083B1593E3
:1084A000FFF7E2FA002838D010F1540F40F0B980FD
:1084B0003E4610E0013242F00102B3FBF2F102FB52
:1084C0001133002BDBD10126284610A910931196F9
:1084D000FEF758F8D0B14FF0FF3300274FF00109F5
:1084E0002846236110A9CDE91079FEF74BF850B169
:1084F0002046291DFFF72EFA50B110F11C0F40F055
:108500009080002EBDD16FF01B008AE03746B7E7A0
:1085100007464E46B5E7C369C0E70DF1400904239D
:108520004946204605F10802FFF7CFFC0028BBD1E1
:108530000BAB07933C4B02460693C8F100031BB2FA
:10854000CDE904B3394B20460293099B209901934E
:10855000089BCDF80C8000934FF0FF33CDE90B4919
:10856000FEF7BEFA00289FD105F118010846FDF775
:10857000FFFF60B9EA7D0B462D4902F5C06241EA72
:10858000025220464946FFF7BFFC00288CD1002349
:10859000CDE90D330F9346B904F13C010DA8FEF768
:1085A0000CF804F13001FEF708F804F1480A0DA8B0
:1085B0005146FEF702F80D9B02466FF30903294668
:1085C00020460D93FEF7F8F958BB0DA8FEF702F808
:1085D00040B949462046174A0DABFFF795FC0028E5
:1085E0007FF462AF49462046FFF740FE00287FF443
:1085F0005BAFD5E90032C5E90023119BABEB08085E
:10860000EB60129BA5F814802B61A064CAE90100FD
:1086100036B904F13C03303494E8070083E80700DE
:10862000304617B0BDE8F08FB37F021000FC0F405A
:1086300008FC0F000CFCFF7F2DE9F0438DB00C46C9
:1086400004A9054617469846BDF85490FFF7BFF9B0
:10865000064628BBE37D3A468DF82730A3692846B5
:108660000A93E36904A90B93BDF85830CDE901934F
:10867000149B00934346FFF7EFFE002814DB012311
:10868000049F059A2046A761E261E37505F1200188
:10869000FDF778FF20B9B9F1000F01D1C5E90872E3
:1086A00030460DB0BDE8F0830646F9E72DE9F04FFE
:1086B00097B00892002206460D469B46174640F2A8
:1086C000014C40F2FF4EDDF8849003F1040820993C
:1086D000AB8A8A4227D1002F45D1AA7DAB8A002AD6
:1086E00056D14FF0FF33B5F8148033610027BA46F6
:1086F000A8EB0709B9F1010F00F2D480002F40F078
:108700000681B36E5A6A002A00F3158100235A4687
:10871000CDE9005329463046209BCDF80880FFF76D
:108720009BFE044604E15BF83210080DC1F30A51C8
:10873000614503D10133AB820132C8E7714503D1F2
:10874000013B0127AB82F7E700F4E064B4F5C06FAA
:10875000F2D158F8321000F001000B68AB614B68A1
:10876000E875EB61E8E7002BB7D14A462946304669
:10877000FEF7DEFD044628B1831CAED0204617B0BC
:10878000BDE8F08F99F81730002BA6D002246EE0D8
:10879000FE2BA6D84FF0FF312B68EA68B06ECDE90A
:1087A00013121093C16C2B691192129301B3083903
:1087B00015910BA90791A949304606910021CDE9F1
:1087C0000411CDE9021120990DF1400ACDE900B163
:1087D00029460B96CDF830A0FEF782F9044648B141
:1087E00014F11C0F3FF47DAF14F1540FC6D178E79C
:1087F000C169DCE706F130084146CDE90D000F9074
:1088000006F13C070DA8FDF7D8FE06F148093946E8
:10881000FDF7D3FE4946FDF7D0FE0D9B6FF309032C
:108820000D93FDF7D7FE80B9294630460DAAFEF715
:10883000C3F804460028A1D151463046884A0DAB02
:10884000FFF762FB04460028CAD151463046FFF7C5
:108850000DFD04460028C3D198E80700119BEB608A
:10886000129B2B6187E80700B464C9E90144089BA7
:10887000B76A1B681093089B5B68119306F120038D
:108880000993002F3FF47AAF07F10808404610A97A
:10889000FDF778FE8146002800F081803F68F0E710
:1088A000B84623E710AB07936E4BBAB20693534218
:1088B0001BB2CDE904836C4B03920293209B0022F0
:1088C000CDE900B329464FF0FF333046CDF840A044
:1088D000FEF706F9044658BBB36EDA6C02B9DA69E2
:1088E000B9F1FE0F10D89869431E03EB5203B3FB96
:1088F000F0F100FB1131283A5B1A934228BF13466E
:10890000109A9342BFF4FAAE07EB5907F0E6BFB2F4
:108910005A4629463046CDE90178209B0095FFF75D
:108920008BFE04460028BBD010F11C0F3FF4E9AECB
:10893000002C9CDA22E7AB680132013342F00102DD
:10894000B3FBF2F102FB1133002B7FF4DFAE012702
:10895000284610A910931197FDF714FE81460028B0
:108960007FF4D4AE3046FFF771F8041EFFF606AF71
:10897000F36E1C1BB4EBD30F7FF6C8AE5A462946E4
:108980003046CDE90198209B0095FFF755FE04463F
:1089900018B110F11C0FCBD1B8E6B846B6E6C44604
:1089A000AE46BEE80F00ACE80F009EE80F008CE872
:1089B0000F00089B984507D040F2FF4140F201406C
:1089C000209ABB8891451CD107F12009BA88B7F8D5
:1089D0001CA05245FFF462AFFB7F002B3FF45EAF5B
:1089E00048460999FDF7CEFD10B1A2EB0A02BA8004
:1089F0004A4641463046FEF78DFC0028E6D0044644
:108A0000BCE65BF83920C2F30A5C8C4517D1C2F38F
:108A100089229A4209D1BB79022B03D04FF0FF3350
:108A2000C7E9023309F10109CAE7FBD2013BBB8068
:108A3000BB79022BF6D1BB6A013BBB62F2E78445EE
:108A4000F0D1C2F389229A42ECD80133BB80BB79C2
:108A5000022BE7D1BB6A0133EFE700BFB37F0210FF
:108A60000CFCFF7FA566021000FC0F402DE9F04FC3
:108A70000546884691469A46866A9DB0002E64D186
:108A80004646D8F800300CAC0493D8F804300CAF4C
:108A900005930FCE0FC496E80F0014AE84E80F00C4
:108AA0004B46424639462846CDE900A6FFF7FEFD73
:108AB000041E75DB404604A9FDF764FD48B9C446B1
:108AC000BE46BEE80F00ACE80F009EE80F008CE841
:108AD0000F00022C2CD14146284605F14802FDF733
:108AE0006BFF044600285BD1149B98F81720049371
:108AF000159B02F5C06205939C4B019043EA02531B
:108B0000089308F11803099301233146009328467E
:108B100008AB04AAFFF7CAFD041E41DBBC46B646FB
:108B2000BEE80F00ACE80F009EE80F008CE80F00D5
:108B30004FF0000BDFF83882DFF83892012C40F05C
:108B4000B78005F12003039391E006F1080040454A
:108B500001D1366892E74146FDF714FD0028F8D1AF
:108B6000B379012BF5D1336BD901F2D5AB6EF26A33
:108B70009B6A9A42EDD9736B3146F363EB6E2846DC
:108B80002B66FFF707F8044650B9336B314623F0E4
:108B9000807328463363FFF712FA04460028D8D0C2
:108BA00020461DB0BDE8F08F0AF1080104A8FDF7CA
:108BB000E9FC08B9CAE902429AF80630022B07D14B
:108BC0000AF12C0104A8FDF7DDFC08B9CAE90B4243
:108BD000DAF800A056E001212846FDF78EFD844614
:108BE000002871D1314605F13000FDF7FFFC002867
:108BF00064D02A6BC5F838A0C2F3892302EA0902BF
:108C0000C5E90C2AC4F389229A4201D9A4F58064EB
:108C1000149ADDF854A00292069240F2FF32934279
:108C20000CBF002348EA832308930023CDE90934CD
:108C30000193022331460093284608AB06AACDF8DB
:108C40001CA00B97FFF732FDB0F1000C3CDBBCF130
:108C5000010F36D13C46B646E346029BCDE9043AC5
:108C6000BEE80F000FC49EE80F0084E80F000399D0
:108C700004A8FDF787FCDDE90C4208B9C5E9084204
:108C8000D5F828A0BAF1000F8ED13246284604A9A3
:108C9000FEF7FAFA041E9EDAA21C81D1324628465B
:108CA00004A9FEF745FB044680B1831C7FF478AF2E
:108CB000BBF1000F0CBF0024032471E740F2FF3327
:108CC000A6E74FF0010AE9E7644669E72B6BC3F3B7
:108CD0000903002B36D1314605F13000FDF786FC43
:108CE000002838D140F2FF33149A20490492159A93
:108CF0002846059240F2FF3293420CBF002348EA17
:108D0000832308939DF86730002203F5C06341EA8E
:108D10000353CDE90A3702230992019200933146A9
:108D200008AB04AAFFF7C2FC041EFFF639AFBC462D
:108D3000B646BEE80F00ACE80F009EE80F008CE8D6
:108D40000F00FBE62846CAF10001FDF7D6FC0446F9
:108D50000028C0D024E72A6BC2F3892302EA090263
:108D60002A630022C5E90D22BEE700BF08FC0F0000
:108D70000000F04FFF0300802DE9F0430446006B34
:108D80008846C0F30900A1B038B30025DFF8589138
:108D90001C22002108A813F025FA012300278DF8D2
:108DA00037300F930EA8FDF7E3FB18B1002F4DD01D
:108DB0000025EDE720460EAA10A9FEF7ABFA60B930
:108DC0009DF83730002B7DD1204618AA0EA9FEF75A
:108DD0005BFA002846DA811C71D021B0BDE8F0832F
:108DE000914252D1039A4EE0236BC3F389226FF371
:108DF0009E2323630023C4E90D3340F2FF339A42DC
:108E00004AD0364B43EA822347E0B8F1000F59D0ED
:108E1000204604F1480210A9FDF7CEFD0028DCD160
:108E20009DF857202E4B02F5C06243EA025304938B
:108E300016AB059320462B4604AA08A9FFF716FE99
:108E40000028CADB032808BF4746ABE70135022DDF
:108E50009ED12046216B494249B221B0BDE8F04382
:108E6000FDF74BBC75BB02AE03464A462046009652
:108E700018A9FDF795FD0028AFDBDDE90E32029958
:108E80009942ADD1039B93421CD008A904F1300054
:108E9000FDF7ACFB0028A7D1002300220493114B5F
:108EA0002046CDE9052308A9022304AA0796FFF767
:108EB000DDFD002891DB032808BF012772E70DB113
:108EC000012DA2D008AE0DF1400CBCE80F000FC67A
:108ED0009CE80F0086E80F0064E700BF0000F04F39
:108EE00008FC0F0008FC0F6000FCFF7F10B5044673
:108EF000FFF7BCFD002806DB05D02046BDE810408A
:108F00000021FFF739BF10BD73B514460E4600F1BE
:108F1000480221460546FDF74FFD70B9E27D084B3A
:108F200002F5C06243EA02530093183401236A46F3
:108F3000314628460194FFF7D9FF02B070BD00BF4B
:108F400008FC0F00F0B587B00C460546FFF737F870
:108F5000226B064628B142F480122263304607B0E5
:108F6000F0BDD10349D504F108073846FDF700FBF1
:108F7000002842D1D20120D540F20120E36CE26A00
:108F8000A18842EA812242EA0052CDE90223226D01
:108F90002846936843EA812343F08153049353683E
:108FA0003946059302AA0223FFF7A0FF236B08B3FB
:108FB00043F4801323630646D0E74FF0FF3329467E
:108FC0002A4641F8103B28463346FEF75AFD002852
:108FD000F1D1A86E036998470028ECD1236BDB011F
:108FE000CAD4D4E90A016B46082283E8030040F2A0
:108FF0000220C5E723F480332363AA6A04F108053D
:1090000022B9236B23F490132363A7E7944210D073
:109010009379012B0DD1294602F10800FDF7B2FA30
:1090200038B9A3889188994202BF136B43F4003387
:1090300013631268E4E738B50B6B0546DB020C4698
:109040000AD4FFF77FFFAB6A05F128021BB19C42EF
:10905000196803D1116038BD0020F4E71A460B46A9
:10906000F4E7000010B5036B04469B0590B022D5D1
:1090700000F1200208A9FEF74DF9002844D1234B46
:109080006A460293A36E2046DB6908A90393E36E48
:109090000493236F0593636F0693A36F07931C4B91
:1090A000009302AB01930123FFF720FF60BB236B0A
:1090B00023F400732363E36B1B0D13F4E06F06D1FD
:1090C0000121204610B0BDE81040FFF755BE2046F4
:1090D00004F1400208A9FEF71DF9A8B9E36BA063EB
:1090E000C3F38922236B08A96FF39E23C4E90C30D4
:1090F000084B43EA8223CDE9023002AA012320462D
:10910000FFF7F4FE0028DBD010B010BD0100020014
:10911000180010200000F04F30B597B00546FEF75C
:10912000FFFF044600284AD1AB6E0146DA6A686E3A
:1091300013F058F8D5E91A32DB6A6C65DB00C5E933
:1091400017422846934294BFAB65AA650EA9FEF765
:109150003EFC0446002832D11A4B08AA0293AB6E9B
:109160000EA9DB690393EB6E04932B6F05936B6F72
:109170000693AB6F0793144BCDE90830134B284689
:109180000A93134B0B93134B0C9302AB0D930323D6
:10919000FFF7ACFE044690B9034602468DF84E0038
:1091A0000EA92846FFF7A2FE044640B9012300900D
:1091B0006A4628460EA90193FEF7ACF804462046FD
:1091C00017B030BD01000200000010400800F00F91
:1091D000B6010410180010202DE9F0479AB004469B
:1091E000FEF79EFF0546002860D101461C2212A80A
:1091F00012F0F8FF01231993494B08AE0FCB86E814
:109200000F00484FDFF82881DFF8289118A8FDF7F4
:10921000AFF98246B0B1236B04F1300203EBD37394
:10922000236304F13C0307CA83E80700E26EE36AA4
:109230002266B3FBF2F102FB113363650023C4E93C
:10924000163333E0314612A8FDF736FA00282CDB3E
:109250000823079305ABCDE90283334B20460093E7
:10926000CDF804A0314B18AA12A9CDE90547FDF7A6
:1092700011FE002819DB49D040F30900013045D028
:10928000129B20462362139B284A63620CAB009317
:1092900012A94B46FDF784FB002806DB0C9B9AB213
:1092A0001B0C022B06D06FF01500054628461AB09D
:1092B000BDE8F087012AF6D8236B82F0010223F47F
:1092C000007343EA422323630F9B1BB1226F934237
:1092D000E9D82367109B1BB1626F9342E3D86367A1
:1092E000119B43B1A26F9342DDD8E26FA3679A420C
:1092F00094BFE267E367A36E0E9A196A09B19142BF
:10930000D1D1DB69E2660D9A9A42CCD1204604F1B4
:10931000300212A9FDF750FB00283FF477AFC4E7F5
:109320000C830410B60104100800F00F00FCFF7F4E
:109330004D750210180010200020704770B598B0CD
:1093400004460391FFF78EFE00285FD1034603AA6F
:10935000204606A9FEF71EF8002857DB40F2FF3230
:10936000C0F38923934253D0A26A000D02280E92C3
:109370004FEA832504AE21D145F000532046264A0A
:10938000009643F0080306A9FDF70AFB00283DDB21
:109390003246204610A9FDF7BDFF002836D1159BA7
:1093A00033F47F0330D101212046FDF7A6F968BBD5
:1093B0000EAB8DF83E00ADF83C00A362002345F0F3
:1093C0009F45059332460123204645F4E00506A952
:1093D0000495FFF78BFD0E9BA362B8B9236BC3F313
:1093E00009039BB14FF0FF312046FDF786F968B9BC
:1093F000204606AA10A9FDF79BFF38B9204610AAFF
:1094000006A9FFF781FD01E06FF0260018B070BDDE
:109410006FF01500FAE700BF00FC0F702DE9F04F68
:10942000ADB00546CDE90412FFF71CFE0346002847
:1094300040F01C810DF120094946284604AAFDF799
:10944000A9FF061EC0F2148140F2FF38C6F3892737
:10945000474505D16FF0150420462DB0BDE8F08FCB
:1094600028460DF10E0305AA10A9FDF793FF041E6F
:1094700034DBC4F389234345ECD0484610A9FDF7FB
:1094800081F8AB6A80461893A31C35D1DDF814A08F
:109490007D49504613F0C2F91AF800301BB1330D64
:1094A000022B40F0E7802B6F8342C0F0E680BDF8CE
:1094B0000E30B8F1000F19D02B6B02346FF39E23DE
:1094C00043EA872343F09F4343F4E0032B63089B65
:1094D0006B63099BAB634FD1BB460BE0A21CBBD1B6
:1094E0000598FDF7A1FA0028C7D1B5E79F42F3D34D
:1094F00007F1010B002345E0330DB3EB145F4FEA96
:10950000145206D0022A0CBF6FF014046FF013043B
:10951000A2E7BDF80E30002840F0B2809F4201D192
:10952000002499E7022A27D1584A0DF1880A42EA15
:1095300083232846564ACDF800A010A9FDF730FA3B
:10954000002856DB524628461AA9FDF7E3FE0028FC
:109550004FD11F9B33F47F0349D101212846FDF7EA
:10956000CCF8002845D118AB8DF86600ADF8640042
:10957000AB62B8F1000F9FD1BB46BDF80E20454B42
:1095800043EA82230024BDF80E202293424B3E4939
:1095900043EA8223CDE92434059B4FEA822A184608
:1095A000239413F03BF9059B6FF3130627934AEAC4
:1095B000070346EA0A0643F08053064343F4801348
:1095C000CDE928392696B8F1000F02D1314C44EA92
:1095D0008B24002328462B9322AA052310A92A9422
:1095E000FFF784FC044630B1189BAB6234E76FF0A0
:1095F0002600044630E72B6BB8F1000F16D01A0D89
:1096000012F4E06F12D06FF39E23C5E90C30214BAA
:10961000A86343EA8723CDE906304946012328465B
:1096200006AAFFF763FC04460028DDD1189BAB6255
:109630002B6BC3F30903002B3FF472AF4FF0FF31E4
:109640002846FDF75AF8044600287FF405AF28465F
:1096500010AA1AA9FDF76CFE044600287FF4FCAEA0
:1096600028461AAA10A9FFF74FFCC2E70446F3E602
:109670003446F1E66FF01304EEE66FF02304EBE6F8
:10968000022A3FF451AF17E78ECD031008000020E7
:1096900000FC0F700000F04F0000104070B58AB061
:1096A00001911646002301AA02A90546FDF772FEA4
:1096B000041E0FDB2F21019812F0E6FD10B1230DDF
:1096C000022B0AD1C4F389223346284602A9FDF7AA
:1096D000BFF9044620460AB070BD6FF01304F9E7E5
:1096E00070B58CB0039116461D4603AA002304A949
:1096F0000446FDF74FFE002823DB40F2FF33C0F3A2
:109700008920984206D1204604F1200204A9FDF7E1
:1097100001FEB0B9A36F109906F54076994228BFB3
:10972000194641EA065141EA8023084A204600953D
:1097300004A9FDF735F9002805DA831C08BF6FF08E
:109740003C000CB070BDC0F30900FAE700FCFF7FDD
:109750002DE9F04713F0020F8AB006460D469846F1
:10976000039237D1129B05F108072B650023394678
:109770006B63EB63EB643046C5F830802B1D03AAA6
:10978000FDF708FE041E05DAA21C1AD10398FDF7A6
:109790004BF9B0B10123AB71B36A2B60A31CB56266
:1097A0005DD118F4807F0CD0039C7049204613F0E3
:1097B00035F8225C002A4FD1336F834213D26FF009
:1097C00023042B6B294643F4801330462B63FFF7A9
:1097D00032FC04E0FFF746FC04460028C2D02046D5
:1097E0000AB0BDE8F087AB886149DFF88C8140EAB8
:1097F000832041EA832140F4801048EA8323CDE9A5
:109800000412CDE90604CDE9083239460323304677
:1098100004AAFFF76BFB10F11C0F0446CFD0002801
:10982000CFD144464FF000084FF00C09DFF84CA1AF
:109830002B6D9A68904536D31B68EB64002B62D081
:10984000B06E05F14001FEF711F940F20123B3EBD0
:10985000145F5BD00024C2E76FF01304B1E718F483
:10986000007F7AD1240D012C7AD1AB8818F4806F57
:109870004FEA832308D043F000542B6B44F4801448
:1098800043F480332B63CDE705F1280243F0005306
:10989000009239463046374A43F00803FDF780F816
:1098A000041EBFDA8DE72A6BD00706D42B6B2A6D16
:1098B00099071DD408F10108BAE709FB08F25868B6
:1098C000B5F804C081188B68825C496843EA8C2330
:1098D00002F54072009143EA02533946524630463F
:1098E000FDF75EF80028E1DA831CDFD0044668E764
:1098F000526809FB08229168B26F914233D843F451
:1099000080332B63D6E76FF00B045AE72B6B6FF0B5
:10991000010243F080732B6300236B64B36EAA6271
:109920002A649A6AC4F30904EC62AA64002C91D0F8
:1099300040F2FE33934228BF1346A988EA6C43EAFB
:1099400081230092394630460A4A43F00053FDF71E
:1099500027F8041EBFF67EAF33E76FF0100430E740
:109960006FF014042DE76FF01B042AE78ECD03106F
:109970000000104000FC0F700000102000FCFF7F72
:10998000FFF759BBFFF7DEBA2DE9F0411F460B6B1D
:1099900005465B030C46164607D43B463246214635
:1099A0002846BDE8F041FDF755BEFEF708FB00284C
:1099B000F3D0BDE8F081FEF76DBBFEF70ABC486B43
:1099C000704700002DE9F047A6B006460191FFF769
:1099D00049FB044688B9B36A30461C9301AA0DF1CD
:1099E00002031EA9FDF7D6FC831C044609D1DDF84D
:1099F00004804046FDF718F840B9204626B0BDE87F
:109A0000F0870028A8BF6FF01004F6E740464149F0
:109A100012F004FF336F0746834277D3F36E04AD31
:109A2000294630463366FDF7D2FF04460028E4D1CC
:109A30000CAC0DF1780CBCE80F000FC49CE80F00D3
:109A400084E80F000DF1480A9DF84730002B54D1EF
:109A5000DFF8CC9001232946304602AACDE9029ACC
:109A6000FFF744FA04460028C7D19DF88F300BB3A6
:109A700001213046FCF741FE04460028BDD11CAB55
:109A80008DF87600ADF87400B3623046012314AA55
:109A90000CA9CDE91495FFF729FA1C9B0446B36283
:109AA0000028AAD14FF0FF313046FCF726FE0446CD
:109AB0000028A2D1BDF80220174B47EA822743EACB
:109AC0008223149300231593144B304643EA8223D8
:109AD000CDE918359DF88F3047F40017002B104B57
:109AE00018BF002314AACDE91A351EA90423CDE915
:109AF0001678FFF7FBF904467FE7524630460CA97B
:109B0000FDF708FC044600289ED076E76FF023049A
:109B100073E700BF8ECD0310000010400800002046
:109B200008FC0F60F0B501F1080687B003920C46FF
:109B30000023314603AA0546FDF72CFC00282ADB4A
:109B4000030D022B29D140F2FF33C0F38920984244
:109B500004AF15D12B6A04936B6A05933A463146DC
:109B60002846FDF7D7FBB0B9A368A080E362E3689D
:109B7000A06223630223A371AB6A2360AC620AE094
:109B8000074B314643EA8023064A28460097FCF7F4
:109B900007FF0028E2DA07B0F0BD6FF01300FAE724
:109BA0000800002000FC0F70836A00F128021BB13E
:109BB0009942186802D11060002070471A46034687
:109BC000F5E700002DE9F04115460C4606464FF436
:109BD00084720021284612F005FBA36A63B9284667
:109BE00002231B4900F8083B12F064FE0120A36A1F
:109BF0000133A362BDE8F081012B22D004F12008DB
:109C000004F10807A288A38B9A420AD1E07F0028BA
:109C1000F0D0424639463046FDF77CFB0028E9D1BA
:109C2000A0802B4639463046A288FCF711FF08B1C8
:109C3000831CDFD1A388023003F10103A380E1D0AC
:109C4000D4E728460223034900F8083BCCE700BFCD
:109C500038D20310D20104100123FDF7A7BD000084
:109C600030B50C4D0A44914200D130BD11F8013B92
:109C700083EA000404F00F0455F8244084EA10102D
:109C800080EA131303F00F0355F8233083EA101012
:109C9000E9E700BF1C830410006870470B0A0170DD
:109CA00043700B0C090E8370C1707047036A023950
:109CB000023B8B4283BF8389406B01FB0300002082
:109CC0007047034600F10B010020C20142EA500236
:109CD00013F8010B50FA82F28B42D0B2F5D17047E3
:109CE00037B50D46044620B9092000232B6003B088
:109CF00030BD0368002BF7D01A79002AF4D0818890
:109D00001A899142F0D1186806210DF10702FBF77C
:109D100031FE9DF8073003F00103034313F0FF0009
:109D2000E2D12368E2E738B583790446C3B100F194
:109D30003C05826B012329460068FBF706FE88B9C3
:109D4000A16BE36A626ACB1A9342A07108D263796D
:109D5000022B05D10A44012329462068FBF7F5FDB3
:109D6000002038BD0120FCE72DE9F0470026D0F89F
:109D700000908E75836907460C46002B7CD0C36A21
:109D800001335ED100232E261846F9694D1E15F8C1
:109D9000012F0130202A0CD0052A08BFE52209280E
:109DA00004D10B2B9EBFE7187E720133E7187A723D
:109DB00001330B28EBD10020E2185072A27D002A5B
:109DC0004FD1002B44D0082504F108035A78581CC1
:109DD000002A53D11B1B083B3DE0B8F1000F05D111
:109DE00000F520539BB2B3F5006F13D340F2B511C9
:109DF00040EA084002F02CF9FF28C5F1FF0A18D903
:109E0000BAF1010F20D96319020A9A75D875022395
:109E100000201D4480460236D9F81030985B002897
:109E2000DBD1B8F1000F18BF002500232544AB7526
:109E3000A8E748B1BAF1000F08D06319987501235B
:109E4000E6E7B0463546E7E70025EAE75546E8E7A6
:109E50003F23A3750123002223449A750B7B03B98A
:109E60006372CB7A01F11C002372FFF715FF2060AB
:109E7000CB8AE3800B8BA380BDE8F0872E2A1346A4
:109E800009D0413A192A03D80A7B154200D0203361
:109E9000437303469AE71025FAE7C2F307238A764D
:109EA000CB760379032B01BF120C0A75120A4A758F
:109EB000704738B5836B05468B420C4610D0FFF7D0
:109EC00032FF60B922460123286805F13C01FBF707
:109ED0002DFD00281CBF4FF0FF340120AC6338BDBE
:109EE0000020FCE738B5002383714FF0FF33836314
:109EF0000546FFF7DEFF044608BB4AF65523B5F8D2
:109F00003A229A421DD195F83C2002F11803DBB2A7
:109F1000012B01D9EB2A16D103220C4905F172005D
:109F200012F0B8FB48B10522094905F18E0012F084
:109F3000B1FB041E18BF01246400204638BD042470
:109F4000FBE70324F9E70224F7E700BFD50104107B
:109F5000D9010410F0B504462379006887B001F0F8
:109F6000FE0583B106210DF10702FBF703FD9DF805
:109F70000730DE0707D40DB15C0702D4002007B01C
:109F8000F0BD0A20FBE700230521237120680DF1B5
:109F90000702FBF7EFFC9DF80730D80700F1EC80D3
:109FA0000DB15907EDD400212046FFF79BFF022891
:109FB00040F0C98002AF3A4604F2022304F2422183
:109FC00013F8040C10B11846FFF766FE10338B42ED
:109FD00042F8040BF4D1002557F8046B002E00F072
:109FE000A98031462046FFF77DFF012800F2A380BB
:109FF000B4F84730B3F5007F40F0A980B4F85210B0
:10A0000021B904F16000FFF747FE014694F84C3097
:10A0100061625A1E012A637100F2998094F84950D6
:10A02000A581002D00F093806A1E2A4240F08F80A7
:10A03000B4F84D703A07678140F08980B4F84F005A
:10A0400018B904F15C00FFF727FEB4F84A20002A93
:10A050007DD001FB03FE02EB171CF444604576D370
:10A06000A0EB0C00A842B0FBF5F370D34348834249
:10A070006DD84FF6F57083426DD840F6F575AB425A
:10A080008CBF022501250233324406EB0C00032D60
:10A090002362A662E26260635FD1B4F866203A434D
:10A0A00055D104F16800FFF7F7FD9B0003F2FF13A1
:10A0B000B1EB532F20634AD34FF0FF33C4E905338C
:10A0C0008023032DE3712BD1B4F86C30012B27D101
:10A0D0002046711CFFF7EDFE10BB4AF65523B4F87D
:10A0E0003A22E0719A421BD104F13C00FFF7D4FD03
:10A0F000234B984214D104F50870FFF7CDFD03F10E
:10A10000FF5303F500532033984209D104F5097039
:10A11000FFF7C2FDA06104F50A70FFF7BDFD6061A5
:10A12000184A2571138801339BB2138023810023C1
:10A13000E36123E703200135042D7FF44DAF0428AC
:10A1400005D101201BE70428FBD0012801D90D20EF
:10A1500015E700264CE7032595E7002FF7D0022DE1
:10A1600002EB0E004FEA43021BBFD21803F00103BB
:10A17000134603EB520399E7032000E7F5FFFF0FB7
:10A1800052526141382C002001292DE9F047064642
:10A190000C4617466FD9036A8B426CD90379022BA0
:10A1A0003ED0032B4FD0012B65D101EB5108C16A82
:10A1B00001EB5821FFF77DFE054630BB14F001048A
:10A1C00006F13C0908F1010AC8F3080818BF19F89C
:10A1D0000820FBB21EBF02F00F0242EA0313DBB2FB
:10A1E00009F808300123F16A3046B37101EB5A21B6
:10A1F000FFF75FFE054640B9CAF3080A44B1C7F34A
:10A20000071709F80A700123B3712846BDE8F087E3
:10A2100019F80A30C7F3032723F00F031F43F0E7B1
:10A22000C16A01EB1421FFF744FE05460028ECD17A
:10A23000640006F13C0304F4FF741F551A19C7F3B8
:10A2400007275770DFE7C16A01EBD411FFF731FE32
:10A2500005460028D9D1A40006F13C0304F4FE749D
:10A2600023441846FFF718FD0146184667F31B0103
:10A27000FFF714FDC7E70225C7E7F8B505460E4608
:10A28000FFF751FD0446F8B931462846FFF70EFDA9
:10A2900005F13C070646A8634FF400722146384694
:10A2A00011F0A0FFAB899C4204D3A889001B18BF02
:10A2B0000120F8BD0123394628683219FBF745FB18
:10A2C0000028F2D10134EDE70120F2E770B5044631
:10A2D000FFF729FD0546002842D16368214A6FF344
:10A2E0001723934234D104F13C0601464FF4007227
:10A2F000304611F077FF552384F83A32AA2384F8C8
:10A300003B3252234122722184F83C3084F83D30A4
:10A31000612384F83F2084F83E3084F8233284F8A7
:10A32000201284F8211284F82222A16904F5097010
:10A33000FFF7B4FC616904F50A70FFF7AFFCA26A8D
:10A340000123013231462068A263FBF7FEFAE57172
:10A35000002220681146FBF70DFB003818BF0120D2
:10A3600070BD00BF0300000103284B8B04BF8A8A25
:10A3700043EA0243184670470129F8B506460C46E1
:10A380004ED9036A99424BD20379022B29D0032B71
:10A3900034D0012B44D101EB5105C16A01EB5521A9
:10A3A000FFF787FD10B14FF0FF30F8BDF16A6F1C69
:10A3B000C5F308053544304601EB572195F83C506C
:10A3C000FFF777FD0028EED1C7F30807374497F869
:10A3D0003C3045EA0320E3074CBF0009C0F30B0003
:10A3E000E3E7C16A01EB1421FFF763FD0028DAD12E
:10A3F000640004F4FF743444A08FD6E7C16A01EB13
:10A40000D411FFF756FD0028CDD1A40006F13C0081
:10A4100004F4FE742044FFF73FFC20F07040C4E7D2
:10A420000120C2E7F8B50C46012C06461146056826
:10A430002BD92B6AA34228D92AB14FF0FF322846E4
:10A44000FFF7A2FE38B921463068FFF795FF27468F
:10A45000044608B90020F8BD012816D0431C16D0C8
:10A46000002239462846FFF78FFE0028F3D12A6ADA
:10A47000AB69911E8B4205D20133AB61EB7943F09E
:10A480000103EB71A242DED8E4E70220E3E70120FA
:10A49000E1E72DE9F84381460F46056849B96E6941
:10A4A000C6B12B6AB34298BF0126AB69A3B9002499
:10A4B00006E02846FFF760FF0128044603D8012480
:10A4C0002046BDE8F883421C54D02B6A8342F7D85B
:10A4D0003E46EAE70126E8E7BE422B6A15D1741C26
:10A4E0009C4228BF0224D9F800002146FFF744FF10
:10A4F0000128E4D0431C3DD0F0B1D5F81480B8F168
:10A50000010F02D92B6A984500D3B04644462B6A06
:10A510000134A34203D8B8F1010FC8D00224214668
:10A52000D9F80000FFF728FF40B10128C7D001305B
:10A5300020D04445EBD1BAE7002CE6D04FF0FF32F3
:10A5400021462846FFF720FE90B957B92A6AAB6921
:10A55000023A93426C6110D9EB7943F00103EB713D
:10A56000AEE7224639462846FFF70EFE0028EDD01A
:10A570000128A4D14FF0FF34A2E7013BAB61EBE728
:10A580002DE9F843076904462037B7F5001F24BFBB
:10A590000023836183698946066873B1C7F308089D
:10A5A000B8F1000F39D141690133836141B9738931
:10A5B000B3EB571F31D80023A3610420BDE8F88313
:10A5C000B389013B13EA572327D13046FFF7D4FE66
:10A5D0000128054601D80220F0E7421C01D10120E4
:10A5E000ECE7336A834212D8B9F1000FE3D020467A
:10A5F0006169FFF74EFF0546A8B10128EBD0431C67
:10A60000EDD001463046FFF738FE0028E7D1294655
:10A6100030466561FFF74AFBA0613C3646440020A6
:10A620002761E661CAE70720C8E700002DE9F84383
:10A63000FF268046354604240768D8F8181019B953
:10A64000002C69D0042453E03846FFF732FC04465E
:10A6500000284DD1D8F81C000378002BF2D0C27A24
:10A66000E52B02F03F0288F8062047D02E2B45D07C
:10A6700022F02001082941D00F2A44D159063BD5A8
:10A6800003F0BF05D8F81030467BC8F82C30437B68
:10A69000B34233D1428B8ABB0D2103784FF6FF7949
:10A6A00023F04003013B4B430121D7F810C0DFF8F2
:10A6B00070E01EF8014B045B11B3FF2B1ED821463E
:10A6C0002CF81340013301320D2AF2D102785206E0
:10A6D00005D521B1FF2B11D800222CF81320013D04
:10A6E000EDB200214046FFF74BFF04460028A4D0FE
:10A6F0000023C8F818300FE0AB42C8D0FF25F0E7C0
:10A700004C45E0D0FAE71DB9FFF7DBFAB04203D0C1
:10A710004FF0FF33C8F82C302046BDE8F88300BF67
:10A72000F8830410B1F5001FF8B506460C4605681D
:10A7300001D30220F8BDCA06FBD182680161BAB913
:10A740002B79022B01D92B6B9BB96B89B3EB541F6F
:10A75000EFD9286BC6E905200028EAD000EB542089
:10A760003C35C4F308042544B061F5610020E1E7FD
:10A7700013461A46AF897F02BC42114603D22846CF
:10A78000FFF794FAE6E73068FFF7F6FD431C024650
:10A7900006D00128CDD92B6A8342CAD9E41BEBE746
:10A7A0000120C7E7C16A2DE9F0414B1C044605684A
:10A7B000066918D1E5274FF001082846A169FFF77F
:10A7C00078FB60B9E3691F7085F806802369B3429E
:10A7D0000DD201462046FFF7D3FE0028EDD0042815
:10A7E00008BF022003E0FFF79DFF0028E2D0BDE88C
:10A7F000F08100002DE9F04F002187B00446D0F829
:10A8000000A0FFF78FFF0546002840F08C804FF036
:10A81000FF084FF0FF39C34604F12003C4F82C9021
:10A8200002935046A169FFF744FB054600287AD100
:10A83000E6693778002F7AD0F27AE52F02F03F03ED
:10A84000A37103D0100704D50F2B04D0C4F82C90AB
:10A850004DE00F2B53D194F82B3059063DD47A0696
:10A8600043D5236996F80D8007F0BF07E362737B39
:10A8700043453CD1738B002B39D10D230121357811
:10A88000DAF810B005F03F05013D5D43294B13F8A0
:10A89000012BB25A71B3FF2D059328D810460492AC
:10A8A00001F008FC6B1C03903BF81500019301F0CC
:10A8B00001FC039981421AD1049A019D1146059B1E
:10A8C0001D4A9A42E3D133785B0603D511B13BF8B8
:10A8D000153063B9013F5FFA87FB00212046FFF77F
:10A8E0004FFE054600289CD01DE0BB45BFD04FF071
:10A8F000FF0BF2E74FF6FF708242E1D0F7E7BBF1C2
:10A90000000F04D13046FFF7DCF940450BD094F836
:10A910002B5015F0010599D10B223046029911F008
:10A92000B9FE002892D1284607B0BDE8F08F042573
:10A93000F9E700BFF8830410058404102DE9F04FF7
:10A9400090F82BB004461BF0A00589B040F0998028
:10A9500007683A6932F81530002B6DD10DF11408F3
:10A9600004F120061BF0010F96E8070088E80700B5
:10A9700000F08E8040234FF0010A84F82B30B4465B
:10A9800098E807003B69ACE80300BAF1050F2CF822
:10A99000022B4FEA12428CF8002061D95246981ED1
:10A9A00030F8021F002949D1C446072102F00F0EDA
:10A9B0000EF13000392888BF0EF137000F2A0CF84D
:10A9C000010D01F1FF314FEA12104BD87E2001F149
:10A9D00020030DEB030202F8140C04F11F0084465F
:10A9E0000022914206D01CF801EF02F10109BEF1EC
:10A9F000200F39D107298FBF4FF0200C01F1200320
:10AA00000DEB030C1CF814CC02F1010298BF0131CC
:10AA1000072A00F802C0EDD92046FFF7EBFE814679
:10AA200090BB0AF1010ABAF1640FA8D14FF00709EF
:10AA3000484609B0BDE8F08F01358BE74FF0100CA8
:10AA400001F0010E0EEB4202D30344BF82F48832C0
:10AA500082F02102BCF1010C4FEA5101F0D19FE7D5
:10AA60005246A1E70246A1E74A46BAE780460121DD
:10AA70002046FFF785FD814600B3B9F1040FD5D01C
:10AA8000D6E74FF00609D3E70428D1D184F82BB0DC
:10AA90001BF0020F1EBF0D230C35B5FBF3F54FF075
:10AAA0000001204608BF0125D4F800A018BF0135D9
:10AAB000FFF738FE81460028DFD180465046A16965
:10AAC000FFF7F7F981460028D7D1E3691B78E52B1A
:10AAD00001D0002BCAD108F101084545C7D1013D7D
:10AAE00055D021692046A1EB4511FFF71BFE814699
:10AAF00000289DD13046FFF7E4F84FF6FF7801902B
:10AB00003846A169FFF7D5F98146002890D1E3695D
:10AB1000019AD7F810E05A734FF00F024FF00D0C66
:10AB2000E9B2DA724A1E0CFB02F28446DFF89CA0FE
:10AB300018739876D876404518BF3EF812001AF878
:10AB4000019B0CF1010C03F8090018BF013203EB63
:10AB5000090B4FEA1029002808BF4046BCF10D0F31
:10AB60008BF80190E7D1404502D03EF812200AB997
:10AB700041F040011970012300212046BB71FFF70D
:10AB8000FFFC814600287FF453AF013DB8D1384621
:10AB9000A169FFF78EF9814600287FF449AF01468D
:10ABA0002022E06911F01EFB03CEE36918605960B2
:10ABB000B27831889A72198194F82B30E26903F0E7
:10ABC000180313730123BB7132E700BFF88304102D
:10ABD0002DE9F04F036885B001930B7806462F2BC3
:10ABE000884601D05C2B0AD14246137890462F2B21
:10ABF00002F10102F9D05C2BF7D0002301E0019BA8
:10AC0000DB69B36098F800301F2B00F2F2808023DC
:10AC10000021304686F82B3005B0BDE8F04FFFF735
:10AC200081BD2F2811D05C280FD07F2807D8AA4AD1
:10AC300012F8013B1BB18342FAD10620C5E0FF2D7B
:10AC4000FBD02AF815000135D7E04246137890462C
:10AC50002F2B02F10102F9D05C2BF7D00024DAE0AF
:10AC6000022D04D1BAF802302E2B00F0D7800AEB67
:10AC7000450306E033F8022D202A01D02E2A02D106
:10AC8000013D002DF6D14FF000030AEB45022AF8F2
:10AC90001530002DD1D000213AF811000B462028A4
:10ACA00001F10101F8D00BB92E2802D144F00304C0
:10ACB000E4B232F8021D2E2901D0013DF9D14FF046
:10ACC00000094FF020324FF0080B4F46726232629B
:10ACD000C6F827203AF813005A1C002800F0D88044
:10ACE000202804D02E2807D1AA4200F0C58044F0C5
:10ACF0000304E4B21346EDE7D94580F0C080AA42D0
:10AD000012D1BBF10B0F07D1BDE0AA4204D044F031
:10AD10000304E4B200F2BC80BF002A464FF00B0BE4
:10AD20004FF00809FFB2E5E77F2837D944F0020366
:10AD3000DBB240F2B5110392029301F089F9DDE92B
:10AD4000023210F0800F0FD0644900F07F00085CE1
:10AD500028B1634C14F8011B11B38842FAD143F0B7
:10AD600003035F20DBB211E0FF28F1D90BF1FF31C3
:10AD7000894504D344F00304D946E4B2BAE706EBAC
:10AD80000901040A81F8204009F1010906EB0901D3
:10AD90001C4681F8200009F10109ABE72346D8E7FA
:10ADA000A0F1410189B2192902D847F00207EDE765
:10ADB000A0F1610189B219299EBF203847F001072F
:10ADC00080B2E3E7002A08BF052005B0BDE8F08F98
:10ADD0005A074DD4B379DB064CD5019B03F13C01F6
:10ADE0003369C3F308031944019B1879FFF7BCFAD0
:10ADF000B06000253368D3F810A018F8010B48B1F3
:10AE000040F2B51101F042F900283FF416AF1F28B7
:10AE10003FF607AF0424012D7FF422AFBAF80030CB
:10AE20002E2B7FF424AF002306F11F022AF81530E1
:10AE3000AB422CBF20212E2101330B2B02F8011F26
:10AE4000F6D144F02004E4B2304686F82B40FFF7F8
:10AE5000D1FC96F82B300028BAD00428B5D1990639
:10AE600003F00402AED5002AC3D0802386F82B302D
:10AE70000020AAE70520A8E7D945FFF442AFBBF1BF
:10AE80000B0F7FF442AF4FF00B0B44F00304E4B21E
:10AE900096F82030E52B04BF052386F82030BBF15F
:10AEA000080F04BFBF00FFB207F00C030C2B03D048
:10AEB00007F00303032B02D144F00204E4B2A50718
:10AEC000C2D447F3000303F010032343DCB2780736
:10AED00048BF44F00804B7E7DF010410788304108A
:10AEE000E801041000210171FFF734B82DE9F043A7
:10AEF0000546914698460C46ADF50D7D002900F0BB
:10AF0000BF8003F03F063146FFF724F807460028CC
:10AF100058D10CAB494668462B610095FFF758FEA7
:10AF200020B99DF92B30002BB8BF062018F01C0F5C
:10AF30004CD000283DD0042844D16846FFF7FEFCE1
:10AF400000283FD146F008063107DDF81C9048D5AF
:10AF500049462879FFF708FA804602F078FE202259
:10AF6000014609F10E00FEF799FE079B2846DA72AA
:10AF700007990022FEF791FF0022079B1A775A7764
:10AF80009A77DA770123AB71B8F1000F0ED0414602
:10AF90006846D5F83890FFF745FA98B949462846EB
:10AFA000FEF787FF08F1FF336B6158B946F04006A2
:10AFB00017E09DF8063013F0110F5DD118F0040F63
:10AFC000C2D008200023074623604AE00028F9D1B8
:10AFD0009DF80630DA064DD418F0020F01D0D807DC
:10AFE0004AD4AB6B0799236261622879FFF7BCF9F9
:10AFF000A060034601F11C00FEF74EFE8046E060B3
:10B0000000202A89B1062560A28026746074E06160
:10B01000606126D5B8F1000F23D0AA89C4F8148046
:10B02000B8EB422F4FEA42260DD919462068FFF7A8
:10B03000A3F901280346A8EB060817D9421C17D02C
:10B040004645F2D30020A3610028BBD1C8F3080213
:10B050003AB119462846FEF729FE78B100EB582090
:10B06000E06138460DF50D7DBDE8F0830220EAE78A
:10B070000120E8E70420A5E70720A3E70220A1E7D5
:10B080000927EEE72DE9F04F9A46002385B089465F
:10B09000CAF8003003A904461546FEF721FE06460D
:10B0A00008BB667CFEB994F810B01BF00103009356
:10B0B0007ED0E7686369FF1AAF4228BF2F4697B179
:10B0C0006269DDF80C80C2F30803002B57D1B8F891
:10B0D0000C30013B13EA522B15D142B9A06801286C
:10B0E0000AD802266674304605B0BDE8F08FA16923
:10B0F0002068FFF741F9F2E7431C03D10123009ECA
:10B100006374F0E7A0614046A169FEF7CFFD002817
:10B11000E7D0B7F5007F0BEB00022FD3B8F80C1087
:10B120000BEB572088424FEA572588BFA1EB0B0550
:10B130002B464946D8F800000192FAF7F7FB0028A1
:10B14000DCD198F806306BB1D8F83800019A801A33
:10B15000A84207D24FF4007208F13C0109EB4020ED
:10B1600011F0C6FA6D02DAF800307F1B2B44CAF8E2
:10B1700000306369A9442B446361A0E7E26165691B
:10B180004046C5F30805C5F50075BD42E16928BF15
:10B190003D46FEF78EFE0028B0D1616908F13C08FB
:10B1A000C1F308012A464846414411F0A1FADAE702
:10B1B000072698E72DE9F04F9A46002385B0894687
:10B1C000CAF8003003A904469046FEF789FD0646FA
:10B1D00028BB667C1EBB237C9A0740F1A380636971
:10B1E00013EB080F01D36FEA0308B8F1000F12D078
:10B1F0006369039FC3F30802002A77D1BD89013D2B
:10B2000015EA53251ED173B9A16871B92046FFF71D
:10B2100040F9014648B9237C43F04003237430468B
:10B2200005B0BDE8F08FA169F0E7012902D102263F
:10B230006674F4E74B1C01D10126F9E7A368A1610C
:10B2400003B9A160BA6BE3699A4204D13846FEF7AC
:10B250006AFD0028F0D13846A169FEF727FD0028D5
:10B26000E5D0B8F5007F05EB000B32D3B98905EBCB
:10B27000582088424FEA58235A4688BF4B1B3868EB
:10B2800049460193FAF761FB05460028D4D1B96B12
:10B29000019BA1EB0B01994209D24FF4007209EB1B
:10B2A000412107F13C0011F023FA019BBD715D02C1
:10B2B000DAF80030A8EB05082B44CAF800306369BF
:10B2C000A9441D44E3686561AB422CBFE360E560BF
:10B2D0008BE76169E368994206D33846FEF723FDA0
:10B2E0000028A9D1C7F838B0C4F81CB06569384641
:10B2F000C5F30805C5F500754545E16928BF454614
:10B30000FEF7D7FD002897D1636907F13C00C3F32E
:10B31000080318442A46494611F0EAF94FF00103A0
:10B32000BB71C5E707267AE72DE9F34101A9054678
:10B33000FEF7D6FC044668BB2C7C14F0400429D0F0
:10B3400002F085FC019F8046296A3846FEF7B1FD70
:10B350000446F8B96E6AF37A314643F02003F3727B
:10B36000AA682868FEF799FDE96806F11C00FEF757
:10B3700095FC414606F11600FEF790FC0123B474DB
:10B38000F4743846BB71FEF7A1FF04462B7C23F012
:10B3900040032B74204602B0BDE8F08113B504468B
:10B3A000FFF7C2FF28B9204601A9FEF799FC00B9B2
:10B3B000206002B010BD70B50E46ADF50C7D0021C9
:10B3C0000546FEF7C7FD044670B90CAB314668462A
:10B3D0002B610095FFF7FCFB044698B99DF92B30D3
:10B3E000002B05DA029BEB6120460DF50C7D70BD4C
:10B3F0009DF80630DB0609D507992879FEF7B4FFDA
:10B40000E861F1E7042808BF0524EDE70524EBE730
:10B410002DE9F0470E460021ADF5527D317007460B
:10B420009046FEF797FD8146F0B9454652AB3B6129
:10B43000FB6900970293DDF808A0BAF1000F1AD15A
:10B44000454502D12F23013D73553346A91B5A5D53
:10B4500003F8012BCA189045F9D8A8EB050301356C
:10B46000A84538BF01231E440023484633700DF51C
:10B47000527DBDE8F08720216846FFF753F9044666
:10B4800028BB38460699FEF714FD0446F8B907991B
:10B490003879FEF769FF214602906846FFF742F9C6
:10B4A0000446A0B96846FFF7C1F8044660B9079999
:10B4B0003879FEF759FF50450DD021466846FFF711
:10B4C0005FF804460028EDD0042C08BF0224A146F2
:10B4D000CAE71124FBE768460CA9FEF745FC2046A5
:10B4E0000DF1450313F8012F04460130002AF9D16C
:10B4F0008542EED3281B22460DF14601304411F05F
:10B50000F7F82F23013D2D1B735594E72DE9F743E1
:10B510000D4601A90446FEF7E3FB0646002852D17A
:10B52000667C002E4FD1E368AB4204D2227C12F03D
:10B53000020F08BF1D460022636962619DB90020A9
:10B54000E2686369934282BF227CE36042F040027A
:10B55000C3F3080388BF2274002B34D0E36983420D
:10B5600018BFE0612FE0DDF80480B8F80C707F02AE
:10B57000FBB1013B6A1EB2FBF7F2B3FBF7F18A4263
:10B5800017D37A421340A1696361ED1A0029D6D01E
:10B59000BD42636922D863692B446361C5F3080324
:10B5A000002BCCD04046FEF781FB50B100EB55207C
:10B5B000C6E7A16881B92046FEF76BFF0128014666
:10B5C00005D102266674304603B0BDE8F083481CFE
:10B5D00001D10126F6E7A160A161D7E73B44636191
:10B5E000237CA5EB07099A0706D52046FEF751FFF5
:10B5F000054628B90146CEE72068FEF7BDFE0546A0
:10B600006B1CE6D0012DDCD9D8F82030AB42D8D95C
:10B610002946A5614D46BBE770B5054616460C4662
:10B62000ADF5007D41B30021FEF794FC78B92560AB
:10B6300031462046C5F810D0FFF7CAFAF0B994F9A0
:10B640002B30002B0BDBA379DB0603D40520002372
:10B6500023600EE02879E169FEF786FEA0602B8961
:10B6600000212046A380FFF75DF80428EED00028D3
:10B67000EDD10DF5007D70BD0920FAE70428E5D075
:10B68000E5E713B501A90446FEF72AFB00B92060DF
:10B6900002B010BD70B5ADF5027D0D4601A904469E
:10B6A000FEF71EFBE0B93DB9294620460DF5027DA7
:10B6B000BDE87040FFF736B8019B02AA20461A6128
:10B6C000FEF7B4FF10F0FB060AD129462046FEF72C
:10B6D0004BFB31462046FEF753FF042808BF0020ED
:10B6E0000DF5027D70BDF0B50F46ADF50D7D002165
:10B6F00006461546FEF72EFC0096044680B90CABB4
:10B70000394668463361FFF763FA044640B99DF94C
:10B710002B30002B08DB1DB129466846FEF724FBC1
:10B7200020460DF50D7DF0BD0624F9E72DE9F84F13
:10B73000884600210446FEF70DFC054640B9D4F8C2
:10B7400020A0A369AAF10202934204D8C8F80030ED
:10B750002846BDE8F88F2379012B17D1022706462A
:10B7600039462046FEF708FE431C34D0012834D069
:10B7700000B90136236A0137BB42F1D8C8F800602E
:10B78000E379A66143F00103E371E1E7074606466A
:10B79000E16A04F13C0937B9204601F1010BFEF7DB
:10B7A00088FBE0B959462379022B0AD1E3199B8F14
:10B7B00003B901360237BAF1010AC7F30807EAD123
:10B7C000DCE709EB0700FEF767FA30F0704308BFCB
:10B7D00001360437EFE70125D0E70225CEE705461D
:10B7E000CCE7F0B50E46ADF5197D02210546FEF712
:10B7F000B1FB044698B918AB314668462B610095F9
:10B80000FFF7E6F9044650B99DF82B3098063BD473
:10B81000190639D49DF80670FA0704D50724204686
:10B820000DF5197DF0BD07992879FEF79DFDFB0602
:10B8300006460BD46846FEF7B5FF04460028EED155
:10B84000CEB92846FEF742FD0446E8E7EB6983429D
:10B85000E4D021460E900CA80C95FEF763FF044639
:10B860000028DCD10CA8FEF7E1FE04460028D5D064
:10B870000428D4D1DEE7024631466846FEF7D2FD01
:10B8800004460028CBD1DCE70624C8E72DE9F041C7
:10B890000E46ADF5107D02210546FEF75BFB044622
:10B8A00000286DD110AB31462B6104A80495FFF739
:10B8B0008FF90446002872D0042861D19DF83B100E
:10B8C00011F020016DD168460095FEF7E2FD0646B5
:10B8D00000285AD001285AD0431C5C425C4102F037
:10B8E000B6F90746002C54D131462846FEF7C5FC70
:10B8F000044600284DD14FF02033C5F83D30C5F83F
:10B900004130A5F845302E2385F83C3010233946C8
:10B9100085F8473005F1520005F13C04FEF7BEF909
:10B92000324621462846FEF7B8FA05F15C031A466E
:10B9300051F8040B994242F8040BF9D12E234FF031
:10B9400001082846069A85F85D30FEF7A6FA85F8C4
:10B95000068004A8FEF7F2FF0446D0B90B983946DA
:10B960001630FEF79BF9324628460B99FEF795FAFA
:10B9700010220B9BDA7285F80680FEF7A7FC0446BE
:10B9800020460DF5107DBDE8F0810724A7E70224CD
:10B99000A5E7002231466846FEF744FDF0E708249B
:10B9A000EEE70624ECE7F0B50D46ADF5217D02216A
:10B9B00004461746FEF7CEFA002879D120AB294677
:10B9C000236108A80894FFF703F9002870D19DF8B7
:10B9D0004B3013F0A00F6ED16D460F9B03F1200684
:10B9E0002A4618685968083303C2B3421546F7D18E
:10B9F00014AD08AE0FCE0FC50FCE0FC596E80F00E1
:10BA000085E80F00394614A8FFF7E2F848B9169AFE
:10BA10000A9B9A4203D1189A0C9B9A4203D00820A1
:10BA200046E0042844D114A8FEF788FF00283FD13F
:10BA30001B990DF10D0301F10D020DF11D0053F8DD
:10BA4000045B834242F8045BF9D101251888108019
:10BA50009B7893709DF80B30DA0658BF43F02003B3
:10BA6000CB72A571CB7ADB061BD50A9A169B9A423C
:10BA700017D02079FEF778FC01462046FEF716F92C
:10BA80000146D0B12046FEF714FA88B994F85D302B
:10BA90002E2B06D12046169A04F15C01FEF7FDF923
:10BAA000A57108A8FEF77EFE10B92046FEF70EFC31
:10BAB0000DF5217DF0BD0620FAE70220F8E7000031
:10BAC0002DE9F04F1C460023D0F800808BB00371A5
:10BAD0000E461546052140460DF11F02F9F74AFFB3
:10BAE0009DF81F30D90700F10F825A0700F10E822E
:10BAF0000321404608AAF9F73DFF30B9089A531EC2
:10BB0000B3F5004F01D21A4201D0012308935DB171
:10BB10008A4BA5F500729A4203D913200BB0BDE8F9
:10BB2000F08F6B1E2B42F8D1002C00F0F181149B9A
:10BB3000B3F5007FC0F0EC810121404609AAF9F776
:10BB400019FF002840F07B8216F008030CBF3F2746
:10BB500000270493099BBB4201D20E20DEE7A3EB32
:10BB60000709B9F1150FCDF82490F6D9B5F5813F45
:10BB7000D3D216F0020C3BD006F00703022B3BD0C9
:10BB800006F00106C6F10306F6B20898032EC0F1CE
:10BB900000034FEA552500F1FF3E05932ED0002DFE
:10BBA00040F08780012266494FEA193631F8023B9E
:10BBB0000BB1B3427BD9B9FBF2F340F6F5718B427E
:10BBC0009BBF03EB4303013302335B088CBF5B0075
:10BBD000033303F2FF134FEA532B2B4615464FF066
:10BBE00020028CBF022601264FF0010A029223E0B8
:10BBF000F30792D50226C8E70326C6E7002D52D1E7
:10BC00000125504A4FEA594132F8023B13B18B42A9
:10BC10004BD90023B9FBF5F2910001F207214FEA5D
:10BC2000512BA2F57F424849F63A8A4295D8002224
:10BC30004FF0200A032602920AEB07020192029AB1
:10BC4000059802EB0B01019A032E11440EEB010241
:10BC500002EA000208BF0198A2EB010206BF8018A9
:10BC600092449344C7EB05120A4408BF01909145E2
:10BC7000FFF473AF029A032EA9EB0202A2EB0A02B1
:10BC8000A2EB0B02B2FBF5F2039214D14FF6F57260
:10BC90000399914200F25481002B7FF45EAF012D95
:10BCA0007FF65BAF6D082B46B4E76D00ACE7520042
:10BCB0007CE72A467FE7022E40F03B814FF6F57283
:10BCC0000399914208D9002B40F02D816A00402A47
:10BCD00000F22081154662E740F6F5720399914221
:10BCE00000F22E81002B7FF438AF6D00802D7FF69F
:10BCF00056AF32E7494604F12000FDF7CFFF49E196
:10BD000001F0A5FF014604F12700FDF7C7FFCBF3C3
:10BD10000723E375802384F82430292384F8263010
:10BD20000A4B84F816B004F12B0203F1100153F80A
:10BD3000040B8B4242F8040BF9D16AE100FEFF00CC
:10BD40005C8304106A830410FFFFFE0F0F020410CF
:10BD5000032E34D101232146BA1D4046F9F7F5FDE3
:10BD60004FF400720599204610F03CFA52232370DC
:10BD70006370612341227221A37084F8E731039B31
:10BD8000E27084F8E41184F8E51184F8E621591E84
:10BD900004F5F470FDF782FF0223214684F8EC31AC
:10BDA000FA1D0123404684F8FE9184F8FFA1F9F7BB
:10BDB000CCFD012321464046FA18F9F7C6FD149A36
:10BDC000002120466FF3080210F00CFA032E58D120
:10BDD000F8232370FF236370A370E37023716371F2
:10BDE000A371E37123726372A3720F23E372149B36
:10BDF0004FEA5329CB45DA4628BFCA462146534667
:10BE00004046019AF9F7A1FD0146002840F017814C
:10BE10004FF40072204610F0E5F9019BBBEB0A0BD2
:10BE200053440193E6D1029B032E08BF2B46029395
:10BE3000029D21464D4528BF4D4640462B46019A5E
:10BE4000F9F783FD002840F0FA80019B2B44019311
:10BE5000029B5B1B0293EBD1032E1BD0099BB3F516
:10BE6000803F19D2022E14BF01260426049BABB1D9
:10BE7000002240461146F9F77DFD003818BF012029
:10BE80004CE6012E6F49204618BF6FF00701FDF701
:10BE900005FFACE70C26E9E70626E7E74FF400725A
:10BEA0000499204610F09EF9552384F8FE31AA2308
:10BEB00084F8FF3143F6C16384F8C261099E01250D
:10BEC000F219B2FBF3F2FE2384F8C331930843F076
:10BED0003F0384F8C431394684F8C52104F5E37082
:10BEE00084F8BF5184F8C051FDF7D8FE314604F5FF
:10BEF000E570FDF7D3FE2B4621464046049AF9F73C
:10BF000024FD0028B4D09AE0032007E60A2005E6C5
:10BF1000112003E6BCF1000F7FF472AE802A3FF6D9
:10BF20001CAE154647E6BCF1000F3FF416AE1D46A9
:10BF300070E640F6F573039A9A423FF60EAE01267C
:10BF40004FF400720021204610F04CF93E4B84F86B
:10BF50000EA01A68CAF3072A22605A6865736260E5
:10BF60001A899B7A2281A3720223237301232374EB
:10BF7000F31E18BF0123B9F5803F4FEA430384F84D
:10BF80000FA0A374BFF4B6AE84F81390C9F30729C9
:10BF900084F81490F82363753F232376FF233946F2
:10BFA000A37604F11C00FDF779FE032E7FF4A8AE02
:10BFB00001F04DFE014604F14300FDF76FFE5946C6
:10BFC00004F12400FDF76AFE022384F82C300023DC
:10BFD00084F82D3084F82E3084F82F3084F83130F6
:10BFE00084F833308023012284F84030292384F8F8
:10BFF0003020062284F84230144B84F8322003F1BA
:10C00000100104F1470253F8040B8B4242F8040B71
:10C01000F9D14FF055094FF0AA0A19889B78118081
:10C020009370214601233A46404684F8FE9184F8F5
:10C03000FFA1F9F78AFC059000283FF489AE0120A2
:10C040006CE500BFF8FFFF00EF010410FB010410D6
:10C050007F2801D880B27047B0F5803F11D240F2FE
:10C06000B51399420DD10023074A32F8021B8142D1
:10C0700001D19BB202E00133802BF6D18033D8B2DC
:10C0800070470020704700BFB48604107F280DD988
:10C0900040F2B513994208D1FF2806D8044B00F1AD
:10C0A0000040803833F8100070470020704700BF10
:10C0B000B4860410B0F5803FF0B522D21F4A204963
:10C0C00083B2B3F5805F38BF0A46141D34F8042CE0
:10C0D0002146AAB1934213D334F8025C2E0AEFB280
:10C0E00052FA85F5A84223DA082E09D8DFE806F0CF
:10C0F000050A10131517191B1D00801A34F810308B
:10C100001846F0BD9A1A02F001029A1A93B2F7E7A4
:10C11000103B9BB2F4E7203BFBE7303BF9E71A3BCF
:10C12000F7E70833F5E7503BF3E7A3F5E353F0E710
:10C130000434002ECAD101EB4702C6E7068404107E
:10C14000C28404100428034607B506D801460C48EB
:10C1500003B05DF804EB02F04FBF06216846094AC0
:10C160000EF096F9442200F108036B44411C684626
:10C1700003F8082C02F040FF03B05DF804FB00BF99
:10C180002302041028020410F8B5244DAB7DDB0710
:10C1900028D52E687068012824D9B168431ECA5C6E
:10C1A0000A2A1FD14A1E002B1DDC1A4690421FD8B6
:10C1B000002B0CDD541CA04209D15C1E0C448C42A7
:10C1C00005D014F8017D0A2F0CD0202FF7D00144A0
:10C1D000D21A11F8023C94083A2B114F08BF0134CF
:10C1E000013C0AD2F8BDD45C0A2CDED0013BDAE770
:10C1F0008C5C202CDCD10132D8E704223946304651
:10C20000F0F708FD0421384602F0F6FE2B690433EE
:10C210002B61AB7D43F00203AB75E1E7B42B00204B
:10C220001E0204102022002101480FF0DBBF00BFD6
:10C230006C280020002238B50B4C0546A260227500
:10C240004FF0FF326B680846C4E903236360256042
:10C25000A16100F00DFD6B680BB90123A375BDE86A
:10C260003840FFF791BF00BFB42B0020F8B503782A
:10C270000446CBB10D4F786F18B1214610F06CF821
:10C2800090B1204610F0E8FA461C3046DEF715FB68
:10C29000054648B13246214610F02AFA04491C22CC
:10C2A000081D10F077F97D67F8BD00BFF827002062
:10C2B0006C2800202DE9F3419C4C0646A5682068B7
:10C2C0004768042D00F2AF81DFE815F00500060194
:10C2D0000F017C01A901731E042B05D86368BB42C2
:10C2E00066D0012E00F07A81B31E132B4CD8DFE804
:10C2F00013F05F015F00890184014F014B004B0087
:10C300004B004B001F004B004B003C014B00140046
:10C310004B004B004B004B003E00E268062A40F306
:10C320000F81A37D4FF0FF3623F00203A3753FE09A
:10C330002169791AF0F766FD23685B68BB4203D276
:10C3400003217B4802F058FE23692268D2E90110DC
:10C35000C91A184402F050FE236858682369C01AAD
:10C36000401BFFF7EFFE23692B442361D9E7616887
:10C370002269521AF0F74DFD22696368A2EB0308A7
:10C38000B8F1000F34DCD7E70D2E01D00A2E31D1E1
:10C39000637D0BB19E420FD16648667500F068FC64
:10C3A0002068F0F7B8FC63682E461844FFF75EFF7C
:10C3B000304602B0BDE8F08100236375082E01D03D
:10C3C0007F2E28D1216962689142AAD92B46A1EB20
:10C3D000020C634503EB020E13D1042BB4BF4FF0E4
:10C3E00001084FF004084246A1EB0801F0F711FDE7
:10C3F00001261EE000231B2E6375DFD10123A360FD
:10C400008FE7866816F80E60202E01D10133E0E731
:10C410004FF00108E7E7A37D9A0715D5092E10D044
:10C42000202E4DD100260321A6754FF00308F0F70A
:10C43000E9FC4046FFF786FE2369A3EB080323616E
:10C44000D7E00023A3756CE7092E39D122698368F0
:10C45000D7B1134413F8010CEFF780FAA0B104260A
:10C46000354B01930025019B21695A1C01922944F7
:10C470000122206893F80080F0F7ACFC0135B5424A
:10C4800080F80080EFD157E7236860689E682169D3
:10C490002A4A091A01AB3044EDF7FAF9064600289A
:10C4A0003FF43FAF431CDDD1A06900F0E1FB2268FF
:10C4B000636821699068C91A184402F09DFD3BE742
:10C4C000A6F120035E2B3FF62CAF01222169F0F785
:10C4D00081FC012506702FE74F2E04D05B2E40F023
:10C4E000A28002238BE7042389E7A6F13003092BFE
:10C4F00003D803232675A36013E70023413EA360FE
:10C50000072E3FF60EAF01A353F826F01BC302100F
:10C510006BC5021091C50210B1C5021023C30210F1
:10C52000FBC5021023C30210DDC50210B42B00208E
:10C530002D020410C20204101E0204101424041060
:10C540003A4B551C03EB8203996F00293FF4E9AE87
:10C550006368E5604360F0F730FC63682269A2EB32
:10C56000030822685568ED1A0AE7E368002BFFF616
:10C57000D8AE6168013B791AE360F0F743FCE268EA
:10C58000002AEADB294B206803EB8203596FE2E7BC
:10C590002569BD422CBF00250125002D7FF7C1AEC6
:10C5A0002368294698682369184402F025FDDAE6D5
:10C5B000226963689A427FF6B4AE00254FF0010805
:10C5C0002E4636E77E2E27D1237D313B072B23D8FD
:10C5D000DFE803F0042218132222041300252E465C
:10C5E00022696368A2EB030800239845A3603FF724
:10C5F00020AF002E7FF4A0AECFE700262569B0461D
:10C600007D1BF1E72169B94206D20122F0F701FC56
:10C6100000250126A846E7E700252E46FAE7462E24
:10C62000EBD0482EDAD00023E9E600BFF82700203F
:10C6300008B5FFF7FFFD02F0C1FCFFF73BFE002845
:10C64000F9DB08BD00B58BB0684601F013F94FF077
:10C6500050431A68054B53F822301968091A8908A3
:10C66000DDF73AF80BB05DF804FB00BF00200020B6
:10C67000014B1860704700BF9016002008B5436852
:10C6800000215B6880689847BDE80840E5F7BCBEBC
:10C69000F8B50D6807466B680C465B680121A86811
:10C6A0009847E5F7B1FE022F064608D16B6860682F
:10C6B000AD681F68E2F7A4FB01462846B84730463C
:10C6C000F8BD000038B5054614200C46DEF703F926
:10C6D000044A8460C0E900250622C2600022027478
:10C6E00038BD00BFB487041070B5062805460E4655
:10C6F00092B023D002B3EEF7BDFBDCF7D7FF68465C
:10C70000E2F750FA044660B931462846EDF7AAFC34
:10C71000E2F70AFADCF7D1FFEEF7C4FB204612B0CD
:10C7200070BD07490748E0F74FFB01990548E2F75C
:10C73000C5FA4FF0FF34EDE7EEF7D0FB0024EDE74C
:10C74000310204101424041010B5027C0446D0E910
:10C750000210FFF7C9FF002806DA636800211B6892
:10C76000A06898470623E36010BD10B5044608464C
:10C7700011460022D3F792FD2046FFF7E5FF062081
:10C7800010BD000070B5067804461EB14FF0FF35AD
:10C79000284670BD02F012FCC31E012B05460BD8C3
:10C7A00001210C48217002F027FC032DEED10A482C
:10C7B00086644030E2F70EFAA388013B9BB2A38067
:10C7C000002BE5D10121054802F016FC6388A38007
:10C7D000DEE700BF37030410F827002079020410B9
:10C7E00008B503784BB901210170044802F004FC3C
:10C7F00002F0E4FB03380128FAD808BD370304101F
:10C800002DE9F0434FF0000995B0044602A8154603
:10C810000F46CDF80C90E2F7C5F905F00106804609
:10C8200000286BD115F0080333D01020DEF73AF85A
:10C830004FF0504203461168404A52F821201269D5
:10C84000426000F1080294E8030082E803004246D7
:10C850001946A068D9F71AF82A06044602D403201C
:10C86000FFF706FF2046EDF7C5FB4FF0FF30FFF75F
:10C87000FFFE0120EEF780FBE2F756F9CEBB012464
:10C880001EB101212E4802F0B7FB204615B0BDE8CD
:10C89000F083EA061DD5D4E90121DE20DDF7CAFFC9
:10C8A0000446012FD4F8008007D14FEAC8014FF4A5
:10C8B000F97041F00201EDF7CCF93A46214668469D
:10C8C000EBF7DCFD41466846C5F38002D8F71CF85B
:10C8D000C2E7680605D594E80E00DE20DDF75EFFAE
:10C8E000DEE7A906DDD52046ECF7ACFDDDF7B0FFAD
:10C8F000D6E70121124802F07FFBC0E74FF0FF307E
:10C90000FFF7B6FE4846EEF737FB6B0602D5A36885
:10C91000206898471EB10121094802F06DFB039B76
:10C9200008491868EAF7B6FF044620B90399064893
:10C93000E2F7C4F9A4E74FF48074A1E700200020D7
:10C9400037030410942D0410142404102DE9F0432F
:10C950008BB0202106A8F0F76FF90024394E3A4D2C
:10C96000304600F085F92846079400F081F902F07E
:10C9700025FB431E032B49D8DFE803F00239454D60
:10C9800007990229ECD1089B1A78052AE8D193F877
:10C990000190B9F1410F09D02C4802F02DFB002085
:10C9A00010F480732CD128480793DEE780274FF0DE
:10C9B0000108274802F020FB03216846ADF800700B
:10C9C0008DF8028002F018FB00238DF8043001ABD3
:10C9D0000393204B4A4604931F4B414603A8ADF8EE
:10C9E0000670ADF808700593FFF70AFFD8E71B48FB
:10C9F00000F03EF906A8F0F749F90020184B18702E
:10CA00000BB0BDE8F08300230793B0E7C1B206A8DE
:10CA1000F0F790F9ABE7134800F02AF9079B43B908
:10CA20000E4800F025F906A8F0F730F94FF48070B1
:10CA3000E6E71122012106A8FFF7E2FEC30592D521
:10CA4000DEE700BF5D02041079DA03101C880410D1
:10CA50007802041085C70210E1C70210C202041058
:10CA6000DA2D00207B0204102DE9F04786B020214A
:10CA700002A8F0F7E1F8464FDFF82C81DFF81C91AF
:10CA8000384600F0F5F8404600F0F2F8484600F06D
:10CA9000EFF8404800F0ECF84FF0504600243E4DCF
:10CAA0003368012055F8233003941C81ECF71AFEFB
:10CAB000014602A8FFF7BCFD013804284DD8DFE885
:10CAC00000F003102A141D00344800F0D1F802A829
:10CAD000F0F7DCF801220020314B1A7006B0BDE8F7
:10CAE000F0872E4800F0C4F8CAE72C4800F0C0F8E0
:10CAF00002A8F0F7CBF84FF48070EFE72948DFF891
:10CB0000ACA000F0B5F8039402F058FAC1B20329C2
:10CB10008DF8071003D1214800F0AAF8C0E70429D6
:10CB20000AD11E4800F0A4F80121162202A8FFF73E
:10CB300067FEC305B4D5D1E702A8F0F7FBF89DF86E
:10CB400007300D2B03D1504600F092F8DCE70121AD
:10CB50000DF1070002F050FAD6E7039B002B9FD09F
:10CB600002A8F0F7D8F8ECF7D7FD70B10A2102A8B7
:10CB7000F0F7E0F80220ECF7B5FD014602A8FFF758
:10CB800057FD0328C7D00428EAD10021CDE700BF14
:10CB9000D4D303109F02041000200020C20204100E
:10CBA000DA2D0020C50204107E020410F5020410E4
:10CBB00020220121FFF724BE37B50C466A4601A9A1
:10CBC0000546DCF795FC019B022B0AD184F001029B
:10CBD000D2010121009842F00802FFF711FE03B0D4
:10CBE00030BD2A4602490348E0F7EEF80020F6E798
:10CBF000FC02041014240410002210B5114604464F
:10CC0000DCF776FC022805D12046BDE81040012162
:10CC1000FFF7D2BF2046F8F739FB022804D120469F
:10CC2000BDE81040FFF7C4BF012010BD034670B53A
:10CC30000E4E4518AB4206D1984215D2BDE8704061
:10CC4000191A02F0D9B91C4614F8012B0A2A09D185
:10CC5000984202D2191A02F0CFF90221304602F0AE
:10CC6000CBF920462346E5E770BD00BFC2020410A1
:10CC700010B504460FF0F0FD01462046BDE8104017
:10CC800002F0BAB940694B69C01AC00F7047000082
:10CC90002DE9F8430024A1460E4F02F037FBDFF8E0
:10CCA00038803D6825B93C60BDE8F84302F050BBD0
:10CCB00069684046C5F80490EAF744FF2B8A0646A7
:10CCC0009B0705D4224629464046EAF71AFF044648
:10CCD0003546E7E7E42B002085CC02102DE9F0472C
:10CCE00002F0E2F94FF0000807461D4EDFF874909D
:10CCF00034684FF0010A13E061684846C4F80480C4
:10CD0000EAF720FF228A0546D30713D52146E069BA
:10CD1000C2F38002FFF7E8FC80B1A4F812A02C4611
:10CD2000D4B16069C31B002BE6DD3460BDE8F04779
:10CD300002F0BCB9E3690BB120469847638A022B25
:10CD4000EDD1D4E905321344214663612A460548F2
:10CD5000EAF7D7FE0446CCE73460BDE8F08700BFB1
:10CD6000E42B002085CC02100329104601D102F0EB
:10CD70001BB904291DBF16224FF0FF301A60002096
:10CD800070470846114602F037B970B515460C4693
:10CD90008E18B44201D1284670BD02F00FF904F894
:10CDA000010BF6E738B5054614466A680846013AAD
:10CDB000012A04D82146FFF739FF204638BD012259
:10CDC0004FF0FF341A60F8E770B5054608460C4688
:10CDD000E1F746FF6368024602492846BDE8704015
:10CDE000DFF7F2BF1803041070B5154642680C4611
:10CDF00062B94E19B44201D1284670BD02F0DEF886
:10CE00000D2808BF0A2004F8010BF3E701224FF0B8
:10CE1000FF351A60F0E700000246074810B54C1EC7
:10CE200030F8113030F814000229A3EB000002D1D1
:10CE3000930708BF013010BD04890410064B10B5DC
:10CE40000446481E33F81030022903EB020002D9D1
:10CE5000A30708BF013010BD0489041038B52C4B5E
:10CE60000C46B0FBF3F203FB12004FF46163B0FB1E
:10CE7000F3F30B713C23B0FBF3F1B1FBF3F503FBD0
:10CE8000110003FB15150723D11CB1FBF3F3C3EB12
:10CE9000C303C91A40F2B55302F29F22E171B2FBFB
:10CEA000F3F1A07140F26D1003FB1122B2FBF0F31D
:10CEB000042B08BF032300FB132203EB8103002193
:10CEC00003F5F66365719BB2124D238015F8010BD3
:10CED000904219D9C9B2881CC0B20B288ABF0A393E
:10CEE000A070A170A17888BF013302F1010201F1A5
:10CEF000010188BF2380D2B2C9B22088E270A1703C
:10CF0000FFF79CFF208138BD121A0131DEE700BF18
:10CF100080510100F888041038B504461D46FFF71B
:10CF20008DFF40F26D126FF4F6633C216243A2F56F
:10CF30002F22E318A2F6CB0202EB93020244DDE9B2
:10CF4000043001FB03004FF4616303FB0503024857
:10CF500000FB023038BD00BF805101002DE9F041D7
:10CF60003C25079E069F96FBF5F405FB14682744B5
:10CF7000B8F1000FB8BF07F1FF3797FBF5F6B8BF60
:10CF8000A84405FB16771825F418002FB8BF04F144
:10CF9000FF3494FBF5F303EB02064FF00C0201F1B2
:10CFA000FF3105FB134491FBF2F302FB1311B8BFF1
:10CFB0003C37002CBCBF641906F1FF36002903EB97
:10CFC0000005BCBF891805F1FF350131002E0DDDCC
:10CFD0002846FFF721FFB04212D3234632462846A7
:10CFE000CDE90678BDE8F041FFF796BF013904BFEF
:10CFF00005F1FF350C212846FFF70EFF0644E5E753
:10D0000001310D2908BF0121A6EB000608BF01353B
:10D01000DEE700000023F0B50B4D570000F1010CD6
:10D020009F4203D8002300F81230F0BD5E108C5DE3
:10D0300024092C5DC4548C5D04F00F042C5D0CF8A5
:10D0400003400233ECE700BF2303041008B507F0E8
:10D0500087FB4FF47A7219B100230FF0F5FC08BD7D
:10D06000B0FBF2F0FBE700002DE9F3410125224E71
:10D0700085403378214C23EA050333700EF07EFEA1
:10D0800080461F4FB8F1000F32D0A288E388218973
:10D0900013445B1A013B93FBF2F102FB113323B300
:10D0A000012200200DF107010EF074FE60B19DF821
:10D0B00007303A689A420AD100232381E380EDF7D2
:10D0C000CFFE08F1FF38DDE74FF0FF33F1E72089AD
:10D0D000A188DAB2431C8B4228BF0023E188994221
:10D0E000EFD021680A542381EBE733782B43337068
:10D0F00002B0BDE8F08100BFCE2D0020E416002074
:10D100009016002070B5224E05463378F3B12149C0
:10D110008A88CB88098913445B1A013B93FBF2F19F
:10D1200002FB1133C3B915F0010405D0194BDC889B
:10D130001B89E41A18BF01246B0705D500200EF0E7
:10D1400007FEC8B944F00404204670BD00F06EFB31
:10D150003378002BE7D0DAE7002433782341DA076D
:10D1600003D40134082CF8D1DDE7E0B2FFF77CFFEF
:10D170003378002BF5D1D6E700200EF0E9FD00282A
:10D18000E2D000200EF07EFE0028DBD1DCE700BFFD
:10D19000CE2D0020E41600202DE9F04107460E4672
:10D1A0000DF0C4FA044628B1FFF750FF0024804672
:10D1B000B44202D32046BDE8F0810020351B0EF0BA
:10D1C000C7FD40B100200EF05DFE854203D3002074
:10D1D0000EF058FE05462A46391900200EF034FE9E
:10D1E000054600202C440EF0EDFDA642E0D92DB1FD
:10D1F000FFF72CFF804600F019FBD9E7FFF726FF69
:10D20000A0EB0800B0F5FA7FD4D228460EF0A0FDBE
:10D210000028F0D00120EDF735FFECE708B5084A0B
:10D220001378013B5BB2002B137007DA00200EF07D
:10D2300059FCBDE8084000200EF0C4BD08BD00BF89
:10D24000CD2D002010B50446B1B138B982210EF0C1
:10D25000C3F818B1822120460EF0A0F80DF014FF9B
:10D26000022814BF10226FF07F02054B01201A70B4
:10D27000BDE810400EF036BCBDE810400EF00EBE0A
:10D28000CD2D002010B504468CB000F053FA6CB9D7
:10D29000194B002808BF18460278512A29D80146A0
:10D2A00016480FF025FA15480CB010BD38B9013CEE
:10D2B000032CF9D8DFE804F0191B140210480F4AB8
:10D2C00002231446013810F8011F29B102339BB222
:10D2D000522B22F8021FF6D143F440732380E2E779
:10D2E00001A803F01FFD01A8E9E70648E7E70648A3
:10D2F000E5E72046D8E700BF340304103C2C0020AB
:10D30000390304105403041043030410084BD3F8EA
:10D31000C020D2F8AC30012B98BF03F12C0103F1EF
:10D32000010398BF42F82100C2F8AC30704700BF3B
:10D33000F8270020704770B592B00446684616463C
:10D340000D46E1F72FFC024650B9204633462946E8
:10D35000ECF72EFE0446E1F7E7FB204612B070BD65
:10D360000198FFF7D3FF0024F7E700002DE9FF4104
:10D3700008461D460F461646E5F746F8164B80460A
:10D38000D3F8C0402CB3E069E1F7E4FCF8B17600D3
:10D390006D0046F0010645F001050321E06901AA90
:10D3A000CDF8048002960395FFF7C5FF062307F02A
:10D3B0007F01490001EBD7110A3144F8213008B14F
:10D3C000E1F764FE00F0010004B0BDE8F0810E203A
:10D3D000ECE72046F8E700BFF82700200C4B10B51B
:10D3E000D3F8C0409CB12346062204F18001C3E972
:10D3F0000A2208338B42FAD16069E1F7ABFC30B105
:10D40000002260691146BDE81040FFF794BF10BDCF
:10D41000F82700202DE9F0432C4B1478D3F8C06096
:10D4200081468846174685B0E4091EB9002005B03C
:10D43000BDE8F083B069E1F78DFC78B30822D6F837
:10D44000A83040469A60DF60E4F7DEFFD6F8A830E7
:10D450000190029301AA0221B069FFF76CFF00223C
:10D46000051E08BF0E25D6F8A830C3E90222012CFC
:10D4700014BF03220122284601A9E1F7F5FE78B185
:10D4800039460020BDF80830019A0EF07BFB0028D9
:10D49000CCD00A3446F824500120C8E70E25E6E730
:10D4A0002846E1F7F3FDB8F1010F06D10028BDD001
:10D4B000394648460EF054FBEEE7B8F1030FB6D1FB
:10D4C00006230A3446F82430B1E700BFF8270020CD
:10D4D00070B504460DF02AF958B3C4B100250626EC
:10D4E000A36A062B04D00020E9B20DF039FFA66232
:10D4F000E36A062B06D065F07F010020C9B20DF06B
:10D500002FFFE6620135102D04F10804E8D1002058
:10D510000EF0C4FC822100200DF022FF0DF0BAFDB8
:10D5200004460DF0E7FD24B1BDE87040322001F063
:10D5300080BD70BD2DE9F34100210123284D08462F
:10D540002B700DF057FF274BD3F8C0401CB92C703F
:10D5500002B0BDE8F08194F825306BB194F8243026
:10D560005BB30DF097FD10B12046FFF7B1FF0DF052
:10D57000CBFD002384F82530002321466E462B7016
:10D5800051F8AC5F3246022D2F464FF0060028BFFF
:10D5900002279F4215D80023C4F8AC301C46DFF8A0
:10D5A0004C80A74214D1022DD2D90F490F48AA1E90
:10D5B00002B0BDE8F041DFF707BC2046FFF788FF67
:10D5C000D7E751F804CF013342F804CB0860E0E715
:10D5D000404656F8041BE1F771FB0134E1E700BF58
:10D5E000D62D0020F8270020600304101424041016
:10D5F00006281FB50ED0012201A9E1F735FE18B1AA
:10D60000019805B05DF804FB03490448E3F772FC98
:10D61000FFF77CFE0020F4E720D50310582A041001
:10D6200008B5064BD3F8C0300BB9054808BD58689B
:10D63000FFF7DEFF0028F9D1F7E700BFF827002049
:10D640006989041008B5064BD3F8C0300BB90548FA
:10D6500008BD9868FFF7CCFF0028F9D1F7E700BFB5
:10D66000F82700201E8904102F4B2DE9F341D3F831
:10D67000C0400E469046002C53D0226A2B4B00200F
:10D680009A4202D08B78012B48D9FFF7DBFF428802
:10D690000244864201D0824201D8012707E0417846
:10D6A00003780B2903440FD19E420DD1C77835462C
:10D6B000B044A8451CD96B78042B07D1C7B1013FF2
:10D6C000FFB22B781D44F4E71846E2E7052BF8D1AA
:10D6D000294600200DF0A6FD02460028F1D127239F
:10D6E00001210193124801ABE3F720FBFFF70EFE87
:10D6F0002069AD1BE1F72EFB78B1D4F8A830AAB2AF
:10D700009A60DE606A46012120690093FFF713FEEC
:10D710000022D4F8A830C3E90222A8B202B0BDE8C2
:10D72000F0812046FAE700BFF8270020D8680410EF
:10D730000C2B041030B5174B0446D3F8C05093B0EF
:10D7400015B9002013B030BDEB68062BF9D0684640
:10D75000E1F728FA88B92046ED68E4F755FE04227F
:10D7600001462846E1F754FD0446E1F7DDF9062CB1
:10D77000E7D02046FFF73CFFE4E70198830706D196
:10D780000368054A9342DCD0044A9342D9D0FFF79C
:10D79000BDFDD6E7F8270020782B04109C2B041041
:10D7A0000020704701230370004870477C890410F3
:10D7B0000D4B07B5D3F8C03013B193F824307BB1CB
:10D7C000002108460CF080FF084B01A81B788DF85B
:10D7D00004300EF0B5FA03B05DF804EB0DF094BC24
:10D7E00003B05DF804FB00BFF8270020A0890410F7
:10D7F0000022064BD3F8C000C3F8C02020B190F837
:10D8000024300BB1FFF764BE704700BFF82700203B
:10D8100008B50DF083FC30B1034B1B781BB9BDE894
:10D820000840FFF787BE08BDD62D002008B54FF091
:10D8300050431A680A4B53F822200A4B9A4203D0ED
:10D84000BDE808400FF00CB9074B1B781BB1074926
:10D850000748ECF7BBFABDE80840FFF76BBE00BF16
:10D8600000200020F8270020D62D00208B03041074
:10D870000C2B0410046045608660C760414601615E
:10D8800049464161514681615946C1616146016223
:10D89000694641626846704730B4012343EC440056
:10D8A000A0F12001C0F12005094C23FA05F503FA87
:10D8B00001F129438340D4E9005225EA030522EA15
:10D8C0000102C4E9005230BC052106F03FB800BF98
:10D8D000A019002038B504460D4629BB237980687D
:10D8E000003B18BF012343EC4000FFF7D5FFE06881
:10D8F000FFF7D2FF206945EC44000122A0F120038C
:10D90000C0F12004094922FA04F402FA03F3234384
:10D910008240D1E9005425EA020524EA0304C1E962
:10D920000054052106F012F8002038BDA01900208F
:10D930002DE9F04F9846044685B09946531E019351
:10D94000D0F800A008EB0103DFF800B10393039BBC
:10D95000994502D105B0BDE8F08F019B13F8016F26
:10D960000193A379012B4ED0082300250293E3688D
:10D9700006F0010242EC4030617900294ED1504658
:10D9800006F0F4FE2379A268013B18BF012343ECA3
:10D9900040204FF05042012123696D001F2B8ABFA8
:10D9A000203B5268926801FA03F3134214BF0F46FA
:10D9B00000276DB261792F43FDB200293AD150465C
:10D9C00006F0D4FE2379A268003B18BF012343EC84
:10D9D0004020029B7608013B0293C8D1B8F1000FAA
:10D9E0000ED0A379012B09D007F00F072D091BF8E2
:10D9F00007301BF8055045EA0315EDB289F80050D1
:10DA000009F10109A3E706F00F0336091BF80330FB
:10DA10001BF8066046EA0316F6B2A5E72379A2686A
:10DA2000013B18BF012343EC40200021504606F083
:10DA30009DFEAEE72379A268003B18BF012343ECAB
:10DA400040200021504606F091FEC2E7A189041053
:10DA50002DE9F04385B00E4600F02AFE4FF0000796
:10DA6000044647EC440047EC40000125A0F12003A8
:10DA7000C0F12002DFF8E4C025FA02F205FA03F350
:10DA8000134305FA00F8DCE900121A4341EA0801E1
:10DA9000CCE90012052105F059FF0622304601A904
:10DAA000E1F7E2FB029BA4F12009042B02D82948EC
:10DAB000ECF7B0FF47EC4440FA2001F0BAFA45EC2D
:10DAC0004440122001F0B5FA01F060FB064647EC35
:10DAD00044400A20002106F049FE4FF050421E4902
:10DAE00005FA09F5886A1F2C30D8536813EA080F25
:10DAF00022D1962201212046F1F742F900281FDBAE
:10DB00000025019F642201212046F1F739F9031E07
:10DB100016DB302B94BF00230123EA10B95C0135DA
:10DB200043EA4103282DBB54ECD1304601F03CFBC5
:10DB3000062005B0BDE8F0838B6A1B1A642BD2D98E
:10DB4000304601F031FB6E20EDF75EF993682B4211
:10DB5000CEE700BFBDD3031000000B40A01900208A
:10DB6000002373B52E4E0546C6F8843007F0A6F99B
:10DB700001222C4BDA63726C012AFCD103221A6356
:10DB8000B46B012CFCD1022321460093264A0523C5
:10DB9000264807F053F835B105232146244A254885
:10DBA000009307F04BF8244B244C002202210093F1
:10DBB000042006F0A7FF234600220121052000943F
:10DBC00006F0A0FF1E4E35B1002233461146082054
:10DBD000009606F097FF0022194B11460920009687
:10DBE00006F090FF0022154B11460094062006F027
:10DBF00089FF0022114B11460094072006F082FF96
:10DC0000042006F0B1FF0F4D0024B0FBF5F5E0B2A3
:10DC10002946013407F0E6F8062CF8D102B070BDB1
:10DC20000000014000300140002F6859000005400D
:10DC3000008C864700800540001BB70080D1F008AB
:10DC4000006CDC0240420F000120FFF789BF00B5E5
:10DC500089B004A807F02FFF049801A9FFF7FEF888
:10DC60009DF807309DF806201B0443EA42539DF8B7
:10DC70000820BDF8040043EAC2239DF80920A0F261
:10DC8000BC7043EA42139DF80A2043EA520343EA78
:10DC9000406009B05DF804FB2DE9F0418846174665
:10DCA00088B01A4603AB0193314B39460093404686
:10DCB0000523D2F77DFB039D012D04D92A462D496A
:10DCC0002D48ECF78CF8142605982C4C062806FBFA
:10DCD00005460CD000F0ECFCC20704D5327AC0F344
:10DCE0004003934202D02648ECF794FE70720698E7
:10DCF00006280ED000F0DCFCC30707D4142303FB76
:10DD00000543197AC0F340028A4201D01D48EBE76F
:10DD10009872B8F1010F05D827B9142303FB054306
:10DD2000DB6803BB142303FB054404996068E160CE
:10DD300007F04CFAE168606807F000FA079B0321DE
:10DD4000E060607A236105F001FE0321A07A05F00E
:10DD5000FDFD00220121607A05F01EFE0022012156
:10DD6000A07A05F019FE304608B0BDE8F08100BF8A
:10DD7000A88F0410A5030410102A04109416002084
:10DD8000BAFB0310C1FB03101FB50B6902938B7A1A
:10DD900001934B7A0093CB680A7A0349DFF714F8B2
:10DDA00005B05DF804FB00BFB003041030B44FF0C1
:10DDB000000242EC440042EC40000121A0F12002AC
:10DDC000C0F12005084C21FA05F501FA02F22A43B8
:10DDD0008140D4E900530D431343C4E9005330BCE0
:10DDE000052105F0B3BD00BFA01900202DE9F047C3
:10DDF0008CB0DDF850A005468AF002081AF0010F39
:10DE00000E46174699460469C8F3400824D0456871
:10DE100006F0A6FC20180B464FF0FF346FF00042CE
:10DE200043F100038442F1B272EB03063CBF134698
:10DE300020464A46CDE90203CDF800803B462846FD
:10DE400007F008FA002804462CDA831C14BF6FF090
:10DE500004046FF06D0425E042BB224BC2680793B7
:10DE6000214B407AB3FBF2F30133CDE90834AB7AAE
:10DE70000A900B93CDE90579FFF798FFA87AFFF791
:10DE800095FF0122314605ABCDF800A007A8EFF7BA
:10DE90009CFC03210446687A05F058FD0321A87A0A
:10DEA00005F054FD20460CB0BDE8F087456806F04B
:10DEB00057FC24180B464FF0FF306FF0004243F13F
:10DEC0000003A042F1B272EB03063CBF13460446C6
:10DED0004A46CDE9024328463B46CDF8008007F08C
:10DEE0009DF9AFE70060041020A107008279164970
:10DEF00002F03F02C2F12000F0B5D1E90034A2F1F6
:10DF00002001D34004FA00F0034324FA01F10B434B
:10DF100013F00103C2F12006A2F1200705D04FF053
:10DF2000010343EC44200620F0BD012404FA07F766
:10DF300024FA06F604FA02F019461D4647EA0604DA
:10DF400044EC3000EFE700BFA019002082791649A9
:10DF500002F03F02C2F12000F0B5D1E90034A2F195
:10DF60002001D34004FA00F0034324FA01F10B43EB
:10DF700013F00103C2F12006A2F1200705D04FF0F3
:10DF8000000343EC44200620F0BD012404FA07F707
:10DF900024FA06F604FA02F019461D4647EA06047A
:10DFA00044EC2000EFE700BFA019002083791E4950
:10DFB00003F03F03C3F12000F0B5D1E90024A3F141
:10DFC0002001DA4004FA00F0024324FA01F10A4386
:10DFD00012F00102C3F12006A3F1200715D04FF083
:10DFE000504201211F2B94BF106B506B03F01F0296
:10DFF00001FA02F2024205D04FF0000242EC443036
:10E000000620F0BD41EC4430FAE7012404FA07F79A
:10E0100024FA06F604FA03F01146154647EA060408
:10E0200044EC1000ECE700BFA01900208279074BF8
:10E0300002F03F0203EB8203D3F81C3109B958699F
:10E040007047012914BF002098697047F827002005
:10E050002DE9F8430026144FDFF8508006F18C03B9
:10E0600057F82350DDB1F40004F1080915F00F0250
:10E0700010D004F00701E308890058F824008A4012
:10E080008C3347F8232028B183692B4002D04361A9
:10E09000FEF75AFB01344C454FEA1515E6D101361F
:10E0A000062EDBD1BDE8F883008002401429002051
:10E0B000F8B505460C46002680790B4B00F03F0072
:10E0C00003EB800300220F21D3F81C7105F0A4FCA0
:10E0D000A87901222146C7E9056400F03F0005F058
:10E0E0009BFC3046F8BD00BFF82700204FF050429F
:10E0F00001231F288ABF2038526892688340134248
:10E1000014BF012000207047012908B504D002295E
:10E1100008D04FF0FF3008BD807900F03F00FFF7D6
:10E12000E5FFF8E78379003A18BF012203F03F03C7
:10E1300042EC40300020EEE738B50D4C00F14603CC
:10E1400004EB83040546606880B91C20DCF7AAFB59
:10E150000C22084B0360084B4360084B02FB05335D
:10E1600083600623C36000230374606038BD00BF72
:10E17000F8270020B4870410C4910410D09B041029
:10E1800070B50D4604461146284602221E46D2F7B7
:10E1900085F845B9A07900F03F00FFF7A7FF4000E0
:10E1A00040F0010070BD3068E0F770FFA3790D49C1
:10E1B00003F03F03C3F12004D1E90025A3F12001BE
:10E1C000DA4005FA04F4224325FA01F10A43D207A2
:10E1D00005D580F0010040EC44300620E2E740EC39
:10E1E0004030FAE7A019002010B40C460B1D0022A5
:10E1F000411E20685DF8044BFFF7C2BF08B57822C6
:10E20000002107480DF0EEFF15200649802205F099
:10E21000D5FCBDE808400121152005F047BC00BF32
:10E220001429002051E0021010B5002420460022DD
:10E230000F21013405F0F0FB302CF7D11520BDE89B
:10E240001040014905F09EBD51E0021008B50022C2
:10E250000430DCF78FFB00B1406808BD0023C279B1
:10E2600030B5846802F00F029A4204EBC30001D873
:10E27000002030BD8579B1EB151FFAD00133F3E7EB
:10E2800070B586B00546084611461A4602AB0193A2
:10E29000564B00930423D2F72DF80498062836D065
:10E2A000E0F7F4FE0646029806281FD0E0F7A8FD26
:10E2B0004F4C024670BBAB7903F03F0042EC440088
:10E2C0000122A0F12003C0F1200122FA01F102FA9B
:10E2D00003F30B438240D4E9006126EA020621EAF7
:10E2E0000301C4E90061052105F030FB039806280D
:10E2F00079D0E0F785FDAB79C0F3400200F0010171
:10E3000003F03F0005F048FB062006B070BD4FF05B
:10E31000FF36C8E701281CD1A879731C00F03F0024
:10E3200003D006F0010646EC4000012343EC440014
:10E33000A0F12002C0F1200123FA01F103FA02F258
:10E340000A438340D4E9006126EA030621EA020178
:10E35000C7E7022820D1A8794FF0000300F03F0062
:10E360009EB143EC440043EC40000122A0F12003A5
:10E37000C0F1200122FA01F102FA03F30B438240BB
:10E38000D4E9006116431943ABE743EC40004FF07A
:10E39000010343EC4400E8E7059E2846F1B2FFF78D
:10E3A0005DFF20B9324613491348EBF718FDA879F1
:10E3B00000F03F0005F0CAFA0122A97901F03F01FF
:10E3C000A1F12003C1F1200022FA00F002FA03F3C8
:10E3D00003438A40D4E9000120EA020021EA030154
:10E3E000C4E9000182E7002085E700BF7C910410AA
:10E3F000A0190020DD030410102A041010B40C46EC
:10E4000013460A1D411E20685DF8044BFFF738BF14
:10E410000023C27930B5856802F00F029A4205EBFD
:10E42000C30001D8002030BD847904F00F048C4271
:10E43000F9D00133F2E70000F8B5044688790D46BB
:10E4400000F03F0005F09EFA0528064660D1AB7942
:10E45000354903F03F03C3F12000D1E90027A3F1C0
:10E460002001DA4007FA00F0024327FA01F10A43DB
:10E47000D2074FD44FF050421F2B94BF116B516BFA
:10E48000012203F01F0302FA03F340F2A5120B422C
:10E4900040F2771318BF1346AA8820462349DEF7B7
:10E4A00093FCAB7903F03F039B0003F1804303F53A
:10E4B00060335A6812F0080206D04FF4DA72204630
:10E4C0001B49DEF781FC0122AB7903F03F039B007F
:10E4D00003F1804303F560335B685B0706D5E2B167
:10E4E00040F2B31213492046DEF76EFC052E09D028
:10E4F00031462846FFF78CFF98B932460E49204630
:10E50000DEF762FC2046BDE8F8400C49DEF75CBC53
:10E51000E223C1E74FF4D273BEE740F2B3120449DD
:10E52000E1E782880649EAE7A0190020E503041024
:10E53000F5030410FF03041003040410E0D40310D7
:10E540000C04041010F0030238B5044604D103682B
:10E5500019498B4219D138BD00F00703022B17D19E
:10E560002046E6F733FE214605461448FFF76EFEC7
:10E570000028F0D121461248FFF768FE0028EAD1B2
:10E580002A4610491048EBF72AFC10498B42E6E76F
:10E59000E30704D46AB922680D4B9A4209D1204698
:10E5A000E0F72EFC2F2804D80C220A4B02FB003087
:10E5B000D1E70948ECF72EFA9C910410E09A041078
:10E5C0005099041015040410102A0410143B041070
:10E5D0003C300410D09B04102C040410F0B50C4601
:10E5E00016461D46314620460C4A85B0D1F756FEE8
:10E5F0002868FFF7A7FF012C074600D85EB1314617
:10E6000005EB840201A8DCF789F9384601AB2A1D25
:10E61000611EFFF735FE384605B0F0BDFFFF030071
:10E620002DE9F0410F46984615460646FFF784FD52
:10E63000002204460F21304605F0EEF90023062F94
:10E64000C4E90535E76084F8108007D035B1294664
:10E650003046BDE8F041012205F0DEB9BDE8F081A9
:10E66000F0B587B003AB51F8047B01930F4B044620
:10E670000093013803231646D1F73CFEB87900F029
:10E680003F00FFF759FD012C054602D83368072BE0
:10E6900008D9DDE90312B8799DF8143000F03F0085
:10E6A000FFF7BEFF284607B0F0BD00BF149004106E
:10E6B00008B5FFF747FF807900F03F0008BD2DE95E
:10E6C000F04301280B4693B034D106A807F0F3F9C4
:10E6D00003A90698FEF7C2FBBDF80C00E3F794FE11
:10E6E0000A909DF80E00E3F78FFE0B909DF80F0047
:10E6F000E3F78AFE0C909DF81300E3F785FE0D907A
:10E700009DF81000E3F780FE0E909DF81100E3F7EE
:10E710007BFE0F909DF81200E3F776FE109000202C
:10E72000E3F772FE0AA911900820E8F7EDF813B09C
:10E73000BDE8F083082106AA5868E0F72DFC069B87
:10E740004FF000091868E0F75BFB069B0546586828
:10E75000E0F756FB069B06469868E0F751FB069BE0
:10E7600007461869E0F74CFB069B80465869E0F7BE
:10E7700047FB069B04469869E0F742FB0022002312
:10E78000C0B2E4B2CDE90A23F1B25FFA88F3FAB27B
:10E7900001900094A8B2CDF83090FEF7BDFBCDE912
:10E7A0000A090AA807F080F900F068FC0620BEE715
:10E7B0001FB5084611460022D1F770FD07F09CF9FD
:10E7C00048B90022002302906846CDE9002307F0F3
:10E7D0007BF900F053FC024805B05DF804FB00BF74
:10E7E0005092041004224923C1E901234368002008
:10E7F00008330B607047000030B50C468B7B87B048
:10E8000004934B7B05460393CB7A02938B7A019357
:10E810004B7A00930A7A0B690949DEF7D5FAE27B55
:10E82000FF2A06D12846074907B0BDE83040DEF789
:10E83000CBBA2846044907B0BDE83040DEF7C4BA79
:10E84000300404107C04041002060410F0B589B0F2
:10E850000446084611461A4603AB0193234B009326
:10E860000523D1F747FD03994F1C03D0606806F0DC
:10E87000D9FF2061049B5E1C18BF6372059B14BF07
:10E88000012200225D1C18BFA372069B18BF012243
:10E89000581C18BFE372079B18BF0122591C05D0F2
:10E8A000DBB2237313B91248ECF786FADAB1616868
:10E8B00002270A4652F8040FE37A667AA57A02F52F
:10E8C00040542760013B0C6843EA861343EAC513B2
:10E8D000634000F0020003F0CF0301F5805102F520
:10E8E00000520B60106009B0F0BD00BF54920410DC
:10E8F00038E40310034B03EA403040F4FC0040F0DE
:10E9000019007047F1E07FFC1F292DE9F74F804681
:10E910000E4691461F467DD9002006F0F5FA0546C1
:10E92000002006F0F1FA021E76DB002DC0F28B808B
:10E930002846FFF7DFFFD8F80440464BDFF818B150
:10E940009C4214BF18211A2100EA0B0040EA414002
:10E95000A90101F1A04C04F1080ACCF80090CCF810
:10E9600004A0CCF80860CCF810001046FFF7C2FFF6
:10E97000384B9C4214BF19231B23002F00EA0B04C1
:10E9800044EA434416BF01230023BC4624F0F004AC
:10E9900044EA83144FEA821303F1A04008BF0DF14B
:10E9A000070CC0F800A0C0F804C086600461012014
:10E9B00000FA02F4A84020434FF0A044C4F85004E9
:10E9C000214408694001FCD4D8F80410C868C40682
:10E9D000FCD4C8684007F9D48869012410F0010FFD
:10E9E0000CD00C624FF0A0419440C1F864440B4439
:10E9F000D9684901FCD4B7FA87F464094FF0010AD9
:10EA0000104606F07BFA0AE033463A4649460EF0D5
:10EA10002BF814E04FF0FF354FF0000A0124002DD1
:10EA200002DB284606F06AFABAF1000F07D1D8F8DF
:10EA30000400002FE8D1324649460EF059F834B9A7
:10EA40000520ECF7E1F94FF0000A0124D8E703B004
:10EA5000BDE8F08F00800840F3FF81FF2DE9F0430F
:10EA6000884614468DB01A4603AB0193564B214697
:10EA7000009340460923D1F79BFC039F012F04D943
:10EA80003A4652495248EBF7AAF914260998514DD3
:10EA9000062806FB07560ED0FFF70AFE00F0030318
:10EAA000022B04D1327AC0F3C003934202D04A4809
:10EAB000EBF7B0FF70730A98062810D0FFF7F8FD47
:10EAC00000F00303032B07D1142303FB0753197A28
:10EAD000C0F3C0028A4201D04048E9E798730B981E
:10EAE000062820D11423FF2203FB0753DA73B8F161
:10EAF000010F06D82CB9142303FB07531B69002B05
:10EB00005ED1142404FB0754059B04996372069B91
:10EB10002161A372079BE3729DF820302373A3B990
:10EB20002F48ECF749F9421CE1D0FFF7C1FD8307FC
:10EB300007D1142303FB0753197AC0F3C0028A429A
:10EB400001D02848B4E7D873D1E7606806F0BAFE70
:10EB50002169606806F066FE61684FF002090A46A6
:10EB6000206152F8040FE37A94F8098002F5405CC2
:10EB700094F80AE0013BCCF80090D1F800C043EAD9
:10EB8000881343EACE1383EA0C0300F0020003F07B
:10EB9000CF0301F5805102F500520B601060607BDD
:10EBA000012104F0D3FEE07BFF2802D0012104F014
:10EBB000CDFE142303FB07550121A87B04F0C6FEFC
:10EBC00030460DB0BDE8F0837C920410820404103E
:10EBD000102A0410BC1600208D04041094040410A4
:10EBE00038E403109C040410816810B54B1C0446E3
:10EBF00005D0406805F081FC4FF0FF33A36006208C
:10EC000010BD10B50A7F88690C46FDF76DFD002820
:10EC100007DBE06830B1D4E90401404261EB410117
:10EC200010BD00200146FBE738B540F2A31240F2C8
:10EC3000A9130C46C9680546002918BF1A460A4997
:10EC4000DEF7C2F8D4E9040131B902460749284683
:10EC5000BDE83840DEF7B8B84FF47A7200230DF003
:10EC6000F3FE03490246F2E7A4040410020604106E
:10EC7000CC040410F0B504468BB0084611461A4681
:10EC800004AB0193294B00930623D1F733FB08987B
:10EC9000049B0628E3603CD0E0F70AF99FED247A54
:10ECA00007EE900AC7EE277A17EE900A0DF0E0FE05
:10ECB00050EA010302BF00230122C4E90423059B9B
:10ECC00018BFC4E90401A3619DF82430D4E90456B7
:10ECD0002377676805F044FD2A184FF0FF3046EBB4
:10ECE00001036FF00041904271EB030538BF0B4602
:10ECF0004FF00101CDE901410E4938BF02460091B4
:10ED0000384605F0DDFBA06001300BD10C20ECF79C
:10ED10007BF80699079A0848D31781FB00010DF08C
:10ED200093FEC5E706200BB0F0BD00BFF8920410BB
:10ED30000024744903EC021040420F002DE9F04119
:10ED40000C680D46A16806464B1C174605D0606846
:10ED500005F0D3FB4FF0FF33A3603B4620462A1D4E
:10ED6000711EBDE8F041FFF785BF0000F0B520201F
:10ED700085B00C4614491E461746DFF75EFF054670
:10ED800005F03CFB4FF0FF336860AB605CB156F8B8
:10ED9000040BE0F735F8013004F1FF3402D00B48E2
:10EDA000EBF738FE0CB967B10024394606EB840254
:10EDB00001A8DBF7B3FD32462146284601ABFFF739
:10EDC00059FF284605B0F0BD74930410D304041015
:10EDD00070B5474A88B0136943F01003136100F01F
:10EDE00083FA00F087F9434804AB03AA02A905F0AF
:10EDF000F1FE20B1DDE90312029805F0BBFE00F040
:10EE0000E6FB00F0DFF9002200230024CDE9042313
:10EE100001222346114640F2E570CDE900440694F4
:10EE2000FEF77AF8CDE9040404A806F04DFE00F0E0
:10EE300025F94FF050431A682F4B304953F82220E0
:10EE40002F4B304813605B1A53602F49DAF7FCFBF5
:10EE50002E4E2F4DEAF76CFE40F2EA61D6F8B40070
:10EE6000E3F72BFDFDF7DEF9FFF7C8F901F0E0FA53
:10EE700001F038FFEFF724FF00212648FDF79CFE44
:10EE80002548FDF7B9FE0446FEF792FCE2051CD5C5
:10EE900022492348DDF798FFEFF71AFF01F034FF0E
:10EEA00001F0D2FAF0F792F8FFF7BEF9F1F7B2F8F5
:10EEB000EFF7D8F800F0A0F9FDF7EAFEFEF798FCAE
:10EEC000DAF7F0FCEAF794FEC4E72B782BB924B10B
:10EED0001448FDF791FEC305DAD42B78012B04D139
:10EEE000FDF734FD0028F8D0D2E7FDF7BDFDF9E7C6
:10EEF00000ED00E0F04902000020002000F10720B2
:10EF0000002008200430002000F00720F82700200F
:10EF1000DA2D0020DC040410DD040410E5040410E4
:10EF20007C210410F704041008B5DAF707FCFDF79C
:10EF300089FB00F075F9BDE80840DAF70FBC000066
:10EF400004460246054908B50548DDF73DFF214660
:10EF50000348DFF7B3FE00BEFDE700BFFF04041067
:10EF60001424041008B50DF0BBFD400040F0010072
:10EF700008BD08B505F0F4FB4FF47A7219B100230F
:10EF80000DF062FD08BDB0FBF2F0FBE708B5002014
:10EF9000034900F0C1F9034B1B6803B140BF08BD32
:10EFA000DDCC0210F81F002038B50546FEF7AAF8A0
:10EFB00004462846F5F7C0FD204338BD10B50D4C7A
:10EFC0000020FEF79FF8E2882389934204D1F5F7E9
:10EFD000D9FD00280BDB10BD531C9BB22168E380D8
:10EFE000885CA2889A4298BF0023E380F3E7ECF79D
:10EFF00044F8E5E7E4160020F8B507460E46FEF7AC
:10F00000CBF878B1B04228BF3046012405463146DE
:10F010003846F5F703FE002807DB854228BF054682
:10F020002846F8BD35460446F1E7002C08BF002508
:10F03000F6E738B50446FFF79CFF05460020201A86
:10F04000ECF720F8FFF795FF401B8442F7D838BD56
:10F0500070B5044605F084FB251841F10006B4F5AF
:10F060007A7F05D94FF47A70B4FBF0F0FFF7E1FF37
:10F0700005F076FBA842B141FAD370BD704700009D
:10F080001FB5684606F017FD064A00980199A0FBD7
:10F09000020302FB01330299401843EBE17105B012
:10F0A0005DF804FB00CA9A3BFFF763BF38B504461E
:10F0B000FFF75FFF054605F053FB02460B464FF492
:10F0C0007A71601B20EAE070C0FB01234FF0FF3033
:10F0D0006FF00041904271EB03043CBF02460B46C7
:10F0E000022005F019FC20B1BDE83840022005F0EF
:10F0F00073BC38BD08B5022005F0FCFABDE8084035
:10F100000220014905F094BB8DEF021010B50446B2
:10F1100005F026FB4FF47A734FF0FF32E4FB030156
:10F120006FF00043824273EB010438BF1046BDE824
:10F13000104038BF194605F019BA73B505460E469A
:10F140000024A54201D802B070BD06F085FF2A1B3D
:10F15000082ACDE9000128BF0822301969460DF0C0
:10F16000C7FA0834EDE7000010B5064C06F080FE43
:10F1700000F0BAF8236813B1034A106898470023D7
:10F18000236010BDF81F0020F41F0020044B1B68F3
:10F1900013B104480DF0A0BCEFF3108072B67047B5
:10F1A000F81F0020C01E00200146054890F90430D9
:10F1B000013301D00DF078BC81F31088704700BF97
:10F1C000C01E002008B5084804F0FFFE06F050FEFF
:10F1D0004FF0504305491A68054B43F822100022AE
:10F1E000044B1A6008BD00BFC01E0020F827002095
:10F1F00000200020F81F002010B5074C20460DF01D
:10F200005FFC06F0BFFD0022044B2046BDE8104025
:10F210001A600DF051BC00BF7C2B0020F81F0020AD
:10F2200008B50C4B1B683BB101210B48DAF754FAC7
:10F2300001210A48DAF750FA4FF050431B68012BBE
:10F2400007D1BDE8084006480649091A8908DAF7D7
:10F2500043BA08BDF81F0020FC1F0020F41F002047
:10F2600000F00720002008204FF0504318680130BC
:10F270007047000038B5154B14461A681AB1144986
:10F280001448EAF7A3FD1860134B19602368BBB953
:10F290004FF4805323602068104D20F0030020605D
:10F2A000DBF700FB286006F06DFD226829680C483A
:10F2B00006F0C8FD23680220A3F50073236038BD63
:10F2C000B3F5006FE7D24FF40063E3E7F81F0020C7
:10F2D000640504100C2B0410F41F0020FC1F0020F8
:10F2E00069F102107047704708B54FF050431B6832
:10F2F00013B9044804F069FEF022034B83F822207E
:10F3000008BD00BF8C2B002000ED00E001480DF08F
:10F31000D7BB00BF8C2B0020054B43F82010054BBA
:10F320005B791BB94FF08052034B5A60704700BFA6
:10F33000882B00208C2B002000ED00E0034B196887
:10F3400011B10020FFF7E8BF704700BF882B0020F5
:10F3500008B503480DF0B0FBBDE80840FFF7EEBF6D
:10F360008C2B002008B5002108480DF0ADFB00B93A
:10F3700008BD074A136813B100211160984703487C
:10F380000DF09AFBBDE80840FFF7D8BF8C2B00209A
:10F39000882B002008B54FF050431868C0F10100D9
:10F3A00006F098FD20B1034B1868003818BF012003
:10F3B00008BD00BFF81F002008B5FFF7EBFF08B13C
:10F3C00006F06CFDEFF3108072B608BD10B5044670
:10F3D000052005F0C9FB0DF08FFB84F31088FFF7C3
:10F3E000D9FF18B1BDE8104006F060BD10BD70B582
:10F3F000044608461546DFF703FD431E052B20D8BB
:10F40000DFE803F01D1D1D06030C42F2010070BD74
:10F41000A068000B400040F00100F8E72846DFF745
:10F42000EFFC0646FFF7C8FF054660684FF48051C1
:10F4300000EB06300DF028FB2846FFF7C7FF012040
:10F44000E5E70620E3E7F0B50646D1E9007085B0B0
:10F450000D46DFF7D5FC0522040301A9A868DFF7F4
:10F4600003FF032E1DD1FFF7A7FF05467868029919
:10F4700020440DF009FB2846FFF7A8FFEBF7FAFD43
:10F48000FFF79AFFDDE901120546786820440DF088
:10F49000C3FA2846FFF79AFFEBF7ECFD062005B00C
:10F4A000F0BDE868DFF7ACFC0444E9E7F0B50646D8
:10F4B000D1E9007085B00C46DFF7A2FC06220503F7
:10F4C00001A9A068DFF7D0FE042E03D1E068DFF7C2
:10F4D00097FC05447968029A01F18051294401980A
:10F4E0000DF006F9EBF7C6FD062005B0F0BD0000F3
:10F4F0001FB5084611461A4602AB0193194B0093FB
:10F500000223D0F755FFDDE902321340013327D043
:10F510000C201549DFF78BFB029B5A1C08D0B3F572
:10F52000600F02D2C3F30B021AB10020EBF772FA9C
:10F530000023039A511C08D1C3F5600203F50013A0
:10F54000C0E9013205B05DF804FB002AEDDD991831
:10F55000B1F5600FE9DCC2F30B010029EED0E4E75E
:10F560000248EFE72494041034940410F0160020AD
:10F57000012A09D1436803F180530B60836800209E
:10F580004B6042238B6070470120704738B54FF0C5
:10F59000504304461868C0F1010006F09BFC08B116
:10F5A00006F07CFCEFF3108572B620460DF0A4FA4D
:10F5B00085F310884FF050431868C0F1010006F041
:10F5C00089FC18B1BDE8384006F070BC38BD08B5FC
:10F5D000052005F0C9FABDE80840FFF7D7BF0000D5
:10F5E0004368094A03F12F4303F560031B0D02EB47
:10F5F0008303D3F8D43109B958697047012914BF7E
:10F6000000209869704700BFF8270020012210B53C
:10F61000417A43680C1DA24003F500542260827AAF
:10F620000548825C182000FB013302F01F0206200F
:10F63000C3F8D82010BD00BFE42D00200422436889
:10F64000417ADB6802EBC10223FA02F0400000F0CD
:10F650001E0040F0010070474368427ADB68D20028
:10F6600023FA02F0400000F01E0040F00100704755
:10F6700010B549230424C1E90143437A4468920741
:10F680004CBF0433083304EB830400200C6010BD2E
:10F690004368094A03F12F4303F560031B0D02EB96
:10F6A0008303D3F8E03109B9187D7047012914BFED
:10F6B0000020587D704700BFF8270020F8B5D0F82B
:10F6C0007861144D330A036300F12F4000F56000A8
:10F6D000040D05EB8403D3F8D40128B183693340CA
:10F6E00002D04361FDF730F805EB0414012708252B
:10F6F00004F5EE7454F8040F38B1427D26FA05F390
:10F70000134202D00775FDF71FF801350C2DF1D11A
:10F71000F8BD00BFF82700200148FFF7CFBF00BFAA
:10F72000000030500148FFF7C9BF00BF0000205063
:10F730000148FFF7C3BF00BF00004050F8B50D46B9
:10F740000026044643680B4A03F12F4303F5600388
:10F750001B0D02EB8303D3F8D4710021007A04F06F
:10F76000A5F9C7E905650121207A04F09FF9304623
:10F77000F8BD00BFF8270020F8B50D460026044666
:10F7800043680B4A03F12F4303F560031B0D02EBA3
:10F790008303D3F8E0710021007A04F087F93E7505
:10F7A0007D75207A012104F081F93046F8BD00BF53
:10F7B000F82700202DE9F743054600224FF0010904
:10F7C00000F12F43164F03F560031E0D57F82680F6
:10F7D00009FA02F313EA080F10D0541C202C16D19A
:10F7E0000023CDE90033A31A8DF80430FF236946C6
:10F7F00028468DF8053005F0BDFE224601321F2A4D
:10F80000E6D9002347F8263003B0BDE8F08309FAB3
:10F8100004F111EA080F04F10103E1D01C46DDE711
:10F82000D02B00200B282DE9F04102D91048EBF72E
:10F83000F1F80C2301250F4C0F4E03FB00443368F5
:10F8400085401D4210D1676894F8098038464146CA
:10F8500005F040FE08B10948E9E74146384605F0A1
:10F86000F7FD33682B4333602046BDE8F08100BFCD
:10F87000710504101C970410DC2B00207505041082
:10F8800030B587B005466A4608460921DFF784FB94
:10F89000009B03A918680522DFF7E6FC0023ADF8FA
:10F8A0000A30039B68680193049B01A95B088DF8EB
:10F8B0000830FF238DF8093005F028FE10B90C2020
:10F8C000EBF7A2FA6C6801A9204605F03AFE012286
:10F8D00004F12F439DF808400D4903F560031B0D0B
:10F8E000A240013A51F823408240224341F82320AC
:10F8F0006B68009A03F12F4303F560031B0D400072
:10F90000013340F0010042F82300062007B030BD6B
:10F91000D02B00202DE9F74F4FF0FF3657780446E3
:10F92000BE40F6438A46D0F8685192F90030A5F1FE
:10F9300020085B1BC3F12003DE41C5F1200726FA36
:10F9400007F706FA08F848EA07085768A5F12009FA
:10F95000DF419268C5F1200C27FA0CFC07FA09F97F
:10F96000DA4149EA0C09C5F12003A5F1200C02FA9D
:10F970000CFC06FA05FB22FA03F34CEA0303CDE97B
:10F9800000B8AF40AA4005F047FE3A462046CDE910
:10F9900000B84B46514605F09DFE00274FF0010888
:10F9A00004F12F4404F56004240D0634E4B208FA8F
:10F9B00007F3334203D02146E81903F0C7FF0137AC
:10F9C000202FF4D103B0BDE8F08F0000012810B55E
:10F9D0000C6810D94868FEF76BFE30F01003014642
:10F9E00002D00A48EBF716F8606805F07FFD10B109
:10F9F0001620EBF709FA6368D3F86821044BA3F1EA
:10FA0000C000002A18BF184610BD00BF8B050410A7
:10FA1000909C04104A68044902F12F4202F56002EA
:10FA2000120DDDF7D1B900BF930504108A7A0149A0
:10FA3000DDF7CAB99B05041010B51C4608461146EF
:10FA40004FF00212D0F72AFC2068DFF7D9F902281C
:10FA500002D90448EAF7DEFF0C22034B02FB003018
:10FA600010BD00BFAC050410FC1600202DE9F043CA
:10FA700002280C460F6885B01FD98868DFF7C0F9E7
:10FA800006460122606801A9DFF7EEFB48B960680D
:10FA9000DFF7C2F904224923CDE902230090CDF813
:10FAA00004D04FF00109DDE9014304EB03084445AC
:10FAB00005D3062005B0BDE8F0830026E1E7039BEF
:10FAC000422B01D0012B0FD114F8015B79687B7AAE
:10FAD000486803F1100209FA02F2024211D1B5405E
:10FAE000043341F82350E2E7482B02D134F8025B9B
:10FAF000ECE7492B02D154F8045BE7E70248EAF748
:10FB000089FFEBF7B7FAE1E7B205041000232DE90E
:10FB1000F043012885B004460D460F68019317D8BD
:10FB20000026DDE901434FF0010904EB03087A6880
:10FB30007B7A5168083309FA03F0084221D152F860
:10FB40002300F04004BBE2F77AFC05B0BDE8F08387
:10FB5000486806280ED0062201A9DFF785FB039B23
:10FB6000012B0CBF622343F020030393029B0BB9CC
:10FB70006868EAE7022CD3D0A868DFF741F90646A7
:10FB8000CFE7EBF777FAD2E7039B622B04D104F8B7
:10FB9000010B4445CBD3EBE7682B02D124F8020BD1
:10FBA000F7E7692B02D144F8040BF2E70148EAF7C2
:10FBB00031FF00BFB20504107FB50E460023044696
:10FBC000694630460093DFF7F5F8054630BB012261
:10FBD000062140F27730EAF77BFA40F21B21EAF780
:10FBE000C3FA1821627A6368019601FB0233D3F8E5
:10FBF000DC10D3F8CC30490FC3F3807349005B00AD
:10FC000041F0010143F001032A46029103930321CD
:10FC100001ABEAF7CDF9DFF7F3F8009018210620E1
:10FC2000627A636801FB0233009AC3F8D82004B0FB
:10FC300070BD012870B50C680CD948686568667A93
:10FC4000DFF724FA01222B68B24023EA0203B04016
:10FC500003432B606368627A1B68D34013F0010F83
:10FC60000CBF0E201E2070BD0628F8B50D461646A6
:10FC70001C4608D09F68DFF7C3F800FA06F27A4006
:10FC80002A407A40A260F8BD2DE9F743062A0746CC
:10FC90000E46104698460A9C10D0C20705D483072A
:10FCA0001ED10268244B9A421AD101236370DFF7F8
:10FCB000A7F8431000F001006360A060B8F1060FE0
:10FCC00036D04046FEF7F4FC40B22070D7F86831D9
:10FCD00053BB1F282CDD324618491948EAF77FF834
:10FCE0000E28E2D01E28E0D04FF00009694601AA94
:10FCF000DFF730F9009B637063789945DED2019B92
:10FD000053F82900DFF77CF86368421002FA09F221
:10FD10001343636000F00105A36805FA09F52B435E
:10FD2000A36009F10109E7E7102B01D10F28D2DD0B
:10FD300003B0BDE8F08300BF3C300410B7050410E9
:10FD4000102A041001287FB50B460C6849D9586861
:10FD50006A460921DFF720F9009B01A905221868EE
:10FD6000DFF782FA6368009A03F12F4303F560031B
:10FD70001B0D013352F82300029EDFF741F84FF0CC
:10FD8000FF3105466368009A03F12F4303F56003D2
:10FD90001B0D0133C6F3470642F823100023CDE9BB
:10FDA0000133FF238DF808608DF8093064682A4616
:10FDB000204601A905F0DEFB01219DF8082004F191
:10FDC0002F43094803F560031B0D9140013950F89A
:10FDD0002320A94022EA010240F82320062004B093
:10FDE00070BD00252026D9E7D02B00202DE9F04753
:10FDF00004469EB0084611461A4613AB0193BD4B0C
:10FE000000930B23D0F776FA0921139802AADFF7A3
:10FE1000C3F86368029A03F12F4303F560031B0DD7
:10FE2000013352F82300DEF7EBFFB0F1000819DAD6
:10FE30000C226068B04B00F12F4000F56000000D0F
:10FE400002FB00301399FFF71BFD6368029A03F170
:10FE50002F4303F560031B0D013352F82300DEF737
:10FE6000CFFF8046149DA37AA44A002D02F8038098
:10FE7000C0F2528100F05481052004F075FE014665
:10FE8000149A0002D317090E0CF0DEFD9C4AB0F55F
:10FE9000807361F100019A424FF000038B4102D25E
:10FEA0009848EAF7B7FDC0F30F29C5B200234246D0
:10FEB000617A606805F071FC00234FF4803611937D
:10FEC0004FF4F8334FF0FF3CCDE90E634FF440237D
:10FED000CDF848C0109309AE0EAF0FCF0FC64FEA52
:10FEE000094343EA05230993029BC6F800C0186939
:10FEF000DEF792FF029B06465869DEF78DFF4FF44E
:10FF0000845303FB08660B9015980A9606280DF19A
:10FF1000380909D0FEF7CCFBC303C00203F47823F1
:10FF200060F478200C930D90FF23ADF80C30002383
:10FF3000029ACDE9043303AB00939269169B724990
:10FF40006068FFF7A1FE9DF90C80B8F1000F0FDB90
:10FF50000C9B0D9A9DF80D1068F3040322F01F020C
:10FF600023F07C7342EA181243EA01530D920C937A
:10FF7000FF23ADF818300023029ACDE9073306AB12
:10FF80000093D269179B61496068FFF77DFE9DF978
:10FF90001870002F10DB0C9B0D9A9DF8191067F359
:10FFA000491322F47872380923F0E05342EA4012F0
:10FFB00043EA81630D920C931898062800F0B280F2
:10FFC000FEF776FB05460D9B020923F0F87360F3FC
:10FFD0001C6643EA02530A960D93FF23ADF83830AE
:10FFE0000023029ACDF80090CDE90F33126A199BD5
:10FFF00047496068FFF748FE9DF93860002E12DB24
:020000041003E7
:100000000A9B9DF8392059000C9B48BF013243EAF6
:10001000427366F38E230C930D9B320923F4F8434D
:1000200043EA82230D9312224FF480211A9809ABE0
:10003000FFF71AFE13224FF400211B9809ABFFF7BC
:1000400013FE14224FF0F8711C9809ABFFF70CFE59
:1000500019224FF078511D9809ABFFF705FE1823C0
:100060006068617A099A03FB0103C3F8C8200B9A00
:10007000C3F8D0200D9B274A6FEA030E02EA1E1236
:100080000EEA5E0E1EEA020FD0F868C102EA5303C0
:100090004BD053EA0C0351D0B8F1000F02DB03AA96
:1000A000FFF738FC002F04DB617A606806AAFFF7CF
:1000B00031FC002D12DBAB0003F1804303F560330C
:1000C0005B68DB050AD56168284601F12F4101F51F
:1000D0006001090D0631C9B203F038FC002E04DBC3
:1000E0004A46617A6068FFF715FC06201EB0BDE83D
:1000F000F08700BFE4940410FC160020E42D0020DB
:1001000000FFFF00D2050410E3F10310500B0410B0
:10011000BE0B04102184100000254FF00109C5E634
:10012000A946C3E64FF0FF3557E7FBB1BCF1000F1E
:10013000B2D0DDF828E0130D1B0701E0DDF828E060
:1001400083EA0E034FF0180E0EFB010ACAF8CC30FA
:100150000C9BBCF1000F02D012034FEA122C0EFBD5
:10016000010E83EA0C03CEF8DC3095E7DDF828E0D9
:10017000BCF1000FDFD16346E2E700BFF8B50646E9
:10018000D1E900400D461746DEF73AFE032802D9B2
:100190000D48EAF73FFC646804F12F4404F560045D
:1001A000240D00EB8400FFF73DFB022E044602D82D
:1001B0003B68072B06D93B46204605F10802B11ED5
:1001C000FFF714FE2046F8BD7105041010B40C466C
:1001D00013460A1D411E20685DF8044BFFF706BE5A
:1001E000F0B50C4616461D4631460E4A85B02046EF
:1001F000D0F754F82868DEF703FEFFF713FB012C55
:10020000074600D85EB1314605EB840201A8DAF753
:1002100085FB384601AB2A1D611EFFF7E7FD384616
:1002200005B0F0BDFFFF030070B5044608460D465B
:1002300003F09CFC064678B1134B9C420AD013494C
:10024000134B144A8C4208BF13469E4204D01248F6
:10025000EAF7E0FB114BF8E7284603F055FC0028CD
:10026000F5D17EB9084B9C420AD0084A0849094B8F
:10027000944208BF19462846BDE8704003F050BCC0
:100280000649F8E770BD00BF000040500000205054
:1002900019F7021025F70210D805041031F70210E3
:1002A0002DE9F04186B003AB51F8045B0193284B74
:1002B00006460093013803231746D0F71BF86B68F6
:1002C000DFF8988003F12F4303F560031B0D08EB63
:1002D0008303D3F8D441B4B91C20DAF7E3FA1D4BF9
:1002E000044603601C4BC0E901350623C3600023AC
:1002F00003746B6803F12F4303F560031B0D08EBD8
:100300008308C8F8D401012E02D83B68072B1AD9FC
:100310000021287A03F0CAFB9DF81420039B227465
:1003200000226261049A062BE360A2610BD0297A55
:100330006868FFF779FF6B68A2690121C3F8702133
:10034000287A03F0B3FB204606B0BDE8F08100BF79
:10035000CC940410B487041014970410F8270020DC
:100360002DE9F04186B003AB51F8045B01932C4BAF
:10037000064600930138032390462A4FCFF7BAFF71
:10038000AB7A07EB8303D3F8E0418CB91820DAF796
:1003900089FA254B04460360244BC0E90135062346
:1003A000C36000230374AB7A07EB8307C7F8E0014F
:1003B000012E03D8D8F80030072B24D9287A002141
:1003C00003F074FB9DF81420039B22740022227515
:1003D000049AE3606275062B68686B7A17D1012175
:1003E000D0F87021083301FA03F322EA0303C0F8BE
:1003F0007031D0F8703133B1297AFFF715FF012140
:10040000287A03F053FB204606B0BDE8F0810122B4
:10041000D0F87011083302FA03F30B43E7E700BF8B
:10042000B4940410F8270020B48704101496041024
:10043000002104483022C0E9001181600C300BF02B
:10044000D1BE00BFCC2900202DE9F8430F2003F0D6
:100450008DFB2A4B0446984207D100210F2003F060
:1004600025FB21460F2003F08DFC112003F07EFBBD
:10047000234B0446984207D10021112003F016FBBC
:100480002146112003F07EFC132003F06FFB1D4B6F
:100490000446984207D10021132003F007FB2146B0
:1004A000132003F06FFC00244FF00109164DDFF814
:1004B0006880D8F8002009FA04F313420BD06F6863
:1004C0006E7A3846314604F0DFFF3B6809FA06F6DB
:1004D00023EA06033B6001340C2C05F10C05E8D13E
:1004E00000230A48C8F80030FFF764F90848FFF70E
:1004F00061F9BDE8F8430748FFF75CB925F702103A
:1005000019F7021031F702101C9704100000205058
:100510000000305000004050DC2B00202DE9F0415D
:1005200006460846DEF76CFC0446052004F01CFB7A
:1005300084420246214605D84FF6FF73B0FBF3F321
:100540009C4232D22248EAF765FA02FB141418469C
:100550003D461146734667462246D2B1B1FBF2F4DE
:1005600007FB045C03FB040E4CEA0E08B8F5803F61
:10057000EBD3FFB1C5F57F42FF32B2FBF7F2EBB927
:100580003AB10134B2EB540F03D302FB075702FB1D
:1005900003034FF0A04132799BB243EA074302F5CF
:1005A000887241F82230BDE8F0810120002507461D
:1005B0002B46D2E7002BECD04FF48032C0F57F41C0
:1005C000FF31B1FBF3F18A4228BF0A46D8E700BFEA
:1005D000F105041037B5054601AA08460221DEF7E9
:1005E000DBFC019B1868DEF70BFC019B0446586896
:1005F000DEF706FC4FF6FE72611E914204D8411EE2
:10060000914201D8844202DD0648EAF703FA4FF02E
:10061000A0412A7940EA044302F5887241F8223069
:1006200003B030BDF10504100B7940F20512014909
:10063000DCF7CABBF70504100A790149DCF7C4BB33
:10064000FE05041030B587B0084611461A4603ABC4
:100650000193194B00930323CFF7AAFE0398F8B137
:10066000DEF7CEFB0328044602D91448EAF7D2F994
:1006700004F080FC10B11020EAF7C6FB204604F01D
:1006800059FC0F490820DEF7D8FA002304710599B8
:100690000546437149B1FFF79DFF284607B030BDBD
:1006A00004F058FC041EECDAE5E704990029F4D0C4
:1006B000FFF734FFF1E700BFE4970410F1050410E1
:1006C00000990410F0B5A5B06D46DEF7A5FB012733
:1006D00000222B46104E36F8221006EB8204A47836
:1006E000C90041F002012960610907FA01F104F033
:1006F0001F04013920FA04F421404900013241F07D
:100700000101122A696005F10805E4D100210348BE
:10071000E0F710F925B0F0BDB89804104C2904108A
:100720002DE9F0470B68012816461C7902D92A48A2
:10073000EAF720FB156841F2F22100223046C5F3AA
:10074000DC05DAF717F958BB640304F4F03444F419
:100750007E0444F059044FF000094FF001081F4F88
:1007600037F829100022C900304641F0020107EB9A
:10077000890ADAF7FFF808B39AF80330013DDB077E
:100780001CD44068DEF748FB9AF80220530908FAA7
:1007900003F3013B30EA030108D01148EAF73AF9C4
:1007A0004068DEF739FB013D0446D4E702F01F0242
:1007B000934024EA0303904040EA030409F101094D
:1007C000B9F1120FCCD10DB10020B1E72046BDE840
:1007D000F047E1F734BE00BF06060410B8980410D5
:1007E000190604102DE9FF4102AB51F8045B019397
:1007F000214B064600930138022390461F4FCFF746
:1008000079FD2B7907EB8303D3F894417CB9294612
:100810001B48FBF757FF01232A79044607EB8207A1
:1008200093404FF0A042C7F89401C2F80C34012E57
:1008300003D8D8F80030072B1AD900210A2003F07A
:1008400035F902999DF80C30E16023746B792A79AF
:1008500023F001036B710123062903FA02F314BF8D
:10086000084A094A01210A20C2F8043403F01EF99B
:10087000204604B0BDE8F081D4970410F82700208A
:10088000B098041000200050003000501FB54A1EE0
:1008900001A90446DEF7E8FC28B9204604B0BDE80B
:1008A0001040DEF7B9BA019804B010BD084610B583
:1008B00011460022CFF7F2FC002004F025FB041EB5
:1008C00002DA1020EAF7A0FA02490820DEF7B5F9AB
:1008D000047110BDFC9704102DE9F0414FF0A045C4
:1008E00000240127D5F80C64DFF82C8007FA04F304
:1008F00033420BD058F8240040B18268C5F80C345C
:10090000537943F001035371FBF71EFF0134102CA0
:10091000ECD1BDE8F08100BF8C29002019B94079E5
:1009200000F00100704701290AD14FF0A04302797D
:10093000D3F80C349140194214BF012000207047B5
:1009400000207047082803D108793B30E1F777BDD4
:1009500000207047437910B5044623B9007904F0AC
:10096000F3FA01236371062010BDF7B51768064638
:100970000D4614469FBBB1F5267F15D1052004F026
:10098000F3F84FF0A043327902F5887253F8222031
:100990003B46110CA1FB000192B20CF055F8E1F7B7
:1009A0004EFD206003B0F0BD40F25633994213D1A2
:1009B0004FF0A042037903F5887352F82350280CB6
:1009C000E1F73DFD0090A8B2E1F739FD69460190DD
:1009D0000220E5F799FFE4E704235360E2E751685A
:1009E0000029DFD0B5F5267F04D1FFF797FD00235E
:1009F0002360D7E740F256339D42D3D1FFF7EAFD9B
:100A0000F5E70000FF2808B502D10248EAF702F82E
:100A100008BD00BF1E060410F8B5136806460D4653
:100A20001446002B3BD100797D294FEA801707F14E
:100A3000A04706D1FFF7E6FF3868E1F700FD206028
:100A4000F8BDA42903D1FFF7DDFF7868F5E74A294F
:100A500003D1FFF7D7FFB868EFE740F2562399427A
:100A600003D1FFF7CFFF3869E7E740F23E23994211
:100A7000E3D040F2693399420ED11020D9F712FF2A
:100A8000234A3379C921026010229B0103F1A0435C
:100A9000C0E90112C360D2E704235360D0E757686E
:100AA000002FCDD00079FFF7ADFF7D2D0BD10221B6
:100AB0003846FFF7EBFE33799B0103F1A043186042
:100AC00000232360BCE7A42D09D103213846FFF79A
:100AD000DDFE33799B0103F1A0435860F0E74A2D16
:100AE00008D13846DEF798F933799B0103F1A0432A
:100AF0009860E5E740F256239D42A1D13846DEF7E3
:100B00008BF933799B0103F1A0431861D8E700BF4B
:100B10003426041038B504460D460A20002102F0A0
:100B2000C5FF6379227923F00103637101239340A8
:100B300045B1054A01210A20C2F8043402F0B6FF8B
:100B4000002038BD014AF5E7002000500030005079
:100B500010B504460079FF2824D001220021124B51
:100B60008240C3F80424830103F1A0431960596053
:100B7000996019614FF0A043C3F8642482011A44BC
:100B8000D36813F08063FBD1084A00F1640102EBE3
:100B900081025168536009B1C1E9023304F0AEF932
:100BA000FF232371062010BD00300050F8270020DD
:100BB000F0B50C461646074654F8045B89B0287910
:100BC000FFF720FF03AB0193314B214600933246E0
:100BD0000523781ECFF78EFB3468072C0DD99DF8BE
:100BE0001C60C4F3DC045EB1013C09D101232A7905
:100BF00093404FF0A042C2F85034062009B0F0BD37
:100C0000039868B10221FFF741FE013C2B791EB128
:100C10009A0102F1A0429CB39B0103F1A04318602A
:100C2000049868B10321FFF731FE013C2B791EB116
:100C30009A0102F1A0422CB39B0103F1A04358603A
:100C4000059860B1DEF7E8F8013C2B791EB19A01F6
:100C500002F1A042C4B19B0103F1A0439860069841
:100C60000028CAD0DEF7D8F82B7926B19A01012CDA
:100C700002F1A0420AD09B0103F1A0431861BCE736
:100C8000D063CDE7D062DBE7D061E8E7D060B4E7BE
:100C9000AC97041070B506460D680C462879FFF72E
:100CA000B1FE012E0AD96068DEF7F0F901222B7936
:100CB0004FF0A0419A4060B1C1F850242B799B01BC
:100CC00003F1A0431B6913F0806F0CBF0E201E20A0
:100CD00070BD9B01C1F8642403F1A043DA6852019E
:100CE000FCD4EBE708B54022002105480BF07AFA66
:100CF000BDE8084080220A20024902F05FBF00BF21
:100D00008C290020D908031008B500210A2002F020
:100D1000CDFEBDE808400A20014903F033B800BF0A
:100D2000D908031013B50446684605F071FA082285
:100D300069462046FCF76EF902B010BD4FF48C7284
:100D400000210BF04FBA0000C02AF0B541D0B2F537
:100D5000807F40D0802A40F0B4800A2304460025DA
:100D60005209036001EB820244F8045F51F8045B0E
:100D70008A4244F8045FF9D10C2B534A2DD00E2B34
:100D8000524D59D000F1A006416955F8044B8768CF
:100D9000C1F30723D35C7C4063400C0E145D10301C
:100DA00083EA0443CCB2145D83EA0463C1F30744CD
:100DB000145D83EA042350F8044C836063400468A4
:100DC000C36063405940036141618642DCD1002029
:100DD000F0BD0C23C2E70E23C0E73C4C00F1C00578
:100DE000C16954F8046B8768C1F30723D35C7E4064
:100DF00073400E0E965D183083EA0643CEB2965DC0
:100E000083EA0663C1F30746965D83EA062350F83A
:100E10000C6C8360734050F8086CC360734050F8EA
:100E2000046C0361734006684361734059408361F9
:100E3000C1618542D4D1CAE700F1E006446A55F8A1
:100E4000041B8768C4F30723D35C79404B40210E11
:100E5000515C876983EA0143E1B2515C203083EA47
:100E60000163C4F30741515C83EA012350F8141C69
:100E700083604B4050F8101CC3604B4050F80C1C72
:100E800003614B40D9B2515C436179401F0ED75D7D
:100E900081EA0761C3F30727D75DC3F30743D35C38
:100EA00081EA072181EA034350F8041C83614B4027
:100EB0000168C3614B405C40036244628642BDD11D
:100EC00085E76FF01F0083E7B0FE041088DD041093
:100ED0002DE9F04FC9B0054602A80C461646FFF7AB
:100EE0002DFF0023324621466B6002A8FFF72CFF3E
:100EF0000746002864D1029C039B04A903EB8403EA
:100F000001EB830251F8233005F1180CAB605368F4
:100F1000103AEB60936961462B61D36996466B6129
:100F2000631E98462B482C600193B8F1000F2ADD10
:100F3000AEF1040A01F1100B5AF8045F264BEEB231
:100F400010F806902E0E53F82990865D234B53F827
:100F50002660234B89EA0609C5F30726865DC5F39B
:100F6000074553F82660455D1E4B89EA060653F88F
:100F700025506E4041F8046B5945DDD108F1FF382A
:100F8000AEF1100ED1E76FF00F01002CD4BF00249A
:100F90000124019B002C01FB03F30CBF00241C4621
:100FA000C3F1000308BF0023101912590CEB030111
:100FB0004CF8032043684B6083688B60C368CB6048
:100FC00002A84FF48C7101F01FF8384649B0BDE813
:100FD000F08F00BFB0FE0410B0E90410B0DD0410C3
:100FE000B0E50410B0E104102DE9F04F91B001928A
:100FF000426800F1080303EB82060D6853F82230C3
:101000004C685D4073688A68634000930993B368D5
:10101000DFF834C35A40CB68F168DFF830E34B4067
:101020000168DFF82C834FEA610A06F130010026DF
:10103000DFF8209308950A920B930AF1FF3A51F8D2
:10104000184C51E90807029451F8144C20310394CC
:1010500051F8304CBAF1000F049451F82C4C05941F
:1010600051F8284C069451F8244C079400F3BF80A3
:1010700026B100990895CDE909120B93DFF8CC92BF
:10108000DDE90841DDE90A56E2B2330E59F82330B2
:101090005CF82220DFF8B8825A40C1F3072358F8E1
:1010A0002330DFF8B0E25A40C5F307435EF823303F
:1010B0005A404240CBB2200E59F820005CF8233051
:1010C0000C924340C5F3072058F820004340C6F374
:1010D00007405EF8200043407B40E8B20F0E59F80D
:1010E00027705CF820002D0E7840C6F3072758F8CB
:1010F0002770F6B25CF8266059F825507840C4F3A2
:101100000747C4F3072458F82440C1F307415EF8A9
:101110002110754065404D4003995EF827704D40A1
:1011200088492C0E7840029F0E5DD4B278400C5D49
:10113000049F0D937C4084EA0664C3F307268E5D0A
:101140000E9084EA0624C0F307468E5D0F9584EA6C
:10115000064E160ECDF820E08F5DDEB2059C8E5D4A
:10116000664086EA0766C0F30727CF5D069C86EADD
:101170000726C5F30747CF5D86EA07461F0E11F81D
:1011800007C0C7B2CF5D000E674087EA0C67C5F3A2
:10119000072C11F80CC0EDB287EA0C27C2F3074CFC
:1011A00011F80CC0C2F30722C3F3074387EA0C47C8
:1011B0008A5C11F800C0CB5C485D2021079C099631
:1011C000604080EA0C6080EA022282EA0343019ACE
:1011D0000DEB0100C2F800E056609760D3600A97FB
:1011E0000B9300F011FF002011B0BDE8F08FEEB2BC
:1011F0004FEA136B5EF82BB05CF82660009C86EA21
:101200000B06464000984FEA156BC0F3072058F8CC
:1012100020005EF82BB04640C2F3074059F820008A
:101220000AF1FF3A46409DF800005CF8200080EA91
:101230000B007840C2F3072758F827704FEA146B69
:101240007840C3F3074759F827705EF82BB0784011
:10125000D7B25CF82770120E87EA0B07C3F3072B8F
:10126000DBB2029C5EF822205CF8233058F82BB0E9
:1012700067405340039A87EA0B07C5F3074BC5F352
:101280000725534058F8252059F82BB05340009AB1
:1012900087EA0B07C2F3074459F82420F4B25340FD
:1012A0001A0E5CF824505EF82220C4B25540049A0D
:1012B0005CF824405540C0F3072258F822204FEA3A
:1012C000106B5540C7F3074259F82220C0F307407E
:1012D0005540320E5EF822205440059A5440C7F320
:1012E000072258F822205440C3F3074259F822201D
:1012F00062400092FAB25EF82BB05CF82220069CA5
:1013000082EA0B02C3F3072B58F82BB0DBB23F0E77
:1013100062405CF823305EF8277082EA0B02079C7B
:10132000C6F3074BC6F3072658F826607B4059F8EA
:101330002BB059F820006340734082EA0B0201266B
:1013400043407CE6B0FE0410B0FA0410B0EE041086
:10135000B0F60410B0F204102DE9F04F002791B060
:101360000192426800F1080303EB82060D6853F80E
:1013700022304C685D4073688A686340009309932B
:10138000B368DFF834C35A40CB68F168DFF82CE368
:101390004B400168DFF828834FEA610ADFF82493A5
:1013A00008950A920B930AF1FF3A06F1300151F8C1
:1013B000184C51E90806029451F8144C203103945A
:1013C00051F8304CBAF1000F049451F82C4C0594AC
:1013D00051F8284C069451F8244C079400F3BF8030
:1013E00027B100990895CDE909120B93089D099939
:1013F000DFF8C892EBB20A0E59F822205CF82330CD
:10140000DFF8BC82DDE90A475340C7F3072258F8EA
:101410002220DFF8B0E25340C4F307425EF82220F6
:1014200053405840220ECBB259F822205CF82330AA
:101430000C905340C5F3072258F822205340C7F3BD
:1014400007425EF8222053407340E2B23E0E59F844
:1014500026605CF82220FFB27240C1F3072658F8DC
:101460002660C4F307247240C5F307465EF8266081
:101470002D0E7240029E59F8255072405CF827608C
:1014800058F82440C1F307415EF8211075406540CB
:101490004D4003991C0E4D408649049F0E5DC4B219
:1014A0000C5D0D937C4084EA0664C5F307268E5DCF
:1014B0000E9284EA0624C2F307468E5D0F9584EAF5
:1014C000064E160ECDF820E08F5DDEB2059C8E5DD7
:1014D000664086EA0766C0F30727CF5D069C86EA6A
:1014E0000726C5F30747CF5D86EA07462F0E11F89A
:1014F00007C0D7B2CF5DEDB2674087EA0C67C3F390
:10150000072C11F80CC0C2F3072287EA0C27C0F39E
:10151000074C11F80CC0000EC3F3074387EA0C47D1
:101520008A5C11F800C0CB5C485D2021079C0996BD
:10153000604080EA0C6080EA022282EA0343019A5A
:101540000DEB0100C2F800E056609760D3600A9787
:101550000B9300F059FD002011B0BDE8F08F009C06
:10156000EFB24FEA146B5EF82BB05CF82770029C68
:1015700087EA0B074740C3F3072058F820004FEADB
:10158000126B4740C2F3074059F820005EF82BB0B9
:1015900047409DF800000AF1FF3A5CF8200080EA1D
:1015A0000B007040C5F3072658F826604FEA136B0E
:1015B0007040C3F3074659F826605EF82BB07040C0
:1015C000D6B25CF82660DBB286EA0B066640009C69
:1015D0005CF82330C4F3072B58F82BB0039C86EA41
:1015E0000B06C5F3074B2D0E5EF82550C2F30722FC
:1015F00058F822206B4063405340009A59F82BB0B2
:10160000C2F3074459F82420FCB25340020E5CF8A0
:1016100024505EF8222086EA0B065540049AC4B294
:101620005540C3F3072258F822205CF82440554067
:10163000C6F3074259F822204FEA136B5540320E89
:101640005EF822205440059A5440C7F3072258F808
:1016500022205440C3F3074259F82220DBB26240F3
:101660000092F2B25EF82BB05CF82220069C82EA6F
:101670000B02C0F3072B58F82BB0624082EA0B0232
:10168000C7F3074B3F0E5EF827705CF82330079CCA
:10169000C6F307267B4058F82660C0F3074059F888
:1016A0002BB059F8200063407340012782EA0B02F7
:1016B00043407CE6B0ED0410B0E90410B0DD041046
:1016C000B0E50410B0E1041010B40C46012C114632
:1016D0001A4608D81CB95DF8044BFFF73DBE5DF80B
:1016E000044BFFF781BC6FF020005DF8044B70479E
:1016F0002DE9FF4701291E46DDE90C3480461546D9
:1017000058D882B32A0758D1002949D10DF11009C0
:101710001D44EC461A46674603F1100AE646106877
:1017200051680832AEE803005245F446F6D122462D
:1017300019464046FFF710FEB0B9335822585340BF
:10174000235004301028F8D132463B4603CB4B459A
:10175000106051601F4602F10802F6D1AA455346B7
:1017600004F11004D5D1002004B0BDE8F087C258C0
:1017700051F803C082EA0C02E2500433102BF6D178
:10178000224621464046FFF72FFC0028ECD1103DB1
:10179000214604F1100306D01C460023781BE6E71F
:1017A00031465F19F9E754F8042B9C4246F8042BA4
:1017B000F9D1D8E76FF02000D6E76FF02100D3E72A
:1017C000582200210AF00EBD10B1582100F01CBCB7
:1017D0007047000003460020084AC3E900009A60F1
:1017E00002F18832DA6002F12942A2F59612A2F6DD
:1017F0008B621A61A2F188325A61704701234567F2
:101800002DE9F04F4B68A1B001930D938B68D1F88F
:10181000009002930E93CB68D1F814C003930F93FA
:101820000B69D1F81C80049310938B69CDF844C0E8
:10183000059312930B6ACDF83090069314934B6A7C
:10184000CDF84C80079315938B6ADFF800A40893BA
:101850001693CB6A099317934B6B42690A931993BA
:10186000CB6B0F6B0B931B93D0E903B383EA02049A
:1018700004EA0B045440E64B8268D1F838E0134484
:101880004B441C4403690BEB74648BEA0302224053
:1018900041695A40DF4B05690B440199039E0B4493
:1018A000DD491A4404EB32528BEA04032944029DB9
:1018B0001340294483EA0B030B44D84902EBF3336A
:1018C00084EA02051D40594431446540049E0D449C
:1018D00003EBB52582EA03012940B244A2445140FA
:1018E0005144DFF86CA305EB716183EA05040C40F9
:1018F000E24492445C40059E5444DFF858A301EB57
:10190000345485EA01022240B2449A446A40524467
:10191000DFF844A304EBF23281EA04031340C2442B
:10192000AA444B40069E5344DFF830A302EBB32396
:1019300084EA02051D40B2448A446540079E55442E
:10194000DFF81CA303EB756582EA03012940B2446A
:10195000A244089E5140514405EB315183EA0504ED
:10196000A6F5244A0C40AAF14F0A92445C40099E15
:101970005444DFF8F0A201EBF43485EA010222407E
:10198000B2449A446A405244DFF8DCA204EBB2222B
:1019900081EA04031340BA44AA444B400A9E5344CC
:1019A0009F4D02EB736384EA020A0AEA030A354494
:1019B0000D448AEA040AAA449A4D03EB3A5A82EA91
:1019C000030101EA0A017544254451400B9E294454
:1019D000954D0AEBF13183EA0A040C403544154475
:1019E0005C402C4401EBB424019E904A81EA04053A
:1019F00005EA0A0532441A444D40154404EBF565E6
:101A0000059E8B4B84EA05020A40334453446240EE
:101A10001A4405EBF252099EDFF850A285EA020350
:101A20002340B2448A446B40534402EBB343DFF893
:101A300040A282EA03012940CA44A24451405144D1
:101A400003EB3131DFF82CA283EA01041440E244B5
:101A5000AA445C40544401EBF4641897CDF868E064
:101A6000DFF814A2089E81EA04051D40B2449244A6
:101A70004D40554404EBF5550B9EDFF800A284EA77
:101A800005020A40B2449A446240524405EBB24215
:101A9000049EDFF8ECA185EA02032340B2448A44A5
:101AA0006B40534402EB3333079EDFF8D8A182EA40
:101AB00003012940B244A2445140514403EBF16177
:101AC000DFF8C4A183EA01041440F244AA445C4054
:101AD000544401EBF454039EDFF8B0A181EA0405FD
:101AE0001D40B24492444D40554404EBB545069E1A
:101AF000DFF89CA184EA05020A40B2449A4462409D
:101B0000524405EB32320A9EDFF888A185EA0203CF
:101B10002340B2448A446B40534402EBF363029E79
:101B2000DFF874A182EA03012940B244A244514083
:101B3000514403EBF151DFF864A183EA010414403E
:101B4000C244AA445C40544401EBB44481EA040515
:101B50002E46DFF84CA11D40BA449244ACF5B822A1
:101B6000A2F2BE621A4433464D40554404EB35356B
:101B7000069E6B40DFF82CA11A4405EB3273B24489
:101B800084EA05025A408A44099E02EB0A01294A66
:101B900003EB715185EA030A324422448AEA010ABE
:101BA000254C924401EB3A4A83EA01027444019EB7
:101BB0002C4482EA0A02214D22440AEB722281EA75
:101BC0000A04354454401D44049E63191C4C02EB26
:101BD00033738AEA020534440C445D4019492544B4
:101BE00003EB755582EA03044144089E51446C405E
:101BF000DFF8B4A00C4405EB344483EA0501B24499
:101C000092440A9E6140104A514404EB71214DE018
:101C100078A46AD756B7C7E8DB702024EECEBDC1E2
:101C2000937198FD8E4379A62108B44962251EF66A
:101C300040B340C022619D6D0C38E5FD44EABEA46E
:101C4000A9CFDE4B604BBBF6C67E9B28AF0F7CF561
:101C50002AC68747134630A8019546FDD898806963
:101C6000AFF7448BBED75C892211906B515A5E2628
:101C7000AAC7B6E95D102FD65314440281E6A1D855
:101C8000C8FBD3E7E6CDE121D60737C3870DD5F4EE
:101C9000ED145A4505E9E3A9F8A3EFFCD9026F67F3
:101CA0008A4C2A8D81F6718770BCBFBE85EA040A12
:101CB00032441A448AEA010A804B924401EB3A7A90
:101CC00084EA01024B44039E2B4482EA0A027C4DC3
:101CD0001A440AEB725281EA0A0335442544059EF0
:101CE0005340784C2B4402EB33438AEA02053444D8
:101CF0000C44079E5D407449254403EB752582EA38
:101D00000304314451446C40DFF8FCA10C4405EB62
:101D1000347483EA0501BA440B9E924461406B4AD5
:101D2000514404EB715185EA040A32441A44029E7C
:101D30008AEA010A664B924401EB3A4A84EA0102BC
:101D400033442B4482EA0A021A44624D0AEB72229F
:101D500062EA01034D44254483EA0A032B445E4DA5
:101D600002EBB36363EA0A0445440D4454402C4437
:101D70005A4D03EBB45464EA02017544554459408A
:101D80002944DFF888E104EB714161EA0305E64488
:101D9000964465407544DFF878C101EBF52565EAA6
:101DA0000402BC449C444A40039E62444C4F05EBF1
:101DB000B26262EA010337442744089E6B403B4409
:101DC00002EBB353A6F5801663EA0504A6F6833644
:101DD0000E445440019F3444424E03EB744464EA81
:101DE00002013E442E445940069F31443E4E04EBCE
:101DF000F12161EA03053E44164465400B9F3544DA
:101E00003A4E01EBB56565EA04023E441E444A4081
:101E1000059F3244364E05EBB25262EA01033E445E
:101E200026446B400A9F3344324E02EB734363EA0D
:101E300005043E440E445440049F34442E4E03EBAC
:101E4000F42464EA02013E442E445940099F31447F
:101E50002A4E04EBB16161EA03053E446540164435
:101E6000029FAA19264E01EBB25262EA04053E44D3
:101E70004D401E44AB1902EB73431C911F921E93FD
:101E8000204E079F63EA01053E4455402644AC19A5
:101E9000856803EBF4242944816001691D940B4497
:101EA000036143695C441A44C460426150210CA838
:101EB00000F0AAF8002021B0BDE8F08FFA27A1EACF
:101EC0008530EFD4051D880439D0D4D9F87CA21F01
:101ED0006556ACC4442229F497FF2A43A72394AB48
:101EE00092CC0C8FD15D84854F7EA86FE0E62CFEEE
:101EF000144301A3A111084E827E53F735F23ABD77
:101F0000BBD2D72A91D386EBE599DBE639A093FCC7
:101F1000C3595B652DE9F84305460E4614467AB36E
:101F2000036803F03F079B18036022BF4368013337
:101F300043609FB1C7F140094A450FD300F118082B
:101F40004A4608EB07000AF0D3FB41462846FFF754
:101F500057FCB0B93C4407464E44403C264404E09C
:101F60002846FFF74DFC60B9403C3F2CA6EB04012E
:101F7000F6D82CB105F11800224638440AF0B8FB17
:101F80000020BDE8F883F8B50446802203680E46B9
:101F900003F03F03581C382823441A7604F118072D
:101FA00020D80021C0F1380238440AF01BF9D4E9E6
:101FB00000315A0F42EAC102DB0039462046236550
:101FC0006265FFF71DFC054638B9A3683360E36816
:101FD00073602369B3606369F3602046FFF7F4FB25
:101FE0002846F8BDC0F14002002138440AF0FAF852
:101FF00039462046FFF704FC05460028EDD101468E
:1020000038223846D1E7000010B50A46044619B117
:10201000024B00211B68984710BD00BFB0FF0410A1
:102020005C2200210AF0DEB810B15C21FFF7ECBFA2
:102030007047000003460020094AC3E900009A6087
:1020400002F18832DA6002F12942A2F59612A2F674
:102050008B621A61A2F188325A61024A9A61704712
:1020600001234567F0E1D2C32DE9F04F4B68CD68FD
:10207000AFB01BBA07932BBA08930B69D1F800E0F5
:1020800093FA83F84B698E6893FA83FA8B69009010
:102090001BBA0993CB699EFA8EFE1BBA11930B6A89
:1020A00036BA93FA83FB4B6A1BBA0A938B6A1BBA44
:1020B0000B93CB6A1BBA0C930B6B1BBA0D934B6B38
:1020C0001BBA02938B6B1BBA0393CB6B1BBA0493A3
:1020D00083680E93C368019303690E99059343695E
:1020E000019F0F9383690F9A1293059B089D83EAC2
:1020F0000200019B18405040DD4B129A03EBB707DA
:102100001A4402EBF16210440199059A704482EA84
:10211000B1020E992F440A4005990A9D4A400F9931
:102120008EEA060E19440A4407998EEA0B0E0A44F9
:102130000E9902EBF0624FEAB10C01998CEAB104FE
:10214000044084EAB1040599194431440C448CEAF2
:10215000B001114004EBF26481EA0C014FEAB202D3
:10216000394482EAB00727409C4401EBF461C4443F
:1021700082EAB40987EAB007674409EA01090AEB71
:10218000030C07EBF1670CEBB00C4FEAB1010998B7
:1021900089EA0209E14481EAB40C0CEA070C18440C
:1021A00010448CEAB40C119A09EBF769844481EA73
:1021B000B70000EA09001A4402EBB4024840104498
:1021C0004FEAB9020CEBF96C82EAB7040BEB030996
:1021D00004EA0C0484EAB704894400EBFC6004EBD5
:1021E000090182EABC0405EB0309044001EBF0613C
:1021F0000B9D4FEAB00009EBB70954404C4480EA0C
:10220000BC09EF1809EA0109174489EABC090C9ACC
:1022100004EBF164B94480EAB10727401A4409EBA2
:10222000F4690D9D4FEAB40402EBBC024740174429
:1022300084EAB10205EB030C02EA0902029D07EBF6
:10224000F967844482EAB10284EAB9006244384002
:1022500005EB030C02EBF7620CEBB10C4FEAB7078E
:1022600003996040604487EAB90C0CEA020C1944F7
:1022700021448CEAB90C049C00EBF2608C4487EAA0
:10228000B20101401C4404EBB904794021448EEAB8
:1022900005040694069D0CEBF06C03EBF57EBE4442
:1022A000DDE907576F400A9D4FEAB00080EAB204AB
:1022B0006F40039D04EA0C047D4084EAB204744438
:1022C00003EBF57E0EEBB20E0B9A86EA080601EBE5
:1022D000FC6180EABC075640049A0F4056404740D4
:1022E000774403EBF67E86440898079580EA0A0552
:1022F0000C9804EBF164454006984FEAB10185EA79
:10230000F0701090109D4FEAF07007EBF467149096
:1023100081EAB400384003EBF57303EBBC0348409B
:102320001844099B4FEAF67288EA03080D9B139242
:1023300088EA0308079B81EABC0288EAF3730893E2
:10234000089D4C4B224082EABC0203EBF57C8C4496
:102350001199029D724402EBF7628AEA01014FEA89
:10236000B70787EAB409694081EAF67189EA020988
:10237000E14403EBF17C0CEBB40C099C00EBF26044
:1023800084EA0B08039C87EAB20A88EA0408109CD6
:102390008AEA000A88EAF478E24403EBF87C119DAB
:1023A000BC440A9F09EBF06985EA070E049D4FEAD9
:1023B000B0008EEA050E089D4FEAF8748EEAF57EAD
:1023C00003EBFE7715944FEAFE7580EAB20407EB43
:1023D000B2070B9A1195069D84EA09048BEA020262
:1023E0000AEBF96A644482EAF57280EAB90C04EBFC
:1023F000FA6482EAF1728CEA0A0C4FEABA0A03EB39
:10240000F27BBC448AEAB907674083440A9D07EB24
:102410000B000C9F09926F40079D0D9A87EAF57794
:1024200087EAF8750A9503EBF57B0B9D0BEBB90B6F
:1024300085EA020989EAF67686EAFE760CEBF46C08
:102440008AEAB4074FEAF672029D169287EA0C07F1
:102450000C9A5F4403EBF67BD34482EA050A109A98
:1024600000EBFC608AEAF2754FEABC0C099A03E0C3
:102470009979825AA1EBD96E8CEAB40985EAF27592
:1024800089EA000907EBF0678CEAB00AD94403EB4C
:10249000F57B8AEA070A0BEBB40B09EBF7690AEB49
:1024A0000B044FEAF572109204EBF9620C92039C54
:1024B0000D9A4FEAB70782EA040A089A049C8AEA4E
:1024C000F27A0A9A8AEAF27203EBF27B87EAB00A9E
:1024D0000B928AEA090A0C9AE3440AEB0B0C0CEB08
:1024E000F26C029A82EA040A8AEAF17A8AEAF672BD
:1024F00002920C9A87EAB90A8AEA020A029A03EB64
:10250000F27B0C9A0BEBB00BDA4406984FEAB20B55
:10251000039A0AEBFC6A82EAF07484EAF87484EAAB
:10252000F5748BEAB90003EBF4784FEAF47280EAB1
:102530000C00B8440D9200EB0807049A079807EBCB
:10254000FA6782EAF0700B9A80EAFE7080EAF27213
:102550000C924FEAF27217920C9A06988BEABC0E14
:1025600003EBF278139A08EBB9088EEA0A0EC64418
:1025700082EAF078099A4FEABA0A88EAF278029A6F
:10258000079888EAF27203928AEABC0803EBF279B0
:10259000149AD94488EA0708C84482EAF0790A9A6A
:1025A000089889EAF27989EAF4720EEBF76E0492E0
:1025B0008AEAB70903EBF27B139A89EA0E090BEB5F
:1025C000BC0B09EB0B0C82EAF0790C9A89EAF679DC
:1025D00089EAF27908EBFE684FEAF9724FEABE0E1B
:1025E00013928EEAB706149A03EBF97B86EA080683
:1025F000D34406EB0B0A82EAF176039A86EAF57673
:1026000086EAF2764FEAF6721492159A03EBF67B9D
:102610000BEBB70B82EAF0770B9A0CEBF86C87EABE
:10262000F277049A8EEAB80587EAF27285EA0C0519
:1026300006925D4403EBF27B119A0AEBFC6A82EA94
:10264000F1714FEABC0C029A8CEAB807F34481EAB4
:10265000F27187EA0A075F4481EAF97B05EBFA65C4
:102660008CEABA0E03EBFB7101EBB8018EEA050EA2
:10267000159A8E4409990A9882EAF17181EAF474F4
:1026800084EAF6744FEAF4721592119A03EBF47827
:10269000E04482EAF07C0C9A07EBF5678CEAF27072
:1026A000069A4FEAB50580EAF2720C924FEAF2728E
:1026B00011920C9A0EEBF76E85EAB70C03EBF273EE
:1026C00003EBBA038CEA0E0C099A9C44169B85EA2C
:1026D000BA0183EAF272039BD948794082EAF37225
:1026E00082EAFB73414401EBFE6100EBF372154497
:1026F00041EABE020CEBF16C01EABE0802EAB70245
:1027000005EBFC6542EA08022A440793109D0A9BE8
:102710004CEAB10885EAF375049B08EABE0885EA2D
:10272000F37585EAF4730CEAB10548EA050500EB98
:10273000F37808EBB708089305EB0807169B0B9D89
:1027400007EBF26783EAF5780C9B88EAF97888EA68
:10275000F37800EBF87505EBBE0E42EABC0502EA21
:10276000BC0905EAB1054FEAF87345EA09050EEB25
:10277000F76EAE441693029D109B47EAB20983EAB6
:10278000F575079B85EAF67686EAF37609EABC09D1
:1027900007EAB2054FEAF67349EA050500EBF67958
:1027A000109309EBB1090D9B0B994D4483EAF1712C
:1027B000069B05EBFE6581EAF371089B0EEAB709FB
:1027C00081EAF37300EBF37101EBBC0C4EEAB70145
:1027D0000298099301EAB201179B0CEBF56C41EAF0
:1027E0000901614483EAF07C8CEAFB7C944845EA69
:1027F000BE098CEAF87309EAB70905EABE0C49EA92
:102800000C0C00EBF379029309EBB2090D9B039AD0
:10281000CC4483EAF27282EAF47484EAF67400EB40
:10282000F47202EBB70741EAB5020CEBF16C01EA76
:10283000B50902EABE024FEAF47342EA090207EB65
:10284000FC6717440D93179B049A4CEAB10983EA7D
:10285000F2720C9B09EAB50982EAF370099B0CEA53
:10286000B10280EAF3730A934FEAF3730C9374484E
:102870000A9B49EA020200EBF379139B039809EBE8
:10288000BE0983EAF07E079B6D488EEAF37E029BC9
:102890004A448EEAF37300EBF37909EBB50947EA92
:1028A000BC0502EBF7620498039307EABC0E149B85
:1028B00005EAB10545EA0E0509EBF269A94483EA88
:1028C000F075089B5E4885EAF37585EAF47342EA81
:1028D000B70505EABC0502EAB70E45EA0E0E00EBA5
:1028E000F375049305EBB105139B0699AE4483EA97
:1028F000F1710A9B81EAF87888EAF37800EBF871C5
:102900004FEAF873139301EBBC0C149B49EAB20134
:102910000EEBF96E09EAB20501EAB701294383EA31
:10292000FB7A0CEBFE6C039B8C448AEAF67A4EEA47
:10293000B9018AEAF37A01EAB2010EEAB9050D4358
:1029400000EBFA714FEAFA7301EBB70114930D44EF
:10295000159B069905EBFC6583EAF171099B81EAF9
:10296000F371049B81EAF373069300EBF377119BF9
:1029700007EBB2074CEABE020CEABE0102EAB9025A
:1029800083EAFB7B029B0A4307EBF56717448BEA5C
:10299000F37B45EABC028BEAF87B02EABE0205EA59
:1029A000BC01114300EBFB7202EBB902159B114411
:1029B000079A01EBF76183EAF27686EAF47686EA13
:1029C000FA7600EBF67447EAB50204EBBE0402EABD
:1029D000BC0207EAB50E4FEAF67342EA0E0204EBB8
:1029E000F16414441593119B089A41EAB70E83EAE7
:1029F000F2720A9B0EEAB50E82EAF370069B01EAB8
:102A0000B70280EAF3704FEAF07311930C4B4EEA71
:102A1000020203EBF07E0EEBBC0E169B02EB0E0CDB
:102A2000079A0CEBF46C83EAF272039B04EAB10E92
:102A300082EAF37282EAFB73014A079302E000BF65
:102A4000DCBC1B8F02EBF37202EBB50244EAB1056A
:102A500005EAB70545EA0E0502EBFC622A44109B25
:102A6000089D0CEAB40E83EAF575049B85EAF375BC
:102A700085EAF6734CEAB40505EAB10545EA0E0E9F
:102A8000D14D089305EBF37505EBB705169BAE44E6
:102A9000099D0EEBF26E83EAF57585EAF87585EA15
:102AA000F0754FEAF5731693C74B02EABC0803EBC7
:102AB000F57707EBB10742EABC0101EAB40141EA4C
:102AC000080107EBFE670F44109B02994EEAB2091A
:102AD00083EAF171079B81EAFA7181EAF3714FEAA7
:102AE000F1731093B84B09EABC090EEAB20803EB84
:102AF000F17349EA080803EBB4030B9108EB0304F4
:102B000009990D9B4FEABE0A83EAF17306998AEA96
:102B1000B20E83EAF17308998EEA070E83EAF17325
:102B200019460993A94B04EBF76403EBF1780C9970
:102B3000029B08EBBC0881EAF37C8CEAFB7CA3498E
:102B40008CEAF57301EBF37C0A930CEBB20C0D9B52
:102B5000039AC64483EAF2790B9B8AEAB70889EAAA
:102B6000F6790EEBF46E89EAF37988EA04084FEA05
:102B7000B40401EBF972E04484EAB70C4FEAF9734C
:102B800052448CEA0E0C0D9394440C9B049A08EB6F
:102B9000FE6883EAF276099B86EAF07686EAF376A7
:102BA0004FEAF6730C9301EBF670139B039900EB5D
:102BB000B70083EAF177079B049987EAF3770A9BCA
:102BC00084EABE0287EAF3774FEAF7737F4F0293F6
:102BD0001993DF19149B82EA08022744024483EA0E
:102BE000F1744FEAB800089B0CEBF86C80EABE0A5F
:102BF0008AEA0C0A84EAF37484EAF974BA44734FDB
:102C00004FEAF473069903931A93DF19139B02EBAF
:102C1000FC6280EABC0483EAF17807EBBE0754400B
:102C200088EAF5783C4488EAF678684F0AEBF26A5D
:102C30004FEAF8784FEAB202149B82EABC05474497
:102C4000074485EA0A053D4483EAFB770B9B5F490D
:102C500087EAF377029B04EBFA645F404FEAF77769
:102C600082EABA00791801EBBC016040159B084468
:102C70000699DFF858C183EAF171099B05EBF46509
:102C800081EAF371039B4FEAB40459404FEAF171B2
:102C9000119B8C44944483EAFB720A9B84EABA0E2B
:102CA00082EAF37282EA0802DFF820B14FEAF27298
:102CB0008EEA050E00EBF560E644934484EAB50C19
:102CC0000BEBBA0B8CEA000C0EEBF06E159BDC44A0
:102CD0004FEAB00B0798CDF86C8083EAF07A8AEA65
:102CE000F97A8AEA070ADFF8E4904FEAFA731C9748
:102CF0001D911E929944049308981F93119BA1441F
:102D000083EAF07484EAF6744C404FEAF4732F4C73
:102D100007980CEBFE6C069320938BEABE061C19F9
:102D2000169B04EBB50486EA0C06264483EAF0748D
:102D3000029B08985C40109B8BEAB50A83EAF0700E
:102D4000039B5440214D4FEAF4745840049B8AEA97
:102D50000E0A65195D44CA445840DFF870B00AEBAA
:102D6000FC6A4FEAF0734FEABC0C099807938CEAAF
:102D7000BE0922939B44169B89EA0A0906EBFA6670
:102D80000BEBBE0BA94483EAF07E8CEABA05069BE6
:102D900075408EEA080E5D448EEA030EDFF82CB013
:102DA0004FEAFE7E109B0A98F344E34483EAF07CEA
:102DB0008CEA070C8CEA040C4FEAFC77DFF80CC0B5
:102DC00009EBF66904E000BFDCBC1B8FD6C162CA08
:102DD0004FEAB6060D9B099805EBF9652194BC44B2
:102DE00086EAB9040CEBBA0C6C40644483EAF07CCC
:102DF000079B8CEA010C8CEA030C4FEAFC71DFF8AC
:102E00000CC10C9B8C44B44486EABA080A9E88EA3A
:102E1000090883EAF676564086EA0E064FEAF67609
:102E2000269606F14A46D84406F5C50608EBF5682D
:102E300006F583464FEAB50504EBF86485EAB90068
:102E400085EAB802563606EBB90680EA0800624009
:102E50000D9B60443244029E00EBF4604FEAB404E0
:102E6000CDF88CE0249725912D945E40049B02EBD5
:102E7000F0625E407E404FEAF676279606F14A46BB
:102E800006F5C50606F5834656360C9B2E44039D73
:102E900084EAB8075D40069B47405D404D40189569
:102EA0004FEAF575289505F14A4505F5C5054FEA40
:102EB000B00005F5834584EA00015635514037449A
:102EC00005EBB80507EBF2674B190E9903EBF763B7
:102ED00029930B4400992A978B60019B4FEAB20219
:102EE0001F44059B2B921A440F9B2C901844129B55
:102EF000CF601C440A6148618C6118A85821FFF713
:102F000083F800202FB0BDE8F08F00BFD6C162CAA1
:102F10002DE9F84305460E4614467AB3036803F0DC
:102F20003F079B18036022BF4368013343609FB192
:102F3000C7F140094A450FD300F11C084A4608EB87
:102F4000070009F0D5FB41462846FFF78DF8B0B9D8
:102F50003C4407464E44403C264404E02846FFF7E4
:102F600083F860B9403C3F2CA6EB0401F6D82CB1A5
:102F700005F11C002246384409F0BAFB0020BDE8E8
:102F8000F883F8B50446802203680E4603F03F0339
:102F9000581C382823441A7704F11C0729D800212B
:102FA000C0F13802384409F01DF9D4E900315A0F54
:102FB00042EAC102DB0012BA1BBA394620466265FA
:102FC000A365FFF751F8054670B9A3681BBA3360D3
:102FD000E3681BBA736023691BBAB36063691BBAE9
:102FE000F360A3691BBA33612046FFF71DF828463A
:102FF000F8BDC0F140020021384409F0F3F8394629
:103000002046FFF731F805460028EDD10146382269
:103010003846C8E76C22002109F0E4B810B16C21F1
:10302000FEF7F2BF70470000012903462DE9F04189
:1030300043D8234A002918BF9046224A224F18BF7E
:10304000964602F1794202F5740202F5016218BF58
:1030500094461E4A1E4818BF17461E4A1E4E18BFE9
:10306000164602F1D14208BF804602F5C0121B4845
:1030700002F51E6208BF8646194D1A4818BF15464C
:10308000194A08BF8446194C194818BF1446A2F1C2
:103090001162A2F50C22A2F28E2218BF0246002075
:1030A000C3E9128EC3E91000C3E914C7C3E916656A
:1030B000C3E918429966BDE8F0816FF07300FAE742
:1030C000D89E05C107D57C363AF54FA539590EF77C
:1030D00067E6096A310BC0FF7F520E5185AE67BBB0
:1030E0008C68059B72F36E3CA78FF964ABD9831F84
:1030F000A44FFABE03462DE9F04FCFB000900391E4
:10310000483346AD00F168062A4618685968083306
:1031100003C2B3421546F7D1DDE94883DDE94B969A
:10312000DDE946154FF0000C01933D4BDDF834B15D
:103130004A9804AA0293BCF10F0F5AD8039B53F884
:103140002C301BBA4FEAF02E86EA0907029C8EEA61
:10315000B01E07408EEA706E7740774454F804EB57
:10316000936077443B4445EA010E4FEA713702947D
:1031700087EAB107019C0EEA080E05EA010A5B44E2
:103180004EEA0A0E87EAB1570CF1010C77441C4451
:10319000BCF1400FA646B3463B4402F10402CDF811
:1031A00004801FD1CDE94631CDE90437CDE94A404D
:1031B000009B009CCDE94C96CDE94858443345A985
:1031C000643453F8042F51F8040F9C4202441A60EF
:1031D000F7D104A84FF49471FEF716FF00204FB00A
:1031E000BDE8F08FA8464E460D468146194670460A
:1031F000A1E7136852F834AC4FEAF34E8EEA734EEF
:1032000052F8387C8EEA932E52F8143C3B444FEA35
:10321000BA4787EAFA17734487EADA073B4491E72B
:10322000B4FF04102DE9F04105460E4614467AB36A
:10323000036C03F03F079B18036422BF436C013308
:10324000436487B1C7F1400842451CD34246384425
:1032500009F04EFA29462846FFF74CFFC8B9274423
:103260004644A7F140043F2C0BD900272846F1190A
:10327000FFF740FF78B94037E31B3F2BF6D81C46D9
:103280003E442CB1002722463146E81909F030FAB5
:103290000020BDE8F0814FF0FF30FAE770B50D4631
:1032A0008021036C044603F03F035A1C382AC154A2
:1032B000104433D80021C2F1380208F093FFD4E95A
:1032C00010315A0F42EAC102DB0012BA1BBA214682
:1032D0002046A263E363FFF70DFF0646C8B9A36C5F
:1032E0001BBA2B60E36C1BBA6B60236D1BBAAB601F
:1032F000636D1BBAEB60A36D1BBA2B61E36D1BBA48
:103300006B61236E1BBAAB61A36E13B9636E1BBAFC
:10331000EB612046FFF782FE304670BD0021C2F10E
:10332000400208F05FFF21462046FFF7E3FE064615
:103330000028EED1014638222046BEE738B50D46BA
:10334000DBF75EFD04462846DBF75AFDC1B2E0B26A
:1033500000F078F800280CBF0E201E2038BD70B594
:103360000D461646DBF74CFD04462846DBF748FDC4
:1033700005463046DBF744FDE9B2C2B2E0B200F0E8
:1033800053F800280CBF0E201E2070BD08B500F0B9
:1033900025F8062008BD10B558B900F061F80446BC
:1033A000012000F05DF814B108B11E2010BD0E2000
:1033B000FCE70868DBF724FDC0B200F051F8F3E742
:1033C00008B5044800F086F8BDE80840024800F05F
:1033D00081B800BFEC2500201824002008B5FFF7B5
:1033E000EFFF262000F036FB26234FF0010242ECCF
:1033F00044304FF47A741D4601F0B2F981B14FF4B4
:103400007A72002309F020FBB0FBF4F304FB1300F5
:10341000B0F5FA7F2CBF0020012040EC4050EBE7D4
:10342000B0FBF4F0F0E70000012804D80CBF03481B
:10343000034800F089B90020704700BFEC25002048
:1034400018240020012804D80CBF0348034800F0CA
:1034500081B90020704700BFEC250020182400200F
:10346000012804D80CBF0348034800F031B90020FC
:10347000704700BFEC2500201824002008B500216B
:10348000044800F015F8BDE808400121024800F0AA
:103490000FB800BF18240020EC250020034B03EADE
:1034A000403040F4FC0040F019007047F1E07FFC30
:1034B0003022A0F8B821064A80F8C011C0F8C42113
:1034C000090100F1300280F8C111C0F8BC21704739
:1034D000000020502DE9F04F90F8C051044689B00B
:1034E000002D00F0DF8010254FF00006284600F088
:1034F000B1FA46EC4450002228461146013500F04E
:103500004BFA182DF2D16F4E3368013305D16E4955
:10351000D4F8C40102F015F830600121D4F8C401D8
:1035200001F0BEFF4FF4803303934FF44023054670
:103530004FF0000AD6F8008094F8C191D4F8C47115
:10354000059308F10A024FEAC81343EA02330493D1
:1035500007F12F414FEA191363F01F0301F56001D2
:1035600007930E0D09F01F0343F400030636C4F859
:10357000C8010693F6B209EB0A0B0BF01F0B31469C
:10358000584600F0E3F90AF1010A0321584600F019
:1035900033FABAF1080FEED10126294653464A46BE
:1035A0003846009602F0BAF829464246384603AB40
:1035B00002F0F3F83B6806FA05F51D433D6030461E
:1035C00001F0A2FCC4F8CC01FFF768FFD4F8C431C5
:1035D000D4F8C82103F12F4303F560031B0D20F439
:1035E000FC0002EBC30220F0FC0040EA42453046FA
:1035F00001F08AFCC4F8D0010246FFF74FFFD4F86F
:10360000C83125F4F035191DD4F8C43145EA4235E6
:1036100003EB810CD4F8CC31D4F8BC119B0103F13D
:10362000A047396031213B46C7F804C045F0180572
:10363000B96020F0FC0091013D6101F1A04140F032
:10364000080004F5DE753C330D604B608E60086148
:1036500094F8C0311D4903EB430301EB43110846C5
:1036600004F12C0304F1EC0530F8026B43F8046F0D
:103670009D42F9D10020234643F8F00F04F5D8709D
:1036800031F8025B43F8045F8342F9D10023C4F8A8
:10369000B431012393404FF0A042C2F8503409B036
:1036A000BDE8F08F2E46284600F0D4F946EC445091
:1036B000002228461146013500F06EF9082DF2D19E
:1036C00021E700BF20170020D801051018010510C0
:1036D0002DE9F04390F8B9314CF63432013303F060
:1036E00001073E464FF005084FF0000E90F8B81164
:1036F00043F30003514303F0C40202F12C04451EBE
:10370000044400F12F0C15F8013F54F8049F13FBFB
:1037100003F39B00B3FBF8F31FFA89F949EA03436B
:10372000AC45236085F800E0EDD1C42303FB070717
:1037300009023032C7F8F010024480F8B961C0F8CD
:10374000BC210120BDE8F08330299ABF42540120FA
:103750000020704719B180F8B81101207047084661
:10376000704700000123084A136002F5805213607D
:10377000A2F540529368D907FCD50122034B1A6089
:103780001A68D205FCD570470020024000000A40AC
:103790000FB407B5049C074806F086FF3CB105A9A5
:1037A0002046019106F088FE034806F07DFF0120C7
:1037B00006F098FE840E0410C3020410EFF310808C
:1037C00072B6064BD3E8CF1F01220029FAD1C3E815
:1037D000412F0029F6D1BFF35F8F70479F2C002047
:1037E0000023034AC2E88F3F80F31088704700BF70
:1037F0009F2C0020CB08C25C012301F007018B4005
:103800001A4214BF012000207047F8B505460C4647
:103810001746FFF7D3FF214606462846FFF7EAFF83
:1038200018B121463846FFF7B3FF0123E208A95C2F
:1038300004F00704A3400B43AB543046BDE8F84006
:10384000FFF7CEBF2DE9F04105460E4614469846D7
:10385000FFF7B4FF0746444502D94FF0FF340CE0B0
:1038600021462846FFF7C6FF80B90123E20804F08D
:1038700007018B40A95C0B43AB543846FFF7B0FF00
:10388000002C05DA26B10698FFF782FF0134E2E743
:103890002046BDE8F08138B50C460546FFF78EFF9F
:1038A0000122E1086B5C04F00704A24023EA020352
:1038B0006B54BDE83840FFF793BF0000044A10780E
:1038C000431CDBB2182B28BF10231370704700BFB6
:1038D0002417002007B5054B0146009318221F232B
:1038E0000348FFF7AFFF03B05DF804FB940E04102C
:1038F000C81F00204FF0E022936843F0005393600C
:103900007047000000231A4603481918C1E88F2F9A
:103910000133202BF9D17047942C002030B5C40816
:1039200000F0070080008140074804F18C0540F852
:10393000251003EB84031AB103F50053196030BD61
:1039400003F54053FAE700BF008002400C4B10B56E
:1039500003EB800253F8203002F5805483F04003DB
:1039600003F0C00323604FF48073C00000F1804077
:1039700000F5203002F540524160136010BD00BFD9
:1039800004800340C00000F1804000F52030406812
:1039900000F01F007047000010B5074CC90004EB91
:1039A000800354F8200041EA8201414001F00C01FB
:1039B00003F58053196010BD04800340C00000F17E
:1039C0008040043000F520331B6800F5243083EA82
:1039D000014303F4403303607047C00000F18040AE
:1039E000043000F520331B6800F5243083EA0133EE
:1039F00003F4405303607047064B03EB800253F817
:103A0000203002F5805283EA011303F03003136083
:103A1000704700BF048003404FF0504330B41D682E
:103A2000034C044B002D18BF234630BCFFF776BF74
:103A30009082024048820240054B03EB8000402305
:103A400019B100F500500360704700F54050FAE7E7
:103A5000048003404FF0000242EC440042EC40007E
:103A60000521FFF773BF0000064B10309B6843F839
:103A70002010BFF35F8F00230349C1E88F3F82F31B
:103A80001088704700ED00E09D2C00204FF0803042
:103A9000044B054A1946043393420860FAD162B6D2
:103AA000704700BF00E400E034E400E00122430975
:103AB00000F01F00824041B19B0003F1604303F519
:103AC0006143C3F880211A6070470249203341F8EE
:103AD0002320704700E100E0064B420953F8222002
:103AE000012300F01F008340134214BF0120002077
:103AF000704700BF00E100E0024B10309B6853F8B4
:103B00002000704700ED00E008B5FFF7F5FF034B1C
:103B1000C01A5F288CBF0020012008BD2817002094
:103B200070B505460C46EFF3108672B60D4BD3E820
:103B3000CF1F01220029FAD1C3E8412F0029F6D175
:103B4000BFF35F8FFFF7D8FF074B984203D0A04227
:103B500001D002F067FB324621462846BDE870409E
:103B6000FFF782BF9D2C00201101001010B5EFF36C
:103B7000108172B60E4AD2E8CF4F0123002CFAD141
:103B8000C2E8443F002CF6D1BFF35F8FFFF7B4FFCC
:103B90000023C2E88F3F81F31088064A904205D087
:103BA000054BC31A5F2B98BF002010BD1846FCE7D9
:103BB0009D2C002011010010281700202DE9F74F3F
:103BC00080468A469146EFF3108372B60193654BA7
:103BD000D3E8CF1F01220029FAD1C3E8412F0029E1
:103BE000F6D1BFF35F8FDFF894B19BF90030002B63
:103BF00001DA02F017FB0C239BF900605A4D08F123
:103C0000100203FB06539B7906EB46048BF8003049
:103C1000564BA7009B6805EB840453F822104B1BFE
:103C20005F2B22D9524B994201D002F0FBFA0C23B0
:103C30004FF421417343EA18E9524E4B02372F44A7
:103C4000043BDB1BC3F34A036FEAC3436FEAD3436E
:103C500053804BF601539380FF2382F807909371B2
:103C6000C2F808A044F001013EE021F00100034643
:103C7000002293F807C0CC453DD8DFF804C1002AE4
:103C800048D092F906E002F1040BBEF1000F3EDBD2
:103C90006FF007009388C01B5B0542BF03F5FF135D
:103CA00003F5FF531F335B1502330BEB4303401B3C
:103CB0000344C3F34A0343F46043043CA4EB0B0402
:103CC000C4F34A046FEAC4440C206FEAD44470433E
:103CD000948096712A1845F800C0938082F806E017
:103CE00082F80790C2F808A04046019A03B0BDE8E8
:103CF000F04FFFF7B9BE93F90620002A05DB02EB6F
:103D0000420C1A4605EB8C03B3E71A46B5E74BF6AF
:103D10000153D2E74AF6AA2203465B1B5B415A4392
:103D2000120D0C235E434FF42143AB53114BA919E1
:103D3000BE1C2E44043B9B1B0F4EC3F34A0333436C
:103D40004B806FF00703DB1B5B1B0344C3F34A0389
:103D500033438B808A7181F80790C1F808A0C0F8BE
:103D600000C07FE79D2C00202817002000ED00E018
:103D7000110100108817002000E0FFFFD72D002060
:103D8000014880472DE9F84F04468946EFF3108635
:103D900072B6534BD3E8CF1F01220029FAD1C3E8F2
:103DA000412F0029F6D1BFF35F8F4E4B00F1100B6E
:103DB0009B6853F82B704C4B9F4274D04F4500F0DA
:103DC0008D80DFF83481A7EB08035F2B6BD8FFF7FA
:103DD00083FE002105462046FFF768FEBFF35F8F94
:103DE000EFF30583DBB29A461BB19B4501D002F08D
:103DF00019FA002127F001039A6893F9060091450A
:103E000017D100281DDABAF1000F58D1002954D07B
:103E1000FF228A714BF601528A80344940460A7863
:103E20009A714AF6AA221B1A5B415A43120D0A7074
:103E300035E0002833DB00EB4000194608EB800337
:103E4000DAE70C2101FB00818A689A60CA79DA718D
:103E500091F90620002A9A712CDB8A884FF0040C15
:103E6000520542BF02F5FF1202F5FF521F325215F2
:103E7000911C0C2212FB00C202EB41026FF0070101
:103E80004244C91A0A44C2F34A0242F460429A8088
:103E90000C23164A03FB0083117810709971294690
:103EA0002046FFF703FE324639462046BDE8F84F6C
:103EB000FFF7DABD4BF60152E9E70B4FADE70C4ACD
:103EC000D21A083AC2F30A316FEA01516FEA11516E
:103ED0009980084941EA5202DA80E0E71F46E2E7AA
:103EE0009D2C002000ED00E011010010D72D0020D6
:103EF0009217002000F8FFFF28170020F0B5EFF31D
:103F00000586F6B2EFF3108772B6214CD4E8CF2FB6
:103F10000123002AFAD1C4E8423F002AF6D1BFF3B8
:103F20005F8F4AF6AA2301461A4A891A49414B4330
:103F30001B0D59B2184B40F00105D3F808C05CF8CE
:103F400026C0AC4525460DD19B68144A43F826206F
:103F5000134B1A78197082710023C5E88F3F87F3DD
:103F60001088F0BD1446002394F906608E4208D1F3
:103F70000C2404FB0323FF229A714BF601529A8012
:103F8000E6E70133082B04F10C04EDD1E0E700BFB4
:103F90009D2C00202817002000ED00E011010010EA
:103FA000D72D0020014B0B4403607047942C002058
:103FB00010B50446FFF782FC01462046FFF7F2FFEA
:103FC000FF232371BFF35F8F10BD10B50446FFF7C9
:103FD00075FC01462046FFF7E5FFFF23A380BFF3F2
:103FE0005F8F10BD38B50848084DA84200D338BDD2
:103FF000044654F8083B1BB1FFF7E7FF2046F4E7FF
:10400000FFF7D6FFFAE700BFEC1700201C180020CE
:1040100010B504460120FFF75DFC034B0344236009
:10402000BFF35F8F10BD00BF942C00200D4B10B567
:104030001A68EFF3108172B6D2E8CF4F0120002C3E
:10404000FAD1C2E8440F002CF6D1BFF35F8F1A6893
:104050000023C2E88F3F81F3108840BF0020002179
:1040600010BD00BFE02B00202DE9F04F2DED028B9D
:1040700085B0EFF30582D2B2A34B103A9108A34D5D
:1040800018BF1D46E81A434202F00302434102EB07
:10409000830301929E4A9FED9A8B52F8234001239D
:1040A000019A93400093009A05F541535A60B4F980
:1040B0000860009B002EEB6353DB676906EB460844
:1040C000284607EBC80BDBE9029A00F01FFB4845C6
:1040D00071EB0A0145DBBAF1000F71DBDBE904315A
:1040E0008C4A934256D108460B69029198470028A2
:1040F00066D00299D1E9002352EA030160D0002B77
:1041000053DAB9EB02006AEB030137F93830CBE937
:104110000201002B25DBD4F8149003EB430209EBDA
:10412000C202D2E902C2604571EB020219DBA44669
:104130002CF8083F03EB430A09EBCA0EDEF80C200B
:104140000292DEF808209042029A71EB020204DB30
:1041500039F93A30F446002BECDA27F83830ACF86D
:104160000060A388190448D5A37943B10023A37143
:10417000B4F9083004F108065A1C40F08180B4F903
:104180000830002B80F2978040BF05B0BDEC028B59
:10419000BDE8F08FBBF80220B4F9080092B242EA01
:1041A0000040984702460B46A6E72846CDE9022381
:1041B00000F0ACFA029A039B801843EB0101A4E7DC
:1041C00037F8383023812369EFF3108272B6D3E8D1
:1041D000CF0F01210028FAD1C3E8401F0028F6D1F3
:1041E000BFF35F8F6388002127F83830236966802A
:1041F000C3E88F1F82F31088B3E72369EFF31081C0
:1042000072B6D3E8CF0F01220028FAD1C3E8402FBD
:104210000028F6D1BFF35F8F4FF6FF72A38800200E
:10422000A2801BB22269C2E88F0F81F3108804F1CB
:104230000809002B98DBCE46626903EB430002EBD2
:10424000C001D1E902B7B4F9081000290DDB01EB78
:10425000410802EBC80CDCF80C600296DCF8086040
:10426000B345029E77EB060606DAAEF8003032F967
:10427000303022F83010DCE7E64632F93810E4E757
:10428000616903EB430001EBC002B2F802C031F9EF
:1042900030701CF4004F0CD0B4F908C082ED028BD2
:1042A0009C4504D03780228921F8302023813B4669
:1042B00062E71646FBE7626903EB430302EBC303C5
:1042C000D3E90267B7F1FF3F08BFB6F1FF3F0DD05A
:1042D000019BA96A05EB83021369701A5B1A984265
:1042E00003D32B6A00990B4200D11661284600F0D7
:1042F0000DFAB042B941BFF6DAAE45E7AFF3008040
:10430000FFFFFFFFFFFFFFFF00800B4000000B409F
:10431000942B002069400310F8B504461646C1608E
:104320001F460D46FFF7CAFA4FF05042267012683A
:10433000184B62704FF6FF7203442361BBB2638176
:10434000013B2281A280638000221823BA4218D147
:10435000114F1249EB1B5F425F41114B06EB870780
:1043600043F82740012404FA06F638462E62FFF788
:10437000D7FB05F5015521463846FFF797FB2E6020
:10438000F8BD03FB02F1606902F1FF3C20F801C0B7
:104390000132DBE7942C002000800B4069400310C1
:1043A000942B002010B5094C23694BB90321084810
:1043B00000F08EF91023032220460549FFF7ACFFD9
:1043C000BDE810400A210348FFF7ECBDA01700200C
:1043D00000000B40E02B0020074A536A994206D8A0
:1043E000926A824205D2C81A18BF01207047002085
:1043F00070470120704700BF00000B400048704725
:10440000A01700200146F0B50069EFF3108E72B6D8
:10441000D0E8CF5F0124002DFAD1C0E8454F002D30
:10442000F6D1BFF35F8FB1F902504E6905EB450439
:104430004FEAC40C002DA8BF36F80C004FF000075F
:10444000A8BF488006EBC4040869C0E88F7F8EF3DC
:104450001088BD4231DB0598C4E90223206106982B
:104460000B69606160880130C0F30E00012838BF1D
:104470000120608040EA0540EFF3108272B6D3E875
:10448000CFEF0124BEF1000FF9D1C3E84E4FBEF1CA
:10449000000FF4D1BFF35F8F8B8826F80C308D802E
:1044A0000B69C3E88F7F82F3108801220B789A4052
:1044B000CB6803F501535A60F0BD4FF0FF30FBE7C6
:1044C0002DE9F0479DF828700646DDE90889154674
:1044D0001C4647B12A4623463046CDE90889BDE847
:1044E000F047FFF78FBF00F03BF9854264EB010115
:1044F0000029EFDA3846BDE8F0870346408970B5F9
:10450000B0EB214F4FEA214201DC002070BD18249E
:10451000586904FB02001A69EFF3108472B6D2E8FE
:10452000CF6F0125002EFAD1C2E8465F002EF6D1EA
:10453000BFF35F8F428889B292B28A4214D142F4AB
:10454000004242800120987100221969C1E88F2F32
:1045500084F310880028D8D001221978DB688A40BB
:1045600003F501535A60D1E70020EDE72DE9F04350
:1045700004460D4685B0EFF30587FFB227B105B0BD
:10458000BDE8F043FFF728BF174ED6F80C9096F819
:104590000080484600F0BAF808F1040859F82830BD
:1045A000221AA3EB000365EB01019A4271F10001AD
:1045B00003DB20BF20462946E1E70C4B3046009341
:1045C00022462B46CDE90177FFF77AFF061E2946E2
:1045D0002046D4DDFFF700FF00B920BF3146024876
:1045E000FFF78BFFE6E700BFA01700202D40031068
:1045F000084AD0E90010536A984206D8926A8A4263
:1046000005D2C01A18BF0120704700207047012052
:10461000704700BF00000B40C0E90023004870470E
:10462000F14503102DE9F041EFF30580C0B22249B6
:10463000A0F110029208214B00F0030018BF0B46B6
:10464000EFF3108C72B61E4DD5E8CF4F0121002C30
:10465000FAD1C5E8441F002CF6D1BFF35F8F0121CA
:10466000184E814003F54154D9636160B45C24FA6B
:1046700000F7FF071CD5DFF854E000EB8207D3F802
:1046800024805EF827E0F0450ED30F4B24EA0104A6
:1046900053F82730B4540022C5E88F2F8CF31088CC
:1046A00043B1BDE8F041184703EB80031A691A6172
:1046B0000023F0E7BDE8F08100800B4000000B40D4
:1046C0009E2C0020FD2F0020A01E0020E82B0020A3
:1046D00010B4054B054C064AA04214BF1846581C9E
:1046E0005DF8044BFFF791B8D02D002000800B40FF
:1046F000AF0E041001460148FFF7EABF00000B406F
:1047000001460148FFF7C7B8D02D00200346416A93
:104710000A46986A596A8A42FAD17047416A9942B0
:10472000FCD3994202D1816A914200D37047416A19
:10473000F7E72DE9F04116461D460446FFF7E6FF70
:10474000821951EB05034FF0000728BF012717B16D
:104750004FF0FF3213462046BDE8F041FFF7DEBFC1
:104760000148FFF7D3BF00BF00000B4002460B46D5
:104770000148FFF7DEBF00BF00000B402DE9F84FF6
:10478000264B1546C21A5342534106468B464FEA02
:10479000830801EB8304EFF3108A72B6204FD7E849
:1047A000CF1F01220029FAD1C7E8412F0029F6D1F5
:1047B000BFF35F8FDFF87490E5B12046FFF79CF9F7
:1047C000184981420CD02046FFF7AAF90121204662
:1047D000FFF76CF9012306F5015603FA0BF333607A
:1047E000D84449F828500023C7E88F3F8AF310883F
:1047F000BDE8F88F01210C4801FA0BF1C25C49F8C1
:10480000245022EA0102C25406492046FFF7BAFAB0
:1048100029462046FFF74AF9E5E700BF00800B4034
:104820009E2C002025460310FD2F0020A01E0020F6
:104830000A4601460148FFF7A1BF00BF00000B4038
:104840002DE9F04F85B09146984605460C46FFF796
:104850005DFF484571EB080151D22A4EAB1B5E4209
:104860005E41EFF3108372B627490193D1E8CF2F51
:104870000123002AFAD1C1E8423F002AF6D1BFF352
:104880005F8F4FF0010A201D0AFA04F71F4BEF63F8
:1048900045F820901E489A5D04EB860440F8248079
:1048A000286A42EA070B5FFA8BFB074203F806B05F
:1048B00002910AD100200023029AC2E88F3F019B97
:1048C00083F3108805B0BDE8F08F28460392FFF708
:1048D0001DFF484571EB0801ECD3039A5A450CD0F3
:1048E000600904F01F040AFA04F1084B094C603017
:1048F0002F62EF6344F820109A550120DBE7012076
:10490000E0E700BF00800B409E2C0020FD2F002020
:10491000E82B002000E100E001460148FFF790BFCE
:1049200000000B4030B5EFF3108572B60F4AD2E8A5
:10493000CF4F0123002CFAD1C2E8443F002CF6D11E
:10494000BFF35F8F012303FA01F1094B094CC31A2E
:10495000016258425841235C23EA01032354002397
:10496000C2E88F3F85F3108830BD00BF9E2C002029
:1049700000800B40FD2F002001460148FFF7D2BF09
:1049800000000B4070B5EFF3108672B60F4CD4E800
:10499000CF2F0123002AFAD1C4E8423F002AF6D1E2
:1049A000BFF35F8F0A4A0B4D831A5A425A410123C3
:1049B00003FA01F1AB5C0B43AB540023C4E88F3F17
:1049C00086F3108800F50150416070BD9E2C0020D8
:1049D00000800B40FD2F002001460148FFF7D2BFA9
:1049E00000000B404FF47A72036810B5A3FB02314C
:1049F000446802FB04118268034892FBF0F2D0186D
:104A000041EBE27110BD00BF40420F0010B5002322
:104A100014464FF47A7208F01FF8034BC4E9000102
:104A20005A43A26010BD00BF40420F000021044B5A
:104A3000044ABFF35F8F43F8041B9342F9D17047D8
:104A40000C080E402C080E40FFF7F0BFF0B50C2408
:104A5000444304F1804404F58034059E9446626822
:104A6000071FB242FFB238BF6660012F04F5405203
:104A700024D8012922D103251560A268D207FCD5CC
:104A8000226804F5805582EA4C1202F0E002012F00
:104A90002A6009D822684A4002F003022A600122F3
:104AA0008A40A1681142FCD04FF4006104F5005225
:104AB00011600B4A666042F82030F0BD4FF400658B
:104AC0001560074D55F82020002AD9D06D69B5FB37
:104AD000F2F5013505EB4505033DFDD2D0E700BFFA
:104AE000CC1F00200C234FF40062434303F18043AA
:104AF00003F598331A600022014B43F820207047D9
:104B0000CC1F00202DE9F74390460A9A06469A42A8
:104B10000F461ED81C0C1D0428460023214607F012
:104B200093FF02460B4669B123464FF00009304619
:104B300042463946CDF80090FFF788FF012003B0C8
:104B4000BDE8F08381462146284607F07DFF0346F5
:104B5000EDE70020F3E713B54FF480340094FFF73E
:104B600075FF02B010BD0000014B53F820007047E4
:104B7000CC1F0020F7B5164601220D460446124F01
:104B800011463B460520FFF7E6FF2B4675432246BC
:104B900001210E48009600F051F8B4FBF5F4002214
:104BA000022104200A4BFFF7D6FF234600220121F1
:104BB0000520FFF7D0FF3B4602220021062003B06C
:104BC000BDE8F040FFF7C7BF006CDC020000054005
:104BD000001BB7002DE9F0434FF4A07542F6E06EDC
:104BE000DFF854800EFB05FCACF53724A4F5D8742F
:104BF00044451AD80724264604FB04F7BCFBF7F902
:104C000081450CD107FB10C9B9F1000F07D1094844
:104C100068430860012014601E60BDE8F083013E17
:104C2000A7EB0407EAD1013CE5D1013D0F2DD9D115
:104C30000020F2E7001BB70050F80C0070B51D4CC7
:104C4000B4FBF1F4B2FBF4F2049C240344EA034302
:104C50000468002C0EDA046804F03F048C4209D189
:104C60008468C4F30B04944204D1C46804F4EE24B1
:104C70009C421DD0104D0124A84214BF0E250F25C3
:104C8000AC400E4D0E4E2C6005F580552C60B5687D
:104C900034EA0505FBD101602121826000F5405214
:104CA0000432116001680029FCDAC3600823136034
:104CB00070BD00BF001BB70000800540002002400F
:104CC000000002402D23436070470000024B1A6829
:104CD000024B5A60704700BFC027002000800D4083
:104CE0004FF08043114A10B5114C136003F5D033D7
:104CF0009C604FF0E06403F5402329B11C6028B9A3
:104D00004FF000421A6010BD1460F8E74FF47A7358
:104D10006FF07F425843074B904294BF18601A606F
:104D2000FFF7D4FF4FF08042034BEBE700B00D409C
:104D3000F3FFFF01C027002000A00D40024B034AF3
:104D4000DA61FFF7CDBF00BF00800D402131B76AA7
:104D500010B403464FF0804410460A4A146004F52C
:104D600058246BB1084A43F00103E261074A5A40F4
:104D700022626162A36200215DF8044BFFF7B0BFBD
:104D8000E361F8E700B00D40D3C007B02D3FF84F06
:104D90007FB5134B9B681BB9002007B05DF804FB7F
:104DA0000023DB8A002242E800F2520254BF1021A5
:104DB000042145F24730984740220346052101A8C7
:104DC0009847052809D1019B402BE5D10298C0F3F3
:104DD0000620B0FA80F04009DFE76FF00F00F8E737
:104DE00000800D400C235843012300F1804000F562
:104DF0008410416003607047002370B5DB8A05466C
:104E00000E46002242E800F2520254BF1021042153
:104E100044F252209847044633462A46A446BDE849
:104E200070400A214FF4817060470023DB8A002222
:104E300042E800F2520254BF10210421184708B57D
:104E40000346084619462BB193FAA3F1B1FA81F152
:104E500040F02000FFF7D0FF002330B5DB8A044686
:104E600087B0002242E800F2520254BF1021042110
:104E700045F24730984710220346052101A898477C
:104E800005280ED1234602AD06AC2A4603CAA2422B
:104E900018605960154603F10803F6D1012007B0E8
:104EA00030BD0020FBE70000034AD2F82838002B71
:104EB000FBD0BFF35F8F704700000E404FF42A62B3
:104EC000054B06491A604FF43C62DA60044A1160EF
:104ED0005A68002AFCDA70470080044000B0FA00EB
:104EE00000A00440034B044A9A605A68002AFCDA86
:104EF000704700BF00800440616D6F630146014848
:104F0000FEF7C9BC3A2C002007B5054B01460093BB
:104F100000220F230348FEF795FC03B05DF804FB65
:104F2000D10E04103A2C002001460148FEF762BC65
:104F30003A2C00200146024A0248FEF766BC00BF38
:104F4000EF0E0410B42C002001460148FEF7A3BC6C
:104F5000B42C002007B5054B014600930022032323
:104F60000348FEF76FFC03B05DF804FB0F0F04105D
:104F7000B42C002001460148FEF73CBCB42C0020B4
:104F80002DE9F04F002485B0CDE90032012207461B
:104F9000A146254603689DF838A0DC665960DA66AC
:104FA000009BDDF83C8003F1FF3B8AEA0203029399
:104FB000009B9C4205DB204687F804A005B0BDE8B5
:104FC000F08FB8F1000F02D001211098C047002CDB
:104FD0003AD13A79029BA34508BF1846019B4FEA94
:104FE000822618BF00201A5D396832432E460025FC
:104FF00042EA40220A61B8F1000F05D00021109862
:10500000C04706460543EDB256BB3A68516BC90628
:10501000F1D5D2F88090B9F1000F17D00125526D6B
:105020002A46B8F1000F08D0039200211098C0471B
:10503000039A05460243D2B288B93968486B8305A2
:10504000EFD51546096E0BE00022C3E7002DE7D12E
:10505000A34502D1BAF1000FE2D00134A8E7064619
:1050600085B93546F9E7B9F1000F08D019F0010FFD
:1050700005D119F0080F08BF4FF0FF349BE74FF040
:10508000FF3498E7002EEED06FF0010493E72DE98E
:10509000F84F1E46174600240122054603689DF876
:1050A0002880DDF82CB0DC6606F1FF3A5960DA663C
:1050B000B44204DB204685F80480BDE8F88FBBF1DC
:1050C000000F02D001210C98D8472B685A6F102A84
:1050D000FCD04CBB2979A24518BF00224FEA8121A0
:1050E00008BF88F0010241EA422141F48071196150
:1050F0002A68D2F88030536B13F0400316D0536DFA
:10510000BBF1000F17D04FF0010900210C98D847D0
:1051100090B9B9F1000F0FD12B689A6F002AE7D030
:105120001B693B550134C3E70021D4E7BBF1000FF5
:10513000F2D09946E9E75846C443BBE72DE9F04170
:10514000064605208846FFF70FFD002100EB5804B6
:10515000B4FBF8F41A4B04EB4405984594BF194A84
:10516000194A43000344B3FBF2F332684F2DD16672
:10517000116802F5805681F0040101F006014FF03C
:105180000507316088BF5021B5FBF7F78CBFB5FB31
:10519000F1F501251146A4EB070CC2F81CC01762FB
:1051A000C2F8A05051F87C5F01336B409BB201F50F
:1051B00080510B600123B0FBF4F0D366BDE8F081B1
:1051C0003F420F008096980040787D01104B0122ED
:1051D000984214BF052304239A400E4B10B41A6062
:1051E0000D4C03F580531A60A36832EA0303FBD128
:1051F00040F2651402680371D3661460D36393634D
:1052000003235DF8044BC2F88830FFF797BF00BF57
:10521000C017002000200240000002402DE9F041AC
:1052200088B00DF11008044616461F46DDE910232C
:1052300040460D46FFF7F0F99DF83830CDE90108FA
:10524000009332463B4629462046FFF799FE08B0B8
:10525000BDE8F0812DE9F04188B00DF11008044659
:1052600016461F46DDE9102340460D46FFF7D4F9E8
:105270009DF83830CDE90108009332463B46294677
:105280002046FFF704FF08B0BDE8F081182303FBB8
:105290000103F0B514681A4DC3F8C8409468C3F808
:1052A000D0401369D0F86841DE4305EA161506EAD6
:1052B00056062E4205EA530304D0234309D06FF06B
:1052C0000A0017E0BBB1002CF9D056682B0D1B0764
:1052D00000E056687340182606FB0107C7F8CC307B
:1052E000D3680CB12D032C0A06FB01006340C0F803
:1052F000DC300020F0BD5668002CE7D12346E9E7FA
:105300002184100031F0100302460BD100F12F432D
:1053100003F5600306481B0D50F8230028B9C2F8B6
:10532000681170476FF00A0070476FF00B0070470C
:10533000941E002000F12F40124B00F56000000D7C
:1053400010B553F820400123002A03FA01F303F1BA
:10535000FF33C1F120000DDB824210DC9340234279
:105360000CBF10464FF0FF3010BD03FA00F222428E
:10537000FAD001380028F8DA6FF00800F4E74FF0AF
:10538000FF30F1E7941E002010B5D0F86841CB79CA
:10539000E4B113F0010F1CD191F90530002B01DBB2
:1053A000934216D10123097900F12F408B40013B34
:1053B00003FA02F200F56000074B000D53F82030AD
:1053C0001A420CBF00206FF0080010BD13F0040F4C
:1053D000E1E76FF00A00F8E7941E0020F8B50446F4
:1053E0000E461546FFF7D0FF98B93179164F88421F
:1053F00010D30123284604F12F44144A04F5600415
:10540000240D8B40013B52F82410AB400B4342F873
:105410002430F8BD336833F8103003EA0702B2F5E0
:10542000005F06D113F0600F07D1D4F86821534014
:105430009BB2B3F5005F38BF5B192A18123244F8EB
:1054400022300130D3E700BF00E0FFFF941E0020B0
:1054500000F12F4000F56000000D022809D0064A37
:10546000064B012808BF1A4601EB80010448FEF7ED
:10547000CCB9044AF8E700BF2B0F0410690F0410E1
:10548000D22D0020470F041000F12F4000F56000DE
:10549000000D01EB80010148FEF7FDB9D22D00207F
:1054A00013B500F12F4000F56000084B000D84009B
:1054B00000932246E31C0648FEF7C4F98442CCBFA1
:1054C0004FF0FF30001B02B010BD00BF8B0F041067
:1054D000D22D002000F12F4000F56000000D01EBFF
:1054E00080010148FEF786B9D22D002070B5044630
:1054F0000E46FEF763F9314605462046FFF702FFE8
:1055000004462846FEF76CF9204670BDF8B50D46F6
:105510000646FEF753F995F90520074629793046E6
:10552000FFF708FF041E05DB224629463046FFF739
:105530002BFF04463846FEF753F9B4FA84F04009CD
:10554000F8BDF8B50D460646FEF738F995F9052081
:10555000074629793046FFF7EDFE041E05DB22469B
:1055600029463046FFF73AFF04463846FEF738F939
:105570002046F8BD38B5012504460B799D40013D14
:105580009540FEF71BF904F12F43074903F560032B
:105590001B0D51F8232022EA050241F82320BDE823
:1055A0003840FEF71DB900BF941E0020F0B5182644
:1055B0004FF4003E06FB01F4051905F54354D5F8F8
:1055C000DCC0D5F8CC70C4F80CE033B906FB0100A0
:1055D000C0F8DCC0C0F8CC70F0BD93FAA3F4B4FA04
:1055E00084F44FEA441E22FA04F404F0010444F463
:1055F00060444EF0806EC5F8DCE0C5F8D8405C1E13
:105600002340E2E730B4D0F86851D0F86841EA406E
:10561000E34030BCFFF7CABFF0B5D0F868C1D0F89E
:105620006871DDF818E0059CC7F120050EFA05F554
:10563000A7F12006FC40CCF120072C4303FA07F722
:10564000ACF1200522FA0CF223FA05F52EFA06F643
:105650003A4344EA06032A43BDE8F040FFF7A6BFF9
:105660002DE9F04118264FF4003E4EF2800806FB6B
:1056700001F4051905F54354D5F8DCC0D5F8CC7014
:10568000C4F80CE03BB906FB0100C0F8DCC0C0F870
:10569000CC70BDE8F08193FAA3F4B4FA84F44FEA35
:1056A000441E22FA04F404F0010444EA08044EF013
:1056B000806EC5F8DCE0C5F8D8405C1E2340E1E709
:1056C00030B4D0F86851D0F86841EA40E34030BCCB
:1056D000FFF7C6BFF0B5D0F868C1D0F86871DDF843
:1056E00018E0059CC7F120050EFA05F5A7F1200684
:1056F000FC40CCF120072C4303FA07F7ACF120055E
:1057000022FA0CF223FA05F52EFA06F63A4344EA99
:1057100006032A43BDE8F040FFF7A2BFF0B5D0F87A
:105720006841121B1F2A35D84FF0180C4FF4003572
:105730000CFB01F400EB040E0EF54354DEF8DC70B4
:10574000DEF8CC60E5609DF81440002C0CBF00240E
:105750001F2444F4604444F08004052B4FEA4215B2
:105760000DD80CFB010045EA8365C0F8DC50C0F899
:10577000D840C0F8DC70C0F8CC600020F0BD45F027
:10578000A0550532CEF8DC50053BCEF8D84002F0EB
:105790001F02E2E76FF00400F0E7F0B501261746BC
:1057A00002688E4022EA0602026004460D461A464E
:1057B0008BB003B3FFF76AFDD8B918224FF0004150
:1057C0006A43A31803F58653196119614FF0013339
:1057D000AB40A3600123291D083504F5005603FAE8
:1057E00001F107F01F07AB40144431603360C4F887
:1057F000D8700BB0F0BD4FF4803208934FF4F833FB
:10580000CDE905234FF440236E4607930DF1140CA8
:10581000BCE80F000FC64FF0FF336A46294620460A
:105820003360C7E72DE9F0470446264606200D46BB
:10583000FFF79AF956F8043F014603F0020C0223E1
:10584000002006F5405213606A024FEAD558914293
:1058500070EB080706D34FEA955EAF020233B3F54B
:10586000807F0ED14FF48072C3EB0320B1FBF0FEBA
:10587000AE451746A0EB030002F1FF320CD93A46C1
:105880000CE012EB070A48EB0E09B94270EB0E0E62
:10589000E8D35746CE46E1E7012AE7D123612068E5
:1058A0005343551E80EA052000F47F4004F58054E0
:1058B00006F500562060B1FBF3F0C6F800C0BDE865
:1058C000F0870000174A0123904214BF13221222CE
:1058D0009340154A70B51360044602F58052134890
:1058E0001360826833EA0202FBD12046FFF79AFF79
:1058F0002346022553F8041F04F5805603F5405251
:105900001560226803F5005382F0070202F0CF020F
:105910003260032201F0020104F500541960626252
:105920001D6070BD000008400020024000000240E1
:105930002DE9F041076B0446FB070D46904615D54F
:1059400040F2013200F540531A63436A866A06202A
:1059500006EB8316FFF708F940F64E63B0FBF3F051
:10596000B602B6FBF0F00021FEF700FF234653F825
:105970002C2F554005EA080503F580531D60276369
:10598000BDE8F081044B054A984214BF1A201B2041
:1059900001238340136070470080074000200240CD
:1059A00070B5054606200C46FFF7DEF8C300B3FBD2
:1059B000F4F30133DC0916D04FF6FE72944214D88A
:1059C0002646C3F345040022284611466E62AC62A7
:1059D000FFF7AEFF0620FFF7C7F804EB8614800040
:1059E000B0FBF4F070BD0126EDE700244FF6FF7622
:1059F000E9E7000038B5044606200D46FFF7B4F885
:105A000060B3174A0123944214BF1A221B22934009
:105A1000144A1549136002F5805213608A6833EA0C
:105A20000202FBD14FF480710D4B2046E21A534223
:105A300053410E4A22F813102946FFF7B1FF2346BF
:105A400053F82C2F82F0700203F5805302F07E028F
:105A50001A6040F2013323630323A36438BD00BFFF
:105A60000080074000200240000002408E2C0020F1
:105A700010B4541E1A1E18BF0122520042EAC4027A
:105A80005C1E6342634142EA830305396E225DF87E
:105A9000044B43EA4111FFF74BBF10220901FFF706
:105AA00047BF0122FFF744BF08B5FEF79BFF00F098
:105AB0002BF8012008BD10B5044600F04DF8224631
:105AC000FEF7A4FF012010BD38B5054600F084F8AC
:105AD0002846FFF7E9FF044640B12846FEF782FF5B
:105AE00000F012F8024B034AC3F88820204638BD64
:105AF000002010400200FE5A024BD3F88800C0F389
:105B000040007047000010400E4A30B5D2F888407F
:105B100014F002041EBF0C4B0C4DC3F888500C4B04
:105B200085B21D4343EA1040D566906688B218439B
:105B300043EA1143506613661CB1064B034AC3F88F
:105B4000882030BD00001040003010400200FE5A96
:105B50000000FE5A00201040034B196F0A46586F90
:105B6000196F8A42FAD1704700001040144B70B58B
:105B7000D3F8885015F002051EBF124A1249C2F828
:105B800088104FF47A72B0FBF2F402FB14000004A8
:105B9000B0FBF2F00D490E4A44EA010608439E6547
:105BA000D8650C4BC3F8882045B1A2F5FF72C3F845
:105BB0008820034AD2F88830DB03FBD570BD00BFD4
:105BC00000001040003010400200FE5A0000FE5A53
:105BD0000002FE5A002010400148FFF7C7BF00BF77
:105BE000001BB7004FF050431A6DD20701D5986DD6
:105BF000704720BFF8E703BD024B186801301860FA
:105C000040BF7047C817002010B5044600F01EFBC7
:105C10002346BDE81040184710B5FDF7CFFD0446F8
:105C2000044803680BB9FEF7C3F92046BDE81040ED
:105C3000FDF7D6BDC42700204FF050431A6D9207E0
:105C4000FCD5586540BF7047F8B514461D4606465A
:105C5000FEF786FD241845EB01034FF0FF316FF08E
:105C60000042A14272EB030038BF13464FF050428E
:105C700038BF0C460849106D10F0020003D056657D
:105C800040BF012007E04D6AAB42F4D88F6AA742BB
:105C900001D2AB42EFD0F8BD00000B402DE9F0413E
:105CA00005460C461746FEF75BFD4FF0FF326FF0DE
:105CB00000432D1844EB0104AA4273EB04013CBFDE
:105CC00015461C464FF05048D8F8506016F00106B3
:105CD00003D0D8F858303B6005E028462146FEF74F
:105CE00045FC0028F0D03046BDE8F0812DE9F743AF
:105CF00005460F46FFF790FF2A463B46204806F030
:105D0000D7FE0646A8B3FFF777FF80461920FDF7B8
:105D1000E3FE044618B100211920FDF7C7FE4FF03D
:105D20000009FEF71DFD2A1A67EB0103002B19DBA2
:105D30004046FFF789FFFEF713FD281A67EB0101C4
:105D400000290FDB01AACDF80490FFF7A7FF48B1A7
:105D5000019B9845E5D14CB101211920FDF7A6FE24
:105D60000CB103E04CB9FFF747FF0026044806F0EA
:105D70006FFE304603B0BDE8F0830024ECE700BFBF
:105D8000C42700204FF080720E4B10B55A600E4AA7
:105D90005368DB01FCD51920FDF79EFE0021044667
:105DA0001920FDF783FE0022084B21465A704FF060
:105DB0008072074B5A60FFF715FFBDE810401920AD
:105DC000FDF774BE00A0014000800140D82D0020E6
:105DD00000B001402DE9F041064686B019200F467B
:105DE0009046FDF779FE002105461920FDF75EFE7D
:105DF00000240123CDE904764FF05046CDE900445C
:105E0000CDE9023806AB03EB840353F8181C19B92B
:105E1000336DDB0711D440BF0846FFF70DFFFFF7D6
:105E2000E1FE81420BD10134062CEBD12946192029
:105E300006B0BDE8F041FDF739BEB36DE8E70024D8
:105E4000E0E7000022F00303064A0B44926843E9AE
:105E500003010549054843F8041CA3F10C01FFF7B1
:105E6000B9BF00BF00ED00E0095C0310F75B031051
:105E700010B5FFF7D1FE4FF05043192005491C68BB
:105E8000FDF74EFE01211920FDF710FE0122024B05
:105E90001A5510BD71080020D82D0020024BD3E9FF
:105EA0000001FFF723BF00BFF801051008B5074B3D
:105EB0000748D3E9002306F0FBFD30B1FFF79CFE55
:105EC000BDE80840024806F0C3BD08BDF801051052
:105ED000C4270020014B185C704700BFD82D00205C
:105EE000164BC018164B4FEA907243EB010103F1B9
:105EF000045342EA810203F50313424003F6B4530C
:105F00005343104881EA917100FB0133A2FB00204A
:105F10000344D00E40EA43100B49504041430B4A22
:105F200083EAD36302FB0311A0FB02021144C30FF7
:105F300043EA4103584081EAD1717047157C4A7F9A
:105F4000B979379EB9E5E41CBB49D094EB11311304
:105F500070B5EFF3108672B61C4CD4E8CF1F012247
:105F60000029FAD1C4E8412F0029F6D1BFF35F8F91
:105F700017490A78012A19D80022164B1A634FF0E4
:105F8000FF329A63DA629A60D3F8B820002AFBD114
:105F9000114D101D03EB800040680132062A45F8C0
:105FA000040BF6D10A700D4A1268DA600B780A4ABF
:105FB000023BDBB20B70591C52F8230052F821103F
:105FC0000023C4E88F3F86F3108870BDA02C00200A
:105FD000FF2F002000010F400C2C0020100100209A
:105FE000F8B5D0E900460546D0E9020140EA0403CD
:105FF00041EA060213432BD080EA040371403206C3
:10600000200642EA142240EA16200F0447EA13470A
:1060100058404A4080EA03407A40C5E90002DA0E5F
:1060200042EA4112C90E41EA4311C5E902210522A3
:10603000A4FB024302FB0633DA0142EA5462E401A4
:1060400044EA53600923A0FB030103FB0211F8BDDE
:10605000FEF786FBCAE700002DE9F04FDFF86CB1D0
:106060008DB09BF80030DFF868A1564C08AD002BCE
:1060700053D12846FEF7F0FEDDE90801FFF730FFB7
:10608000049A059B81468846DDE90A010392029342
:10609000FFF726FF069B07460093079B0E460193DA
:1060A000FEF75EFBFFF71CFF039A029B89EA0009DB
:1060B00088EA010888EA030389EA0202CDE9042399
:1060C000FFF746FFFFF70CFF009B47405F40019B37
:1060D0004E405E40CDE90676EFF3108772B6DAE8FF
:1060E000CF2F0123002AFAD1CAE8423F002AF6D175
:1060F000BFF35F8F9BF8003053B904AE3046FFF713
:106100006FFF96E80F0084E80F0001238BF8003042
:106110000023CAE88F3F87F3108894E80F002A4EC7
:1061200085E80F0096F80080FEF71AFBFFF7D8FE0F
:10613000089B5FFA88F85840099B4B40CDE908035B
:10614000FFF706FFFFF7CCFE0A9B58400B9B4B4026
:10615000CDE90A03EFF3108772B6DAE8CF2F0123F7
:10616000002AFAD1CAE8423F002AF6D1BFF35F8F76
:10617000337843450FD0D4E90021089B5A40099B4E
:106180004B40CDE90823D4E902210A9B5A400B9BDE
:106190004B40CDE90A232846FFF722FF86468C466E
:1061A00095E80F0084E80F0033780133DBB23370D9
:1061B0000023CAE88F3F87F31088704661460DB010
:1061C000BDE8F08F10010020CF2D0020E32D00202E
:1061D000A02C002008B5FFF73FFF08BD00B545F231
:1061E00047308BB0FEF721FE01220346092101A8AA
:1061F00098470823054A05A911F8010D013B02F84B
:10620000010BF9D10BB05DF804FB00BFDB2D0020C2
:10621000024A13680360536843607047DB2D002017
:106220007047000008B50148FDF7B2FAAF0F04103F
:1062300038B5044C044DAC4200D338BD54F8043B8F
:106240009847F8E700CB031040CB031038B5044C57
:10625000044DAC4200D338BD54F8043B9847F8E7EE
:106260002CCB031040CB0310054B064A06491A609D
:10627000064B074A13608A6833EA0202FBD1704773
:10628000002002407F3BEFEF00000240F6FFF303E7
:1062900000300240044BDB6CB3F5004F02BF4FF4FB
:1062A0008022024BDA647047000011500020115028
:1062B0004FF0E022044BD2F8881D0B43C2F8883D12
:1062C00010EE3004704700BF030330006FF06042EF
:1062D000044B1A60044A9368DB4333F06043FAD1FD
:1062E000704700BF003002400000024010B545F288
:1062F0005320FEF79AFDBDE81040034604201847DE
:1063000010B545F25320FEF790FDBDE8104003465E
:1063100001201847FDF7F6BA10B50B490B4C0C4895
:10632000641AA410442C224628BF4422920006F08E
:10633000DFF9074B074A432C02D9074A936010BD87
:1063400043F824200134F6E700000010100100108B
:10635000000000201101001000ED00E086B003B441
:1063600051FC0804CDE9020151FC0904CDE9040106
:1063700051EC0A04CDE9060103BCF047BDE800502A
:106380004EEC00C4BDE800504EEC01C4BDE8005026
:106390004EEC02C400BD000000B5FFF7DFFF02E0D5
:1063A00010FE30F4F8D441EC100443EC112400EE5C
:1063B000010410EE010480EE200451EC100470473B
:1063C00000B5FFF7CBFF02E010FE30F4F8D441EC4B
:1063D000100443EC112400EE010410EE210480EEC1
:1063E000200451EC3004704700B5FFF7B7FF02E01E
:1063F00010FE30F4F8D410B541EC100443EC112435
:1064000051EC040453EC0524A0FB024C5FF0000E99
:10641000E0FB03CEE1FB02CE4CEC20440024E1FB88
:1064200003E444EC30E480EE200451EC5004BDE879
:106430001040704700B5FFF791FF02E010FE30F406
:10644000F8D441EC100443EC112451EC2104A0FBDE
:1064500001126FEA820252FB100052FB12F252FB51
:106460001000A0EBD07C53EC04245CFB13F153EC44
:106470001524A1FB022001FB030053EC4424A2EBF2
:10648000000050FB1CF24FEA111312EB017043EBBA
:10649000E27140EA515020EA915020F0070053EC9D
:1064A0007524A0FB023C53EC752400FB03CC01FBDC
:1064B00002CC53EC0424ACEB824C40EA5C70A0F1BB
:1064C000010041EC400480EE200451EC7004704760
:1064D00000B5FFF743FF02E010FE30F4F8D441ECC2
:1064E000100480EE220410EEB204704700B5FFF7EE
:1064F00035FF02E010FE30F4F8D440EC700400EEFA
:10650000010410EE210480EE200451EC30047047A9
:1065100000B5FFF723FF02E010FE30F4F8D440ECA2
:10652000600400EE010410EE210480EE200451EC22
:106530003004704700B5FFF711FF02E010FE30F4A1
:10654000F8D441EC800400EE010410EE010480EE6A
:10655000400410EE1304704700B5FFF7FFFE02E0A1
:1065600010FE30F4F8D441EC800400EE010410EE8B
:10657000010480EE400410EE3304704700B5FFF7CD
:10658000EDFE02E010FE30F4F8D441EC100443ECD0
:10659000112400EE010410EE3004C0F300707047C7
:1065A00000B5FFF7DBFE02E010FE30F4F8D443EC58
:1065B000102441EC110400EE010410EE30F48CBF05
:1065C00001200020704700BF00B5FFF7C7FE02E0C2
:1065D00010FE30F4F8D443EC102441EC110400EE2A
:1065E000010410EE30F42CBF01200020704700BFE2
:1065F00000B5FFF7B3FE02E010FE30F4F8D441EC32
:10660000100443EC112400EE010410EE30F42CBF12
:1066100001200020704700BF00B5FFF79FFE02E099
:1066200010FE30F4F8D441EC100443EC112400EED9
:10663000010410EE30F48CBF01200020704700BF31
:1066400008B503465B002DED028B20F0004208EEFA
:10665000100A17D4F7EE007A38EE678A78EE087AD7
:10666000E8EE087A17EE900A02F046FF07EE900A6D
:1066700078EE277ABDEC028BBDE8084017EE900A51
:1066800001F0B8BBB2F18B4F1BD2FFEE007AE8EEFF
:10669000087A17EE900A02F02FFF07EE900AF7EE45
:1066A000006A77EE887A86EEA77AF0EE007A98EEA6
:1066B000277ABDEC028BBDE8084017EE100A02F005
:1066C00007B902F005F9BDEC028B07EE100ADFED09
:1066D000037A77EE277A17EE900A08BD1872313FD9
:1066E00007EE900A9FED0B7ADFED0B6AE7EE876A03
:1066F0009FED0A7A9FED0A6AA6EEA77AF7EE006A86
:1067000027EE277AE7EE866AC7EE267A17EE900A1A
:10671000704700BF6BD30DBCBA132FBD75AA2A3EBC
:10672000AEE534BF38B520F00043B3F17E5F05EE2F
:10673000900A054612D305BFDFED257A9FED257A35
:1067400075EEE57AE5EE877A16BF9FED237AF0EED7
:10675000675AC7EE275A15EE900A38BDB3F17C5F31
:106760000FD2A3F50003B3F1645FF4D365EEA57A0D
:1067700017EE900AFFF7B4FF07EE900AE7EEA55A6E
:10678000E9E7F0EEE55AF7EE007AB6EE007A77EE3A
:10679000E57A67EE877A17EE904A204602F0ACFE63
:1067A00005EE900A2046FFF79BFF07EE900AB0EE39
:1067B000007AE7EEA55ADFED097AE5EE877ADFED9C
:1067C000055A75EEE75A002DB8BFF1EE655AC2E7DB
:1067D00000008003DA0FC93F000000006821A2B367
:1067E00010B520F00042B2F17E5F2DED028B05EE78
:1067F000100A13D30BD1DFED3B7A9FED3B7A0028D3
:1068000067FE877A17EE900ABDEC028B10BD35EE5D
:10681000455A9FED347AC7EE057AF3E7B2F17C5F13
:1068200015D2B2F14A5FDFED315A57D965EE057ADC
:1068300017EE900AFFF754FFDFED2D7A07EE100AEE
:10684000E7EE457A35EE675A75EEC57ADAE7002845
:10685000B7EE008AF6EE007A1CDA35EE085A65EEDD
:10686000277A17EE904A204602F046FE05EE900A7F
:106870002046FFF735FFDFED1F7A07EE100AE7EE3F
:10688000257A75EEA75ADFED197A77EEE57A77EE7D
:10689000A77AB7E738EE458A28EE278A18EE100A5D
:1068A00002F02AFE03466FF30B0305EE100A05EE15
:1068B000903AB0EE487A75EE257AA5EEE57A18EEB4
:1068C000100AC7EE274AFFF70BFFF0EE647A07EED7
:1068D000100AE7EE057A75EEA77AD8E7F0EE657A4A
:1068E00090E700BF00000000DA0F4940DA0FC93F0F
:1068F0006821A2336821A2B310B52DED048B20F0DE
:106900000043B3F18B4F08EE103A82B04FEAD074D7
:1069100011D3184601F0DCFFDFED267A08EE100AED
:1069200038EE278A0CB1B1EE488A18EE100A02B090
:10693000BDEC048B10BD42001AD5F7EE008AF0EED4
:10694000687AE8EE087A17EE900A02F0D5FD07EEB5
:10695000900A77EE887A88EEA77AF0EE007AA8EEB1
:10696000277A17EE100A01F0B3FF08EE100AD9E7F4
:10697000B3F1665F16D368EE088AB7EE009A78EE38
:10698000897A17EE900A02F0B7FD07EE900A77EECB
:10699000897A88EEA77A77EE087A17EE900A01F0E6
:1069A00029FAE2E7DFED047A78EE277ACDED017A75
:1069B000019BB7E71872313F0000807B07EE900A19
:1069C00007EE101AB4EE677AF1EE10FA10B504D79C
:1069D00077EE877A17EE900A10BDB1F17E5F03D192
:1069E000BDE8104000F080B88C0F04F0020430F0D5
:1069F000004344EAD07407D1022C59D09FED317A7C
:106A0000032C47FE277AE5E731F0004208D1DFED9D
:106A10002E7A9FED2E7A14F0010F47FE277AD9E7E0
:106A2000B2F1FF4F10D1B3F1FF4F04F1FF3407D1A2
:106A3000022C40D8264B03EB8403D3ED007AC9E740
:106A4000022C3BD8234BF6E702F150619942DED38A
:106A5000B3F1FF4FDBD0A10703D503F1506393429D
:106A60000ED3C7EE876AF0EEE67A17EE900A00F0D2
:106A70003BF8012C07EE900A04D1F1EE677AA9E702
:106A8000DFED157A022C0AD0002CA3D09FED137AEB
:106A900077EE877A9FED127A77EEC77A9AE79FEDC5
:106AA0000F7A77EE877A9FED0E7A77EE677A91E725
:106AB000DFED0B7A8EE7DFED0B7A8BE7DFED067A01
:106AC00088E700BFDB0F49C0DB0FC9BFDB0FC93F41
:106AD0000C02051000020510000000002EBDBB33A3
:106AE000DB0F4940DB0F493F024622F00043B3F180
:106AF000994F07EE900A82B04FEAD0700FD3F4EEB0
:106B0000677AF1EE10FA06D6DFED417A9FED417A11
:106B1000002847FE877A17EE900A02B070473E4978
:106B20008B420BD8B3F1665F5AD212F0FF4FF2D10D
:106B300027EEA77A8DED017A019BECE7374AB0EE9C
:106B4000E77A934237D8A2F5D002934229D8F0EEE3
:106B5000007AFFEE006AE7EE276A37EE277A002315
:106B6000C6EE877A27EEA76ADFED2D5A66EE066A33
:106B70009FED2C7AA6EEA57ADFED2B5A9FED2B5ACE
:106B8000E7EE265A9FED2A7AA6EE857A27EE267A38
:106B9000A5EE867A5A1C27EE877A24D177EEC77A3B
:106BA000B9E7F7EE007A77EE676A37EE277A0123C6
:106BB000C6EE877AD6E71F4A93420BD8F7EE087ADB
:106BC000F7EE006A37EE676AE7EE276A0223C6EE41
:106BD000267AC7E7FFEE006A0323C6EE877AC1E78D
:106BE0004FF0FF33BEE7144A144902EB830201EB76
:106BF0008303D3ED006A37EE667A77EE677A92ED1B
:106C0000007A77EE677A002885D0F1EE677A82E71E
:106C1000DA0FC93FDA0FC9BFFFFFDF3EFFFF973F23
:106C200025AC7C3D0DF5113EA9AAAA3E4712DABD5E
:106C300098CA4CBEFFFF1B40280205101802051021
:106C400020F00043B3F17C5F13B507EE903A4FEAB2
:106C5000D07428D2B3F13E5F0ED210F0FF4F04D1B2
:106C600027EEA77A8DED017A019B0CB1F1EE677AE0
:106C700017EE900A02B010BD77EEA76AB7EE007A61
:106C800026EEA76A77EE677A86EE277A77EE267A7F
:106C900017EE900A01F0AEF8B6EE007A07EE900A11
:106CA00067EE877AE1E7B7EE007A37EE677AC7EEEC
:106CB000876A76EEA67AEBE7F0B5864A20F00043C5
:106CC000934207EE900A0C46054687B004D800238D
:106CD00008604B60002022E07F4A93423AD820F0BF
:106CE000004300289FED7D7A7D4A23F00F0318DDD5
:106CF000934277EEC77A09BF9FED7A7ADFED7A6A21
:106D000077EEC77ADFED796A37EEE67A77EEC77A03
:106D100077EEE67A81ED007AC1ED017A012007B0C5
:106D2000F0BD934277EE877A09BF9FED6E7ADFED73
:106D30006E6A77EE877ADFED6D6A37EEA67A77EEC8
:106D4000C77A77EEA67A81ED007AC1ED017A4FF02D
:106D5000FF30E4E7664A934272D8F0EEE77ADFED5F
:106D6000656AB6EE007AA7EEA67ABDEEC77AF8EEAF
:106D7000C76A17EE100A9FED597AE6EEC77A9FEDC3
:106D80005A7A26EE877A37EEC76A1F28F1EE665ADE
:106D900016EE106A09DC5849471E51F8271025F0F5
:106DA000004222F0FF028A4206D1C6F3C751DA152B
:106DB000C1EBD353082B14DC2660D4ED006A77EEC8
:106DC000E67A77EEC77A002DC4ED017AA7DAF1EE04
:106DD000666AC4ED006AF1EE677A4042C4ED017A5A
:106DE0009DE79FED405AB0EE676AA5EE856A37EEE3
:106DF000C67ADFED3E7AA5EE857A96EEA77A76EE34
:106E0000477A17EE901AC1F3C753D31A192B04DC33
:106E1000C4ED007AF0EE467ACFE79FED385AF0EEF7
:106E2000467AE5EE857A36EE677A9FED356AA5EE0D
:106E3000857A96EE867A77EEC76AC4ED006ABCE77B
:106E4000B3F1FF4F06D377EEE77AC1ED017AC1EDDA
:106E5000007A3FE7DA15863AA3EBC25307EE903A81
:106E6000BDEEE77AB8EEC77ADFED266A77EEC77A2D
:106E700067EEA67A8DED037ABDEEE77AB8EEC77AB3
:106E800077EEC77A67EEA67AF5EE407AF1EE10FA61
:106E90008DED047ACDED057A1AD1B5EE407AF1EE9A
:106EA00010FA0CBF01230223174903A80191022104
:106EB0000091214600F0FEFB002DBFF630AFD4ED6F
:106EC000007AF1EE677AC4ED007AD4ED017A82E7B8
:106ED0000323E9E7D80F493FE3CB1640800FC93FB2
:106EE000D00FC93F004435374344353708A3852EBA
:106EF000800F494384F9223F3802051000A3852EF4
:106F000032318D2400008043B8020510012370B592
:106F100020F00046B6F1FF4F2DED048B0D4608EE34
:106F2000900A04460B6006D328EEA88A18EE100AD1
:106F3000BDEC048B70BD36B9B7EE007ADFEDD07AC8
:106F400087EE278AF2E7B6F1E45F0FD20028BFBFD1
:106F5000F1EE687A4FF0FF3317EE900A0B6001F004
:106F6000B7FC07EE900AB1EE678ADFE7002880F2EF
:106F7000D782B6F1964FDFD2B6F17A5F9FEDC19A14
:106F80007CD268EE897A0022002117EE900A00F088
:106F900005FE08EE100AB5EE408AF1EE10FACBD0ED
:106FA00068EE887AF0EEE77AC9EE277A17EE900A53
:106FB00001F08EFCB5EEC08AF1EE10FA44BF4FF03E
:106FC000FF332B60B6F17E5F09EE100A00F0A2825B
:106FD000B6F1804F00F09E82F1EE688A630000F106
:106FE000DB81A94B9E4200F2FA8018EE900A01F074
:106FF0006FFC07EE900AA54BB1EE678A9E4240F205
:107000009E80F7EE006A76EEE86A66EEA67A9FED5D
:10701000A06A9FEDA07AA7EE867A9FED9F6AA7EE01
:10702000276A9FED9E7AA6EE277A9FED9D6AA7EECE
:10703000276A9FED9C7ADFED9C5AA6EE277A9FED9A
:107040009B6AA7EEA56ADFED9A5AE6EE275A9FEDF6
:10705000996AA5EEA76ADFED985AE6EE275A9FEDEA
:10706000976A27EE267AA5EEA76AA6EE277AB6EEED
:10707000006AF0EE477AE6EEC67AFEE1F1EE687A53
:10708000BBFE677AF4EE477AF1EE10FA17D0B6EE4F
:10709000007A67EE877ABBFE677A77EEC77A77EE7B
:1070A000A77AB0EE677ABEEECF7A17EE103A062BCB
:1070B00040D8DFE803F024121220202D2D00DFED50
:1070C000807A77EEE87A17EE903A03F0010307EE44
:1070D000903A9B00F8EEE77AE9E7B6EE007A77EEB1
:1070E000677A67EE897A002117EE900A00F084FA39
:1070F00007EE900A1BE0B7EE007A77EE677A67EE4C
:10710000897A0022002117EE900A00F047FDEFE790
:10711000B7EE087A77EEC77A67EE897A002117EE24
:10712000900A00F069FA07EE900AF1EE677AB1EE84
:10713000678A30E7B0EE007A77EEC77ADFE7614B17
:107140009E4266D99FED607A38EEC77A67EE074AAD
:107150009FED5E6A64EE877ADFED5D6AE7EE866A30
:107160009FED5C6AA6EEA76ADFED5B6AE6EE276A32
:107170009FED5A6ADFED5A5AA6EEA76ADFED596A0B
:10718000E7EEA65ADFED586AE5EEA76ADFED575A3B
:10719000E6EEA75ADFED566A9FED565AE5EEA76A6E
:1071A000DFED555AA7EEA55ADFED545AE5EE275A02
:1071B0009FED535AA5EEA75ADFED525AE5EE275A36
:1071C000E5EE876A9FED507AA6EEE77AF0EE477A11
:1071D0009FED4E7AD4EE867A77EEC77A4DE14C4B2E
:1071E0009E4206D9F0EE006A9FED258A76EEE86AA7
:1071F0000BE7484B9E4206D99FED477A9FED208AC8
:1072000038EEC77AA2E7F7EE007A9FED1D8A78EE96
:10721000E78A9FED427ADFED427AE8EE877A9FEDCA
:10722000417AA7EEA87ADFED407AE7EE287A9FED63
:107230003F7AA7EEA87ADFED497ADFED3D6AE7EE07
:10724000287A9FED3C7AE8EE876A9FED3B7AA6EEBE
:10725000A87ADFED3A6AE7EE286A9FED397AA6EE62
:10726000A87AF7EE006A67EEA87AE7EE286A87EE5A
:10727000A67AFEEE006AF0EE477AE8EEA67AFCE027
:1072800000000000DB0F49406666663F1F4A3B3F37
:10729000A283D33767976739A1549C3A7E02F23BA9
:1072A00001F0893D3F239E3D752C3C384584E238F2
:1072B00034B6053AC66E3D3B1599A83C661AA53E04
:1072C0000000004B07336D3E0C5BEC3E6B7BA53939
:1072D00076F4B7BA07E7C73B474D06BD5EB9F73E40
:1072E00067F8663A27F9A3B9FE7771BB3D37933C3F
:1072F0003C2117BE85300DBAF7E9AF399916143B1A
:10730000FEFC28BC155A843D521CE631CDCDF83D1B
:1073100017A6DD3F1FA69D3FC316BB3F5E3C5B3CEF
:1073200078756A3EB24B7A3FE73ABA3FF400223FA3
:10733000AF72D53DDBD5523BDFEF443F2D390840DE
:10734000BE2E1D4067FF0538B435F13AE440DA3C03
:10735000E6DC153E7ACCA63E5A245C3E3F239EBD19
:10736000BDD7F536D6EE4B3A54BF983C6E0F303E43
:10737000C5D0383F3B2DB23FE8C4D5BAD23D5B3AC9
:107380005C061CBAFD0C503A610B36BBABAAAA3D99
:107390001D7FD63E00000000B6F1824FF7EE009A46
:1073A0007AD2BDEEE87AF8EEC77A5FED1A6A78EE27
:1073B000E77A1FED1B6AA7EEA66A5FED1C6AE6EE90
:1073C000276A1FED1D6AA6EEA76A5FED1E6AE6EE4C
:1073D000276A1FED1F6AA6EEA76A5FED206A5FEDC0
:1073E000205AE6EE276A1FED216AA7EEA56A5FED37
:1073F000225AE6EE275A1FED236AA5EEA76A5FED33
:10740000245AE6EE275A1FED256AA5EEA76A66EE16
:10741000A76AE6EE279A17EE103A86EEA98AF6EEEC
:10742000006A033BA7EEA68A042B64D8DFE803F0CA
:10743000312E2B280300F1EE086A77EEA66AB1EE32
:10744000047A37EE877A27EE267AF1EE006A77EE35
:10745000A66A66EE876AB0EE087A37EE877A27EE7C
:10746000267AF0EE006A77EEA67A67EE877A17EE54
:10747000900A01F02DFA07EE900A37EE888A3AE07A
:10748000F7EE006ADBE7B7EE007ADEE7F7EE006AB8
:10749000E1E7B7EE007AE4E7B6F1B94F18EE900AEB
:1074A0002FD201F015FAC9EEA86A5FED4D5A66EECB
:1074B000A67A1FED4E6AA7EEA56A5FED4F5AE6EE7B
:1074C000275A1FED506AA5EEA76A5FED515AE6EE06
:1074D000275A1FED526A1FED528AA5EEA76A07EEE2
:1074E000100AA6EE268AF6EE006A77EE697A78EE42
:1074F000E66AA6EEA78A002CBFF618AD39EE488AD8
:1075000014E501F0E5F908EE100A38EE698A28EE74
:10751000288AF0E71FED618AF0E71FED628A05E532
:10752000B6F17E5FF9D0B6F1804FF6D01FED679AC5
:1075300054E500BF4B0007EE900A07EE101A30B575
:1075400008D0B4EE477AF1EE10FA03D6C0F3C75272
:10755000FF2A06D127EE877AC7EE077A17EE900A40
:1075600030BDB3EB400F05D3F8D19FED227A67EE23
:10757000877AF3E752BB4302B3FA83F35A420133EB
:1075800000FA03F3C1F3C7552DBB4C02B4FA84F4DF
:1075900065420134A140AA42A3EB010420DC002C87
:1075A00001DBE2D02346D90D21D0002ACBBFA3F5C1
:1075B0000003C2F1010243EAC25223FA02F200F0D0
:1075C000004040EA020307EE903AC7E7C0F3160313
:1075D00043F40003D6E7C1F3160141F40001DAE7F2
:1075E000002C01DBC1D023465B00013AD3E75B00EE
:1075F000013AD8E70000000020F00043B3F1485FF3
:1076000005EE900A06EE901AB7EE007A04D2FDEE6F
:10761000E57A17EE902ACAB325EEA56ADFED1D7A4A
:107620009FED1D5AA6EE275ADFED1C7AE5EE067A8D
:107630009FED1B5AA7EE865ADFED1A7AE5EE067A21
:107640009FED195AA7EE865A66EEE56AF6EE007AC5
:1076500025EE065A154A66EE277A9342E6EE056A4B
:1076600006D877EEE67A77EE677A17EE900A7047DB
:107670000F4A93429ABF03F17F4306EE103AB5EEEC
:10768000026A37EE467A77EEC67AEAE7F0EE477A94
:10769000EBE700BF4ED747ADF6740F317CF293B4E1
:1076A000010DD037610BB6BAABAA2A3D9999993E24
:1076B0000000483F2DE9F04F2DED048B9046D9B0E6
:1076C000669A0193BA4B18F1040F53F822B0019B4C
:1076D0000F46029003F1FF3227DBB8F1030948BFE0
:1076E00008F104094FEAE90909F10105EB000393E8
:1076F0009FEDB37A0023679EA9EB0201A8EBC505B5
:107700000BEB02041CA80E44A34211DD0020019BD8
:107710001CA901EB83030DF5887C584524DC1C462D
:10772000DFEDA77A0021029E17E04FF00009DBE7AA
:10773000CB4257BF16F803C0F0EE477A07EE90CA67
:10774000F8EE677A0133E0EC017ADDE7F6EC016AE6
:1077500034ED017AE6EE877A01319142F6DDECEC08
:10776000017A01300433D8E75C46DFED948A9FED5F
:10777000929A08AB03EB8B030493A300059358ABD9
:1077800003EB840353ED147A08AB1E46204644A94C
:1077900001EB8401002854DC17EE900A2946CDE95C
:1077A000062300F0CBFBDDE9062308EE100AF4EE19
:1077B000007A68EE277AB2EE007AFBFE677AA7EECF
:1077C000C78AFDEEC87A17EE90AAF8EEE77A002D88
:1077D00038EE678A47DD601E08A951F82060C5F1C0
:1077E000080C46FA0CF18A4401FA0CF1761A08A941
:1077F00041F82060C5F107010E41002E42DD002056
:1078000084460AF1010A844271DC002D04DD012D59
:107810007ED0022D00F08680022E33D1F7EE007A62
:1078200037EEC88ABCF1000F2CD017EE900A29461B
:10783000069200F083FB07EE900A069A38EE678AFC
:1078400020E027EEA87ABDEEC77AB8EEC77AE7EE59
:10785000497AFDEEE77AE6EC017A71ED017A0138BA
:1078600077EE277A96E705D1611E08A850F82160C7
:107870003612C2E7F6EE007AB4EEE78AF1EE10FABD
:1078800033DA0026B5EE408AF1EE10FA40F09A8025
:107890000020631E5B454CDA002869D0013C08AB30
:1078A00053F82430083D002BF8D029464FF07E5085
:1078B00000F044FB631C44AA990002EB830207EE2C
:1078C000900A2346DFED3D6A002B80F2AB80234611
:1078D000002BC0F2C98044AA02EB8305DFED387AA1
:1078E0000020DFF8D0C0E21AB3E0022687E753F8A1
:1078F000041BBCF1000F08D121B1C1F5807143F820
:10790000041C01218C4601307DE7C1F1FF01F6E73F
:10791000611E08AB53F8213003F07F0308A840F83C
:10792000213079E7611E08AB53F8213003F03F03A3
:10793000F4E708A951F82310013B0843AAE70133F3
:1079400051F8040D0028FAD005990198661C2018FA
:1079500001F5B0712344679C69440DF1700C4C39FA
:107960000CEB800004EB090AB34204DA1C4604E77E
:1079700001230499E4E71AF80640DDF808C007EE91
:10798000904AF8EE677AE0EC017A00248646DFED53
:107990000C7A944203DDE1EC017A0136E4E7FCEC79
:1079A000016A3EED017A0134E6EE877AF1E700BF25
:1079B000AC03051080030510000080430000803BED
:1079C00000000000039B18EE100AA3EB080100F072
:1079D000B5FA5FED076A07EE900AF4EEE67AF1EE8B
:1079E00010FA19DB1FED0B7A27EE877ABDEEC77A06
:1079F000B8EEC77AE7EE667AFDEEE77ABDEEC77AB3
:107A000017EE903A08AA42F8243017EE103A0134E3
:107A1000083542F8243048E7FDEEE77A08AA17EE69
:107A2000903AF6E708A850F82300013B07EE100A49
:107A3000B8EEC77A27EE277A019022ED017A67EE39
:107A4000A67A41E7FCEC016AB5EC017AE6EE877AAA
:107A50000130584501DC9042F4DD58A800EB820269
:107A600042ED287A013B33E7669B022B09DC002BB1
:107A700027DC40D00AF0070059B0BDEC048BBDE80C
:107A8000F08F669B032BF5D130AA0B1F13441A46C7
:107A90002046002850DC2246012A5DDC5FED387A62
:107AA00030AB0B44012C67DCDDED306A9DED317AA3
:107AB000002E67D1C7ED006A87ED017AC7ED027A23
:107AC000D8E722461FED427A30AB0B44002A24DA75
:107AD0004EB3F1EE477AC7ED007ADDED307A01233F
:107AE00077EEC77A31AA9C4220DA0EB1F1EE677ABE
:107AF000C7ED017ABEE75FED4E7A30AB0B44002C48
:107B000005DA0EB1F1EE677AC7ED007AB2E733ED30
:107B1000017A013C77EE877AF1E773ED017A013A59
:107B200037EE277AD2E7F0EE477AD4E7B2EC017A63
:107B3000013377EE877AD6E772ED017AD2ED016AEA
:107B400037EEA67A77EEC77A77EEA67A82ED007ADC
:107B5000C2ED017A01389CE773ED017AD3ED016A39
:107B600037EEA67A77EEC77A77EEA67A83ED007ABB
:107B7000C3ED017A013A8FE733ED017A013C77EEEC
:107B8000877A8FE7F1EE666AB1EE477AC7ED006A51
:107B900087ED017AF1EE677A90E700BF20F00043AD
:107BA000B3F1485F07EE900A07EE101A04D2FDEE1B
:107BB000E76A16EE903AE3B127EEA76ADFED166AA0
:107BC0009FED165AA6EE265ADFED156AE5EE066A17
:107BD0009FED145AA6EE865ADFED136A67EE865AB9
:107BE000E5EE066A42B99FED117AA6EE267AE7EE37
:107BF000257A17EE900A704766EEE56AB6EE005AEF
:107C0000E7EE056A96EE867ADFED096AA5EEA67ABA
:107C100077EEC77AEDE700BFD3C92E2F342FD7B246
:107C20001BEF3836010D50B98988083CABAA2ABE33
:107C3000ABAA2A3E07EE101A20F00041B1F1465FD0
:107C400007EE900A034617D2FDEEE76A16EE900A99
:107C500040BB531C0B4308D1B0EEE77AF7EE006A45
:107C6000C6EE877A17EE900A7047012AFAD0BFEE67
:107C7000007AC7EE277AF5E74C48814212D3002BF1
:107C8000B8BFF1EE677ADFED4A6AB8BFB1EE477A66
:107C900076EEE76ADFED477A77EEC77A9FED467AB0
:107CA00077EEA67A27EEA76A9FED445A66EE066A3B
:107CB000DFED435AE6EE855A9FED425AA5EEA65AED
:107CC000DFED415AE5EE265A9FED405AA5EEA65A41
:107CD000DFED3F5ADFED3F4AE5EE265A9FED3E5A73
:107CE000A6EEA45ADFED3D4AE5EE264A9FED3C5A4A
:107CF000A4EEA65ADFED3B4AE5EE264A9FED3A5A3E
:107D0000A4EEA65AF0EE656A67EE864AE5EE066ACC
:107D1000F0EE475AE6EEA45ADFED346AA5EE867A15
:107D2000A4EEA67A214877EE875A81421DD306EE4B
:107D3000902AF8EEE66A65EEA54A75EEA65A84EE3C
:107D4000A55A35EE477A9B1703F00203C3F10103EE
:107D500077EEC77A06EE103AB0EE007AB8EEC66A51
:107D6000E7EEC76A66EE267A7CE7012A1BD015EE9D
:107D7000902A1F4BF7EE006A1A4005EE102A75EEA6
:107D8000677A37EE677AFFEE007A87EEA56A16EE1D
:107D9000102A134007EE903AE5EE276AE7EE276ACD
:107DA000E6EE867A5EE7F0EE657A5BE740A12C3F6F
:107DB000DA0F493F68212233000000005FAE9BB715
:107DC00045F4A338C8261A3A16696B3BA427B33C7E
:107DD0008988083E8453D9377AC09538B9378139B4
:107DE00048DEBE3A1F37113CD10D5D3DABAAAA3E1D
:107DF00000F0FFFF464A474902448A4207EE900AD4
:107E000082B079D910F1814F10D3FFEE006AF4EE01
:107E1000667AF1EE10FA9FED407A18BF77EEE76AC6
:107E2000C6EE877A17EE900A02B070474200B2F1B0
:107E3000CE4F08D210F0FF4FF4D127EEA77A8DED88
:107E4000017A019BEEE7354A90425CD9B7EE007AA1
:107E500037EE876A16EE103A03F5950303F5F643FD
:107E60000D33DA0D7F3A182A4ADC012ACBBF76EEB1
:107E7000677A76EE476A77EE677A77EEE67AC7EE4C
:107E8000866AC3F31601264B0B4407EE903A77EE51
:107E9000C77AB0EE007A37EE877A87EE875A65EEBA
:107EA000054A9FED206A24EEA47ADFED1F5A9FED6C
:107EB0001F4AE7EE065A9FED1E6AA7EE046A26EEF9
:107EC000246AA5EE876AF6EE005A07EE102A67EEDE
:107ED000A55AB8EEC77ADFED174AA7EEA56AE7EE16
:107EE000246AE6EE056AE7EEE56A77EEA67ADFED4C
:107EF000126AE7EE267A95E7B0F1FF4FA6D391E735
:107F0000DFED056ABDE70022DFED036AC1E700BFD0
:107F100030EC2BC12FEC2B410000000019F695BE70
:107F2000F304353F269E783E13CECC3EEEE9913EDB
:107F3000AAAA2A3FD1F717378071313F7F2907EE70
:107F4000900A17DD9FED177AA1F17F007F2867EE79
:107F5000877A06DDA1F1FE007F2867EE877AA8BF49
:107F60007F207F30C00507EE100A67EE877A17EE94
:107F7000900A704711F17E0F12DA9FED0B7A01F132
:107F80007E0010F17E0F67EE877AEADA6FF07D03EC
:107F900001F1FC00984267EE877AB8BF1846E0E727
:107FA0000846DEE70000007F0000800007EE100AB0
:107FB00031F0004005EE101A70B500F0658217EE42
:107FC000105AB5F17E5F00F05F8225F00042B2F1F9
:107FD000FF4F02D8B0F1FF4F04D977EE057A17EEC4
:107FE000900A70BD002D1EDAB0F1974F80F05582D7
:107FF000B0F17E5F36D3C415C4F1960440FA04F3A1
:1080000003FA04F484422BD103F00103C3F1020309
:10801000B0F17E5F27D1002980F23C82F7EE006A42
:10802000C6EE877ADBE7B0F1FF4F4FF00003EFD1E8
:10803000B2F17E5F0BD9DFEDB47A002965FE277AB5
:10804000CDE7B2F17E5F00F01F820223F0E7002A45
:1080500000F02882002980F21A82F1EE457ABEE70C
:108060000023D5E70023B1F1804F02D167EE077AF4
:10807000B5E7B1F17C5F40F01582002DC0F21282AD
:10808000BDE8704017EE100A01F036BA012BA6D1F8
:10809000F1EE677AA3E7002D15DA13B937EE477AC8
:1080A0001BE2BFEE006AB7EE007A012B06FE076AFC
:1080B000B0F19A4F64D9954B9A4207D800290ADA51
:1080C0009FED937A09E0B7EE006AF1E7914B9A428F
:1080D00008D90029F4DC9FED907A66EE077A67EE06
:1080E000877A7CE7B7EE007ADFED8C5A77EEC77AB5
:1080F000B5EE007AE7EEC75AB6EE007A67EEA76AE9
:10810000A5EEE77A66EE876A9FED857A27EE667AB6
:10811000DFED846AA7EEA67ADFED835AF0EE476AB8
:10812000E7EEA56A16EE903A6FF30B0306EE903A6F
:10813000F0EE664AE7EEE54A77EE647A6FF30B01FC
:1081400007EE101A67EE857A75EE475A26EE877AA3
:10815000E5EEA67A77EE876A16EE902AB2F1864FA0
:10816000AEDC40F00581DFED715A76EEC76A77EE3E
:10817000A55AF4EEE65AF1EE10FAA1DC134608E136
:1081800015F0FF4F01BF9FED6A7A67EE877A17EE11
:10819000904A6FF0170318BF0023E21565487F3A35
:1081A0001A44C4F31603834243F07E5506DD624849
:1081B000834240F3A6800132A5F5000500245F4B01
:1081C00006EE905A03EB8403D3ED004AF7EE005A13
:1081D00074EEA67A36EEE47AC5EEA73A27EE234A85
:1081E00014EE100A564B184005EE900A554800EA66
:1081F000650040F0005000F5800000EB445007EEB1
:10820000900A77EEE44AA5EEE77A76EEE46AA5EE08
:10821000E67ADFED4D4A67EE237ADFED4C6A24EE15
:10822000047AE7EE264ADFED4A6AE4EE876ADFED7C
:108230003B4AE6EE874ADFED476AE4EE876ADFED08
:10824000464AE6EE874A74EE256A67EE073A66EE1E
:10825000A76AB0EE087AE3EEA46AF0EE474AE5EECC
:10826000A54A74EEA64A14EE900A184004EE900A4D
:1082700034EEC77AA5EEE57A36EEC77A27EE047AB1
:10828000A7EEA47AB0EE474AA5EEA44A14EE100A6F
:10829000184004EE100AF0EE447AE5EEE47A77EE48
:1082A000677A9FED2E7A67EE877A9FED2D7A2D48BB
:1082B000E4EE077A00EB840090ED007A77EE877A9F
:1082C000DFED295AF0EE676A07EE102A274AE4EE3E
:1082D000256A02EB8402D2ED004AB8EEC77A76EE48
:1082E000A46A76EE876A16EE902A1A4006EE902A65
:1082F00036EEC77A37EE647AA4EE657A77EEC77AFF
:108300001CE701245BE700BF00000000F7FF7F3F90
:10831000CAF249710700803F6042A20DABAAAA3E93
:108320003BAAB83F70A5EC3600AAB83F3CAA383348
:108330000000804B71C41C00D6B35D00D003051053
:1083400000F0FFFF00F0FFDF55326C3E42F1533E7C
:1083500005A38B3EB76DDB3E9A99193F4F38763FA8
:10836000C623F6B8C00305100040763FC8030510C9
:108370005B4B22F0004199423FF6ADAE5948824234
:1083800079D176EEC76AF4EEE76AF1EE10FABFF63D
:10839000A2AE4FF40001DB157E3B19411144C1F33D
:1083A000C75351487F3B1841084006EE900A37EE0C
:1083B000667AC1F3160141F40001C3F117031941B4
:1083C000002AB8BF494277EE275A15EE903A6FF36C
:1083D0000E0305EE903A35EEC77A77EEC77A9FED39
:1083E000437ADFED436A25EE877AA7EEA67ADFEDC2
:1083F000417AF0EE476AE5EEA76AB0EE665AA5EE5E
:10840000E75ADFED3D5A77EE457A26EEA67A9FEDE4
:108410003B5AE7EE055A9FED3A5AA5EE875ADFED33
:10842000395AE5EE075A9FED385AA5EE875AF0EE15
:10843000665AE5EE475AB0EE007A26EEA55A75EE7A
:10844000C75AE6EEA77A85EE257A77EE677AB7EE19
:10845000007A77EEE67A77EE677A17EE900A00EB0D
:10846000C153B3F5000F0CDAFFF768FD07EE900A71
:1084700067EE867AB3E5B1F17C5F0B4689D80021BF
:10848000A1E707EE903AF3E7F7EE007AA7E5DFED14
:108490001F7AA4E5F0EE477AA1E5B0F1FF4F3FF473
:1084A000D0AD022325F04046B6F17E5F1446F0EED3
:1084B000C77A02D0002A7FF4EEAD0029BCBFB7EE28
:1084C000007AC7EE277A002DBFF689ADA2F17E5261
:1084D0001A437FF4DBAD37EEE77AC7EE077A7EE525
:1084E00000001643000016C3000080FF8CBEBF359D
:1084F0001872313F0072313F0EEADDB54CBB3133AB
:1085000055B38A38610B36BBABAA2A3E0000000087
:10851000434920F000438B4207EE900A82B04FEAB5
:10852000D0721DD901F5313101F5E4718B4208D9C2
:108530004AB99FED3C7A67EE877A17EE900A02B04F
:108540007047002A5DD0DFED386A86EEA77A8DEDA0
:10855000007A009935498B4253D9DFED357AECE743
:1085600034498B4238D934498B424AD882F00101D0
:10857000891A07EE101ADFED316AB8EEC77AE7EE16
:10858000667AB0EE676ADFED2E7A27EE277A76EE0E
:10859000477A67EEA75A9FED2B5ADFED2B6AE5EE7F
:1085A000856AB0EE675AA6EEE55AF0EE005A67EE1D
:1085B000857A75EEC55AC7EEA56A36EEC77AF7EE2C
:1085C000007A37EE067A77EE277A0029B5D017EED3
:1085D000900A02B0FFF7B2BCB3F1645F0BD89FED15
:1085E000117A37EE877A8DED017AB7EE007A019B2A
:1085F00077EE877AA1E7B0EE676A00219FED0C7AEB
:10860000C7E7124BDFED126A03EB820393ED007AAA
:10861000A7EEA67ABDEEC77A17EE101AA9E700BF3B
:108620004FACAE420000007F01000080B4F1CF42A9
:10863000000000001872B13E9215853F0072313F74
:108640008EBEBF35155235BB8FAA2A3EB803051022
:108650003BAAB83F20F0004306EE900A0246C10F45
:10866000714882B0834212D9B3F1FF4F00F281808A
:10867000002940F0D680DFED6D7AF4EEE76AF1EE86
:1086800010FA46DDDFED6A7A67EEA66A71E06948A6
:10869000834263D9684A934254D89FED687A89BB74
:1086A00036EEC77A01239FED666A77EE466A77EE6B
:1086B000667A77EEC67AB6EE005A66EE853A9FED98
:1086C000616A26EEA37ADFED604AE7EE064AB7EE6E
:1086D000006AF0EE465AB0EE084AE4EE875AA3EE7E
:1086E000E54AF1EE083A75EEC44AE6EEC43AC4EE45
:1086F000A35A65EE875A002B41D196EEA57A76EE05
:10870000C76A36E036EE877A4FF0FF339FED4F6A47
:10871000CBE79FED4F7AF6EE007A26EE877A77EE7A
:10872000877AFDEEE77AB0EE667AB8EEE76A17EE82
:10873000903ADFED427AA6EE677ADFED417A26EED7
:10874000276AB2E79FED427AF6EE007ABEEE006A43
:10875000002926EE877A47FE867AE0E7B3F14C5F80
:108760000BD212F0FF4F04D166EEA67ACDED017A5E
:10877000019B16EE900A02B0704700239BE775EE4E
:10878000E75AD6EEA57A5A1C77EEC77A06D176EE6E
:10879000E77AFEEE006AE7EE856AEAE7012B16D17A
:1087A000BDEE007AF4EEC76AF1EE10FA06D536EEA9
:1087B000855AF8EE006A77EEC57A65E776EEE77AD5
:1087C000B0EE007AF0EE466AE7EE876AD1E703F191
:1087D0007F02D205382B07EE102A0ED976EEE77A03
:1087E00077EE867A802B04BF77EEA77A9FED107A1A
:1087F00027EE277A77EE466ABBE7C3F17F02D20500
:1088000005EE902A162BCBBF77EEA57A76EEE77AA7
:1088100076EEE77A36EE656A77EE867A67EE876AF5
:10882000A7E7FFEE006AA4E743B895418071B14223
:108830000000007F1872B13E9115853F8071313F75
:10884000D1F717371030CF3A688808BDD1F717B77E
:108850003BAAB83F07EE900AF5EEC07AF1EE10FAA7
:10886000B8EE007A48BFF1EE677A67EE877A10B506
:1088700017EE900A4CBF01240024FFF7EBFEB0EE88
:10888000007A06EE900A36EE877AC6EE877A0CB941
:10889000F1EE677A17EE900A10BD000007EE100A9D
:1088A000DFED097A77EE677A08B517EE900AFFF7E1
:1088B0002FFE9FED067A07EE900A67EE877A67EE45
:1088C000877A17EE900A08BDBCE322430000007AC5
:1088D000A0F50002B2F1FF4F07EE900A03465BD30A
:1088E000420008D127EEA77AFFEE006AC6EE877A2B
:1088F00017EE900A7047002804DA77EEE76A9FEDDA
:108900002C7AF3E79FED2B7A67EE877A6FF01801E8
:1089100017EE903A284AF7EE007A1A44D30D7F3BBF
:108920000B4406EE103A254BC2F31602134407EE31
:10893000103A37EE677AF0EE007A77EE277A87EE14
:10894000275A65EE054ADFED1E6A64EEA47ADFED74
:108950001D5A9FED1D4AE7EEA65ADFED1C6AE7EEB1
:10896000846A66EEA46AE5EEA76AF6EE005AB8EEEF
:10897000C66A67EE255ADFED167AE5EE876A66EE7F
:10898000277AE6EE857AE5EEC77A77EE877A9FED6D
:10899000117AE6EE077AABE7B0F1FF4FA8D2B0F15B
:1089A0007E5F01D00021B5E7DFED017AA0E700BFCF
:1089B000000000000000004C0DFB4A00F304353FAE
:1089C000269E783E13CECC3EEEE9913EAAAA2A3FDF
:1089D000D1F717378071313F08B5FFF779FFDFED29
:1089E000047A07EE100AC7EE277A17EE900A08BD40
:1089F0008E5D134007B5204A20F00043934218468D
:108A000023D8B3F1665FB7EE003A0FD207EE103A03
:108A1000DFED1A7A77EE277ACDED017AF0EE437A20
:108A2000019B17EE900A03B05DF804FBFFF712FEFE
:108A300007EE900A67EEA76A77EE837A77EEA77A59
:108A400086EEA77A77EE037AEBE70D4A93420ED8CB
:108A5000FFF75EFDF7EE006A07EE100AC6EE877AB2
:108A600077EE877AB6EE007A67EE877AD9E703B0B9
:108A70005DF804EBFFF712BF1672313F0000807BF8
:108A80001672B142FEEE002AF6EE007A10B51B4BCC
:108A9000041E24F0004467FEA22A9C4203EE100A42
:108AA000204623D8FFF7D6FDB4F17E5F07EE900A8B
:108AB00013D2B4F1665F0DD3B7EE007A67EEA76A02
:108AC00037EE877A86EE873AB0EE007A97EE873AED
:108AD00022EE833A13EE100A10BDB7EE007A37EE9D
:108AE000877A87EE873A33EE273AF1E7FFF7D6FE2B
:108AF00072EEA22A03EE100AEAE700BF1672B14234
:108B000007B51E4A20F00043934207EE900A05D8AD
:108B1000002103B05DF804EBFEF76EBDB3F1FF4F2B
:108B200006D377EEE77A17EE900A03B05DF804FB00
:108B30006946FEF7C1F800F00302012A09D0022AB3
:108B400010D0A2B901990098FEF756FD07EE900AE1
:108B5000E9E701990098FFF721F807EE900AF1EE96
:108B6000677AE0E701990098FEF746FDF5E70122F4
:108B700001990098FFF712F8E8E700BFD80F493FC6
:108B800010B520F00043B3F1FF4F2DED068B07EE3B
:108B9000900A044612D3C40F6400C4F1010407EE26
:108BA000104AB7EE006AB8EEC77AC6EE276A77EECB
:108BB000267ABDEC068B17EE900A10BDA04A9342B0
:108BC00044D8B3F1465F14D210F0F84F0CD19FEDAA
:108BD0009D7AF2EE006A27EE877AA7EEA67AF4EE87
:108BE000007A67EE277AE4E79FED977AE7EE877AD7
:108BF000DFE727EEA77A9FED956ADFED956AE7EE4E
:108C0000066A9FED946AA6EE876ADFED936AE6EE48
:108C1000076A9FED8D6ADFED915AA6EE876ADFED58
:108C2000906AE7EE256ADFED8F5AE6EE875ADFEDB0
:108C30008E6AE5EE876ADFED8D5AE6EE875AF7EE2B
:108C4000006AE5EE876A86EE267ACFE7884A934285
:108C500044D8B7EE007AF0EEE77ADFED866A77EE79
:108C6000C77A9FED856AA7EEA66ADFED846AE6EE15
:108C7000276A9FED836AA6EEA76ADFED826AE6EEB9
:108C8000276A9FED816AA6EEA76ADFED806ADFEDB5
:108C9000805AE6EE276A9FED7F6AA7EEA56ADFEDB0
:108CA0007E5AE6EE275A9FED7D6AA5EEA76ADFEDB4
:108CB0007C5AE6EE275A9FED7B6AA5EEA76AA6EEE0
:108CC000277A0028C6EE877AABBF9FED777A9FEDB3
:108CD000777A77EE877A77EE677A6AE7744A934213
:108CE00007D9FFEE007AB7EE007A002867FE277AF0
:108CF0005FE7B0EEE7AAB7EE009A67EEA77A6D4A93
:108D000089EE277A934268D8DFED6B7ADFED6B6AE4
:108D1000E7EE276ADFED6A7AE6EE877ADFED696AC9
:108D2000E7EE876ADFED687AE6EE877ADFED676A5D
:108D3000E7EE876ADFED667ADFED668AE6EE877A30
:108D4000DFED656AE7EE878ADFED647AE7EE267A83
:108D5000DFED636AE7EE876ADFED627AE6EE877A37
:108D6000DFED616AE7EE876ADFED607AE6EE877A2B
:108D7000DFED5F6AE7EE876ADFED5E7A1AEE103AA2
:108D8000E6EE877AF0EE49AA6FF30B0308EE103A8D
:108D9000E7EE87AAFEEE027AE8EE487A17EE900A2E
:108DA000FFF7B6FB38EE4A7AC8EEAA7A3AEE088A9E
:108DB000E7EE087A09EE900A17EE900AFFF7A8FB93
:108DC00007EE900A69EEA79AC9EE8A7A002CACBF2A
:108DD00079EE677A77EEC97AEBE6DFED476ADFED89
:108DE000477AE7EE267ADFED466AE7EE876ADFED3F
:108DF000457AE6EE877ADFED446AE7EE876ADFEDD3
:108E0000437ADFED438AE6EE877ADFED426AE7EEEA
:108E1000878ADFED417AE7EE276ADFED407AE6EEFA
:108E2000877ADFED3F6AE7EE876ADFED3E7AE6EEAE
:108E3000877ADFED3D6AE7EE876ADFED3C7A9DE7F2
:108E4000FFFF573FD475833FD475033EB156C7B774
:108E50008914BDBB8F52E9BCEB6BA6BE1AE284B687
:108E600049EE0A391681A63B632A853DCEBBCB3E2F
:108E7000FFFF9F3FC0F90DBBB351113DC21CE3BDC5
:108E800054FEA23E0892BEBE0568D43EC6CD1ABBB3
:108E9000A35A443C136E5F3C0733013EE71A933DEF
:108EA00085570A3F31F3D93D0B56583F0B5658BFF3
:108EB000FFFFBF406DDB36407E071DC12B93A2C272
:108EC000E79A38C38C6522C3578079C222F028C143
:108ED000B7A031BF93A021BC977F77BD7C3FD24024
:108EE0001F45D9420B81D643C95821446F48D94305
:108EF00063A80943CE359D4175C2F1C30B2380C4DD
:108F000041641FC4EAA220C34B108EC1D49D4CBF44
:108F100092A021BCA743ED431287B3C1CE901F4559
:108F2000BBFD47455917C04471E5A24359B4F2410E
:108F300010B520F00043B3F1FF4F2DED068B07EE87
:108F4000900A044610D3C40F640007EE104AB7EE2F
:108F5000006AF8EEC76A86EE277A76EE877ABDEC6D
:108F6000068B17EE900A10BDA84A934244D8B3F17D
:108F70000E5FB7EE007A02D277EE677AEFE767EE20
:108F8000A76A9FEDA36ADFEDA35AE6EE865A9FED2E
:108F9000A26AA5EEA66ADFEDA15AE6EE265A9FED7B
:108FA000A06A9FEDA05AA5EEA66ADFED9F5AA6EE35
:108FB000A55ADFED9E5AE5EE265A9FED9D5AA5EE85
:108FC000A65ADFED9C5AE5EE265AB0EE475AA5EEBA
:108FD000A65AC6EE056AB0F17A5F66EEA76A04DAB1
:108FE00076EEA76A77EE667AB9E7B6EE007A77EEA4
:108FF000C77A77EEA67ABFE78F4A934247D8B7EE93
:10900000007AF0EEE77ADFED8D6A77EEC77A9FEDB2
:109010008C6AA7EEA66ADFED8B6AE6EE276A9FED03
:109020008A6AA6EEA76ADFED896AE6EE276A9FEDF7
:10903000886AA6EEA76ADFED876ADFED875AE6EE5B
:10904000276A9FED866AA7EEA56ADFED855AE6EEF0
:10905000275A9FED846AA5EEA76ADFED835AE6EEF4
:10906000275A9FED826AA5EEA76AF0EE475AE6EE10
:10907000275A0028C6EEA57A02DB9FED7D7A7BE7B2
:10908000DFED7C6A77EEA67A77EE877A67E77A4A31
:10909000934200F2AF80B0EEE7AAF7EE006A67EE07
:1090A000A77AA2F1D472A2F59232933A934286EE55
:1090B000A77A67D8DFED717A9FED716AA7EE276A0C
:1090C000DFED707AE6EE077A9FED6F6AA7EE876AAA
:1090D000DFED6E7AE6EE077A9FED6D6AA7EE876A9E
:1090E000DFED6C7A9FED6C9AE6EE077A9FED6B6A86
:1090F000A7EE879ADFED6A7AE7EE067A9FED696A56
:10910000A7EE876ADFED687AE6EE077A9FED676A79
:10911000A7EE876ADFED667AE6EE077A9FED656A6D
:10912000A7EE876ADFED647A1AEE103AE6EE077A68
:109130006FF30B03E7EE876A08EE103AFEEE027A51
:10914000E8EE487AF0EE668A17EE900AFFF7E0F94B
:1091500038EE4A7AC9EE287A3AEE088AE7EE087ABB
:1091600009EE900A17EE900AFFF7D2F907EE900A7F
:1091700069EEA79A002CC9EE8A7A3FF7F0AEB0EEFE
:10918000007AF9E6002802DA4C4A93423AD89FED79
:109190004C6ADFED4C7AE7EE067A9FED4B6AA7EE5C
:1091A000876ADFED4A7AE6EE077A9FED496AA7EE15
:1091B000876ADFED487A9FED489AE6EE077A9FEDE1
:1091C000476AA7EE879ADFED467AA7EE276ADFEDBA
:1091D000457AE6EE077A9FED446AA7EE876ADFEDEF
:1091E000437AE6EE077A9FED426AA7EE876ADFEDE3
:1091F000417A99E7DFED407AB0EE007A002877FEF9
:10920000877AACE6F0EE007AA9E600BFFFFF573F91
:10921000B156C7B78914BDBB8F52E9BCEB6BA6BE74
:10922000D475033E49EE0A391AE284B61681A63B8C
:10923000632A853DCEBBCB3EFFFF9F3FC0F90DBBF0
:10924000B351113DC21CE3BD54FEA23E0892BEBE06
:109250000568D43EC6CD1ABBA35A443C136E5F3C8E
:109260000733013EE71A933D85570A3F31F3D93D55
:10927000D4A71E3E0B56583FFFFFDF417E071DC19E
:109280002B93A2C2E79A38C38C6522C3578079C258
:1092900022F028C1B7A031BF93A021BC977F77BD32
:1092A0007C3FD2401F45D9420B81D643C958214447
:1092B0006F48D94363A80943CE359D41FFFFBF40A6
:1092C00075C2F1C30B2380C441641FC4EAA220C34A
:1092D0004B108EC1D49D4CBF92A021BCA743ED433F
:1092E0001287B3C1CE901F45BBFD47455917C044F7
:1092F00071E5A24359B4F2410000000030B50024EA
:1093000020F000420C600F4C551EA542034618D2B7
:1093100010F0FF4F0CD107EE100ADFED0B7A67EE6D
:10932000277A6FF0180017EE903A086023F0004299
:109330000868D2157E3A104423F0FF43086043F0DA
:109340007C5030BDFFFF7F7F0000004C07EE900A8D
:109350009FED097AF0EEE76AF4EE476AF1EE10FA53
:1093600006D8F5EE407AF1EE10FA01D0FEF7E6BD30
:1093700017EE900A704700BFFFFF7F7FC0F3C75210
:109380007F3A162A07EE900A0CDC002A06DA00F073
:10939000004307EE903AC1ED007A7047084B134145
:1093A000184202D100F00040F5E720EA030307EE7F
:1093B000103A77EEC77A17EE900AF0EE477AEAE7AE
:1093C000FFFF7F0007B51F4A20F00043934207EEDE
:1093D000900A06D80022002103B05DF804EBFEF7E6
:1093E000DDBBB3F1FF4F06D377EEE77A17EE900AB5
:1093F00003B05DF804FB6946FDF75EFC00F0030076
:1094000001280AD002280DD0B0B901220199009894
:10941000FEF7C4FB07EE900AE8E701990098FEF713
:10942000EBF8F7E7012201990098FEF7B7FB07EE8A
:10943000900AF1EE677AD9E701990098FEF7DCF817
:10944000F5E700BFD80F493F07B5134A20F00043A6
:10945000934207EE900A06D80122002103B05DF87E
:1094600004EBFEF7E7BBB3F1FF4F06D377EEE77AE5
:1094700017EE900A03B05DF804FB6946FDF71CFC8B
:10948000420002F0020201990098C2F10102FEF7C7
:10949000D1FB07EE900AEBE7DA0F493F07B501A9C8
:1094A000FDF734FD03B05DF804FB000007EE900A01
:1094B0009FED0F7AF0EEE76AF4EE476AF1EE10FAEC
:1094C00007B508D99FED0B7A77EE877A17EE900AE9
:1094D00003B05DF804FB01A9FDF718FDFFF718F8CC
:1094E00007EE900A019B002BB8BFF1EE677AEDE71B
:1094F000FFFF7F7F0000807F20F00042B2F1FF4F2E
:1095000007EE900A034670B504D3E7EEA77A17EE8C
:10951000900A70BD002AFAD0002804DA37EEE77A04
:10952000C7EE077AF3E710F0FF422BD0C115C3F363
:109530001602CB074FF000034FF019051E464FF0FF
:10954000807042F40002A1F17F0458BF5200641001
:10955000520031189142CFBF11460E181B18511AF4
:10956000013D4FEA41024FEA5000F2D111B10133FF
:1095700023F001035B1003F17C5303EBC45307EEAC
:10958000903AC4E75B001802114602F10102F9D5D6
:109590004942CCE786B003B451FC0804CDE902018E
:1095A00051FC0904CDE9040151EC0A04CDE906019E
:1095B00003BCF047BDE800504EEC00C4BDE80050CD
:1095C0004EEC01C4BDE800504EEC02C400BD0000EA
:1095D00000B5FFF7DFFF02E010FE30F4F8D440ECF6
:1095E000120480EE200451ECB00470479A4238BF58
:1095F0008854704770472DE9F84F9846DDE90B49CC
:109600000D9B15469A0706460F4623D02A460A9B0D
:1096100003EB040A1444A24220D10D9B9B0705D5FD
:10962000A2EB050AD14505EB0A0420D82046BDE887
:10963000F88F434639462020B0470AF1010ACA454F
:109640000AEB0B02F5D3A9EB04024C4588BF0022BC
:109650002A44DCE7A246A5EB040BF0E702F1010B7C
:10966000434639461AF8010DB0475A46D3E74346F8
:10967000224639462020B0470AF1010AD2E72DE9F7
:10968000F047DDE90D7616F0020F9DF82880DDE940
:109690000854DDE90BCE1FD106F001094FB1B9F135
:1096A000000F06D0B8F1000F02D116F00C0F00D059
:1096B000013F4FF0300A04E0202C04D005F804A04C
:1096C00001347445F8D3B9F1000F05D04FF03009DB
:1096D000A74201D9202C2DD116F0100F1FD016F45F
:1096E000806F2CD15CB3744501D0BC4227D1B4F15A
:1096F000010E23D0BCF1100F46D1023C16F0200F12
:1097000028D1202C28D04FF0780C05F804C0013463
:10971000202C21D04FF0300C05F804C00134202C4F
:109720001AD0B8F1000F23D04FF02D0C05F804C06B
:10973000013412E005F804900134C9E77446BCF125
:10974000100FDBD0BCF1020FE2D1202C04D04FF07F
:10975000620CDAE7202C08D12024CDE90A76CDE985
:109760000854BDE8F047FFF746BF4FF0580CCCE770
:1097700016F0040F02D04FF02B0CD7E716F0080FAD
:10978000EBD04FF0200CD1E7BCF1020F7446C1D1F1
:10979000DDE72DE9F04391B0189D1A9E1D9F0DB98C
:1097A00027F010077C0500D515B317F0200F14BF64
:1097B0004FF0410E4FF0610EAC4600250DF1200830
:1097C000AEF10A0EBCFBF6F906FB19C95FFA89F483
:1097D000B9F1090F94BF30347444E4B2B44508F8C9
:1097E000014B05F10105BCFBF6F401D3202D10D18E
:1097F0001C9C069705941B9CCDE903649DF864406E
:10980000CDE9015408AC0094FFF739FF11B0BDE871
:10981000F083A446D6E72DE9F04F95B0269ECDE91A
:109820000A23DDE91E74DDE9229B57EA040308BF21
:1098300026F010067205CDE9080102D557EA0403A7
:1098400037D016F0200F14BF4123612300250DF1FE
:10985000300AA3F10A0821464A465B46384603F01F
:10986000F3F8D2B2092A94BF303242444F45D2B203
:1098700074EB0B0405F101050AF8012B01D3202D2F
:1098800014D1259B06960593249BDDE90801CDE9BB
:1098900003939DF88030CDE901530CAB0093DDE9D3
:1098A0000A23FFF7ECFE15B0BDE8F08F07460C4623
:1098B000D1E70025E5E700002DE9F04F93B09DEDDD
:1098C0001C7BCDE90C32DDE91E530E9353EC172BB4
:1098D000CDE90801104619468DED067B209EFCF768
:1098E00051FE80B9DDE906014FF0FF320E4BFCF767
:1098F00097FE40B9DDE906014FF0FF326FF48013A7
:10990000FCF752FE90B1DDE908019DED067B0E9B50
:109910008DED1C7BCDE91E53DDE90C32209613B092
:10992000BDE8F04F00F08CB9FFFFEF7F0022DDE9CA
:1099300006010023FCF738FE002800F04281DDE933
:1099400006A303F1004B16F4806308BF06250F93AE
:109950005AEA0B03D046D94600F03681CBF30A50C1
:10996000A0F2FF30FCF7C6FDB1A3D3E90023FCF75A
:109970003FFDB1A3D3E90023FCF712FDCBF31303A2
:10998000CDE90A0143F07F510022A34B504641F438
:109990004011FCF719FD94A3D3E90023FCF728FD3F
:1099A00002460B46DDE90A01FCF7FAFCFCF7C6FDAE
:1099B0000446FCF79FFD8EA3D3E900238046894629
:1099C000FCF716FD0022954BFCF7EAFCFCF7B6FD10
:1099D00089A3D3E90023074649464046FCF708FD22
:1099E000804638468946FCF785FD85A3D3E90023E8
:1099F000FCF7FEFC02460B4640464946FCF7E4FCF9
:109A000002460B46CDE90A23FCF7F2FCDDE90A2306
:109A10008046894610461946FCF7C2FC0022CDE973
:109A200010017F4B40464946FCF708FD00227D4B64
:109A3000FCF7B6FC02460B4640464946FCF7FEFCE6
:109A40000022794BFCF7ACFC02460B4640464946E7
:109A5000FCF7F4FCDDE90A238046894600204FF03C
:109A60008041FCF7B1FC02460B4640464946FCF7F4
:109A700097FC02460B46DDE91001FCF7DFFC07F21C
:109A8000FF370022694BFCF78BFC00223B05FCF7FB
:109A9000AFFC52465B4680468946FCF7C1FD40B1AB
:109AA0004046494600225F4BFCF7C8FC8046894689
:109AB000013C04F16303C62B8CBF05270427310545
:109AC0001ED558EA090311D04FA3D3E9002350460D
:109AD0005946FCF791FD002878D04DA3D3E9002327
:109AE00050465946FCF760FD00286FD00027A5427C
:109AF000C6BF2C1B04F1FF3500253C4646F48066AA
:109B00000E9B9F422CBF0023DB1B0A9316F002031F
:109B10000F9304D0002F0A9B18BF00230A933CB177
:109B20005046594642464B46FCF788FC82468B46D7
:109B3000DDE9060100220023FCF736FD10B10BF130
:109B400000439B46DDE9080126F4006304930A9B69
:109B5000CDE900ABCDE90253DDE90C3200F070F83D
:109B6000024657B316F0200F00F101050C9B0CBF05
:109B7000652045200999089EB047DDE908010523C5
:109B8000002205930A23002CCDE9023207F1FF37AA
:109B90004FEAD473B8BF64422A46019304970C9BE2
:109BA0000094FFF7F6FD0F9B024633B10D9BC41ADC
:109BB0000D9B1A190E9BA3420FD8104613B0BDE897
:109BC000F08FDDE906ABBEE6002472E7002D97D0EA
:109BD0000F9B002B94D0013D92E720200C9B09990C
:109BE000089DA8470134E3E761436F63A787D23F2D
:109BF00071A379094F930A401655B5BBB16B02406A
:109C0000EF39FAFE422EE63F2D431CEBE2361A3FB7
:109C10000000000080842E410000F83F0000E03F7B
:109C200000002C4000002440000018400000F03FDD
:109C3000FB799F501344D33FB3C8608B288AC63F3B
:109C40002DE9F04F97B0DDE920ABCDE90501DDE965
:109C50002257CDE90723504652465B465946249E7B
:109C6000FCF790FC70B10323CDE922762193B64B2B
:109C70002093DDE90501DDE9072317B0BDE8F04FCA
:109C8000FFF7B9BC4FF0FF326FF4801350465946CE
:109C9000FCF78AFC28B10423CDE922762193AB4B53
:109CA000E6E74FF0FF3250465946A94BFCF7B8FCA7
:109CB00068B1A84A06F00403002B08BF0322A64B94
:109CC0001CBF13460422CDE922762192D0E75046EC
:109CD00099A3D3E900235946FCF7A2FC38B998A30D
:109CE000D3E9002350465946FCF75EFC68B1DDE934
:109CF0000723DDE90501CDE92376CDE920AB2295E7
:109D000017B0BDE8F04FFFF7D7BD00220023504643
:109D10005946FCF749FC002800F09A805B46524601
:109D200000200021FCF750FB012382468B4609935B
:109D300016F4806400F08E80092D40F28E8000249D
:109D400030210EABA5F109020134202C03F8011BD0
:109D5000A5EB040901D09442F6D159465046FCF7D0
:109D6000EDFB7E4B054603EBC90393ED007B8DEDC8
:109D70000A7BFCF7BFFB02460B4650465946FCF7F0
:109D800023FBDDE90A23FCF733FB02460B46CDE952
:109D90000C23FCF7E5FB8046FCF7BEFB02460B46B6
:109DA000DDE90C01FCF710FB02460B46CDE90C2364
:109DB00000226B4BFCF734FC002851D008F101085D
:109DC0004046FCF7A9FB02460B46DDE90A01FCF719
:109DD000FFFB10B14FF000080135B9F1000F50D171
:109DE0002846FCF787FB02460B4650465946FCF7CF
:109DF000EBFA00225A4B80468946FCF7D5FB48B95E
:109E0000002240464946564BFCF70AFC10B9E807C9
:109E100000D501350A210EAB1A19202C0AD095FB6A
:109E2000F1F001FB1055303502F8015B01340546B5
:109E30000028F2D106F00302012A60D1002F5ED083
:109E4000099A12B916F00C0F00D0013F302245E0FC
:109E500009906DE74FF006097FE7A94600247CE7EB
:109E60000022DDE90C013E4BFCF79EFB0028B4D13B
:109E7000B8F1000F02D018F0010FAED008F10108C0
:109E8000ABE70A210EAB2344202C0ED0B8FBF1F037
:109E900001FB1082B8F1090F02F1300209F1FF391C
:109EA00004F1010403F8012B11D83021A1440EAABA
:109EB000202CAFD04C4504F101030AD104F1580223
:109EC0000DEB02042E2204F8202C1C46A2E780464B
:109ED000DAE7A1541C46EBE71A550134BC420ED216
:109EE000202CF9D1CDE90034DDE90501DDE90723B6
:109EF000CDE90276FFF77FFB17B0BDE8F08F202C8D
:109F0000F0D0099A3AB12D2104F158026A4402F8BE
:109F1000201C0134E6E7710704D504F158022B2117
:109F20006A44F4E73207DDD504F1580220216A447F
:109F3000EDE700BFAFF300800000000065CDCD412C
:109F40000000000065CDCDC1AFEC0310F90F041087
:109F5000FFFFEF7FF00F0410F50F04103004051021
:109F60000000E03F08B100F091BB70472DE9F04FD1
:109F700091469846B74AB84B91B01A600B1E0A93A7
:109F8000B64B14BF83469B4600251A9E98F80000E6
:109F900070B94D4538BF2A464B464FF000000A992C
:109FA00028BF09F1FF32D847284611B0BDE8F08F2D
:109FB000252808F1010806D02A464B460A996C1C50
:109FC000D8472546E2E70023414611F8012B2B2A0A
:109FD00016D00AD8202A16D0232A17D0A2F1300092
:109FE000092834D800270A2418E02D2A05D0302A61
:109FF000F4D143F001038846E6E743F00203FAE7B1
:10A0000043F00403F7E743F00803F4E743F01003D9
:10A01000F1E7884604FB0722A2F13007414611F818
:10A02000012BA2F130000928F3D998F800202E2A3C
:10A0300052D198F8011008F10102A1F1300009286D
:10A0400043F480633ED800244FF00A0E11E02A2A20
:10A0500008D156F8047B8846002FBCBF43F00203AA
:10A060007F42E2E70027E0E702460EFB0411A1F180
:10A070003004104610F8011BA1F1300CBCF1090F9F
:10A08000F2D99046424612F8011B6C292DD025D8F2
:10A09000682933D06A293BD04246904618F8010B14
:10A0A000672861D8572836D8452808D084D946284B
:10A0B00000F01D8147287FF47FAF43F4006343F035
:10A0C00020032EE12A2906D156F8044B08F1020894
:10A0D00024EAE474D6E790460024D3E7742901D03B
:10A0E0007A29D9D143F48073D7E798F801106C2905
:10A0F000F8D143F4407308F10202CEE798F801105A
:10A10000682902D043F08003C7E743F0C003F2E7B9
:10A1100043F40073C1E7A0F158020F2A3FF64CAF99
:10A1200001A151F822F000BFC9A10310B99F03108B
:10A13000B99F0310B99F0310B99F0310B99F031073
:10A14000B99F0310B99F0310B99F0310B99F031063
:10A15000C9A1031045A30310C9A1031017A303103D
:10A16000F3A2031017A30310A0F16901C9B20F29CC
:10A170003FF622AF012249F2410C8A4012EA0C025A
:10A1800018D10A2900F01D8107297FF415AF43F08B
:10A19000210305930823CDE903431023CDE90123CF
:10A1A00056F8043B2A46009358464B460A99FFF757
:10A1B000F0FAAEE06F2800F0668110D9782808D157
:10A1C000102223F00C0310E0582839D0622800F048
:10A1D0005C810A2223F01003642806D0F1E7692885
:10A1E0004FF00A0223F01003F6D1590548BF23F0BF
:10A1F0000103692803F4007101D0642844D111B32C
:10A20000073626F00706B24670685AF8081BCDE9F3
:10A21000077300230593C30F0028029306940B468F
:10A22000049202DA4B4260EB4000CDE900304B462D
:10A230002A4658460A99FFF7EEFA05465646A5E61D
:10A2400043F02003BCE7D90506F1040A08D53168BC
:10A2500009E000BF6D9F031014240020F595031042
:10A2600058060CD53178CDE90224CDE904730029D4
:10A270004FEAD1730193B8BF4942009120E019061B
:10A28000E5D5B6F90010EEE779B1CDE90773002303
:10A29000CDE9042306F1070A2AF0070A069402937F
:10A2A000FAE80223CDE90023C1E7D80506F1040A44
:10A2B0000DD5CDE90473CDE90224019133680093F3
:10A2C0004B462A4658460A99FFF763FAB5E75906FE
:10A2D00007D53178CDE904730023CDE90224019339
:10A2E000CBE7316813F0800F18BF89B2F2E743F073
:10A2F0002003CDE90373073626F007060294F6E83B
:10A3000002235846CDE900230A994B462A46FFF717
:10A3100097FC05463AE600F0DF00472801D143F4F8
:10A320000063CDE90373073626F007060294F6E8CA
:10A3300002235846CDE900230A994B462A46FFF7E7
:10A34000BBFAE6E713F0020426D04FF0010A6B1CBB
:10A350000B932A464B460A9916F8040BD84774B358
:10A3600054460B9A21E04B4620200A99D8470AEB25
:10A3700005020AF1010A5745F5D83A1E18BF012215
:10A38000002A07F1FF3308BF002307F1010A1D442B
:10A3900008BF4FF0020ADAE7A246E8E7551C4B4631
:10A3A00020200A99D8472A460134BC42F6D3A7EBAD
:10A3B0000A03574538BF00230B9A1A440B920B9D92
:10A3C000E4E53246002C52F8046B14BF21464FF0EE
:10A3D000FF310B9232463144107808B1914211D1CD
:10A3E000A2EB060A13F480620C9202D0A24528BFA9
:10A3F000A24613F002030D931BD1AAEB05032A46D4
:10A400000F9308E00132E7E7531C0E9320204B46E0
:10A410000A99D8470E9A0F9BD318BB42F4D3A7EBE7
:10A420000A03574538BF00230AF101021D4403EB1C
:10A43000020AAB1B0E9304E01C464B462A460A99BF
:10A44000D8470E9BF51816F8010B28B10C9B002B72
:10A45000F3D0631E002CEFD10D9B93B12A46AAEBDB
:10A46000050405E0561C4B4620200A99D847324681
:10A470001319BB42F6D3A7EB0A03574538BF002395
:10A480001D440B9E82E508229BE6022299E600BF4E
:10A490000CB41FB506AC54F8043B0A4600940146C0
:10A4A00004480394FFF762FD04B0BDE8104002B019
:10A4B000704700BFED9503101FB5084A03461468A6
:10A4C00044B100914FF0FF32054803A9A047012095
:10A4D00004B010BD00F0E8F82046F9E7142400208D
:10A4E000659F031000BEFDE708B5FFF7FBFF000006
:10A4F00038B5FBF79DFE044C044DAC4200D338BD8B
:10A5000054F8043B9847F8E740CB031054CB0310B2
:10A51000034608461B68114618470000437D2DE995
:10A52000F04704460D461646CBB101F1FF39002134
:10A530000846DFF870808E4217DC864203DD311A50
:10A54000236828449847002E07DD354415F8013C60
:10A55000A3F10D02534253412375BDE8F087036810
:10A5600011462846BDE8F0471847C1B199F80030B8
:10A57000A3F10D077B427B4119F8012F4F1C0A2ADA
:10A580000BD153B9814203DD091A23682844984747
:10A59000404602212368984738463946CBE7237D59
:10A5A000EAE700BF8004051010B5FAF7D9F80A4AA7
:10A5B00082184FF0FF3041F100036FF000419042EC
:10A5C00071EB030438BF0246BDE8104038BF0B46AC
:10A5D000024802F061BA00BF40420F001418002088
:10A5E000014802F035BA00BF141800202DE9F74FDA
:10A5F0000C461D4607469146FFF7D6FF631C804672
:10A6000003D1384602F028F904464FF00A0B154BE7
:10A61000154EDFF85CA0002D18BF1E46134B1D68B9
:10A6200045B9B8F1000F01D0FFF7DAFF204603B0BB
:10A63000BDE8F08F2B6893B1DAF800300BB1AB4274
:10A640000DD1224639462846B047B9F1000F06D051
:10A65000012228460DF107018DF807B0B0472D699A
:10A66000DEE700BF1DA5031011A503100820002080
:10A6700010200020044B10B51C6804B910BD63689D
:10A6800003B198472469F8E708200020012313B597
:10A6900004468DF80700002219460DF10700FFF768
:10A6A000A5FF204602B010BD38B5054602F0D4F82B
:10A6B0000123044601461A462846FFF797FFFFF795
:10A6C000D9FF204638BD00000B4613B599B90124C7
:10A6D000184601A9ADF8044000F028FD40B94FF03C
:10A6E000E023D3F8F03DDA0700D500BE02B010BD7C
:10A6F0000D4B1C70FAE7012801D80B7843B94FF0D5
:10A70000E023D3F8F03DDB0700D500BE0020EDE7E5
:10A71000054C012B235401D00120E7E700F006FD92
:10A720000028F9D1EBE700BFB52C002000F0F6BC03
:10A73000F8B50478054614F001040E461CD10378E0
:10A740005A07C3F3800713D44FF0FF31304602F0AD
:10A7500073F92C7814F001040CD12B785B0704D426
:10A7600001242B7843F004032B70304602F070F97B
:10A770002046F8BD3C46F8E70024F9E770B50D46E1
:10A7800004464FF0FF31284602F056F92378C3F310
:10A7900080065B0708D5237813F0010211BF00265D
:10A7A000237862F382032370284602F051F9304681
:10A7B00070BD000030B5C478858804F00304022C15
:10A7C000C5F30A030CD0032C31D0012C14D140F274
:10A7D000FF32022908BF4FF480629A4216D204E089
:10A7E00002290BD1B3F5007F10D04FF0E023D3F84E
:10A7F000F03DDA0700D500BE002030BD42B1B3F510
:10A80000007F05D140230371002343710120F4E749
:10A81000202B0AD815F4FF6FE7D0074A083B9BB2FC
:10A8200022FA03F3DB07F1D4DFE7402BDCE7022950
:10A8300018BF4022CEE700BF0101000130B50A4435
:10A84000914200D330BD4C78052C06D18C7804F0B1
:10A850007F0500EB4505E4092B550C782144EFE713
:10A860000A4492B291424FEA400001D8824201DB91
:10A87000121A92B21046704738B50546D41A0846E7
:10A88000A988A4B29A423CBF04EB4104A4B2B4B17B
:10A89000A14205D2914294BF521A521893B26B81D1
:10A8A000994209D9EA882968C2F30E0202FB031112
:10A8B00001F01EFF012038BD5B1A9BB2F0E7204675
:10A8C000F9E72DE9F047BDF8204086881D1BADB2A1
:10A8D000A3423CBF05EB4605ADB207468846F5B13D
:10A8E000AE4206D235469E4294BF9B1B9B199CB23A
:10A8F0004481954228BF1546A64213D9FA88A6EB93
:10A90000040939681FFA89F9C2F30E0A4D45524607
:10A910000AFB041109D840466A4301F0E9FE2846C3
:10A92000BDE8F087A41BA4B2E6E719FB0AF91FFAF9
:10A9300089F94A464046AE1B01F0DAFEA21912FB25
:10A940000AF2396892B208EB0900E6E7B2F5004F67
:10A95000F8B504460F4616461D4622D8C06818B101
:10A960004FF0FF3102F068F8206918B14FF0FF3165
:10A9700002F062F89DF81830C5F30E0545EAC335BC
:10A980000023E06863812760A680E580238108B109
:10A9900002F05EF8206908B90120F8BD02F058F80D
:10A9A000FAE70020F9E7024613895289808892B2BB
:10A9B0009BB2934236BFC2EB40029B1A9B189BB2DC
:10A9C000984228BF184670470289438992B29BB2C9
:10A9D000D31A58425841704703894289818892B2FC
:10A9E0009BB2934236BFC2EB41029B1A9B189BB2AB
:10A9F00099428CBF002001207047038941898288D9
:10AA000089B29BB28B4236BFC1EB42015B1A5B1825
:10AA10009BB29A4286BFD01A80B20020704738B5E8
:10AA2000044600690D4618B14FF0FF3102F004F8FA
:10AA300022896389294692B220469BB2FFF71CFF08
:10AA400061890246054689B2A088FFF709FF608147
:10AA5000206908B101F0FCFF284638BD73B50446F3
:10AA600000690D46164618B14FF0FF3101F0E4FFC2
:10AA700023896289294692B20092204632469BB2CF
:10AA8000FFF71FFF61890246054689B2A088FFF7DC
:10AA9000E7FE6081206908B101F0DAFF284602B0C4
:10AAA00070BDF8B50446C0680F4618B14FF0FF31CD
:10AAB00001F0C2FF26892046B6B2FFF78DFF10B124
:10AAC000E579ED0913D03046A388834215D9E28891
:10AAD0002368C2F30E02394602FB003001F008FE83
:10AAE00001223146A088FFF7BBFE01252081E068E6
:10AAF00008B101F0ADFF2846F8BDC01A80B2E4E706
:10AB00002DE9F84F06460F46154642B3C06818B106
:10AB10004FF0FF3101F090FFF379B6F808807189AA
:10AB2000DB09B6F804901FFA88F889B21AD1884573
:10AB300039BFC1EB49044444A8EB01018CB238BFD2
:10AB4000A4B24C452EBF0024A9EB0404A4B2A54234
:10AB500028BF25462DBBF06808B101F079FF2846D3
:10AB6000BDE8F88F4D4509D3F388A5EB0905C3F37C
:10AB70000E0303FB057788464D46EBE788454FEA11
:10AB8000490236BF531AA8EB010343449BB22B443E
:10AB9000934206DBA9EB0502484692B2FFF760FE3E
:10ABA000804644464C4517D2F288A9EB040A306827
:10ABB0001FFA8AFAC2F30E0BAA455A460BFB040091
:10ABC0000ED339466A4301F093FD2A464146B088C8
:10ABD000FFF746FE3081BEE7A4EB0904A4B2E1E72B
:10ABE0001AFB0BFA1FFA8AFA5246394601F080FD29
:10ABF000A5EB0903E21812FB0BF2306892B207EBE7
:10AC00000A01E0E710B50446C06818B14FF0FF3103
:10AC100001F012FF206918B14FF0FF3101F00CFF75
:10AC20000023E0686381238108B101F011FF2069EE
:10AC300008B101F00DFF012010BD38B5C3790446FD
:10AC4000B1EBD31F0D4617D0C06818B14FF0FF31DC
:10AC500001F0F2FE206918B14FF0FF3101F0ECFE77
:10AC6000E379E06865F3C713E37108B101F0F0FE22
:10AC7000206908B101F0ECFE012038BD00F07F032F
:10AC8000F0B51A4C5E0006EBD01504EB4515C7096C
:10AC9000A87087F001006870002029839901E8708E
:10ACA000EA761348DA00651877B10244AA620020F8
:10ACB0003E4404EB4616B26810604BB904EB4714EF
:10ACC00063600C4BE360F0BD04320244AA60EEE71F
:10ACD000013B094ADB001FB1214413444B62F2E7F8
:10ACE00004330C4413446360EDE700BF14200020DC
:10ACF00080001050000110500800105038B5012499
:10AD00000546837803F07F02DB0983F0010343EA01
:10AD100042039C400C4B0D4A1C66536E34EA0303FD
:10AD2000FBD1EB780021002B14BF4FF440524FF4BD
:10AD30008052284601F0ACFE284601F071FE044B1B
:10AD40005C661C6638BD00BF002011500000115029
:10AD500000301150038BC27E08493F33022A23F092
:10AD60003F030A6808BF5B001344C260044A0B60DB
:10AD7000934201D9FBF756BA704700BF842B0020DD
:10AD8000FF0F105038B500F0E3F80C234025124CAB
:10AD9000FF22A3670E201149F8F710FF2A46002171
:10ADA0000F4801F01FFA002229461046FFF766FF00
:10ADB000002229468020FFF761FF01F071FE01208B
:10ADC0004FF000534FF480322064E364054BC4F825
:10ADD0009030054BDA6438BD000011508509002021
:10ADE0001420002010D001000020115001210E205D
:10ADF000F8F75CBE00220248114600F0C9B800BF57
:10AE0000342000204FF40032034BC3F890204FF45D
:10AE10008052DA64704700BF002011504FF4803236
:10AE2000014BDA64704700BF003011504FF480329C
:10AE3000014BDA64704700BF00201150044B1970B9
:10AE400021B14FF40032034BC3F89020704700BF8C
:10AE5000932C0020002011500B785B0606D14B7814
:10AE6000052B01BF4B88024ADBB21360704700BF5D
:10AE700000001150CA7870B502F00302012A23D0F5
:10AE80008C78898804F07F062046C1F30A01FFF719
:10AE9000F5FEBEB10D4DE40904EB460005EB401094
:10AEA00004EB4604FFF756FF05EB4412D368D17E4E
:10AEB00083F0A04383F48013526843EA816343F034
:10AEC00000431360012070BD0020FCE71420002027
:10AED00001F0E6BD084608B5114600F07F02C00942
:10AEE00000EB42001A46034B03EB401000F050F811
:10AEF000012008BD14200020C80911F07F0102BF05
:10AF0000064AC0F102039366054B00EB41004FF483
:10AF10000062002103EB401001F0BABD0020115087
:10AF20001420002030B411F07F050DD00022074816
:10AF30006B0003EBD11300EB43136FF4006130BCE3
:10AF40001846DA7001F0A4BD30BC70471420002010
:10AF500008B54FF080530A4A136002F5805213601F
:10AF6000084B9968C94311F08051FAD14FF48052CF
:10AF7000054801F037F90922044B5A6708BD00BFA4
:10AF8000002002400000024000001050000011505C
:10AF9000002310B5C38201238282837601610446B7
:10AFA00001F046FD20B14FF40032074BC3F890206A
:10AFB000204601F099FD10B10123237710BD2046F2
:10AFC000BDE8104001F03CBD002011502DE9F041DA
:10AFD000054600241A4E1B4FDFF878803178E3B223
:10AFE0004A1CD2B29A4210D854220021164801F0CD
:10AFF000F9F81022FF21154801F0F4F8BDE8F041FE
:10B000002022FF21124801F0EDB899424FF02402AE
:10B010000DD9D8F8001002FB03135BB94FF0E02301
:10B02000D3F8F03DDB0700D500BEBDE8F0815B1A28
:10B0300002FB03732846DB6898470134CEE700BF64
:10B04000922C002084040510B72C0020BB2C00207B
:10B05000CB2C00205C1B002070B50C460546164624
:10B06000486900F0C1FD3246284663690121BDE808
:10B07000704018470020704700207047002070473C
:10B080007047704770477047014B9878704700BF12
:10B09000B72C0020024B187800F00100704700BF69
:10B0A000B72C0020024B5878003818BF0120704799
:10B0B000B72C0020024B1878C0F38000704700BF07
:10B0C000B72C0020094B10B51A78C2F38004520740
:10B0D00008D51B7803F01803182B05D1044B1878FA
:10B0E000FFF790FE204610BD0024FBE7B72C0020A0
:10B0F000E817002008B5034B1878FFF78FFE0120F2
:10B1000008BD00BFE817002008B5034B1878FFF70B
:10B110008DFE012008BD00BFE8170020024B187803
:10B12000FF3818BF01207047E81700202DE9F84FBD
:10B13000DFF8E480054698F800300E46FF2B52D128
:10B1400049B94FF0E023D3F8F03DDB0700D500BE4E
:10B150000020BDE8F88F002454220021254801F08A
:10B1600041F8254F254B26481C70F8F751FF38460B
:10B17000F8F71EFF234B24481F60244FF8F748FFC1
:10B180003846FFF73FFD224BDFF890901F60214FBC
:10B190003846F2F707FB3B78C9F80000FF2BD0D008
:10B1A0004FF0240ADFF878B00CE099421DD9D9F8A5
:10B1B00000200AFB0323002BC3D05B680134002B63
:10B1C000BFD098473978E3B24A1CD2B29A42ECD841
:10B1D0003146284688F80050FFF7D4FD0028B0D04B
:10B1E0002846FFF703FE0120B3E75B1A0AFB03B30F
:10B1F000E3E700BFB72C00207C1E0020CB2D0020F1
:10B200008C1E0020841E0020E0170020CC17002098
:10B21000881E0020922C0020E81700205C1B0020D4
:10B220008404051038B58A780D4B12F070020C4674
:10B230001D7808D04FF0E023D3F8F03DDB0700D5B0
:10B2400000BE002038BD074B20469978FFF7B2FAC0
:10B250000028EFD021462846BDE83840FFF70ABE57
:10B26000E8170020B72C00202DE9F0478146DDE9E2
:10B2700008670C4690469A460025A84501DC012047
:10B280000AE06378052B09D04FF0E023D3F8F03DB6
:10B29000DB0700D500BE0020BDE8F087E37803F0AF
:10B2A00003035345F0D121464846FFF7BBFF002872
:10B2B000EAD0A3780135DA0914BF3B7033702378E4
:10B2C0001C44DAE7CB0901F07F02343303EB42037D
:10B2D0000248034A18441168FFF72ABAB72C002025
:10B2E000841E0020CB0901F07F02343303EB4203BC
:10B2F0000248034A18441168FFF740BAB72C0020EF
:10B30000841E002070B5144C01F07F0604EB460447
:10B3100004EBD11494F834501048ED0704F13004D4
:10B32000007808D54FF0E023D3F8F03DDB0700D5D7
:10B3300000BE002070BD257945F001052571FFF79D
:10B34000C9FD0028F6D1227960F30002227122792A
:10B3500060F382022271E5E7B72C0020E817002095
:10B3600010B50C460B4B1878FFF7C6FD0A4904F0E0
:10B370007F0301EB430101EBD41191F8343043F02A
:10B38000020381F8343091F8343043F0010381F83E
:10B39000343010BDE8170020B72C002010B50C4643
:10B3A0000B4B1878FFF7BEFD0A4904F07F0301EB51
:10B3B000430101EBD41191F8343023F0020381F8FA
:10B3C000343091F8343023F0010381F8343010BD6B
:10B3D000E8170020B72C0020054B01F07F0203EB9B
:10B3E000420303EBD11191F83400C0F340007047E1
:10B3F000B72C00202DE9F04FA64B87B01B78FF2B10
:10B400004DD0DFF89C92A44B1C686369EFF3108267
:10B4100072B6D3E8CF0F01210028FAD1C3E8401F4C
:10B420000028F6D1BFF35F8FA261204603A9FFF782
:10B43000F6FA00236269C2E88F3FA36983F310889C
:10B4400068B39DF80D30013B072B00F20E83DFE857
:10B4500013F0080013000303E802F4021C00AB021F
:10B46000FC029DF80C00FFF7B1FD00F0B5FB9DF864
:10B47000103089F80230C6E79DF80C00FFF7A6FDF2
:10B4800000F0AAFBFFF7FDFDBDE7844A13784BB936
:10B490004FF0E023D3F8F03DDC0700D500BE07B045
:10B4A000BDE8F08F1378013BDBB21370137803F023
:10B4B000FF00002BA7D17A4C9DF80C50237843F065
:10B4C0000103237094F8343060F3000384F83430BF
:10B4D00094F8343060F3820384F8343094F83530D3
:10B4E00060F3000384F8353094F8353060F382035C
:10B4F00084F8353000F078FB9DF8103003F06002DE
:10B50000602A07D14FF0E023D3F8F03DDD072CD5BA
:10B5100000BE2AE0402A0BD1624800F065FB012101
:10B52000284604AAF2F73CF900287FF46CAF1CE02F
:10B5300003F01F03012B00F09C81022B00F0D4814B
:10B54000002BDFD1202A29D19DF814300F2B0CD8E5
:10B5500023441979544B1B78994211D2534B01EB78
:10B56000C1011B6813EB810113D19DF80C00002170
:10B57000FFF7C2FC80219DF80C00FFF7BDFC42E7FD
:10B580005A1CD2B29142F0D22422C91A484B02FB73
:10B59000013104AA2846FFF75FFDC5E7002AB1D1B3
:10B5A0009DF81130092BADD801A252F823F000BF4D
:10B5B00051B803103FB8031005B503102BB80310A2
:10B5C00005B50310D9B5031083B7031005B50310F3
:10B5D000F3B50310FDB5031004A800F00BFB2846DB
:10B5E0009DF81210FFF706FC237843F00203237046
:10B5F00009E763788DF80A30012333E19DF8126082
:10B6000063789E4241D063785BB100212846FFF702
:10B6100015FC2846FFF75CFCA7782846FFF7D6FC08
:10B62000A7706670002E00F0A980701EC0B2F2F7FD
:10B6300009F810B14378022B10D04FF0E023D3F873
:10B64000F03DDB0700F198804FF0E023D3F8F03DA8
:10B65000DF0700D500BE0023637086E7C37900F1E1
:10B660000906C3F38012C3F340131B0143EA4213DC
:10B67000227822F03002134323704388C3180093CA
:10B68000009BB34216D8FFF7FBFC284604A900F044
:10B6900067FAB8E6E8170020881E0020CB2D0020AE
:10B6A000B72C0020A1D70210922C00205C1B002098
:10B6B0008404051073780B2B02BF337896F803A02F
:10B6C000F618737818BF4FF0010A042BB5D14FF06C
:10B6D000000B009B9B1B9BB20193AE4B5FFA8BF759
:10B6E0001B785A1CD2B2BA42A7D9BB424FF02408E9
:10B6F0002FD9A94B1B6808FB0738B8F1000F9CD065
:10B70000019A31462846D8F8103098470828024652
:10B710002FD9019B83422CD3BAF1010F06D1D8F85F
:10B7200010109E4B994208BF4FF0020A0021CBB285
:10B730009A4513D83B46314699480192FFF77EF867
:10B74000944B019A1B7816440133DBB2BB4297D865
:10B7500073E7944AFB1A08FB0328D1E7B07801315C
:10B76000034454FA83F31879FF287FF466AF1F71FE
:10B77000DDE70BF1010BB0E700BE65E7FFF781FCE9
:10B7800083E7BDF812301A0AD8B2531E0E2B3FF6CB
:10B79000ECAE01A151F823F0D5B70310F7B70310B1
:10B7A00011B803106BB503106BB5031025B8031067
:10B7B000F7B703106BB503106BB503106BB503102F
:10B7C0006BB503106BB503106BB503106BB50310AD
:10B7D000EDB70310F1F724FF024600283FF492AEC4
:10B7E0001223284604A900F0CDF99DE6FFF742FC9C
:10B7F000024640B9B9E6022A07D1F1F723FF024613
:10B8000000283FF47FAE5388EBE7FFF737FCEFE704
:10B81000BDF81410F1F736FD024600283FF4A5AE3E
:10B820000378DEE7FFF728FCF6E7BDF81230012BBE
:10B830007FF49BAE237843F00803237025E7BDF81F
:10B840001230012B7FF491AE237823F00803F4E744
:10B850002378C3F340129B0803F002031343ADF8AF
:10B860000A30022328460DF10A0204A900F08AF9E1
:10B87000C9E59DF814300F2B3FF677AE23441979B4
:10B88000444B1B78994224D2434B01EBC1011B6806
:10B8900013EB81013FF469AE284604AAFFF7DCFBF5
:10B8A00000287FF4B0AD9DF8103013F060047FF4F1
:10B8B0005CAE9DF811300A3B012B3FF656AE00F00E
:10B8C00093F99DF811300A2B7FF4DFAE8DF80A4012
:10B8D00092E65A1CD2B29142BFF447AE2422C91A52
:10B8E000304B02FB0131D7E79DF8141011F0700FB7
:10B8F0007FF408AE01F07F03264804EB430303EB1B
:10B90000D1131B7D0078834215D2234803EBC30378
:10B91000066806EB8306EAB99DF8113003F0FD02D4
:10B92000012A1BD0002B7FF4EDAD2846FFF754FD14
:10B93000ADF80A0095E7461CF6B2B34280F09E804F
:10B940001B1A2420174E00FB0366002AE4D0314660
:10B9500004AA1FE6002E3FF408AEF8E7BDF8122057
:10B9600022B9012B284612D1FFF718FD002E3FF413
:10B970004AAD314604AA2846FFF76EFB002000F0CE
:10B9800033F994F83530DE073FF53DAD7DE6FFF73E
:10B99000E7FCEBE7922C00205C1B002099BF031012
:10B9A000CB2C0020840405109DF8101001F07F04BA
:10B9B00009EB440202EBD11292F8343023F0010378
:10B9C00082F8343092F8343023F0040382F83430B3
:10B9D0003CB9059B9DF811209DF80C0000F018F96A
:10B9E00011E5137D284A127893420FD2274A03EBC0
:10B9F000C303126812EB83033FF44AAD9C699DF8C0
:10BA00001120059B9DF80C00A047FCE4501CC0B21F
:10BA10008342BFF43DAD24209B1A1D4A00FB032343
:10BA2000ECE799F80030D8077FF5EDAC99F8000005
:10BA3000C0F3C000FFF726FBE5E499F80030D90712
:10BA40007FF5E1ACFFF71FFBDDE4049B002B3FF427
:10BA5000DAAC05989847D6E499F80330DA077FF511
:10BA6000D2AC0498F1F7DAFBCDE44FF0E023D3F841
:10BA7000F03DDB077FF5C7AC00BEC4E4002A7FF4CD
:10BA800074AD002648E700BF922C00205C1B00200C
:10BA90008404051030B40125104B05FA01F1187823
:10BAA0000F4BC9B2DC78E4B292B1DA780A43DA70AB
:10BAB000D978B4FA84F2B1FA81F152094909914274
:10BAC0000AD030BCD978003918BF0121FFF7B6B9C8
:10BAD000DA7822EA0102EAE730BC7047E817002072
:10BAE000B72C0020024B024600211878FFF7D2BF86
:10BAF000E8170020144B70B59989DA8905468C1A2D
:10BB0000A4B293F90000402C28BF402400280FDA8B
:10BB1000914213D09968A1B122460C4800F0E8FD8B
:10BB200080210A4A23462846BDE87040FFF7EABB59
:10BB300091424FF00001F4D10A46F3E78021002240
:10BB4000F0E7084670BD00BF681E0020281E0020D8
:10BB5000C943002301F080011A46FFF7D3BB000060
:10BB600030B4074C0546224608680B46496803C2B4
:10BB700000222846C4E9022230BC1978FFF7E8BF4A
:10BB8000681E0020F8B5134E0C4637460546086877
:10BB90004968B26003C70021F181E1888B4228BF68
:10BBA0000B46B38189B14BB142B94FF0E023D3F8D2
:10BBB000F03DDB0700D500BE002005E02846FFF77A
:10BBC00099FF0028F1D00120F8BD28462178FFF721
:10BBD000BFFFF6E7681E002014220021014800F094
:10BBE00001BB00BF681E0020014B1861704700BFF9
:10BBF000681E002010B50246044C006823465168B8
:10BC000003C30023C4E9023310BD00BF681E002037
:10BC100070B5284C1E462378C909B1EBD31F0546E1
:10BC200013D03EB14FF0E023D3F8F03DDB073FD413
:10BC3000002070BD2146FFF70FF923691BB1224692
:10BC40000321284698470120F3E794F90030A068C3
:10BC5000002B05DB0028EBD03246174900F048FDE9
:10BC6000A268E38932443344A260E2889BB29A42DC
:10BC7000E38101D03F2E17D8236933B928462178B4
:10BC8000FFF766FF0028DED1CCE702212846094AEB
:10BC9000984701460028F1D12846FFF72DF9802169
:10BCA0002846FFF729F9CEE72846FFF723FFE9E703
:10BCB00000BEBDE7681E0020281E00202DE9F047C9
:10BCC0000746FFF7EFF978B3FFF7F4F9064658BBDC
:10BCD0004FF412747C43154D05EB040999F80330B9
:10BCE00013B304F11008A8444046FEF786FE3F282F
:10BCF0001AD999F80310285DFFF7E4FAA0B140467D
:10BD0000FEF77BFE3F2899F8031008D9084A304611
:10BD100002EBC7124023BDE8F047FFF7F3BA285DF6
:10BD2000BDE8F047FFF7DEBABDE8F087E01B002072
:10BD3000601B0020704770477047704770470000D5
:10BD400018B102780120014B1A707047E9170020E2
:10BD500010B50446FFF7A6F908B9002010BDFFF79B
:10BD6000A9F90028F9D14FF41272034802FB04002C
:10BD7000407900F00100F1E7E01B00204FF412725F
:10BD800008B5034B02FB0030FEF70DFE08BD00BFF7
:10BD9000F01B002038B54FF6FF739A4228BF1A46B1
:10BDA00004464FF41270064B92B200FB0430FEF7CB
:10BDB00055FE05462046FFF781FF284638BD00BFE7
:10BDC000F01B00202DE9F8430446FFF76BF978B328
:10BDD000FFF770F960BB4FF412766643184F06F117
:10BDE0002409B9444846FEF7DEFD08B307EB060810
:10BDF00098F80210B85DFFF765FAC8B14022114DFE
:10BE000002EBC414254429464846FEF727FE0446A3
:10BE100098F80210B85D84B123462A46FFF772FAFB
:10BE200048B94FF0E023D3F8F03DDB0700D500BE62
:10BE30000020BDE8F8832046FBE7FFF753FAF7E759
:10BE4000E01B0020601B00204FF4127370B50C4DF6
:10BE5000044603FB00554FF6FF739A4228BF1A466B
:10BE6000284692B2FEF74CFE06462846FEF79BFD9A
:10BE70003F2802D92046FFF7A5FF304670BD00BF1E
:10BE8000041C00204FF4127208B5034B02FB003073
:10BE9000FEF7B3FD08BD00BF041C00204FF4127272
:10BEA000024B02FB0030FEF7ADBE00BF041C0020B9
:10BEB000F7B51B4C4FF412720021204600F092F9A6
:10BEC000FF23A3714FF4E1330025A360082304F19D
:10BED0003801A3734FF480720123009504F1100020
:10BEE000FEF734FD0F4B4FF480721B7804F59C7104
:10BEF000C3F38003009304F50E77012304F12400BB
:10BF0000FEF724FD04F510763846F8F751F8304670
:10BF1000F8F74EF8C4E90757C4E90C6503B0F0BD63
:10BF2000E01B0020E9170020002230B5114614461E
:10BF3000084B186B21B10AB100225A63012030BDB1
:10BF40001D6A0DB1C3E907110028F4D001221C635A
:10BF50001146EEE7E01B0020002310B50B480C4C07
:10BF6000036083802378DA0702D41030FEF74AFE9C
:10BF700023789B0702D40748FEF744FE2178054842
:10BF8000C1F38001BDE81040FEF757BEE01B002062
:10BF9000E9170020041C0020F7B54B790746022B57
:10BFA0003DD18B79022B3AD1224EB37883BB092540
:10BFB0008B78307073700B78CC186378242B20D179
:10BFC000954219D96378042B12D163790A2B0FD1CA
:10BFD000194B2678019301330093022338461A4601
:10BFE000A119FFF741F998B10E3516FA85F5ADB2F2
:10BFF0000020FFF763FE13E023781D44ADB21C441C
:10C00000DBE7052BDED121463846FFF70BF950B9A7
:10C010004FF0E023D3F8F03DDB0700D500BE00254C
:10C02000284603B0F0BDA378337123781D44ADB228
:10C030001C44C7E7E01B0020E21B00200B46114612
:10C04000127870B502F06002202A44D1234D8A880C
:10C050006C7894423FD14A78203A032A3BD8DFE8F3
:10C0600002F002111431012B05D107231C4AFFF7FE
:10C0700089FD012070BD032BFBD100201849FFF77B
:10C080005CFEF6E7012BF4D1EFE7012B02D1FFF7BD
:10C0900067FDEEE7032BECD14B88124803F0010457
:10C0A000C3F340066B71104B197811F0040118BFEF
:10C0B00084F00101FEF7C1FD324621460020F1F770
:10C0C000C1F8D6E7012BE2D0032BD2D1002049885A
:10C0D000FFF734FECDE70020CCE700BFE01B0020D7
:10C0E000E81B0020041C0020E91700202DE9F04780
:10C0F000324C1D46E37880468B420E4635D1304F98
:10C10000AAB2394604F11000FEF7FAFCA379FF2B1E
:10C110003BD12C48FEF758FC08B9F0F7A5FF0020EA
:10C12000FFF7CCFDA378B3421AD10020FFF703FE3E
:10C130000020FFF747FE98B92348FEF734FC78B992
:10C1400075B115F03F050BD14046A178FFF7BAF85D
:10C1500030B12B462A464046A178FFF7D3F850B1BC
:10C160002379B34225D001200DE0A3788B42D9D0AA
:10C1700023798B42D6D04FF0E023D3F8F03DDB0794
:10C1800000D500BE0020BDE8F08707EB050904F1EB
:10C19000100AB945BDD017F8013BA2799A42F8D1EF
:10C1A0005046FEF711FC0028F3D1A179FFF7C2FD3C
:10C1B000EFE70020FFF7C0FDD5E700BFE01B002040
:10C1C000601B0020F01B0020041C002008B5052087
:10C1D000F8F7CAFC014B186008BD00BF581B0020CF
:10C1E000FFF7F4BF70B5860747D0541E002A3ED033
:10C1F000CAB2034601E0013C39D303F8012B9D0785
:10C20000F9D1032C2CD9CDB20F2C05EB052505EB6C
:10C21000054535D9A4F1100C03F1100E1A462CF087
:10C220000F064FEA1C1CB644C2E90055C2E902558C
:10C2300010327245F8D10CF1010214F00C0F04F029
:10C240000F0C03EB021213D0ACF1040323F0030331
:10C250000433134442F8045B9342FBD10CF0030413
:10C260002CB1C9B21C4403F8011BA342FBD170BD21
:10C2700064461346002CF4D1F9E703461446C0E7A0
:10C280001A46A446E0E700BF11F0FF01034600F0A4
:10C29000030239D08ABB10B501EB012E02680EEB08
:10C2A0000E4EA2F101338EEA020423EA0203A4F146
:10C2B000013222EA0402134313F0803F0FD150F8F9
:10C2C000044F84EA0E0CA4F10133ACF1013223EAED
:10C2D000040322EA0C02134313F0803FEFD00378EB
:10C2E00023B936E010F8013F002B32D09942F9D142
:10C2F00010BD8A4228D09A0729D01A7818460133EF
:10C30000002AF6D110467047CAB90268A2F101337B
:10C3100023EA020313F0803F08D150F8042FA2F162
:10C32000013323EA020313F0803FF6D003785BB1B8
:10C3300010F8013F002BFBD17047990705D0184634
:10C3400013F8012B002AF8D170471846DDE718468C
:10C35000A1E7184610BD00BF80EA010C1CF0030FD6
:10C3600037D110F0030C20F0030021F0030150F846
:10C37000042B08BF51F8043B0ED08CF0030C6FF077
:10C380007F434FEACC0C23FA0CFC51F8043B42EA01
:10C390000C0243EA0C0300BFA2F1013C9A4201BF28
:10C3A0002CEA020C1CF0803F50F8042B51F8043B9F
:10C3B000F2D04FEA02604FEA1222012828BFB0EB08
:10C3C000036F08BF1B0AF4D003F0FF03000EC01A6E
:10C3D000704710F0030F0AD010F8012B11F8013B41
:10C3E000012A28BF9A42F4D0A2EB030070474DF80F
:10C3F000045D50F8042B01F0030521F0030151F80E
:10C40000043B022D26D04DD822F07F45B5EB132FEB
:10C41000A2F1013C2CEA020C0DD11CF0803C08BFBB
:10C4200051F8043B0AD185EA0205B5EB036F0CD144
:10C4300050F8042BE8E74FEA13235BE03CF07F4C15
:10C4400054D10B784FEA126554E04FEA126503F0BD
:10C45000FF034FE04FEA0245A2F1013C4FEA1545C8
:10C460002CEA020CB5EB134F18D11CF0803C08BF2E
:10C4700051F8043B07D185EA0205B5EB034F09D11A
:10C4800050F8042BE6E75FEA0C4C2FD10B884FEAFB
:10C4900012452FE04FEA03434FEA12454FEA134398
:10C4A00028E000BF02F0FF05B5EB136FA2F1013CDD
:10C4B0002CEA020C0DD11CF0803C08BF51F8043B63
:10C4C0000AD185EA0205B5EB032F0AD150F8042BF7
:10C4D000E8E74FEA13630DE012F0FF0F06D051F8C2
:10C4E000043B4FEA122523F07F4303E04FF00000A6
:10C4F00020BC704705F0FF0203F0FF00012828BFB1
:10C50000904204BF2D0A1B0AF4D0A2EB000020BC0D
:10C51000704700BFCAB384460B4630B50446084393
:10C52000800719D09CF800000C78A04212D150B3BB
:10C53000012A28D0E64603E01CEB030F23D010B3FA
:10C540001EF8010F11F8014FA2EB0E03A04203F1F8
:10C55000FF33F1D0001B30BD032A07D8E2E7043ACD
:10C5600011D01EF0803F0ED1032A10D92068194641
:10C5700053F8045BA446A0F1013E0434A8422EEA1D
:10C58000000EECD0CEE7002030BD10467047A44628
:10C590001946C7E788420ED98B1883420BD900EBA6
:10C5A000020C002A6ED0624613F801CD994202F8BF
:10C5B00001CDF9D170470F2A0FD8034602F1FF3C95
:10C5C000002A5FD00CF1010C013B8C4411F8012BC7
:10C5D000614503F8012FF9D1704740EA01039B0739
:10C5E00051D1A2F1100301F1200C70B523F00F0519
:10C5F00001F1100E00F110041B09AC445EF8105C50
:10C600000EF1100E103444F8205C5EF81C5C44F807
:10C610001C5C5EF8185C44F8185C5EF8145CE64537
:10C6200044F8145CEAD1013312F00C0F02F00F0C45
:10C6300001EB031100EB031329D0ACF1040C1C1F18
:10C640008E462CF003064FEA9C0C1E445EF8045BF9
:10C6500044F8045FB442F9D10CF1010402F0030282
:10C6600003EB840301EB840102F1FF3C4AB10CF1BE
:10C67000010C013B8C4411F8012B614503F8012F9B
:10C68000F9D170BD704702F1FF3C03469AE762465C
:10C69000EAE700BF032A30B415D941EA0004844612
:10C6A0000B46A40704D0541E0FE0043A032A08D90D
:10C6B0001946604653F8044B5CF8045BA542F4D07D
:10C6C000F1E760461946541E7AB1431E013902193A
:10C6D00001E09A4209D013F8010F11F801CF60452B
:10C6E000F7D0A0EB0C0030BC7047002030BC704786
:10C6F000844641EA000313F0030349D1403A23D3AF
:10C700000B6803604B6843608B688360CB68C360D1
:10C710000B6903614B6943618B698361CB69C361B9
:10C720000B6A03624B6A43628B6A8362CB6AC362A1
:10C730000B6B03634B6B43638B6B8363CB6BC36389
:10C7400040304031403ADBD230320BD30B680360CB
:10C750004B6843608B688360CB68C36010301031D6
:10C76000103AF3D20C3205D351F8043B40F8043BA5
:10C77000043AF9D2043208D0D2071CBF11F8013BA9
:10C7800000F8013B01D30B8803806046704700BF6F
:10C79000082A13D38B07B1D010F00303AED0C3F136
:10C7A0000403D21ADB071CBF11F8013B00F8013B60
:10C7B000A4D331F8023B20F8023B9FE7043AD9D3D7
:10C7C000013A11F8013B00F8013BF9D20B780370F4
:10C7D0004B7843708B7883706046704710B58E46F7
:10C7E000017899B104469EF8000070B1A4467246E3
:10C7F000034602E012F8013F2BB19942FAD11CF82E
:10C80000011F0029F3D1ACEB040010BD084610BD98
:10C81000002301461A46184600F0BEB830B404782A
:10C82000C4B10D78844685B10A462B4602E012F861
:10C83000013F2BB19C42FAD1ACEB000030BC7047F9
:10C840001CF8014F002CEFD1F6E71CF8014F002C2B
:10C85000FBD1F1E72046F1E720F0030110F00300DF
:10C86000C0F1000051F8043B00F1040C4FEACC0C7D
:10C870006FF000021CBF22FA0CF213434FF0010CC0
:10C880004CEA0C2C4CEA0C4CA3EB0C0222EA0302FF
:10C8900012EACC1204BF51F8043B0430F4D0C2F1C8
:10C8A000000102EA0102B2FA82F2C2F11F0200EBB9
:10C8B000D200704780EA0102844612F0030F4FD184
:10C8C00011F0030F32D14DF8044D11F0040F51F85F
:10C8D000043B0BD0A3F101329A4312F0803F04BF16
:10C8E0004CF8043B51F8043B16D100BF51F8044BFF
:10C8F000A3F101329A4312F0803FA4F101320BD12F
:10C900004CF8043BA24312F0803F04BF51F8043BB3
:10C910004CF8044BEAD023460CF8013B13F0FF0F10
:10C920004FEA3323F8D15DF8044B704711F0010F43
:10C9300006D011F8012B0CF8012B002A08BF704714
:10C9400011F0020FBFD031F8022B12F0FF0F16BF0B
:10C950002CF8022B8CF8002012F47F4FB3D17047D3
:10C9600011F8012B0CF8012B002AF9D1704700BFF8
:10C9700038B5074D074C2C1BA41005D0013C55F8C9
:10C98000043D9847002CF9D1BDE8384000F040B88C
:10C9900054CB031054CB031070B4164D2C681CB349
:10C9A00065681F2D23DC38B96B1C002002356360DD
:10C9B00044F8251070BC704704EB850C0228CCF8B5
:10C9C00088204FF00102D4F8886102FA05F246EAA5
:10C9D0000206C4F88861CCF80831E5D1D4F88C316E
:10C9E0001343C4F88C31DFE7034C2C60D8E74FF0D9
:10C9F000FF30DFE7541B0020C4190020024B13B1A5
:10CA00000248FFF705BF70470000000071C903101E
:10CA1000F8B500BF000000005FF800F02F0700200D
:10CA20005FF800F0290C00205FF800F0B110002042
:10CA30005FF800F0650B00205FF800F02B05002088
:10CA40005FF800F0790C00205FF800F08110002002
:10CA50005FF800F05F0500205FF800F0E10F0020B4
:10CA60005FF800F0210100205FF800F0F9070020D6
:10CA70005FF800F0D91000205FF800F0A10300205B
:10CA80005FF800F0350100205FF800F0910600200B
:10CA90005FF800F0350C00205FF800F0F70400208C
:10CAA0005FF800F0AD0800205FF800F0E30200201E
:10CAB0005FF800F0910400205FF800F02D030020E3
:10CAC0005FF800F01B0300205FF800F0390400203D
:10CAD0005FF800F0ED0300205FF800F08D02002009
:10CAE0005FF800F0410200205FF800F0890B0020A1
:10CAF0005FF800F0370800205FF800F069030020BD
:10CB0000ED620310696203109562031049DC0210A4
:10CB1000CD620310494A031015630310A94E031098
:10CB2000E53F031019630310A543031021620310AE
:10CB300001630310B1620310F53803108D3A03103E
:10CB4000FDC90310DD6103107D0200107D34031068
:04CB5000E1C103102C
:10CB540000B5244B2120586013F5405302209860FF
:10CB6400D8601861586113F50D231F4919601868BE
:10CB740010F0020FFBD1352000F02CF8022814D05D
:10CB84000620586000F022F89868012058600020C0
:10CB940058600220586000F019F8986898689868FE
:10CBA400052000F017F84008FAD231F001011960AD
:10CBB4000E48D8604AF2EB0058610D4818614FF0F6
:10CBC400A051097820F48050186100BD18688008CD
:10CBD400FCD2704700B558605860FFF7F7FF9868BB
:10CBE400986800BD00000440410080070202004034
:10CBF400A8920400000000000000000000000000F3
:10CC04000000000000000000000000000000000020
:10CC14000000000000000000000000000000000010
:10CC24000000000000000000000000000000000000
:10CC340000000000000000000000000000000000F0
:10CC440000000000000000000000000000000000E0
:10CC5800FF868B74616B658C8300FF86EDA59683D8
:10CC6800D0A577657265E800FF86BCA59896830015
:10CC7800FF86B4E56D6F7374A5617267756D656E37
:10CC880074732C20676F74A500FF82849800FF6579
:10CC9800787472619683E800FF65787472618C839A
:10CCA800E800FF8C617267756D656E742873298A58
:10CCB800A92D20757365206E6F726D616CF8696EB1
:10CCC800737465616400FF9E6D616E79206C6F639B
:10CCD800616C7391C06D6574686F6400FF86676FDF
:10CCE80074C9DE91848200FFF68C848200FF86BCC2
:10CCF80098968423256400FF86BC988C848200FF64
:10CD080086BC6B6579776F72642D6F6E6C79840061
:10CD1800FF9374797065636F646500FF93636F6D4B
:10CD280070696C65206D6F646500506C7573206167
:10CD38006E79206D6F64756C6573206F6E207468F2
:10CD4800652066696C6573797374656D0A006F6236
:10CD58006A6563742000206973206F662074797097
:10CD6800652025710A00202D2D2000FF8070657236
:10CD7800666F726D2072656C6174697665DA002E73
:10CD880066726F7A656E2F00FFBD6D6F64756C6596
:10CD9800206E616D65648200FF2A788890AD7461A9
:10CDA8007267657400FF27627265616B272F2763BE
:10CDB8006F6E74696E756527B06C6F6F7000FFD207
:10CDC800928200FFF08890A6AE00FFAEC661732085
:10CDD800676C6F62616C00FFBD62696E64696E6743
:10CDE80091CBE700FFAEC66173CB00FF806465633B
:10CDF8006C617265CB9F6F75746572D300FF27797C
:10CE080069656C6427B08600FF996B65793A76612D
:10CE18006C756591D400FF996A757374A7BF917397
:10CE2800657400FF6E6F6E2D64656661756C748441
:10CE3800666F6C6C6F77732064656661756C74845B
:10CE480000FF2772657475726E27B08600FF8064D4
:10CE5800656C657465F200FF81B300FF84C4726578
:10CE68007573656400FF696E6C696E65F98890A7D3
:10CE78008600FFD29200FFDCF08890A6AE00FF99F2
:10CE8800A6F9BB00FF276C6162656C27AB31840093
:10CE9800FFE9C600FF27616C69676E27AB31840024
:10CEA800FF276461746127ABE56C65617374203298
:10CEB8008300FF276461746127ABA38300FF80614F
:10CEC800737369676E8EF200FFC92A789FAD00FF01
:10CED8006173796E6320666F722F77697468B061C9
:10CEE80073796E638600FF64656661756C742027CC
:10CEF8006578636570742788906C61737400FF2A85
:10CF0800A1B82A2A00FF2AA1B86B7761726700FFCF
:10CF18009E6D616E79F800FF4C4853978CA18890FC
:10CF2800A6696400FF96A1B82A2A00FF96A1B88CCA
:10CF3800A100FF737570657228298066696E642088
:10CF480073656C6600FF27617761697427B0860096
:10CF5800FF816D6963726F707974686F6E206465A4
:10CF6800636F7261746F7200FFDA2A8AE56D6F640D
:10CF7800756C65206C6576656C00FF627974656315
:10CF88006F6465CC00FF878FA7E900FFE9828A6498
:10CF98006566696E656400FF878FA6616464726563
:10CFA800737397EE666F726D205B612C20625D0073
:10CFB800FF878FA6A300FF87A3307825788B666943
:10CFC800749F6D61736B203078257800FF878FE53B
:10CFD8006D6F73742072256400FF878FA6465055C5
:10CFE800CD00FF878FA7CD00FF878F7B72302C2065
:10CFF80072312C202E2E2E7D00FF63616E206F6E05
:10D008006C79FD75708E34F58E5468756D6220618B
:10D018007373656D626C7900FFF588907265676956
:10D0280073746572739FB672308E723300415053B9
:10D03800525F6E7A637600465053435200FF878FE3
:10D04800A77370656369616CCD00FF8D5468756D59
:10D0580062BB87A0A58300FF6272616E63688A9FC6
:10D068009D00FFEA8275736564206265666F72656C
:10D07800926B6E6F776E00FFF18E8500FF8872618C
:10D08800697365A68500FFEA82BA9282D0736F75CC
:10D09800726365D58200FF80F394828E27626F6F7A
:10D0A8006C2700FFC07969656C6400FFDCB482D02E
:10D0B800676F74820063617374696E6700FF276E1F
:10D0C8006F74278AA900FF80646F20756E6172797A
:10D0D800206F70978200FF6469762F6D6F648AA94C
:10D0E8009175696E7400FF636F6D70617269736F1B
:10D0F8006E97C3E475696E7400FF62696E61727938
:10D10800206F70E28AA900FF80646F2062696E61F7
:10D118007279206F70206265747765656E82E4822B
:10D1280000FF806C6F6164B78200FF806C6F616480
:10D13800A0829C00FF80EC8200FF80EC8E8200FFC2
:10D1480080ECA0829C0047433A20746F74616C3A6B
:10D158002025752C20757365643A2025752C20666A
:10D168007265653A202575000A204E6F2E206F667D
:10D1780020312D626C6F636B733A2025752C203239
:10D188002D626C6F636B733A2025752C206D617866
:10D1980020626C6B20737A3A2025752C206D61789B
:10D1A800206672656520737A3A2025750A00474320
:10D1B800206D656D6F7279206C61796F75743B2095
:10D1C80066726F6D2025703A000A202020202020EA
:10D1D80020282575206C696E657320616C6C20664B
:10D1E80072656529000A253038783A200028295BBD
:10D1F8005D7B7D2C3B7E3A653D3C653D633C653DF2
:10D208003E653D633E653D2A653D632A653D2B6568
:10D218003D2D653D653E26653D7C653D2F653D633D
:10D228002F653D25653D5E653D40653D3D653D217C
:10D238002E002E666F726D61742800FF756E69632B
:10D248006F6465C4657363617065730046616C7370
:10D2580065004E6F6E650054727565005F5F6465AA
:10D268006275675F5F00616E640061730061737966
:10D278006E6300617761697400636F6E74696E75BF
:10D28800650064656C00656C696600656C736500B3
:10D298006578636570740066696E616C6C790069A5
:10D2A8006D706F7274006C616D626461006E6F6E98
:10D2B8006C6F63616C006E6F7400726169736500F6
:10D2C80072657475726E00747279007768696C653E
:10D2D80000FF6368722829A18A9F72616E676528BA
:10D2E80030783131303030302900FFA1D5A6A8B6CA
:10D2F80000FF6F72642829B4A76368617261637460
:10D3080065722CD09597ACA5E700FF887573658C7E
:10D3180084916B65798600FF6D61746820646F6D18
:10D3280061696EC7006E65676174697665206661BC
:10D3380063746F7269616C00FF6469766964652063
:10D348006279D700737461636B3A202575206F7515
:10D3580074206F662025750A007173747220706FCF
:10D368006F6C3A206E5F706F6F6C3D25752C206E68
:10D378005F717374723D25752C206E5F7374725FD4
:10D38800646174615F62797465733D25752C206EE4
:10D398005F746F74616C5F62797465733D25750A9B
:10D3A800007363686564756C6520717565756520C3
:10D3B80066756C6C00FFD89EEB004D414C4F5F4288
:10D3C8004F41524400332E342E303B204D69637256
:10D3D8006F507974686F6E2076312E32392E302D69
:10D3E800707265766965772E3334392E67616633D6
:10D3F80038656531363566206F6E20323032362D0D
:10D4080030362D313500FF99A7D4918CF800556E30
:10D4180068616E646C656420657863657074696FB3
:10D428006E20696E2074687265616420737461721D
:10D438007465642062792000747275650066616C99
:10D448007365003C25713E005472616365626163D7
:10D458006B20286D6F737420726563656E7420632A
:10D46800616C6C206C617374293A0A00202046694B
:10D478006C6520222571222C206C696E652025643C
:10D48800002C20696E2025710A00FF8094E38E66C7
:10D498006C6F617400FF8094E38EAF00FF8587AAEC
:10D4A800A7CEC1D600FF726571756573746564ACEB
:10D4B800A5D085BAACA500FFE2696E64696365739F
:10D4C8008890FF8AE300FFE29CBE979D00FF859746
:10D4D8009287BABD6C656E282900FF87858B7375A6
:10D4E80070706F7274206974656D2064656C657402
:10D4F800696F6E00FF8785AA7375627363726970BE
:10D508007461626C6500FF87858B737570706F72CC
:10D5180074206974656DAD00FF85A0D870726F7452
:10D528006F636F6C980062797465617272617928B3
:10D53800620061727261792827256327002C205BBD
:10D54800002C2000FF6F6E6C7920736C6963657323
:10D55800A0737465703D312028616B61204E6F6E39
:10D568006529206172659B00FF6C6873E4726873BB
:10D578002073686F756C6490636F6D706174696215
:10D588006C6500FF61727261792F627974657398B6
:10D598006F6E207269676874207369646500FF6D37
:10D5A800656D6F727976696577206F6666736574E5
:10D5B8009EC800FF9584776974686F7574A6656E58
:10D5C800636F64696E670025713D006A29006A000F
:10D5D800FF807472756E636174652D646976696421
:10D5E80065A7AFDB00FFAF6469766964652062797F
:10D5F800D700FF302E308EA7AF706F77657200FFAF
:10D60800A800285B005D2900FF706F706974656D64
:10D6180028293A2064696374696F6E617279D5A8A4
:10D6280000257128007B00FFD4757064617465B6AD
:10D63800BAEFAC00646963745F6974656D73006404
:10D648006963745F6B65797300646963745F76619D
:10D658006C756573005B4572726E6F2025645D2082
:10D668002571003C66756E6374696F6E20257120A4
:10D67800617420307825703E00FFB2616C7265617C
:10D68800647920657865637574696E67003C6765C1
:10D698006E657261746F72206F626A6563742027A9
:10D6A8002571272061742025703E00FF8073656E08
:10D6B80064206E6F6E2D4E6F6E65BF8EA76A757390
:10D6C800742D73746172746564B200FFB27261691B
:10D6D8007365642053746F70497465726174696FFF
:10D6E8006E00FFB269676E6F7265642047656E658C
:10D6F8007261746F724578697400FF8094696E6610
:10D708008EC300FF80944E614E8EC300FF706F770A
:10D718002829A03383AB696E74656765727300FF4F
:10D72800CC636F6E76657274696E67206C6F6E6716
:10D73800C38E6D616368696E6520776F7264006E71
:10D748006567617469766520736869667420636FBC
:10D75800756E7400FF706F70B7A8D6003C6D6F646B
:10D76800756C6520272573272066726F6D20272525
:10D7780073273E003C6D6F64756C65202725732701
:10D788003E00FF80736574A2006E756C6C00FFA18B
:10D798008890757365722D7479706500FFBD737517
:10D7A8006368A200FFD7737465700072616E676565
:10D7B8002825642C202564002C2025642900FF706E
:10D7C8006F70B7A6A873657400736574282900661E
:10D7D800726F7A656E7365742800736C6963652867
:10D7E80000FF736C69636520737465708090D7005F
:10D7F800FF809482858EE2F300FF6A6F696E8FA7BF
:10D80800D6977374722F6279746573206F626A6534
:10D8180063747320636F6E73697374656E74A07339
:10D82800656C6685006E6F6E2D6865782064696723
:10D838006974005C2563005C5C005C6E005C7200CF
:10D848005C74005C7825303278005C75253034785B
:10D8580000FF6279746573BFBE979D00FF737562A0
:10D86800737472696E678AE700FFEFDB978300FFC6
:10D87800A8736570617261746F7200FFF48900FFAC
:10D8880089CAA7D400FFF4896B657900FF8995CA16
:10D898006D6F72658300FF2563CAC3C163686172D7
:10D8A80000FFA36E656564656400FF8D8963686128
:10D8B80072616374657220272563272028307825D4
:10D8C8007829E59CA500FF89956469646E2774949E
:10D8D800616C6C83007273706C6974284E6F6E652E
:10D8E8002C6E2900FF73696E676C6520277D2720E1
:10D8F800656E636F756E74657265649F899500FFC8
:10D9080093F19A00FF756E6D6174636865642027F2
:10D918007B279F8900FFB4273A27B8899A00FF80A0
:10D92800737769746368B7FAB96E756D6265726901
:10D938006E678E6D616E75616CB9DD00FFCE9CBE41
:10D94800979D00FF617474726962757465738A9B30
:10D9580000FF80737769746368B76D616E75616C79
:10D96800B9DD8EFAB96E756D626572696E67003CD5
:10D978003E3D5E006263646545664667476E6F7349
:10D9880078582500FF81899A00FF7369676E8ACFEE
:10D998009F95899A00FF7369676E8ACFA0A3899AB9
:10D9A80027632700FFD289D327256327918597927C
:10D9B8008700FF273D2720616C69676E6D656E746F
:10D9C8008ACF9F95899A003C696F2E537472696E4D
:10D9D80067494F20307825783E003C696F2E4279A0
:10D9E800746573494F20307825783E00FF492F4FE2
:10D9F800C56F6E20636C6F7365642066696C650023
:10DA08005C552530387800FF95696E6469636573E5
:10DA18008890FF8AE300FF959CBE979D002C0063C9
:10DA2800616C6C20737570657228292E5F5F696E52
:10DA380069745F5F282920666972737400FF8061CA
:10DA48006464207370656369616C206D6574686FC8
:10DA5800648E616C72656164792D737562636C6143
:10DA680073736564E6003C636C61737320272571EA
:10DA7800273E00FF756E7265616461626C65A20085
:10DA88003C2573206F626A65637420617420257079
:10DA98003E003C73757065723A2000FF80637265C2
:10DAA80061746582696E7374616E63657300FF9259
:10DAB80082AAA661636365707461626C65FB9200FB
:10DAC800FFC96261736573FD696E7374616E636526
:10DAD800206C61792D6F757420636F6E666C696355
:10DAE8007400FF92ED31C1338300FF8785AA63611B
:10DAF8006C6C61626C6500FF5F5F696E69745F5F83
:10DB080028292073686F756C64DC4E6F6E652C8AEB
:10DB18008700FFE1A1328890A7E6C1A7CE97636C82
:10DB2800617373657300FFE1A1318890A7E600FF78
:10DB38008AA7636F6E7374616E7400FFF6696E6412
:10DB4800656E7400FF756E696E64656E748B6D61C9
:10DB580074636820616E79206F7574657220696ED0
:10DB680064656E74206C6576656C006D616C666FBB
:10DB7800726D656420662D737472696E6700FF6943
:10DB88006E742829A13288903E3D2032E43C3D2025
:10DB9800333600FF81B391A3A0FBA500FF81B391A9
:10DBA800DB00FFE0F766696C6500FFE0F761726310
:10DBB8006800FFC49E6C6F6E670051282573290AA0
:10DBC8000063616E27F4696E76616C69E4272571DC
:10DBD800A7617267756D656E74F3617267756D65BF
:10DBE8006EF46F626A6563F466756E6374696FEEEE
:10DBF800272573A76D7573F4666F726D61F46E6F88
:10DC0800F4646F65736E27F46B6579776F72E475EA
:10DC18006E737570706F727465E474EF6578706513
:10DC28006374F362E5666FF2747970E56261E463C8
:10DC38006F6E766572F4737472696EE7706F7369EC
:10DC480074696F6E61EC6FE672657175697265E48F
:10DC5800657870656374696EE77370656369666992
:10DC680065F2737570706F727465E4696E6465F857
:10DC780072616E67E5746FEF69EE776974E86172D7
:10DC8800E76174747269627574E5696E74656765D5
:10DC9800F27069EE25E461EEE1656D7074F9696D05
:10DCA800706C656D656E7465E469736E27F47265F2
:10DCB8007175697265F36C656E6774E86173736991
:10DCC800676E6D656EF46964656E7469666965F2A0
:10DCD800636F6D706C65F86F7574736964E565786A
:10DCE8006973F467656E657261746FF273796E7447
:10DCF80061F865787065637465E465787465726E5B
:10DD080061EC73657175656E63E566726FED6166EA
:10DD18007465F26669656CE46861F3696E737472C0
:10DD2800756374696FEE6D697373696EE76EEF6F93
:10DD380075F476616C75E56E61746976E56FF26607
:10DD48007265F1696EF46E616DE56F70657261748C
:10DD5800696FEE7265646566696E65E46572726F17
:10DD6800F26C617267E56D756C7469706CE56E656F
:10DD78006564F36E6F6E6C6F6361EC6F76657266E7
:10DD88006C6FF772656769737465F27475706CE52A
:10DD9800616C6C6F7765E46275F4737472756374A3
:10DDA800BA756E6B6E6F77EE636F64E5646963F4E2
:10DDB80069F36C6973F47A6572EF6275666665F289
:10DDC80063616E6E6FF4696D706F72F46E756D627B
:10DDD80065F27265747572EE73706563696669637E
:10DDE8006174696FEE76616C7565F353746174657F
:10DDF8004D616368696EE5696E636F6D7061746922
:10DE0800626CE56973737562636C61737328A92525
:10DE1800F125F3616EE461F4636C6173F3666F7509
:10DE28006EE467697665EE6C616265EC6C6F6361E0
:10DE3800EC736D616CEC73746F72E574616B65F310
:10DE48007468E577726F6EE7616E6E6F74617469FE
:10DE58006FEE636F6E76657273696FEE65787072D8
:10DE6800657373696FEE696D706C696369746CF9D9
:10DE7800696E636F6D706C6574E5706172616D6574
:10DE8800746572F3756E65787065637465E42E6DFC
:10DE980070F9617267F3617373656D626C65F26145
:10DEA80075746F6D617469E3626173E5626974F337
:10DEB800686176E5686561F0696E746567657273B7
:10DEC800AC0025236F00252378002E2E2E20002E4F
:10DED80066726F7A656E002F6C6962003C737464B9
:10DEE800696E3E003C737472696E673E003E3E3E4A
:10DEF800200041444300414C5400414C545F434F7F
:10DF0800524553494748545F545241434500414C98
:10DF1800545F4750434B00414C545F48535458009A
:10DF2800414C545F49324300414C545F50494F3093
:10DF380000414C545F50494F3100414C545F5049A7
:10DF48004F3200414C545F50574D00414C545F5381
:10DF5800494F00414C545F53504900414C545F5560
:10DF680041525400414C545F554152545F415558F9
:10DF780000414C545F55534200414C545F5849503E
:10DF88005F435331004152524159004155544F00AB
:10DF98004246494E543136004246494E54333200C7
:10DFA8004246494E543800424655494E543136008F
:10DFB800424655494E54333200424655494E54382C
:10DFC8000042465F4C454E0042465F504F53004268
:10DFD80049475F454E4449414E004255494C5449D2
:10DFE8004E5F434443004255494C54494E5F4445B3
:10DFF8004641554C54004255494C54494E5F4E4F8A
:10E008004E45004279746573494F00434F52455F4E
:10E0180054454D50004354530043616E63656C6C26
:10E0280065644572726F7200444D4100444D41541D
:10E03800696D6572004465666C617465494F004599
:10E048004143434553004541444452494E55534585
:10E058000045414741494E0045414C5245414459CC
:10E068000045424144460045434F4E4E41424F52BF
:10E078005445440045434F4E4E524546555345443A
:10E088000045434F4E4E5245534554004545584967
:10E0980053540045484F5354554E52454143480048
:10E0A80045494E50524F47524553530045494E56E5
:10E0B800414C0045494F0045495344495200454E9B
:10E0C8004F4255465300454E4F44455600454E4F26
:10E0D800454E5400454E4F4D454D00454E4F544317
:10E0E8004F4E4E00454F504E4F54535550500045DB
:10E0F8005045524D004554494D45444F55540046EE
:10E108004C4F4154333200464C4F4154363400464C
:10E11800696C65494F00466C617368004672616DB1
:10E1280065427566666572004672616D6542756620
:10E138006665723100475030004750310047503112
:10E1480030004750313100475031320047503133A9
:10E1580000475031340047503135004750313600C0
:10E168004750313700475031380047503139004760
:10E178005032004750323000475032310047503259
:10E188003200475032350047503236004750323758
:10E19800004750323800475033004750340047504A
:10E1A8003500475036004750370047503800475031
:10E1B80039004750494F30004750494F31004750C8
:10E1C800494F3130004750494F3131004750494F8E
:10E1D8003132004750494F3133004750494F3134AD
:10E1E800004750494F3135004750494F31360047B5
:10E1F80050494F3137004750494F3138004750494F
:10E208004F3139004750494F32004750494F32305B
:10E21800004750494F3231004750494F323200478A
:10E2280050494F3233004750494F32340047504924
:10E238004F3235004750494F3236004750494F3228
:10E2480037004750494F3238004750494F3239005C
:10E258004750494F33004750494F333000475049E2
:10E268004F3331004750494F3332004750494F33FD
:10E2780033004750494F3334004750494F33350036
:10E288004750494F3336004750494F3337004750BE
:10E29800494F3338004750494F3339004750494FA9
:10E2A80034004750494F3430004750494F3431000B
:10E2B8004750494F3432004750494F343300475094
:10E2C800494F3434004750494F3435004750494F7F
:10E2D8003436004750494F3437004750494F3500CE
:10E2E8004750494F36004750494F37004750494F2C
:10E2F80038004750494F39004753325F484D534221
:10E30800004753345F484D53420047533800475A3B
:10E318004950004932435461726765740049325369
:10E3280000494E565F545800494E5F4849474800D7
:10E33800494E5F4C4F5700494F426173650049523F
:10E34800515F414444525F4D415443485F524541F7
:10E3580044004952515F414444525F4D415443483F
:10E368005F5752495445004952515F425245414B0B
:10E37800004952515F454E445F524541440049525D
:10E38800515F454E445F5752495445004952515FC9
:10E3980046414C4C494E47004952515F5245414411
:10E3A8005F524551004952515F524953494E470007
:10E3B8004952515F525849444C45004952515F53A4
:10E3C8004D30004952515F534D31004952515F530E
:10E3D8004D32004952515F534D33004952515F54F9
:10E3E8005849444C45004952515F57524954455F7A
:10E3F800524551004A4F494E5F4E4F4E45004A4FD5
:10E40800494E5F5258004A4F494E5F5458004C4994
:10E4180054544C455F454E4449414E004C6F636B24
:10E4280054797065004D4F4E4F004D4F4E4F5F4829
:10E438004C5342004D4F4E4F5F484D5342004D4F95
:10E448004E4F5F564C5342004D564C5342004E417E
:10E4580054495645004E6F74496D706C656D656E14
:10E46800746564004F4E455F53484F54004F504504
:10E478004E5F445241494E004F55545F4849474802
:10E48800004F55545F4C4F57004F72646572656476
:10E498004469637400504552494F44494300504F02
:10E4A8004C4C45525200504F4C4C48555000504F20
:10E4B8004C4C494E00504F4C4C4F55540050545200
:10E4C8000050554C4C5F444F574E0050554C4C5FD4
:10E4D8005550005057524F4E5F52455345540050C7
:10E4E800696E0050696E41460052415700524742DA
:10E4F80035363500525443005254530052696E6702
:10E50800494F0053484946545F4C454654005348C8
:10E518004946545F52494748540053544552454F61
:10E52800005369676E616C00536F6674493243002B
:10E53800536F66745350490053746174654D616339
:10E5480068696E650053746F704173796E634974BE
:10E5580065726174696F6E00537472696E67494FB2
:10E56800005461736B005461736B51756575650078
:10E5780054657874494F57726170706572005549D7
:10E588004E540055494E54363400554C4F4E4700B2
:10E59800554C4F4E474C4F4E4700555342446576B5
:10E5A800696365005553484F525400556E69636F4F
:10E5B80064654572726F7200564F4944005666731F
:10E5C800466174005666734C66733200566970650E
:10E5D80072547970654572726F72005744540057CF
:10E5E80044545F524553455400584645525F46418E
:10E5F800494C454400584645525F5354414C4C459C
:10E608004400584645525F53554343455353005AB7
:10E618004C4942005F5F61656E7465725F5F005FC1
:10E628005F61657869745F5F005F5F6169746572D7
:10E638005F5F005F5F616C6C5F5F005F5F616E656D
:10E6480078745F5F005F5F62617365735F5F005F2F
:10E658005F6275696C645F636C6173735F5F005FB1
:10E668005F64656C5F5F005F5F64656C61747472A2
:10E678005F5F005F5F646963745F5F005F5F666927
:10E688006C655F5F005F5F676C6F62616C735F5F93
:10E69800005F5F696D706F72745F5F005F5F7061CC
:10E6A80074685F5F005F5F7265706C5F7072696E3F
:10E6B800745F5F005F5F72657665727365645F5F44
:10E6C800005F5F7365745F6E616D655F5F005F5FBC
:10E6D800736574617474725F5F005F5F7472616305
:10E6E800656261636B5F5F005F6173796E63696F19
:10E6F800005F6275696C64005F6D7079005F6F6EB2
:10E708006577697265005F727032005F7461736B60
:10E718005F7175657565006132625F626173653648
:10E7280034006162735F746F6C0061636F730061C2
:10E73800636F736800616371756972650061637402
:10E74800697665006164645F70726F6772616D00FD
:10E75800616464726573736F6600616573006168F4
:10E76800625F65727200616C69676E00616C6C6FE4
:10E77800635F656D657267656E63795F657863650C
:10E788007074696F6E5F62756600616C6C6F63614F
:10E7980074655F6C6F636B00616C7400616E645FBD
:10E7A80000617070656E646C65667400617267768E
:10E7B800006173696E006173696E680061736D5FF3
:10E7C80070696F5F656E636F64650061736D5F7418
:10E7D80068756D6200617372006174616E006174C6
:10E7E800616E32006174616E68006232615F6261FD
:10E7F80073653634006261756472617465006269BC
:10E808006E0062696E61736369690062697473742A
:10E818007265616D00626C00626C697400626F6F92
:10E82800746C6F6164657200626F6F7473656C5F9E
:10E83800627574746F6E00626F756E645F6D657477
:10E84800686F6400627377617000627566666572EE
:10E8580000627566666572696E67006275696C74D8
:10E86800696E5F64726976657200627573790062B9
:10E8780078006279746561727261795F61740062AF
:10E888007974656F726465720062797465735F612B
:10E89800740063616C6373697A650063616E6365B4
:10E8A8006C006365696C0063656E7465720063680B
:10E8B80061696E5F746F006368616E6E656C00639A
:10E8C800686469720063686F69636500636C6F737D
:10E8D80075726500636C7A00636D61746800636FBC
:10E8E8006C6C65637400636F6C6C656374696F6EE0
:10E8F8007300636F6D70696C6500636F6D706C6534
:10E908007800636F6E66696700636F6E74726F6C10
:10E918005F786665725F636200636F7079736967B9
:10E928006E00636F726F0063707369640063707365
:10E93800696500637263333200637263380063721F
:10E948007970746F6C696200637473006375725FC9
:10E958007461736B006461746100646174657469E7
:10E968006D65006465636F64650064656570736CEC
:10E97800656570006465666C6174650064656772DE
:10E98800656573006465696E69740064656C6174BB
:10E9980074720064656C6574657200646571756590
:10E9A80000646573635F63666700646573635F64CF
:10E9B800657600646573635F73747273006468746A
:10E9C8005F72656164696E746F00646963745F7611
:10E9D8006965770064696765737400646973616267
:10E9E8006C650064697361626C655F69727100646B
:10E9F80069736361726400646F630064756D7000AD
:10EA080064756D7073006475707465726D006475FB
:10EA1800707465726D5F6E6F746966790064757481
:10EA2800795F6E7300647574795F75313600656C53
:10EA38006C6970736500656E61626C6500656E6116
:10EA4800626C655F69727100656E637279707400DB
:10EA5800656E756D65726174650065705F6D61786E
:10EA6800006572660065726663006572726E6F009B
:10EA78006572726F72636F64650065786563666955
:10EA88006C650065786974006578706D3100666141
:10EA9800627300666565640066696C6C0066696C23
:10EAA8006C5F726563740066696C74657200666990
:10EAB80072737462697400666C61677300666C6F68
:10EAC8006F7200666C6F7700666C75736800666DB0
:10EAD8006F64006672616D65627566006672657165
:10EAE8000066726578700066726F6D68657800669A
:10EAF800726F6D6B6579730066726F7A656E736598
:10EB0800740066756E6374696F6E0067630067658D
:10EB18006E657261746F72006765745F6964656EB3
:10EB280074006765746377640067657472616E6406
:10EB380062697473006765747465720067657476DA
:10EB4800616C756500676D74696D65006770696FE4
:10EB58005F626173650067726F75700067726F75C9
:10EB68007073006861726400686173686C69620040
:10EB7800686561705F6C6F636B00686561705F7575
:10EB88006E6C6F636B0068656170696679006865B3
:10EB98006170706F70006865617070757368006887
:10EBA800656170710068656C700068696768006805
:10EBB8006967685F70726900686C696E650069648E
:10EBC8006C6500696C69737464697200696D61676A
:10EBD80000696D706C656D656E746174696F6E0047
:10EBE800696E5F6261736500696E5F7368696674F8
:10EBF80064697200696E635F7265616400696E635F
:10EC08005F726561645F72657600696E635F7772D3
:10EC180069746500696E635F77726974655F7265B0
:10EC28007600696E646963657300696E69745F6311
:10EC38006F72653100696E70757400696E74657203
:10EC480073656374696F6E00696E7465727365636A
:10EC580074696F6E5F75706461746500696E76655E
:10EC6800727400696F63746C0069706F6C6C006912
:10EC780072715F7175696574006973636C6F736530
:10EC88000069736469736A6F696E74006973656E8D
:10EC980061626C656400697366696E6974650069B0
:10ECA80073696E660069736E616E0069737375626D
:10ECB8007365740069737375706572736574006940
:10ECC80074665F6D6178006A6D705F70696E006A66
:10ECD800736F6E006B62645F696E7472006B65655A
:10ECE80070656E6473006C6162656C006C64657855
:10ECF80070006C647262006C64726578006C647297
:10ED080068006C67616D6D61006C6962635F766550
:10ED180072006C69676874736C656570006C6F610C
:10ED280064006C6F616473006C6F63616C74696D0F
:10ED380065006C6F673130006C6F6732006C6F6F05
:10ED48006B6168656164006C736C006C7372006D54
:10ED5800616C6F006D61746368006D6178696D75D1
:10ED68006D20726563757273696F6E206465707467
:10ED780068206578636565646564006D61787369AA
:10ED88007A65006D6435006D656D3136006D656DB1
:10ED98003332006D656D38006D656D5F6164647256
:10EDA80073697A65006D656D5F616C6C6F63006D8A
:10EDB800656D5F66726565006D656D5F696E666F2E
:10EDC800006D656D61646472006D656D6F72797652
:10EDD800696577006D696E006D6B646972006D6BB3
:10EDE8006673006D6B74696D65006D6F6466006DA8
:10EDF8006F64696679006D6F64756C65006D6F731B
:10EE080069006D6F7674006D6F7677006D6F767739
:10EE180074006E616D65647475706C65006E617404
:10EE2800697665006E65776C696E65006E6F6465FE
:10EE38006E616D65006E6F70006F6374006F66665B
:10EE4800006F70656E5F6974665F6362006F7074EF
:10EE58005F6C6576656C006F75745F6261736500E1
:10EE68006F75745F73686966746469720070616352
:10EE78006B5F696E746F007061726974790070619C
:10EE88007468007065656B0070656E645F746872A5
:10EE98006F7700706572696F640070685F6B657981
:10EEA80000706861736500706900706C6174666FEA
:10EEB800726D00706F6C617200706F6C6172697452
:10EEC8007900706F6C7900706F706C656674007093
:10EED80072696E745F657863657074696F6E0070CF
:10EEE800726F670070726F6773697A650070726F0E
:10EEF80070657274790070733100707332007074C9
:10EF0800720070747231360070747233320070742B
:10EF180072380070756C6C5F746872657368007025
:10EF28007573685F74687265736800707974686F68
:10EF38006E5F636F6D70696C657200717374725F78
:10EF4800696E666F0072616469616E730072616EEA
:10EF580064696E740072616E6472616E67650072D6
:10EF68006174696F007262697400726561645F65DB
:10EF7800727200726561645F753136007265616432
:10EF88006269740072656164626C6F636B730072AE
:10EF980065616462797465007265616466726F6D3B
:10EFA800007265616466726F6D5F696E746F00727E
:10EFB80065616466726F6D5F6D656D007265616431
:10EFC80066726F6D5F6D656D5F696E746F007265F7
:10EFD80061646C696E657300726561646F6E6C79EB
:10EFE800007265616473697A65007265616C0072AC
:10EFF80065676973746572730072656C5F746F6CB2
:10F008000072656C656173650072656D6F74655F2C
:10F0180077616B6575700072656D6F76655F70728C
:10F028006F6772616D0072656E616D650072657300
:10F0380065745F63617573650072657365745F639A
:10F0480062007265737461727400726576657273BA
:10F0580065640072696E675F73656C0072696E67DC
:10F068005F73697A6500726D6469720072706172AB
:10F07800746974696F6E00727473007278007278C4
:10F088005F6669666F007278627566007363616EA9
:10F09800007363686564756C650073636B00736304
:10F0A8006C007363726F6C6C00736400736461004E
:10F0B800736469760073656172636800736565647B
:10F0C800007365656B0073656C6563740073656ECA
:10F0D80064627265616B00736570617261746F72EE
:10F0E80073007365745F636861726C6965706C65E1
:10F0F800785F6C6564007365745F656666656374E4
:10F108006976655F6C65645F636F756E74007365BF
:10F1180074746572007368613100736861323536E2
:10F1280000736869667400736964657365745F6207
:10F138006173650073696E676C650073697A656FE2
:10F148006600736C6565705F6D7300736C656570E0
:10F158005F757300736C69636500736E6966665FDB
:10F16800656E00736F66745F7265736574007370A3
:10F17800616E0073706C69746C696E65730073748A
:10F1880061636B5F73697A6500737461636B5F7544
:10F198007365007374616C6C0073746172745F6E74
:10F1A80065775F7468726561640073746174007375
:10F1B800746174650073746174655F6D6163686917
:10F1C8006E65007374617476667300737464657237
:10F1D8007200737464696E007374646F757400737D
:10F1E80074725F6D61780073747262007374726513
:10F1F8007800737472680073747275637400737541
:10F2080062007375626D69745F7866657200737900
:10F218006D6D65747269635F646966666572656E53
:10F2280063650073796D6D65747269635F6469669F
:10F23800666572656E63655F757064617465007399
:10F2480079736E616D65007461750074656C6C002E
:10F258007468726573686F6C64007469636B5F6867
:10F268007A007469636B735F616464007469636BCB
:10F27800735F637075007469636B735F6469666656
:10F28800007469636B735F6D73007469636B735F9C
:10F2980075730074696D655F6E730074696D655F81
:10F2A80070756C73655F75730074696D656F7574DF
:10F2B8000074696D656F75745F6368617200746F5F
:10F2C80067676C6500747265715F73656C00747252
:10F2D8006967676572007472756E6300747800748C
:10F2E800785F6669666F0074786275660074786422
:10F2F8006F6E6500756374797065730075646976FF
:10F3080000756D6F756E7400756E616D6500756E54
:10F318006865786C69667900756E69666F726D00EC
:10F32800756E696F6E00756E697175655F696400E9
:10F33800756E6C696E6B00756E7061636B5F63747C
:10F34800726C00756E7061636B5F66726F6D0075CD
:10F358006E726567697374657200756E7361666550
:10F36800007572616E646F6D0075737973007663F2
:10F378006D7000766376745F6633325F7333320084
:10F38800766376745F7333325F6633320076657204
:10F3980073696F6E0076657273696F6E5F696E660A
:10F3A8006F00766970657200766C647200766C69BD
:10F3B8006E6500766D6F7600766D727300766E6599
:10F3C8006700767371727400767374720077666979
:10F3D8000077726974655F65727200777269746527
:10F3E8005F72656164696E746F00777269746562D3
:10F3F8006974007772697465626C6F636B73007708
:10F408007269746562797465007772697465746F7E
:10F41800007772697465746F5F6D656D00777269E6
:10F42800746576746F007773007B3A23627D005FA2
:10F438005F6469725F5F003C6D6F64756C653E0068
:10F448005F5F63616C6C5F5F005F5F636C617373C8
:10F458005F5F005F5F64656C6974656D5F5F005F27
:10F468005F656E7465725F5F005F5F657869745F82
:10F478005F005F5F676574617474725F5F005F5FF0
:10F488006765746974656D5F5F005F5F6861736865
:10F498005F5F005F5F696E69745F5F005F5F696EE1
:10F4A800745F5F005F5F697465725F5F005F5F6CC8
:10F4B800656E5F5F005F5F6D61696E5F5F005F5FD4
:10F4C8006D6F64756C655F5F005F5F6E616D655F32
:10F4D8005F005F5F6E65775F5F005F5F6E65787482
:10F4E8005F5F005F5F7175616C6E616D655F5F0086
:10F4F8005F5F726570725F5F005F5F7365746974E8
:10F50800656D5F5F005F5F7374725F5F0041726972
:10F5180074686D657469634572726F7200417373C4
:10F52800657274696F6E4572726F7200417474729D
:10F5380069627574654572726F7200454F4645720F
:10F54800726F7200456C6C697073697300496D70F5
:10F558006F72744572726F7200496E64656E746181
:10F5680074696F6E4572726F7200496E6465784592
:10F5780072726F72004B65794572726F72004B65DB
:10F5880079626F617264496E746572727570740025
:10F598004C6F6F6B75704572726F72004D656D6F51
:10F5A80072794572726F72004E616D654572726F45
:10F5B80072004E6F6E6554797065004E6F74496DB8
:10F5C800706C656D656E7465644572726F72004F1C
:10F5D800534572726F72004F766572666C6F77452D
:10F5E80072726F720052756E74696D654572726FD2
:10F5F800720053796E7461784572726F7200537934
:10F608007374656D457869740056616C75654572EB
:10F61800726F72005A65726F4469766973696F6EAA
:10F628004572726F7200616E7900617070656E6408
:10F63800006172677300626F6F6C006275696C7449
:10F64800696E7300627974656172726179006279BA
:10F658007465636F64650063687200636C617373DB
:10F668006D6574686F6400636C65617200636F6ECA
:10F67800737400636F7079006469637400646976F9
:10F688006D6F6400656E6473776974680065766190
:10F698006C006578656300657874656E6400666FF4
:10F6A800726D61740066726F6D5F62797465730064
:10F6B8006765746174747200676C6F62616C730063
:10F6C80068617361747472006861736800696E734D
:10F6D800657274006973616C70686100697364694C
:10F6E800676974006973696E7374616E6365006934
:10F6F800736C6F7765720069737370616365006915
:10F7080073737562636C6173730069737570706588
:10F7180072006C697374006C6974746C65006C6F4A
:10F7280063616C73006C7374726970006D61696EEB
:10F73800006D6170006D6963726F707974686F6EC7
:10F74800006E657874006F626A656374006F706537
:10F758006E00706F706974656D00706F77007072FD
:10F76800696E7400726561646C696E650072656DBE
:10F778006F7665007265706C6163650072657072A2
:10F788000072657665727365007266696E640072F0
:10F79800696E64657800726F756E64007273706C60
:10F7A8006974007273747269700073656E640073B3
:10F7B8006570007365746174747200736574646550
:10F7C8006661756C7400736F727400736F72746520
:10F7D8006400737461727473776974680073746118
:10F7E8007469636D6574686F640073746F70007317
:10F7F800756D00737570657200746F5F62797465FA
:10F8080073007574662D38007A6970003C6469630A
:10F8180074636F6D703E003C67656E657870723E0C
:10F82800003C6C616D6264613E003C6C697374639A
:10F838006F6D703E003C736574636F6D703E005F62
:10F848005F6162735F5F005F5F6164645F5F005F59
:10F858005F616E645F5F005F5F626F6F6C5F5F0028
:10F868005F5F636F6D706C65785F5F005F5F636F8C
:10F878006E7461696E735F5F005F5F64656C657469
:10F88800655F5F005F5F6469766D6F645F5F005FEF
:10F898005F65715F5F005F5F666C6F61745F5F00DB
:10F8A8005F5F666C6F6F726469765F5F005F5F674A
:10F8B800655F5F005F5F6765745F5F005F5F6774C8
:10F8C8005F5F005F5F696164645F5F005F5F696ECF
:10F8D800766572745F5F005F5F697375625F5F0072
:10F8E8005F5F6C655F5F005F5F6C73686966745F1C
:10F8F8005F005F5F6C745F5F005F5F6D61746D7563
:10F908006C5F5F005F5F6D6F645F5F005F5F6D7569
:10F918006C5F5F005F5F6E655F5F005F5F6E65676E
:10F928005F5F005F5F6F725F5F005F5F706F735F45
:10F938005F005F5F706F775F5F005F5F7261646435
:10F948005F5F005F5F72616E645F5F005F5F72663A
:10F958006C6F6F726469765F5F005F5F726C73686B
:10F968006966745F5F005F5F726D61746D756C5F6F
:10F978005F005F5F726D6F645F5F005F5F726D75E0
:10F988006C5F5F005F5F726F725F5F005F5F7270D6
:10F998006F775F5F005F5F727273686966745F5F3D
:10F9A800005F5F7273686966745F5F005F5F7273A0
:10F9B80075625F5F005F5F72747275656469765F18
:10F9C8005F005F5F72786F725F5F005F5F7365747F
:10F9D8005F5F005F5F7375625F5F005F5F74727582
:10F9E800656469765F5F005F5F786F725F5F000ACA
:10F9F800257300FFC482AA646566696E656400FFAA
:10FA08008D929125713A8700FF65786365707469F6
:10FA18006F6E7388646572697665B7426173654510
:10FA28007863657074696F6E00FF928582BABDA2B3
:10FA38008200FF8785BABDA28200FF8785AA697404
:10FA4800657261626C6500FF8785AAA66974657234
:10FA580061746F7200FF6E656564206D6F7265205A
:10FA68007468616EA5DE8E756E7061636B00FF9EB3
:10FA78006D616E79DE8E756E7061636B20286578B6
:10FA88007065637465642025642900FF80DAC4E228
:10FA980000FF6D656D6F727920616C6C6F636174C6
:10FAA800696F6E206661696C65642CFED56C6F6346
:10FAB8006B6564006D656D6F727920616C6C6F6346
:10FAC8006174696F6E206661696C65642C20616C75
:10FAD8006C6F636174696E6720257520627974653F
:10FAE8007300FF8D74797065739125713A2027250D
:10FAF80073272C8700FF84BAEF9200FF8094E38E6F
:10FB0800C300FF858A9FB600FF73747265616DC577
:10FB18008A9B003C414443206368616E6E656C3D7E
:10FB280025753E00FF50696E8BFD4144432063619B
:10FB3800706162696C697469657300FF493243C515
:10FB48008A9B00FF816164647273697A6500536FF0
:10FB580066744932432873636C3D25752C207364A1
:10FB6800613D25752C20667265713D25752900FF5C
:10FB78006861726420495251980049324354617255
:10FB88006765742825752C20616464723D25752C81
:10FB98002073636C3D25752C207364613D257529A0
:10FBA80000FF493243546172676574282564298BC4
:10FBB800B100FF9353434CA400FF93534441A40066
:10FBC8006D656D5F6164647273697A65206D7573C4
:10FBD8007420626520302C20382C2031362C2032BD
:10FBE80034206F7220333200FF81FC00FF81636193
:10FBF8006C6C6261636B004932532869643D2575FA
:10FC08002C0A73636B3D25752C0A77733D25752C7B
:10FC18000A73643D25752C0A6D6F64653D25752C46
:10FC28000A626974733D25752C20666F726D617464
:10FC38003D25752C0A726174653D25642C20696226
:10FC480075663D25642900FF81777320286D7573DB
:10FC5800749073636B2B312900FF816D6F646500AD
:10FC6800FF818900FFBD66726565207374617465E4
:10FC7800206D616368696E657300FF8A656E6F75D4
:10FC880067682050494F2070726F6772616D2073EA
:10FC98007061636500FFD9636C61696D203220442F
:10FCA8004D41206368616E6E656C7300FF81696207
:10FCB800756600FF81696400FF616464726573732F
:10FCC8002025303878D58A616C69676E65648EA5A1
:10FCD8006279746573003C25752D626974206D65C1
:10FCE8006D6F72793E003C50574D20736C696365A7
:10FCF8003D2575206368616E6E656C3D25752069CC
:10FD08006E766572743D25753E00FFC29EC800FF81
:10FD1800C29EEB00FF627566666572738890EE732B
:10FD2800616D65AC00536F66745350492862617504
:10FD380064726174653D25752C20706F6C61726901
:10FD480074793D25752C2070686173653D25752C87
:10FD58002066697273746269743D25752C2073631B
:10FD68006B3D25752C206D6F73693D25752C206DB5
:10FD780069736F3D25752900FFFC88903800FF885E
:10FD88007370656369667920616C6C9773636B2F18
:10FD98006D6F73692F6D69736F0055415254282533
:10FDA800752C2062617564726174653D25752C201F
:10FDB800626974733D25752C207061726974793D90
:10FDC80025732C2073746F703D25752C2074783D35
:10FDD80025642C2072783D25642C20747862756621
:10FDE8003D25642C2072786275663D25642C20744C
:10FDF800696D656F75743D25752C2074696D656F27
:10FE080075745F636861723D25752C20696E76652F
:10FE180072743D25732C206972713D25642900FF99
:10FE2800935458A400FF935258A400FF934354538B
:10FE3800A400FF93525453A400FF93696E76657231
:10FE480073696F6E206D61736B00FF9368617264F4
:10FE58007761726520666C6F7720636F6E74726F5E
:10FE68006C206D61736B00FF72786275669EC800C6
:10FE7800FF74786275669EC800FF55415254282564
:10FE880064298BB100FF68616E646C657288904E5E
:10FE98006F6E65C163616C6C61626C6500FF747242
:10FEA8006967676572203078253034788D00494E4F
:10FEB800565F54587C494E565F525800FF57445479
:10FEC800282564298BB10074696D656F7574206588
:10FED800786365656473203833383800FF736C6560
:10FEE80065709E6C6F6E6700FFD96368616E6765A9
:10FEF800206672657175656E637900FF7065726959
:10FF080070686572616CC2889034385F3030305FD9
:10FF1800303030C1EE73616D65206173EE4D43552D
:10FF2800C200FF807761697400FF8063616E63655A
:10FF38006C2073656C6600FFA8FE00696E636F72C3
:10FF4800726563742070616464696E6700626C6BCB
:10FF580073697A65202520313600FF6F75747075D6
:10FF6800749EEB00FF80656E6372797074202620A2
:10FF78006465637279707400495600FFB3C79F7552
:10FF88006374797065732064657363726970746FE4
:10FF98007200535452554354004552524F52007503
:10FFA8006E6B003C73747275637420257320257022
:10FFB8003E00FF80756E616D626967756F75736C61
:10FFC80079206765742073697A656F662073636149
:10FFD8006C617200FFD1809C00FFD19CBE979D0090
:10FFE800FFD1BD6669656C647300FF89007762693B
:08FFF800747300FF6861736877
:020000041004E6
:10000000D566696E616C00FFFE8890A7D600FFB3CD
:10001000C79F4A534F4E0076312E32392E302D7005
:100020007265766965772E3334392E6761663338A9
:10003000656531363566206F6E20323032362D30B0
:10004000362D31352028474E552031332E322E3172
:10005000204D696E53697A6552656C2900312E32E4
:10006000392E302D70726576696577006E65776C14
:100070006962004743432031332E322E31004D69EF
:1000800063726F507974686F6E2D312E32392E3055
:100090002D707265766965772D61726D2D2D77698A
:1000A00074682D6E65776C6962342E342E3000FFD3
:1000B000FC88903332C16C657373003C6D6174636E
:1000C00068206E756D3D25643E003C72652025708C
:1000D0003E00FF72656765789EAF00FFC79F72653F
:1000E00067657800FF73706C697474696E67A073DC
:1000F00075622D636170747572657300FF6D6B744A
:10010000696D65CAA7CE97AC38C13900FF746963C1
:100110006B7320696E74657276616CCC00FF8164CC
:1001200075707465726D9C006475707465726D3A5B
:1001300020454F462072656365697665642C2064AE
:100140006561637469766174696E670A00647570CD
:100150007465726D3A20457863657074696F6E20BE
:10016000696E20726561642829206D6574686F640A
:100170002C20646561637469766174696E673A20E6
:10018000006475707465726D3A20457863657074AB
:10019000696F6E20696E2077726974652829206DF9
:1001A0006574686F642C206465616374697661743A
:1001B000696E673A20006C6974746C656673003C04
:1001C000696F2E25732025703E003C696F2E2573C4
:1001D0003E002E2E00464154004641543332002248
:1001E0002A3A3C3E3F7C7F002B2C3B3D5B5D00EB85
:1001F000FE904D53444F53352E30004E4F204E410C
:100200004D45202020204641543332202020004EEE
:100210004F204E414D452020202046415420202093
:1002200020200008080808001B5B2575001B5B4B9D
:1002300000556E63617567687420657863657074D6
:10024000696F6E20696E204952512063616C6C6247
:1002500061636B2068616E646C65720A007261771D
:10026000205245504C3B204354524C2D4220746F39
:1002700020657869740D0A005201004F4B003B2045
:10028000506172616C6C656C4C6F676963204D6185
:100290006C4F2077697468205250323335300054E7
:1002A000797065202268656C7028292220666F723B
:1002B000206D6F726520696E666F726D6174696F13
:1002C0006E2E0D0A000D0A7061737465206D6F64E7
:1002D000653B204374726C2D4320746F2063616E04
:1002E00063656C2C204374726C2D4420746F2066FF
:1002F000696E6973680D0A3D3D3D2000636F756C42
:1003000064206E6F742066696E64206D6F64756C16
:100310006520272573270A003C696F2E2573202549
:10032000643E0030313233343536373839616263F8
:10033000646566000403090400426F61726420432F
:10034000444300426F61726420696E204653206D01
:100350006F6465004D6963726F507974686F6E00E9
:100360002575206164646974696F6E616C206578BD
:1003700063657074696F6E7320696E2055534220F7
:1003800063616C6C6261636B730A00FF54696E7920
:100390005553422063616C6C6261636B807265636C
:1003A0007572736500FF493243282564298BB100BB
:1003B0004932432825752C20667265713D25752CC0
:1003C0002073636C3D25752C207364613D25752C6D
:1003D0002074696D656F75743D25752900FF81A4D2
:1003E00061663AA50050696E2825712C206D6F64F6
:1003F000653D2571002C2070756C6C3D2571007C6D
:100400002571002C20616C743D2575002C20616CD9
:10041000743D257100756E6B6E6F776E206E616D29
:1004200065642070696E202225732200FF81A4007C
:100430005350492825752C2062617564726174657A
:100440003D25752C20706F6C61726974793D25753E
:100450002C2070686173653D25752C20626974736A
:100460003D25752C2073636B3D25752C206D6F73B6
:10047000693D25752C206D69736F3D004E6F6E656B
:100480002900FF535049282564298BB100FF93535D
:10049000434BA400FF934D4F5349A400FF934D4994
:1004A000534FA40054696D6572286D6F64653D25D6
:1004B000712C207469636B5F687A3D313030303065
:1004C00030302C20706572696F643D0025753030C6
:1004D000302900FF54696D65728BB1005F626F6FE8
:1004E000742E7079004D50593A20736F66742072E3
:1004F00065626F6F740A006D61696E2E70790046D7
:100500004154414C3A20756E63617567687420658B
:100510007863657074696F6E2025700A00555342C8
:10052000205245504C007468726561642073757088
:10053000706F72740066726F7A656E206D6F64758D
:100540006C65730076312E32392E302D70726576DF
:100550006965772E3334392E6761663338656531C6
:1005600036356600636F72653120696E207573657C
:1005700000FF81DF00FFDF636C61696D65642062ED
:1005800079B57265736F7572636500FF8147504975
:100590004FFB0050494F282575290053746174653D
:1005A0004D616368696E652825752900FF81504992
:1005B0004F00FF8DD89200FF25735F626173658ADB
:1005C00077697468696E206770696F5F62617365CF
:1005D0009D00FFC2BE979D00FF69727120636C6130
:1005E000696D6564206279B57265736F7572636554
:1005F00000FFBFBE979D0025712825752900444D39
:10060000412825752900FF7061636B5F6374726C0C
:10061000206F6E6C79ED8C8300FF93B9BF00636827
:10062000616E6E656C20636C6F736564006E656FE0
:10063000706978656C00646874006473313878326E
:100640003000756173796E63696F006173796E63F1
:10065000696F2F73747265616D006173796E636980
:100660006F2F6C6F636B006173796E63696F2F66B8
:10067000756E6373006173796E63696F2F6576655C
:100680006E74006173796E63696F2F636F726500BA
:100690005F626F6F745F666174005F626F6F74009A
:1006A0005461736B20657863657074696F6E207731
:1006B00061736E2774207265747269657665640073
:1006C000657870656374696E672065786163746CC2
:1006D00079203120696E737472756374696F6E006E
:1006E000302E312E3000435243206572726F7200FB
:1006F0004448543131004448543232004448544252
:100700006173650044533138583230004576656E68
:100710007400494F5175657565004C6F636B004CF3
:100720006F636B206E6F74206163717569726564AD
:10073000004C6F6F70004D415443485F524F4D0065
:100740004E656F506978656C004F52444552004FBA
:100750006E6557697265004F6E65576972654572BF
:10076000726F720050494F41534D456D697400508E
:10077000494F41534D4572726F720050524F544F62
:10078000434F4C5F544C535F434C49454E540053C8
:1007900045415243485F524F4D00534B49505F52C1
:1007A0004F4D00534F434B5F53545245414D0053FF
:1007B0004F4C5F534F434B455400534F5F52455589
:1007C0005345414444520053534C436F6E74657813
:1007D00074005365727665720053696E676C657458
:1007E0006F6E47656E657261746F720053747265E7
:1007F000616D0053747265616D526561646572006C
:1008000053747265616D57726974657200546872D1
:1008100065616453616665466C61670054696D6526
:100820006F75744572726F72005F52656D6F766599
:10083000005F5F76657273696F6E5F5F005F617402
:10084000747273005F626F6F745F6661742E70798B
:10085000005F64657175657565005F656E717565CE
:100860007565005F6578635F636F6E7465787400AB
:100870005F6578635F68616E646C6572005F696F65
:100880005F7175657565005F6F77005F70696F5F99
:1008900064697265637469766573005F70696F5F20
:1008A00066756E6373005F70696F5F696E737472F3
:1008B000756374696F6E73005F70726F6D6F7465CE
:1008C0005F746F5F7461736B005F72756E005F734E
:1008D00065617263685F726F6D005F7365727665E4
:1008E000005F73746F705F7461736B005F73746F1C
:1008F00070706572006163636570740061636C6F32
:1009000073650061736D5F70696F006173796E6309
:10091000696F2F5F5F696E69745F5F2E7079006128
:1009200073796E63696F2F636F72652E70790061E2
:1009300073796E63696F2F6576656E742E707900BA
:100940006173796E63696F2F66756E63732E70794C
:10095000006173796E63696F2F6C6F636B2E7079B2
:10096000006173796E63696F2F73747265616D2EA8
:100970007079006175746F70756C6C006175746F5F
:10098000707573680061770061777269746573745C
:1009900072006261636B6C6F67006264657600620F
:1009A000696E64006270700063616C6C5F6578638F
:1009B000657074696F6E5F68616E646C6572006308
:1009C000616E27742067617468657200636865638F
:1009D0006B73756D206572726F7200636F6E640069
:1009E000636F6E766572745F74656D7000636F72AD
:1009F0006F3D00636F726F7574696E652065787006
:100A00006563746564006372656174655F746173C6
:100A10006B0063757272656E745F7461736B0064F2
:100A2000656661756C745F657863657074696F6E17
:100A30005F68616E646C65720064656C6179006406
:100A4000656C617920746F6F206C617267650064FA
:100A5000656C61795F6D61780064657374006468CA
:100A6000742E707900646F5F68616E647368616B87
:100A7000655F6F6E5F636F6E6E6563740064726155
:100A8000696E00647331387832302E707900647486
:100A9000006475706C6963617465206C6162656C7B
:100AA000207B7D0065737000657863006578635F07
:100AB00074797065006669666F5F6A6F696E00665B
:100AC0007574757265006675747572653A00676550
:100AD000745F6576656E745F6C6F6F7000676574C8
:100AE0005F657863657074696F6E5F68616E646C72
:100AF0006572006765745F65787472615F696E66C0
:100B00006F0067657461646472696E666F00677018
:100B1000696F00686F73740068756D6964697479D2
:100B200000696478006966656D707479006966664D
:100B3000756C6C00696E5F00696E76616C6964202B
:100B400062697420636F756E74207B7D0069735FCA
:100B500073657400697372006A6D70006C5F726F08
:100B60006D006C6162656C73006C697374656E0016
:100B70006D61696E5F7461736B006D656173757231
:100B800065006D657373616765006E656F70697888
:100B9000656C2E7079006E65775F6576656E745F43
:100BA0006C6F6F70006E6F2072756E6E696E67206D
:100BB0006576656E74206C6F6F70006E6F20736960
:100BC0006465736574006E6F626C6F636B006E6F4B
:100BD000745F6F737265006E6F745F78006E756D11
:100BE0005F696E737472006E756D5F7369646573AF
:100BF0006574006F6E65776972652E7079006F702D
:100C0000656E5F636F6E6E656374696F6E006F73A0
:100C100072006F75745F627566006F75745F696EE0
:100C2000697400706173735F007063007065657252
:100C30006E616D650070696E646972730070696ED3
:100C40007300706F6C6C657200707962007079620D
:100C50006F6172640071756575655F7265616400CE
:100C600071756575655F7772697465007265616439
:100C70005F7363726174636800726561645F746559
:100C80006D70007265616465786163746C7900727F
:100C9000656C007265717569726564007265747562
:100CA000726E5F657863657074696F6E73007270E1
:100CB000322E70790072756E5F666F72657665723E
:100CC0000072756E5F756E74696C5F636F6D706CCA
:100CD0006574650072756E715F6C656E0073656C2E
:100CE0006563745F726F6D007365727665725F68BD
:100CF0006F73746E616D65007365727665725F7394
:100D0000696465007365745F657863657074696FA5
:100D10006E5F68616E646C657200736574626C6F9F
:100D2000636B696E6700736574736F636B6F707468
:100D3000007367656E00736964655F70696E6469EE
:100D400072007369646573657420746F6F206C61E1
:100D500072676500736964657365745F636F756E50
:100D60007400736964657365745F696E6974007398
:100D70006964657365745F6F707400737263007388
:100D8000736C0073746172745F7061737300737459
:100D90006172745F736572766572007374617475E5
:100DA000730073747265616D5F6177726974650059
:100DB000737A0074620074656D7065726174757227
:100DC00065007469636B730074696D696E670075A3
:100DD0006173796E63696F2E707900756E6B6E6FDB
:100DE000776E206C6162656C207B7D0076616C752E
:100DF000653200776169745F636C6F736564007757
:100E00006169745F666F7200776169745F666F72A3
:100E10005F6D7300776169745F696F5F6576656E9A
:100E200074007761697465720077616974696E67CF
:100E30000077616974715F6C656E00777261700034
:100E4000777261705F736F636B6574007772617046
:100E50005F74617267657400777261705F75736546
:100E6000640077726974655F7363726174636800AC
:100E7000785F64656300785F6E6F745F7900795F97
:100E8000646563000A2A2A2A2050414E4943202AD9
:100E90002A2A0A004E6F207370696E6C6F636B7341
:100EA0002061726520617661696C61626C650048E1
:100EB0006172647761726520616C61726D20256476
:100EC00020616C726561647920636C61696D656431
:100ED000004E6F20444D41206368616E6E656C73F7
:100EE0002061726520617661696C61626C650044A5
:100EF0004D412074696D65722025642069732061FD
:100F00006C726561647920636C61696D6564004E23
:100F10006F20444D412074696D6572732061726564
:100F200020617661696C61626C650050494F2030C8
:100F300020534D20256420616C72656164792063C3
:100F40006C61696D65640050494F203220534D201B
:100F5000282564202D20382920616C726561647910
:100F600020636C61696D65640050494F20312053E6
:100F70004D20282564202D20342920616C72656164
:100F8000647920636C61696D6564004E6F2050491F
:100F90004F207374617465206D616368696E657359
:100FA0002061726520617661696C61626C650048E0
:100FB00061726420617373657274004D696E536968
:100FC0007A6552656C00626F6F74325F773235718B
:100FD00030383000322E322E30006D616C6F5F631E
:100FE0006F7265004A756E2031352032303236001E
:100FF000666E692B00666E6900666E692D00556E1F
:1010000068616E646C65642049525120307825789F
:101010000A00657020253032582077617320616C9A
:10102000726561647920617661696C61626C6500EA
:1010300043616E277420636F6E74696E75652078E6
:10104000666572206F6E20696E61637469766520D3
:1010500065702025303258000E100C00B02E0410A0
:101060000600020029160010B02E0410060002002F
:1010700023160010B02E0410060002001D160010EA
:10108000B02E04100C000600C5140010B02E041081
:101090000200000055160010B02E04100A000200D5
:1010A000391A0010792C0010792C00106D460010B0
:1010B000E53D0010792C0010033A0010012C0010BF
:1010C00019200010792C00106D2000106D200010E8
:1010D000812B0010692B00101D2B001029200010FF
:1010E000914700104121001041210010B52A001045
:1010F000FD3D0010DF290010552900105335001068
:101100000542001031350010792C00104D460010BA
:10111000F5280010C51F0010C51F0010DF270010A4
:10112000DF270010C5270010E12600106120001005
:10113000A1260010A1260010A12600106126001093
:10114000612600106126001033260010B72C001015
:1011500019460010B5440010352C0010CF2C00109B
:101160002D260010A9440010B7240010E71D001020
:10117000012C00102F2400102F240010012C00102F
:10118000172400105546001055230010F51D0010BF
:101190002555001085540010354D0010C150001029
:1011A0004D520010C74E001079520010EB4E001047
:1011B000234F0010F94E00104D4D0010EB51001060
:1011C000DD53001011530010BD4E0010F7520010F7
:1011D000D14D0010D34E0010D94D001061510010B8
:1011E0001D520010E14D0010E94D0010F14D0010AE
:1011F000FB4D0010034E0010155000108D510010D3
:101200009F510010295000108750001011540010F9
:101210003B5400100B4E0010154E0010A150001052
:10122000614D0010AB500010254E0010B151001060
:10123000314F0010314E0010474F00106B4F00101F
:10124000754F0010C153001095530010C952001083
:10125000DF5200103B4E00104F4E0010654E001044
:10126000694D00106F4D0010835A00107F5A001016
:10127000615C0010515A0010C55C0010306164645C
:1012800034737562206D756C806469760068E20263
:101290000078E3020088E502006097000070AD036B
:1012A0000080AF0304656F72086C736C0C6C737212
:1012B0001061737214616463187362631C726F72DD
:1012C00020747374246E656728636D702C636D6E73
:1012D000306F7272346D756C386269633C6D766E16
:1012E0007165656E73636363696D6C707376637645
:1012F0006968736C6567746C7467656C05495053F5
:101300005200000000114241534550524900007202
:101310003000017231000272320003723300047235
:101320003400057235000672360007723700087205
:101330003800097239000A7231300B7231310C7287
:1013400031320D7231330E7231340F7231350A730E
:101350006C000B6670000D7370000E6C72000F70E5
:10136000630075003E005E00D30345034803460357
:10137000470334BF8CBF0CBF94BF2CBF14BFB4BF96
:10138000CCBF0CBFD4BFACBF14BF0000497E00105F
:10139000C988001029670010896600103B8500107D
:1013A000016B0010C9840010AF6D0010D56E0010E5
:1013B000ED6A0010357000104F6F00105D6A00106C
:1013C00021670010F1680010F36900101967001020
:1013D0005B7D001069680010058B00109D71001086
:1013E000BD830010AB6C001093660010A17D00104F
:1013F000236D0010F76B0010AF750010A975001079
:10140000CD700010F5830010577A0010D77D0010C2
:10141000517200100F7D0010197A001097660010AD
:101420009D7000109985001061860010937900105E
:10143000756D0010F56E0010E37C0010B17C00109B
:101440002179001075780010918200103178001019
:101450008D7B0010116E0010A57600101370001027
:101460009F6600100405060054D203105AD20310E0
:101470005FD2031064D203106ED2031072D2031035
:10148000B40F041075D203107BD20310D9F00310EF
:101490000CF7031081D20310300304108AD203101A
:1014A0008ED2031093D2031098D203109FD2031050
:1014B000040E041052F30310D8CD031090D2031081
:1014C000A7D20310E8E4031052F50310AED20310C4
:1014D000B5D20310BED20310050E0410890D0410FE
:1014E000C2D20310C8D20310CFD20310D3D203103C
:1014F00090F60310ADD003105455565758595A5D05
:10150000335B3234373D4A35383E4B414E46533FCC
:101510004C404D5F3C493A474451435045523B484B
:10152000424F5E36000002000400060008000A0078
:101530000C00110017001D0025002F003B00490082
:1015400061007F00A700DF00250185010902B302C9
:101550009703C7045B0671089D0CDF124B1C6D2AB4
:10156000913F575FFF8E7BD6D03204107015041068
:101570004C29041017000000020000008015041020
:10158000BA000000C2100000C210000000260410C3
:101590008B000302220000004E0003021A0000002C
:1015A0008C02030258880410D0320410B0150410C5
:1015B0004C2904101F03000063000000C015041034
:1015C000BA000000FA010000720F0000041A0410B3
:1015D000A20F000098100410B20F00004819041068
:1015E000F2010000D4260410120200000C3A04108C
:1015F00002020000742604104A1200006027041042
:101600005A0200004C290410FA130000D0290410DB
:101610007A140000D82D041092140000F42D041048
:10162000E2140000B4360410F20200003C30041052
:10163000620300006431041092030000943104102E
:101640004218000034260410AA0300000C330410D2
:10165000121A0000F4330410E203000050340410A6
:101660009A1B00009434041062040000E036041059
:10167000DA1C000034370410BA040000143B0410D4
:10168000D2040000F83B0410EA040000843B04107C
:10169000F2040000183C04102A050000883C0410E5
:1016A0002A020000B83B0410A2040000D03B041042
:1016B0001A01000014370410120D00000C3704103A
:1016C000CA010000FC190410D2010000F419041032
:1016D000DA010000EC19041022110000E4190410D2
:1016E0001A020000DC1904104212000080100410DD
:1016F00022020000D4190410121300000019041073
:1017000062020000C81904106A020000C019041027
:1017100082020000741004108A0200006810041095
:101720002A1400005C100410BA0200001019041002
:101730006A04000008190410C2020000F018041026
:10174000CA020000F8180410D2020000B8190410F0
:101750009A1500008C100410A2150000B019041096
:10176000DA020000E018041042160000A419041068
:101770000A030000E83B041022030000F03B0410C1
:101780003A0300009C1904105A030000D8180410F2
:1017900072030000E8180410DA1700009019041012
:1017A0004A18000084190410A203000078190410DC
:1017B0001219000070190410B2030000DC7E04103E
:1017C000BA03000068190410D20300005C19041069
:1017D000DA0300005019041012040000401904102C
:1017E0003204000034190410820400001C19041093
:1017F000CA040000281904100A010000B82D0410C2
:10180000F2000000BC2C0410FA000000502C041060
:10181000020100002C2C041012010000082C0410FE
:1018200022010000282D04102A0100004C2D041074
:1018300032010000E42B04103A0100007C2A04105D
:10184000420100009C2B041052010000702D041076
:101850004A010000782B04105A010000C02B04102C
:1018600062010000542B04106A010000302B0410A8
:101870007A010000C42A0410820100000C2B04101D
:101880008A010000982C041092010000E82A04103C
:101890004A0E0000042D04109A010000E02C0410F0
:1018A000A2010000A02A0410AA010000942D041037
:1018B000B2010000582A0410E20E0000EC290410C6
:1018C000BA010000102A0410020F0000342A04108C
:1018D000C2010000742C0410F82E0410EDF1001069
:1018E000F82E041039F00010102F0410CBAE0010A9
:1018F000102F0410C1AE0010E02E04106DB30010C4
:10190000E02E0410E9B30010C82E0410CFB300106D
:10191000B02E04100600040091B30010B02E041085
:10192000FFFF030039B30010B02E041004000200C2
:10193000B7AF0010B02E04100400020019B200105E
:10194000F82E0410F5B10010F82E041035B4001074
:10195000B02E0410FFFF010075B10010B02E04106E
:101960000600040015B40010F82E041011B1001088
:10197000F82E0410ABAF0010B02E041004000200CB
:10198000EFB30010B02E0410FFFF03000BB10010E6
:10199000B02E0410FFFF030005B10010F82E041054
:1019A000E5AE0010B02E041002000000EDAF0010F4
:1019B000F82E04109FAF0010F82E0410DDAE0010BA
:1019C000E02E041095AF0010B02E041002000000AD
:1019D0007DB40010F82E04105DAF0010F82E041036
:1019E0004DAF0010F82E041033AF0010F82E041085
:1019F0000FAF0010F82E0410EBAE0010F82E0410FC
:101A0000D5AE0010B02E0410FEFF050005B5001085
:101A1000D0320410181A04104C290410670000007A
:101A20000C000000281A0410BA0000001A1200006E
:101A3000C2130000382E0410B2190000302E04101A
:101A4000AA190000C81A0410CA190000C01A04100C
:101A50003A1B0000B81A04103A140000B01A04101F
:101A600082170000A81A04108A170000A01A041098
:101A7000021D0000981A041072120000901A04103F
:101A80009A1C0000881A0410F82E041071B500107A
:101A9000F82E0410C9B50010F82E041021B600105D
:101AA000F82E04109DB60010F82E041005B7001093
:101AB000F82E041059B70010E02E0410A5B700103E
:101AC000F82E041007B80010F82E0410EBB7001021
:101AD000D0320410D81A04104C290410270000003A
:101AE00004000000E81A0410BA0000003A120000D6
:101AF0002213000088270410E2180000EC320410C2
:101B0000420D00007C290410D0320410101B041078
:101B10004C2904104700000008000000201B04109E
:101B2000BA000000FA14000032120000941B0410E6
:101B30006A1300008C1B0410D2130000841B0410D5
:101B40009A1600007C1B04102A180000741B041055
:101B5000221800006C1B0410EA1D0000601B04101A
:101B6000B02E041002000000BDB80010102F0410A9
:101B7000A3B80010102F04108BB80010102F041001
:101B80006DB80010102F04105DB80010102F041055
:101B90004DB80010102F041081B80010D03204107E
:101BA000A41B04104C2904102F00000005000000A5
:101BB000B41B0410BA00000062160000B20300005B
:101BC000DC7E04100A0C0000F01B0410520E000012
:101BD000703A0410FA0700003C3A0410A3B9001050
:101BE00095B9001001B9001000000000F01B0410AE
:101BF000183C0410000081010100000000000000FA
:101C000000020000F9B80010DC1B04106A03030294
:101C1000000000000402030201000000D0320410A2
:101C2000241C04104C290410770100002E00000031
:101C3000341C0410BA000000D2170000C2130000C8
:101C4000382E0410B2190000302E0410D21D0000EE
:101C5000282E04102A160000202E0410EA18000076
:101C6000182E0410021D0000E41E0410D203000010
:101C7000DC1E04103A140000D41E041042140000AC
:101C8000CC1E041082170000CC1D04109217000017
:101C9000C41E04108A170000BC1E04107A12000033
:101CA000B41E0410AA1C0000AC1E0410CA1D0000C3
:101CB000A41E0410321000009C1E0410D21000005C
:101CC000941E0410021100008C1E041072120000F9
:101CD000841E04109A1C00007C1E0410C21D00000B
:101CE000741E04102A1000006C1E0410CA1000009C
:101CF000641E0410F21000005C1E0410FA100000B4
:101D0000541E0410DA1100004C1E04106212000070
:101D1000441E04104A1400003C1E04109A140000D3
:101D2000341E0410B21400002C1E0410CA1400004B
:101D3000C41D04100A170000041E04107A180000C5
:101D4000BC1D0410A2160000241E0410AA160000D8
:101D50001C1E0410B2160000141E04108A16000087
:101D6000D81D0410621E00000C1E04108A1A000008
:101D7000B41D041002130000AC1D04105214000026
:101D8000A41D04100A140000FC1D0410121400000D
:101D9000F41D0410F2140000EC1D041032170000B2
:101DA000E41D0410F82E0410E1BD0010F82E0410FC
:101DB00075BC0010F82E041099BC0010F82E041009
:101DC0001FBE0010F82E04106BBE0010B02E0410C1
:101DD00004000200E1BE0010B02E0410FFFF050059
:101DE00035BA0010F82E04106DBB0010F82E041048
:101DF00079BB0010F82E041085BB0010F82E0410DB
:101E000091BB0010E02E04104BBE0010F82E041001
:101E100005BE0010F82E0410BFB90010F82E0410F3
:101E200001BA0010F82E0410D9B90010E02E0410E9
:101E300049BD0010F82E041097BE0010F82E0410B3
:101E40009DBB0010E02E041055BD0010F82E0410AC
:101E5000C7BE0010E02E041061BD0010F82E041063
:101E6000A9BB0010F82E0410B5BB0010F82E04100A
:101E7000C1BB0010F82E0410CDBB0010F82E0410CA
:101E8000D9BB0010F82E0410E5BB0010F82E04108A
:101E9000F1BB0010F82E0410FDBB0010F82E04104A
:101EA00009BC0010F82E041015BC0010F82E041008
:101EB00021BC0010F82E04102DBC0010F82E0410C8
:101EC00039BC0010F82E041045BC0010F82E041088
:101ED00051BC0010F82E04105DBC0010E02E041060
:101EE0006DBD0010F82E041069BC0010D032041033
:101EF000F41E04104C290410670000000C000000C0
:101F0000041F0410BA0000009A03000042020000FF
:101F1000E02504103A190000AC1F0410321800002C
:101F2000A01F04107A1A0000941F0410121D000054
:101F30008C1F04108A100000741F04106A15000022
:101F4000841F0410721500007C1F0410F21600009C
:101F50006C1F0410F20D0000B0340410F21B0000DE
:101F6000641F0410E02E041005C00010F82E0410A9
:101F7000B1BF0010F82E0410150E0110102F041020
:101F800045C00010102F0410BFBF0010102F041008
:101F900061BF0010B02E041002000000C9BF001085
:101FA000B02E04100200000071BF0010B02E04100B
:101FB0000200000021C00010D0320410C01F041025
:101FC0004C2904103700000006000000D01F041048
:101FD000BA000000821D0000C2110000242004107D
:101FE0005A1900000C2004106A1900000020041087
:101FF000DA1E000018200410EA1E00001820041049
:10200000B02E0410FEFF070041C30010B02E0410D4
:10201000FEFF0300FDC20010B02E041006000400F5
:1020200041C10010F82E041027C10010D032041056
:10203000342004104C290410770000000E0000002A
:1020400044200410BA000000B21D0000BA100000C5
:102050008C2800202A1F00006C210410321F000071
:1020600058210410EA150000E4200410C2190000F1
:10207000D4200410B21100006A030000EA17000027
:102080007430041032140000C8200410521D0000E7
:10209000608804105A1D0000588804104A1D000072
:1020A000508804109218000048280020FA190000F7
:1020B000BC2004103003430344030000B02E04107E
:1020C00004000200B1C30010B02E04100200000092
:1020D00095C30010143B0410000000000300000032
:1020E0000FE70310A8260410060000009A03000062
:1020F00040210410302104100D3E00002021041066
:10210000FA1E0000082104101B030000E503000074
:10211000FD010000FE010000FC01000002020000C1
:10212000143B0410000000000A000000C2D303109A
:10213000143B0410000000001E0000008002041088
:10214000843B041004000000030000003B0000007A
:1021500001000000F2190000843B0410030000009D
:10216000070000000900000001000000143B0410FB
:102170000000000040000000CDD303105888041078
:10218000B7B80110D03204108C2104104C2904106F
:102190003F000000070000009C210410BA0000006E
:1021A00012100000CA0C0000642204100A1500007E
:1021B000FC2104100A1D0000F0210410221D000063
:1021C000E421041032140000DC21041092100000FD
:1021D000D4210410102F041005C40010102F041077
:1021E00025C40010B02E041006000400C5C4001061
:1021F000B02E041002000000A1C40010102F041023
:1022000035C400104C2904102F0000000500000008
:10221000142204103A100000582204105A1B000027
:10222000502204107A1700004822041062000000B7
:10223000582204106A0000003C220410B02E041042
:102240000800080099C40010F82E0410F9C300100B
:10225000F82E041075C40010B02E04100600020001
:1022600043C40010183C04100000EE0200000000FF
:10227000000000000000000104220410D03204100D
:10228000842204104C290410C7000000180000002C
:1022900094220410BA0000001A1400002214000056
:1022A00054230410DA08000003000000BA080000FC
:1022B000050000009A0800000B0000005A0800000A
:1022C000130000004A08000017000000C2080000C8
:1022D000190000003A0800001B0000007A08000006
:1022E00023000000B208000027000000A208000040
:1022F0002B000000920800002D000000D208000012
:10230000BF00000042080000C50000006208000095
:10231000CF00000072080000D1000000AA080000F1
:10232000D3000000CA080000D7000000E208000047
:10233000DD0000006A080000DF00000082080000E5
:10234000E300000052080000E50000008A080000D9
:10235000E70000004C290410B60000001600000041
:102360006423041003000000DA08000005000000E8
:10237000BA0800000B0000009A08000013000000DB
:102380005A080000170000004A0800001900000069
:10239000C20800001B0000003A08000023000000F3
:1023A0007A08000027000000B20800002B0000009F
:1023B000A20800002D00000092080000BF000000ED
:1023C000D2080000C500000042080000CF00000055
:1023D00062080000D100000072080000D300000075
:1023E000AA080000D7000000CA080000DD000000B5
:1023F000E2080000DF0000006A080000E3000000BF
:1024000082080000E500000052080000E70000001C
:102410008A0800000000000065C60010303030302F
:102420003030303030303030303030305F3030307D
:102430002C30302020202020202020202020202070
:1024400020202000060000000E0000001E000000FA
:102450001FEA001031E9001091EA0010559E0110AA
:10246000F59D0110F99B011069A1011021A1011036
:1024700071780110219C0110539C011021A30110BF
:1024800011F200108DF00010859E011025AA011098
:1024900009690110D52D01101D090110513B0110D2
:1024A0000F3C0110BB280110210B01108D580010AA
:1024B00013EA001079A00110EDA4011071EA0010D8
:1024C00009EA0010A5EB001029EB00105FEA0010EC
:1024D000D1A0011029A9011095A20110D13E01102F
:1024E0008DA7011025A801103B9C01106D9C0110C7
:1024F000D9FD00109D0200104D0E0010F7B3011021
:10250000DBB3011085E9001000000000E5C10310F5
:1025100095C50310199C0010C9CD001091CA001078
:10252000CD9D011049EC0010014B0110354C0110FC
:1025300021FB00107FE9001071E900106DE9001027
:1025400061E90010059D011069F20010D1B701107A
:10255000F5020010B10300106D0E0010550F0010B1
:102560003D14001014240410183C0410143B0410F3
:10257000643104104C290410102F0410F82E04109C
:10258000E02E0410C82E0410B02E0410282D0410C4
:10259000BC5A04108C5A0410745A0410A45A041023
:1025A000000000003C300410143B04103C300410C8
:1025B000000000003C300410F43204103C300410E1
:1025C000000000003C300410143B04103C300410A8
:1025D000000000003C300410D42604103C300410ED
:1025E000F82E04102DEC0010183C04108000DA02C4
:1025F0000000000000000001000000008DF300104A
:10260000183C041000001802010200040500060333
:10261000070000082DF8001015F40010C5F2001096
:10262000A1F20010FDF80010A5F40010F1F2001066
:102630008C370410183C0410080408030100000340
:10264000040006020700000589FA0010C5F2001018
:10265000A1F20010FDF800107C370410A5F4001062
:10266000F1F20010E02E041061F80010E02E0410CA
:10267000B5F30010183C04100804400001020004E7
:102680000500060307000008C5F7001015F4001048
:10269000C5F20010A1F20010FDF80010A5F4001022
:1026A000F1F200109C370410183C041000009D004B
:1026B000000100020304050600000000CDFB00102D
:1026C000B5680110C16901103DFB0010896A011055
:1026D000C9670110183C041008003E000102000305
:1026E000040000000000000031FC001005FC001098
:1026F000EBFB0010DBFB0010183C041000002D0267
:102700000000020304010000000000008BFC001028
:1027100003FD001075FC001053FC0010183C041061
:102720000000450200000000000000000000000062
:10273000183C041000000100000000000000000030
:1027400000000000183C04102000410200000200BC
:102750000001000000000000D3FD001045FD001046
:10276000183C04100C00490201020003040500009B
:10277000000000004DFF00100DFE0010B9FE00101B
:10278000290201107DFE0010183C041000006402B4
:1027900001000002000003040000000569030110AD
:1027A000F50301102503011059020110B027041090
:1027B0004C2904102F00000005000000C027041061
:1027C000E201000008280410AA10000000280410EC
:1027D00092020000F8270410C2030000E82704104A
:1027E000EA190000F0270410F82E0410C5030110A8
:1027F000F82E041025040110E02E0410FD02011033
:10280000E02E0410B9020110E02E04107502011030
:102810004C290410770000000E000000202804104E
:1028200032020000442904104A0200003C2904102E
:10283000DA14000028290410B20200001C29041038
:1028400032030000A028041052030000982804104E
:10285000C203000010290410CA030000FC28041061
:102860007204000004290410FA040000F028041087
:102870001A050000902804107A000000BC3C0410E7
:10288000E2000000B43C04105A000000AC3C04100C
:10289000F82E0410D1040110F82E0410C9070110FD
:1028A000F82E0410B10701103CD6031047D60310D0
:1028B00051D60310183C04108000DA02000000001A
:1028C000000000010000000095050110183C0410F4
:1028D0000000690200010002030000040000000083
:1028E000CD050110A1040110FD0A0110850401109D
:1028F000B02E0410FFFF030009080110F82E041089
:1029000045060110B02E0410060004004905011010
:10291000B02E0410060004004F050110B02E041064
:102920000600040055050110B83B041030290410BE
:10293000B02E0410060004008D090110F82E0410BA
:10294000D3090110F82E04105B050110183C041087
:1029500000004B0001020003040005060000000710
:1029600035090110A50601105D040110050A0110CA
:10297000550B0110B904011010280410183C041064
:102980000000A8010102000304000506000007087A
:1029900035090110A50601105D040110050A01109A
:1029A000550B0110B90401104C2904101028041013
:1029B0004C29041006000000000000000000000088
:1029C000D902030100000000920002000000000094
:1029D000183C041080007F0201000000000000028B
:1029E00000000000B10B0110890B0110183C04100D
:1029F0000000DC01010200000003000000000400F0
:102A00002D0D0110650C0110A90E0110102A0410E3
:102A1000183C041000003700010200000003000011
:102A2000000004002D0D0110650C0110A90E01100D
:102A3000282D0410183C04100000E00101020000E1
:102A400000030000000004002D0D0110650C0110B2
:102A5000A90E0110582A0410183C0410000036007A
:102A60000102000000030000000004002D0D011011
:102A7000650C0110A90E0110282D0410183C04103B
:102A80000000270001020000000300000000040015
:102A90002D0D0110650C0110A90E0110A02A0410C3
:102AA000183C041000003400010200000003000084
:102AB000000004002D0D0110650C0110A90E01107D
:102AC000282D0410183C041000002F000102000003
:102AD00000030000000004002D0D0110650C011022
:102AE000A90E0110E82A0410183C0410000032005E
:102AF0000102000000030000000004002D0D011081
:102B0000650C0110A90E0110282D0410183C0410AA
:102B1000000030000102000000030000000004007B
:102B20002D0D0110650C0110A90E0110282D0410A7
:102B3000183C041000002D000102000000030000FA
:102B4000000004002D0D0110650C0110A90E0110EC
:102B5000282D0410183C041000002C000102000075
:102B600000030000000004002D0D0110650C011091
:102B7000A90E0110282D0410183C04100000290093
:102B80000102000000030000000004002D0D0110F0
:102B9000650C0110A90E0110C02B0410183C041084
:102BA00000002800010200000003000000000400F3
:102BB0002D0D0110650C0110A90E0110C02B041081
:102BC000183C041000002B0001020000000300006C
:102BD000000004002D0D0110650C0110A90E01105C
:102BE000282D0410183C04100000260001020000EB
:102BF00000030000000004002D0D0110650C011001
:102C0000A90E0110282D0410183C04100000220009
:102C10000102000000030000000004002D0D01105F
:102C2000650C0110A90E0110282D0410183C041089
:102C3000000020000102000000030000000004006A
:102C40002D0D0110650C0110A90E0110282D041086
:102C5000183C041000001F000102000000030000E7
:102C6000000004002D0D0110650C0110A90E0110CB
:102C7000282D0410183C0410000038000102000048
:102C800000030000000004002D0D0110650C011070
:102C9000A90E0110BC2C0410183C041000003100D7
:102CA0000102000000030000000004002D0D0110CF
:102CB000650C0110A90E0110BC2C0410183C041066
:102CC00000001E00010200000003000000000400DC
:102CD0002D0D0110650C0110A90E0110282D0410F6
:102CE000183C041000003300010200000003000043
:102CF000000004002D0D0110650C0110A90E01103B
:102D0000282D0410183C04100000C9010102000025
:102D100000030000000004002D0D0110650C0110DF
:102D2000A90E0110282D0410183C041000002400E6
:102D30000102000000030000000004002D0D01103E
:102D4000650C0110A90E0110B82D0410183C0410D8
:102D50000000250001020000000300000000040044
:102D60002D0D0110650C0110A90E0110B82D0410D5
:102D7000183C041000002A000102000000030000BB
:102D8000000004002D0D0110650C0110A90E0110AA
:102D9000B82D0410183C041000003500010200009A
:102DA00000030000000004002D0D0110650C01104F
:102DB000A90E0110B82D0410183C041000002100C9
:102DC0000102000000030000000000002D0D0110B2
:102DD000650C0110A90E0110183C041080008F0230
:102DE000010000000000000200000000811101103D
:102DF00053110110183C04100C0092020102000350
:102E00000400000000000000B5120110AF11011015
:102E100011130110DD150110F42D04100000C07F06
:102E2000F42D04100000807FF42D0410DB0FC94046
:102E3000F42D0410DB0F4940F42D041054F82D40FC
:102E4000183C041020009D0200000100000000005A
:102E500000000000BD170110183C041020009D0266
:102E60000000010000000000000000009D1601109D
:102E7000183C041020009D02000103000002000025
:102E800000000000C11901109519011075160110FC
:102E9000183C041020009D02000103000002000005
:102EA00000000000C11901109519011061180110EE
:102EB000183C041060009D020000010000000000AA
:102EC0000000000079170110183C041060009D02FA
:102ED0000000010000000000000000005516011075
:102EE000183C041060009D0200000100000000007A
:102EF0000000000037160110183C041060009D020D
:102F00000000010000000000000000001B1601107E
:102F1000183C041060009D02000001000000000049
:102F20000000000005160110183C04108000A002EB
:102F3000000100000000000200000003451B01101A
:102F4000C11C0110482F04104C2904102700000058
:102F500004000000582F04103A020000802F0410D3
:102F600052040000942F0410DA040000882F04108B
:102F700092190000782F0410E02E04102D1B011070
:102F8000F82E0410CD1C0110B02E0410080004000F
:102F9000991C0110E02E0410B91C0110183C0410FB
:102FA0002000A0020000010000020000000000005C
:102FB000B51A011095190110183C04102000A00248
:102FC000000002000001000000000000951901103F
:102FD0003D1A01104C2D04100000000000000000FC
:102FE000483B0410183C04108000DA020000000086
:102FF0000000000100000000191D01104C29041000
:1030000017000000020000000C300410AA020000AB
:1030100028300410E20400001C300410B02E04100C
:1030200008000200891D0110B83B04103030041064
:10303000B02E0410080004005D1E0110183C04109E
:1030400000005E0001020003040000000000000513
:10305000311F0110272101109B220110BD240110F6
:10306000FC2F041000010102020202030303030308
:10307000030303043C3004100A00000002000000B7
:1030800084300410FFFFFF7F690003020600000088
:1030900083000102000000004C2904105F000000C2
:1030A0000B000000A8300410E20100005C310410A5
:1030B000320200004C3104104A0200004431041076
:1030C000520200003C3104109202000054310410FE
:1030D000E202000030310410EA020000283104103E
:1030E000C20300001C31041002040000143104105B
:1030F0001A0400000C3104107A040000003104109E
:10310000B02E0410FFFF0300792A0110F82E0410DE
:10311000A1270110E02E041079280110B02E041010
:1031200004000200ED270110C82E04101F29011011
:10313000B02E04100800040065280110E02E0410D1
:103140005F290110F82E0410F92D0110F82E04103B
:1031500099280110E02E0410C92A0110E02E041055
:10316000BB280110183C041000006C000102000391
:103170000400050600000007A92D011069290110AF
:1031800063270110DD2C0110892B01108527011008
:1031900098300410183C04108000720001000000F8
:1031A00000000002000000004D2E0110012E011051
:1031B0008F00000011000000BC310410C21000009C
:1031C000681504102A110000147204103A1200004D
:1031D000D01A0410AA120000907204101A140000F1
:1031E0007C2204106215000038760410921500004D
:1031F00054770410621600009C1B0410EA160000AD
:10320000AC770410BA170000246F041042190000B4
:1032100014780410C2190000807904109A1A000072
:10322000287A0410CA1A0000D07A0410421C000048
:10323000207C0410821D0000B81F0410221E000014
:103240000C7D0410870000001000000050320410B4
:10325000FA010000A81504101A120000101A041038
:10326000FA12000080750410BA1400003C6A0410C1
:10327000FA140000081B0410C2170000B400051067
:10328000D21700001C1C04109A030000EC1E04104E
:10329000B21D00002C2004108A1E00000C730410C4
:1032A0003A1F0000F87D0410DA0F0000347104109A
:1032B000FA0F0000B470041002100000CC93041048
:1032C0001210000084210410AA0000002C5A0410DF
:1032D000183C04100000110300010000000200006F
:1032E00000000000452F0110AD2E0110E02E04104B
:1032F000E1310110183C041000002E000001000014
:10330000000000000000000089320110183C041089
:103310000000750001000000000000000000000235
:1033200071330110283304104C29041027000000C9
:1033300004000000383304108A00000078330410C1
:10334000C200000068330410CA0F0000603304108C
:10335000820F000058330410E02E0410E9320110EF
:10336000C82E0410A1320110D03B04107033041099
:10337000F82E041041330110F82E04109D32011074
:10338000183C04108000DA02000000000000000178
:10339000000000028B3301109C3304104C290410F0
:1033A0000F00000001000000AC3304107A0F000091
:1033B000B4330410F82E04108F330110183C04109D
:1033C0008000DA02000000000000000100000000A0
:1033D0008B33011001000300060000000100030010
:1033E0000600000001000300060000007002030058
:1033F00006000000183C0410000042030100000019
:103400000000000000000002E93301101034041035
:103410004C2904101F000000030000002034041099
:103420002215000048340410721C000040340410BF
:103430001A13000038340410E02E041093330110E6
:10344000E02E0410AF330110E02E0410CB33011036
:10345000183C041000007C00010300040002050673
:1034600000000000A13401100135011029350110C0
:10347000693401106535011025340110183C041021
:103480008000DA02000000000000000100000000DF
:1034900041340110183C0410800073030100000047
:1034A00000000002000000000B360110F135011091
:1034B000183C04100000BE010100000000000000E4
:1034C0000002000359360110D0340410E034041017
:1034D0007937011015370110BD36011000000000CA
:1034E0004C2904103700000006000000F0340410DE
:1034F000DA01000020350410EA030000BC5A041071
:10350000FA030000745A0410F20300008C5A0410ED
:1035100022050000A45A04103A020000645A041064
:10352000F82E0410DD3701104C2904104F00000064
:1035300009000000383504104A0200009C360410CF
:1035400052130000883604104A1600007436041026
:103550009216000064360410BA1600005C3604109F
:10356000C2160000543604109A1D000034360410B0
:10357000C21E00002036041082050000A43C041086
:103580004C29041097000000120000009035041030
:103590004A100000AC36041032020000A4360410B9
:1035A0004A0200009C3604107A130000943604107E
:1035B00052130000883604105A1300007C360410A1
:1035C0004A16000074360410521600006C360410BF
:1035D0009216000064360410BA1600005C3604101F
:1035E000C216000054360410C20300004C3604100A
:1035F00002040000443604109A1D00003436041002
:10360000A21D00003C360410C21E0000203604102B
:10361000FA0400002836041082050000A43C0410BF
:10362000E02E041021390110B02E0410FEFF03001B
:103630007F380110E02E041035390110E02E0410FF
:103640009D380110E02E041049390110F82E0410A5
:10365000DD390110E02E0410113D0110E02E0410A0
:103660001D3D0110E02E0410C5380110E02E04109D
:10367000033C0110E02E0410093C0110B02E041090
:10368000FEFF0300C9390110B02E0410FEFF030035
:10369000D5390110E02E04104B380110F82E04101B
:1036A000F7380110F82E041069390110E02E0410CB
:1036B0003D380110183C041008009C020102000370
:1036C0000400000500000006173C0110093A011033
:1036D000B93A0110253D0110213801102835041098
:1036E000183C041000008C000102000304000005D7
:1036F00000000006173C0110093A0110B93A011008
:10370000253D011021380110803504101C370410AC
:10371000A20100001C37041023000000183C041014
:103720000000010000010000000000000000000097
:103730003D3E0110183C041000009B0300030001F3
:103740000002000000000000493E0110A13E0110EF
:103750004D3E0110E02E0410A13F011020090A0D7A
:103760000B0C0000DF020100000000000C3A041006
:1037700000000000000000007A0204104C29041030
:103780000F00000001000000DC3704104C29041079
:103790001700000002000000CC3704104C29041070
:1037A000FF0000001F000000CC3704104C2904105B
:1037B000EF0000001D000000DC3704104C2904104D
:1037C000DF0000001B000000F4370410E2010000DD
:1037D0006C2604109202000064260410A21500005A
:1037E000DC380410D2140000CC380410DA120000C7
:1037F000F43804109A020000D439041022040000A6
:10380000C8390410E2020000BC3904102A04000088
:10381000B039041042030000043A04108A04000086
:10382000F8390410FA1C0000EC3904103A040000C6
:10383000E03904109A040000A43904107A02000050
:1038400098390410C20400008C390410820300006F
:10385000803904104204000074390410A2020000F0
:10386000603904100A0400005439041052020000A8
:10387000483904107A19000040390410C21B0000B6
:1038800038390410E21100006C3904107A0300008A
:103890003039041002050000283904101A03000012
:1038A00020390410FA020000183904100203000045
:1038B000103904102A030000083904101203000014
:1038C00000390410E2130000E8380410B83B04107B
:1038D000D4380410E02E041005450110B02E041059
:1038E000040002009D520110B02E041006000200D8
:1038F000754D0110B02E041006000200F54B0110AA
:10390000F82E0410F9440110F82E0410ED440110B3
:10391000F82E0410E1440110F82E0410D5440110D3
:10392000F82E0410C9440110F82E0410694101104A
:10393000F82E04105D410110E02E04100751011013
:10394000E02E041001510110B02E041008000400F4
:103950005D430110B02E0410080006002949011033
:10396000B02E0410FFFF030099610110E02E041037
:10397000F5420110B02E0410040002001D50011089
:10398000B02E04100400020013500110B02E0410D9
:103990000400020009500110B02E041008000400B9
:1039A000B75B0110B02E041008000400B15B0110D9
:1039B000B02E0410080004001F490110B02E04109E
:1039C0000800040017490110B02E0410080004007C
:1039D0000D490110B02E0410080004000549011023
:1039E000B02E041006000200C5590110B02E0410BC
:1039F000FFFF0300594E0110B02E04100600020014
:103A00008D580110E02E0410CD410110183C041017
:103A10000000420001020000030004050600000748
:103A2000554D011049470110ED520110D94D0110BB
:103A30002D400110C1450110AC370410183C041092
:103A40008001FF00010200000000000000030004EC
:103A50002163011059620110603A0410A43A041065
:103A6000C963011091620110F961011000000000AA
:103A7000183C04108001CA0101020000000000008F
:103A8000000300042163011059620110943A0410EC
:103A9000A43A0410C963011091620110F961011088
:103AA000010000004C2904105F0000000B00000022
:103AB000B43A0410EA030000BC5A0410F2030000F8
:103AC0008C5A0410FA030000745A041022050000F6
:103AD000A45A04103A1C00004C5A0410DA1D0000CD
:103AE000445A0410AA1400003C5A04103A02000080
:103AF000645A04102A1500000C3B041062000000F8
:103B0000E02504106A000000585A0410F82E041032
:103B100009640110183C0410000097000102000322
:103B200004000506070000083D4B0110E564011084
:103B30009F640110ED520110D96601103D6401101F
:103B4000C1450110BC370410843B04100000000084
:103B50004C2904101700000002000000603B041014
:103B6000520200007C3B0410E2020000703B041093
:103B7000B02E04100800040069680110E02E041043
:103B800079680110183C041000009D000102000338
:103B9000040005060000000745690110E5670110F3
:103BA000B5680110C1690110896A0110C967011067
:103BB000503B0410B7D5B100183C0410000045007C
:103BC000010000000000000000000000256F01104F
:103BD000183C0410000094000100000000000000E8
:103BE00000000000256F0110E02E0410CD790110B7
:103BF000E02E0410A9790110183C041000009A006E
:103C000001020000000300000000000061790110C3
:103C100075730110916C0110183C041000009E0097
:103C20000102030000040000000000002D740110D8
:103C3000196F0110B5730110E96D0110BEB8B3BC66
:103C4000B6C20000000000000000B9BB0000000088
:103C50000000C4D8ADBDD1ACD6C1BFB5D7C0C6B2C7
:103C6000B0CED4C8CAD0C7D2CDCBC9D3CCCFC5C3B0
:103C7000BA00AE1410AB12B4AF000000B02E0410A6
:103C8000FFFF0300516B0110183C04108000A500D9
:103C9000010000000000000200000000417A011055
:103CA000FF790110E02E0410E57A0110E02E0410D7
:103CB000C77A0110C82E0410A77A0110E02E041054
:103CC000897A01100E000000060000001E000000AE
:103CD0001F00000003000000DC3C04101A14000068
:103CE0007C2204108A1E00000C730410D2170000FE
:103CF0001C1C0410000102040C0E101214151617DF
:103D0000191A1C1E222426292B31363D41454648CE
:103D10004A4E525456585A5C5E60626466686A6CD9
:103D20006F7174777A7D80828486888A8C91009303
:103D300095979A9C9E9FA3A4A7A9ABADB0B3B5B825
:103D4000BABCBFC1C3C5C6C8CAD2D5D7D8DADCDEB3
:103D5000E1EEF3F5F7F9FBFD00030406080A0C0E8B
:103D6000101214161F222327292C30323336393BE8
:103D70003D3F414547494D4F515A5C5E5F61636825
:103D80006A6D6F70727E80828486888A8D8F91932F
:103D90009597999B9D9FA1A3A6A8ABADAFB1B4B6D3
:103DA000B8BDC0C201303E20422043201A10081086
:103DB00054104630551045305B107D2054205D1066
:103DC000062055305A205A101B109D202B1017101A
:103DD00019102D10363039202C105E3024106B2035
:103DE000211061202410632022106D2028106D20E6
:103DF000141080206E301510702023101A205B10D4
:103E00007D20713079302F101A205B107D207930A1
:103E100020109D20251036205B107D2079302E103B
:103E20005B107D20732030107A205B107D205220A3
:103E300080207F301E20813027104C305B10802086
:103E400027104C305B1082201F202A108320121074
:103E500029108320232084204110232024203A107D
:103E600025203B1026203C10272088202820892050
:103E70008B208A208C208B208D208F301610902054
:103E80008E3090208E305410913055105610923054
:103E9000571058109F3059105410A4305510561018
:103EA000332057105C10081098205A1080203530AD
:103EB0005B10993080205A1080203B301810081079
:103EC000A3305B107D203110AE305B1080205E107F
:103ED0008020051053206F200510522036204030DE
:103EE000051042106C20303005104120382003208E
:103EF0004420151003205F10802047205A104820CE
:103F000049204A2008103B303C3041104B304610CD
:103F100008103B3008103B304D205A104E204F20E7
:103F2000502008103C304110513046100810081045
:103F30006F20532004200510072008205D206020FA
:103F400010201120122005205B20562057205C20D5
:103F5000592058205E105920392006202220802028
:103F60005B10802058304C104D104E104F105110E7
:103F700052104910471048104A104B10531050105F
:103F800009200A200B200D200C2080205F302110FA
:103F900080200E200F206C20622065206C304110A4
:103FA00064206A2054106A20551066205C100D10A1
:103FB000081069306C2069301310081067205A10FF
:103FC00068205A1008105C1008105A105A108020EF
:103FD0001420152016201720182003203820022036
:103FE000132003201820162072201C101A205B10AA
:103FF0007D20742078207720793078301E1076303C
:104000005B107D208020693075201F105B107D20A3
:104010001D105B107D207B205A1080207C301310F7
:1040200023207E205320051006101920071032107F
:1040300080201C201B2023101E201D1080201D20EE
:104040001E20202021203410351036103710381053
:10405000391025108520862029102510261087303C
:1040600029103D103E103F104010411042104410E6
:104070004510431029202A203F10401033102B20D8
:104080002C20972046108B20081009100A100B10C6
:104090000C100D100F1010100E102D202E202F20A0
:1040A000392092209320943022201A20AC20952091
:1040B0005A10963093205A1030203120322035206B
:1040C00034209A209B205B10803080209C305B1035
:1040D00080309E205A10222023203720A030AC2090
:1040E000A1205A10A23037205A105410A430551075
:1040F000A5205A10A620A720A820411080204610F5
:1041000080208020A930AC203C20AA2032108020C2
:10411000AC20AD2020109D2025101E20AB30231098
:104120008220AB30AF20362021108020613262A87F
:10413000332233222121212221222224222223223E
:104140002625272424326262A4A43131223122316F
:10415000313131313162622362232323232322331D
:1041600062223362A522006262131262212432139A
:1041700022623313632223223313622222611262EA
:1041800018136232621212231D1562621212621338
:1041900063321222626233313131621913322412D6
:1041A0006324623223633162621264621224121247
:1041B0001922222112121512131232621C126212DB
:1041C00012623313121222622233126212223363FA
:1041D0003313222262132212A52312224424041034
:1041E000060000000E0000001E000000143704103E
:1041F000DC540410D90000800A00000023030000F2
:10420000B7510410944E0410CADE0310CEDE031022
:10421000D2DE0310D7DE0310DFDE0310E4DE03106E
:10422000ECDE0310F5DE0310FADE0310FEDE0310F1
:1042300002DF031016DF03101FDF031028DF031057
:1042400030DF031039DF031042DF03104BDF0310B0
:1042500053DF03105BDF031063DF03106CDF031019
:1042600079DF031081DF03108DDF031093DF03106C
:1042700098DF0310A0DF0310A8DF0310AFDF0310E7
:10428000B8DF0310C1DF0310C9DF0310D0DF031054
:10429000D7DF0310E2DF0310EEDF0310FEDF0310B1
:1042A0000BE0031006DF031013E003101DE0031002
:1042B00021E0031030E0031034E003103DE0031070
:1042C00047E003104EE0031059E0031060E00310D4
:1042D00069E003106FE003107CE0031089E0031035
:1042E00094E003109BE00310A8E00310B4E0031077
:1042F000BBE00310BFE00310C6E00310CEE00310E4
:10430000D5E00310DCE00310E3E00310ECE0031061
:10431000F7E00310FDE0031007E103100FE10310C5
:1043200017E103101EE1031024E1031030E1031034
:104330003DE1031041E1031045E103104AE10310A0
:104340004FE1031054E1031059E103105EE1031043
:1043500063E1031068E103106DE1031072E10310E3
:1043600077E103107BE1031080E1031085E1031086
:104370008AE103108FE1031094E1031099E1031027
:104380009EE10310A2E10310A6E10310AAE10310CD
:10439000AEE10310B2E10310B6E103101ADF03101F
:1043A000BAE10310C0E10310C6E10310CDE1031030
:1043B000D4E10310DBE10310E2E10310E9E10310B3
:1043C000F0E10310F7E10310FEE1031005E2031032
:1043D0000CE2031012E2031019E2031020E20310B2
:1043E00027E203102EE2031035E203103CE2031033
:1043F00043E203104AE2031051E2031058E20310B3
:104400005EE2031065E203106CE2031073E2031036
:104410007AE2031081E2031088E203108FE20310B6
:1044200096E203109DE20310A4E20310AAE2031037
:10443000B1E20310B8E20310BFE20310C6E20310BA
:10444000CDE20310D4E20310DBE20310E2E203103A
:10445000E8E20310EEE20310F4E20310FAE20310C4
:1044600000E3031009E3031012E3031016E3031043
:1044700023DF03102CDF03101BE3031025E30310DD
:104480005DE0031087E503109ADF0310A2DF03103D
:104490008CE50310AADF0310BDFE031029E303100F
:1044A00030E3031038E303103FE3031046E3031047
:1044B0005AE303106FE3031079E3031086E303105C
:1044C00094E30310A0E30310ADE30310B8E303107B
:1044D000C3E30310CBE30310D3E30310DBE30310C8
:1044E000E3E30310EEE30310FCE3031006E4031020
:1044F0000EE40310F9E5031016E403109DE5031024
:1045000099E5031038E4031024E403102DE40310AC
:1045100032E403103CE4031046E4031005E3031007
:1045200050E4031056E403105AD203105DE4031064
:104530006CE4031075E4031003E1031080E403103E
:1045400089E4031091E403109DE40310AE05041008
:10455000BBE10310C1E103100DE20310A6E4031058
:10456000AEE40310B6E40310BDE40310C5E4031089
:10457000C9E40310D3E403104FDF0310DBE403109E
:10458000E7E40310EBE40310F1E40310F5E4031097
:10459000FCE4031000E503100BE4031004E5031032
:1045A0000BE5031016E50310ADE5031057DF03100C
:1045B0005FDF031022E5031029E5031030E5031047
:1045C00038E5031040E503104DE5031060E50310E6
:1045D00025DF031069E503106EE5031078E503108D
:1045E00037E0031067DF031070DF031086E5031068
:1045F000B1DF0310BADF03108BE50310C3DF031034
:1046000092E5031098E503107DDF0310A2E5031087
:10461000ACE50310B3E50310C0E50310C5E50310D6
:10462000CCE50310D4E50310E3E50310E7E5031040
:10463000F1E50310FDE503100AE6031085DF031022
:1046400017E603101CE6031027E6031031E60310FB
:104650003BE6031043E603104DE6031057E6031054
:1046600067E603106FE603107BE6031084E6031091
:104670008DE6031099E60310A4E60310ADE60310DF
:10468000BCE60310C9E60310D6E60310E2E6031009
:10469000F0E60310F9E60310C2F1031000E703107F
:1046A00005E703100EE7031013E70310AAF1031048
:1046B0001FE703102AE7031032E7031037E7031060
:1046C0003DE7031045E7031070F203104CE70310B9
:1046D000CCED031058E70310A4ED031062E70310BC
:1046E00066E703106EE7031074E7031092E7031008
:1046F000A0E70310A4E70310A9E7031013CF0310EA
:10470000B4E7031050F60310B9E70310BEE7031037
:10471000C4E70310D3E70310DDE70310E1E703105C
:10472000E6E70310ECE7031038D50310F2E70310B7
:10473000FDE7031006E803100AE8031038EB031046
:1047400013E803101DE8031020E803104F0C0410B9
:1047500025E8031030E803103FE803104CE803108D
:104760008EE7031052E8031059E8031063E80310C2
:1047700072E8031077E803107AE8031087E8031063
:1047800091E803109AE80310F6FB0310A3E8031066
:10479000AAE80310AFE80310B6E80310BFE803105F
:1047A000C7E80310CDE80310D4E80310DCE80310D9
:1047B000E0E8031077F303106DE90310E6E8031057
:1047C000EEE80310FAE8031002E903100AE9031007
:1047D00011E9031021E903102AE9031033E703105C
:1047E00038E703102FE9031035E903107AF20310BC
:1047F0003BE9031041E9031046E9031046F30310B7
:1048000050E9031054E903105DE9031062E9031055
:104810006BE9031078FF031072E90310C6F7031069
:104820007CE9031084E903108CE9031093E9031079
:104830009BE90310A3E90310A9E90310B2E90310EF
:10484000BBE90310C5E90310D2E9031020F20310FD
:1048500035F20310DCE90310E3E90310EBE9031080
:10486000F7E90310FFE90310F7F2031003EA03105E
:1048700008EA03100EEA031016EA031025EA0310F3
:104880002DEA031082F7031036EA03103EEA031004
:1048900045EA0310CCE70310C6D5031050EA031015
:1048A00058EA031062EA031069EA03106DEA031084
:1048B00072EA031078EA031082EA03108BEA03100D
:1048C000F6EC031090EA031096EA031036D30310B7
:1048D0009BEA031003DA0310A0EA0310A5EA031011
:1048E000AFEA0310B6EA0310BFEA031097D403102F
:1048F000C5EA0310CBEA0310D0EA0310D6EA03108E
:10490000DBEA0310E4EA0310E9EA0310EFEA03101C
:10491000F7EA031000EB03100AEB03100BED031092
:1049200013EB031016EB031020EB03102AEB03101C
:1049300031EB03103DEB031044EB03104DEB031080
:1049400054EB03105EEB031064EB031075080410C6
:104950006BEB031070EB031078EB031082EB03108A
:104960008EEB031096EB03109EEB0310A7EB0310E6
:10497000ADEB0310F3EA031018F30310B2EB0310CE
:10498000B7EB0310C0EB0310B6FC0310C6EB03102B
:10499000CBEB0310D4EB0310D9EB0310E8EB0310BF
:1049A000F0EB0310FCEB031005EC031012EC03100A
:1049B0001CEC03102AEC0310A9EC03106A0D041080
:1049C00032EC03103DEC031043EC031050EC0310E9
:1049D00064EC0310F6E603106BEC031071EC0310AB
:1049E0004CEA031077EC031081EC031089EC031000
:1049F00094EC03109EEC0310A7EC0310ADEC031035
:104A0000B3EC0310BCEC031046FA031054FA031085
:104A1000C7EC0310CFEC0310D7EC0310DCEC031051
:104A2000E5EC0310EEEC0310F4EC0310B1F303100B
:104A3000FAEC0310FFEC031005ED03100AED031070
:104A400011ED03101AED031070F70310CCEB0310F7
:104A500025ED03102AED031030ED0310620604105B
:104A6000B5FA0310960904103AED031040ED031057
:104A700045ED0310CCEA03104FED031053ED031086
:104A8000C3F1031057ED03105CED0310E1E80310D0
:104A9000CBEC031062ED031083ED03108BED0310DC
:104AA000C0EF03108FED031095ED03109BED031085
:104AB000A0ED0310ADED0310B7ED0310C0ED031032
:104AC000C9ED0310D1ED0310DCED03109DFD0310C3
:104AD000E0ED0310E6ED0310EBED03104F030410BF
:104AE000F2ED0310F7ED0310FEED03103C0504108A
:104AF00005EE03100AF30310BCF303100AEE0310D3
:104B00000FEE031014EE0310C1F303104EEB03106D
:104B100038EE03101AEE0310AFEC031025EE03106D
:104B20002CEE031034EE03103DEE031041EE0310A3
:104B300045EE03105D03041006E7031049EE031071
:104B400055EE031034E703105FEE031068EE031018
:104B500071FA031041F3031075EE03107FEE03109A
:104B600075F0031086EE03108BEE031090EE031029
:104B70009BEE0310A2EE0310A9EE0310AFEE03109C
:104B800030060410B2EE0310BBEE0310C1EE0310AA
:104B900072EC0310CAEE0310CFEE03106400041091
:104BA000D7EE0310E7EE0310ECEE0310F5EE031062
:104BB000FEEE031002EF031006EF03100AEF0310DE
:104BC00010EF031016EF0310770904101BEF03100A
:104BD0008009041027EF03103FEC031033EF03109C
:104BE00043EF031046D803104DEF031055EF0310A9
:104BF0006AF303105DEF031001E8031067EF031081
:104C0000FCEC03106DEF03105407041072EF031057
:104C10007BEF031084EF03108CEF031097EF03106A
:104C2000A0EF0310A9EF0310B7EF0310C4EF0310B8
:104C3000D6EF0310E0EF0310E9EF0310F2EF0310DB
:104C4000AAEA031059F30310F7EF031001F0031061
:104C500009F0031011F003101FF003102EF00310E1
:104C600070F1031035F0031041F003104AF0031007
:104C700052F003105BF0031064F003106EF00310A9
:104C80000FE7031074F003107FF0031083F003109C
:104C900086F003108EF0031094F0031099F00310C7
:104CA000A2F00310A6F00310AAF00310B1F0031055
:104CB000B4F00310B8F00310BDF00310C4F00310FB
:104CC000C9F00310CEF00310D5F00310DFF003108D
:104CD00033F10310EAF00310FEF0031016F1031095
:104CE0001DF1031022F1031029F103102FF103101D
:104CF000BAE703103CF10310BFE7031069F003109B
:104D000043F1031076E903104AF1031053F1031045
:104D10005CF1031062F103106BF1031076F10310E4
:104D20007BF10310CBF3031086F1031091F1031014
:104D30009BF10310A1F10310B2F10310B7F10310BE
:104D4000BDF10310CBF10310D3F10310DAF103101E
:104D5000E0F10310E7F10310EFF10310F4F1031099
:104D6000FAF10310FFF1031006F203100AF2031028
:104D700016F203102BF2031076D2031072F3031015
:104D800047F20310E2E70310EDE703104FF20310C0
:104D900053F20310CD07041058F2031062F203100F
:104DA0006AF2031074F203107EF2031089F203100A
:104DB00092F2031066E903109BF20310A3F20310B2
:104DC000B1F20310B9F20310C6F20310CDF20310D2
:104DD000D6F20310DEF20310E4F20310E7F2031040
:104DE000EFF20310F5F20310FCF2031004F30310CA
:104DF000E9D0031009F3031010F3031016F30310A6
:104E000020F3031028F303102EF3031038F30310DC
:104E10006FFA03103FF303104BF3031057F3031023
:104E200062F3031069F3031071F3031076F30310B8
:104E30007BF3031088F3031095F303109DF3031025
:104E4000CFF10310AAF30310B0F30310B5F303106E
:104E5000BBF30310C0F30310C5F30310CAF3031030
:104E6000D0F30310D5F30310D9F30310E3F30310C9
:104E7000F2F30310FBF3031007F4031011F4031013
:104E800019F4031025F403102EF4031019E903108C
:104E900031F4031003030407040708040303130891
:104EA0000807080808070707080C070B0504070789
:104EB0000608080706060A0B0F0C070F09030E0366
:104EC0000809060A0608050C0C0A060C0B06030660
:104ED00007060606080A0509070706050B0C030363
:104EE0000404040404040404040403040404040483
:104EF000040403030303030303040505060606066F
:104F00000606060606060506060606060606060642
:104F10000605060606060606060606060506060633
:104F2000060606060605050505050808030404032C
:104F300009030203050505040606070606131409FE
:104F40000C0D0B0C0A0A070707070A0D09070703D0
:104F50000D0408030804090909030506040E080ADC
:104F60000308070B080304040407070607030907DF
:104F7000030B03050306030302060A0B05030306DE
:104F80000607070C12080204090D050408040606AA
:104F9000060505090309060C0406070E03090B0C98
:104FA0000C07040A09090709090F070B08080B0A6F
:104FB000080E0C0C0B0D0806080408040B070A0762
:104FC00004050706030B0409080307051D0D030468
:104FD0000A03040504050E0903040505010A080374
:104FE0000804090204050A0E0C050306090E040252
:104FF0000C09080808060406080705060703050348
:1050000004070B0707060F0804030405050305043E
:105010000904030804080607090707070607070528
:105020000808090C090A1106070B07030404050701
:105030000E07080107060A06080709060304050902
:105040000804030504090404040906080505050409
:1050500005040804050708090805020909060B06E6
:105060000806090506070407090B070708050403D6
:1050700007040805040408040E070B080C090D07B3
:1050800003040A050C13060205050309070A0908AB
:105090000505080A080807070408080505030405AC
:1050A0000406080A040704050904060305040903A5
:1050B00003030704050403200703030505040C0983
:1050C0000808070A03040504060404060607040585
:1050D000030404050305040A030607080303030287
:1050E000070B0902080C040909060904040A06064C
:1050F000050205080508040407070F040808030350
:1051000003050504040B040B030F09010707060937
:1051100004050204020808070A08080D0C11090812
:10512000080404080907070D0E06050B0807080800
:105130000905030A03020705040803030602030422
:1051400006040406090A081317060406050C0306DC
:1051500004040605080805080A040A040A090510DB
:1051600004050D070605060704050406030B141BBA
:105170000403070304030404090709090A080804CF
:10518000070D070C060807050207050607040406B5
:10519000050907050906060B0B0A060704040C0C93
:1051A000070C03050405040404050403090E080B99
:1051B00009070B080207056C7B8B818DE3529B630B
:1051C0007C277C74FB2524272976495142A75C5C07
:1051D000EA95534A4006BF1952FF5F90F11AC1CDBC
:1051E00061F68D2AB83717204661273A1953869AF7
:1051F0005C86A5E3B65EA479ACEAFFB417C595D882
:10520000E98283D3D2D1D0D7D6D5D4DBDA80B0B17E
:10521000B2B5B6B7B881868784858A8B5AA4A5753E
:10522000747776717073727D7CA6565754555253BD
:1052300050515E5FA7B7B6B5B4B3B2B1B0BFBEA0B0
:105240009091929394959697A1A2A3ACAD286EA944
:1052500001525D0C4D22369157F4CE61A753E936C9
:1052600082EDEF127D37BB787E5E5F5C5D38941215
:10527000925488BF0F85D836A64CCD125903046FBF
:105280003E5E5E0B9AC0F00A13434241DF777D74A5
:10529000B3ADBA4FDB12350164A0B08F91C17AF77C
:1052A00090EFBF9B1321D7EC76490899ADA2B724A4
:1052B00023C48261BB7A704159A2223115EDDD62AF
:1052C00008F0B4B0BAB84CC44EC4830342685B7FE4
:1052D000039D38C80161BF544FDA2CBF5EF70AD96D
:1052E000D43C7D1B131D69448FB65A933254A87861
:1052F000EC5C91B091C77C50386A43651FCD97C76D
:105300003CF5E09149A6CBF67FE201975274E52582
:10531000C5F8DF9C61B64D4C03064E2C26B12E74A9
:1053200050B63B689BE0F4C54F0A33B47AD2E8E943
:10533000C376CF412C41F315E4A9A89ECE7E029EF0
:10534000DB6E0569DC0DEC2D729CCD91040F2D45B3
:10535000E97AAAB63BF4C00F04914306C2719B944C
:1053600077C1105885C87493CCA7C3CA352520FAD5
:10537000357D3761E569E51C0637ED27026196FE4C
:10538000036690785A7EBA89DDDA10AD56AFD687BB
:105390006894702A2BFF839DA17147170882CCB2B5
:1053A00083BD5A041F4A732806B72378538F8C494C
:1053B000F79AA63E9EB9FC2547F51AFDF6624340D2
:1053C0005F5DE257CEFF54CB9863B07DAE0F2140B6
:1053D00073EB31B6A8602A9635B173D41920074112
:1053E00018E952CBD19369AF9D9C76962625F5BFDF
:1053F000EC1DA8F165665289FDA21EE4843762B4F3
:10540000FD8A64288B8779E1EBBC8A1F4287887EFE
:10541000F3A0F56A1C4D3A05419A8F71EF1CEF0A13
:10542000C2F7F453F4B28B802FBBF4748DB0D787DE
:10543000AFBEA347C4D5E8D26DDA082D7D41823BCB
:10544000386A03D2BFE5AC5F56EC23683510CEAEA8
:10545000B2A1F20D45951550CFF67E1AE0FEF9285F
:10546000F253CDAB929D8DC6EB6D931B048E2E85B2
:1054700016B13FB92049EA0B13B505E1C96A2131DC
:1054800097C3D7D7D22814A321087B32AD38122175
:10549000C7CE60A2BC9BFED6E51498F27D9D1AB1E2
:1054A000425AF072893E79B7D29D5B89F078C9F88B
:1054B0008BE3DDB7B101F604FE07910E170FABC900
:1054C000AD4707BF6E865DC91DE79FFFF7C69D020A
:1054D00089C702D203797561D2580000000000002C
:1054E000000000000A000000D9000000315904103B
:1054F000585804107A0204107A02041037F403108A
:10550000C3020410210204100BCF03108ECD031030
:105510003FF40310E1F9031048F4031051F40310B1
:105520005BF4031067F4031071F403107AF40310B2
:1055300086F4031092F403109BF40310A4F40310F8
:10554000ACF40310B5F40310BDF40310C6F403105B
:10555000D1F40310DAF40310E2F40310EBF40310B7
:10556000F8F4031001F503100DF5031015F5031001
:1055700025F5031034F5031023FA031043F5031047
:105580004CF5031027FA0310F4D6031055F5031059
:1055900061F5031072F503107DF5031086F5031015
:1055A00098F50310A4F50310B0F50310BAF5031035
:1055B000C3F50310D7F50310DFF50310EDF5031065
:1055C000DCD60310FAF5031006F60310D9E5031034
:1055D00011F603101CF6031097EA03109DF1031057
:1055E0002EF6031032F6031039F603103EF60310C0
:1055F00043F603104CF6031056F60310E4FA0310BA
:10560000F6DA03105FF6031063F603106FF603106B
:10561000FD08041075F603107BF6031056D703102F
:1056200080F60310C9E8031085F6031035F6031061
:105630008CF6031095F603109AF603109FF60310EC
:1056400092F70310A6F60310ADF6031021E3031042
:10565000B8F60310C0F60310C8F60310D0F6031016
:1056600035F3031098F70310D5F6031059EF031024
:10567000DCF60310E4F60310ECF60310F7F6031063
:10568000FFF6031007F7031012F7031041D60310BB
:10569000240E0410BA0A0410A5EE03104CD6031011
:1056A000D90C04101AF703101FF7031026F7031084
:1056B000F9F603102DF7031034F7031039F7031030
:1056C0003DF7031049F703104EF7031055F7031089
:1056D00043D703109AEB03105AF7031062F7031035
:1056E00066F7031061EF031000EC0310E9F30310F9
:1056F0006CF7031075F703107CF7031084F70310A1
:1057000089F7031091F7031097F703109EF7031022
:10571000A4F70310ABF7031048CF0310B2F7031040
:10572000B7F70310500B0410BBF70310C3F70310B7
:10573000CEF70310D3F70310A5F703104CF00310B6
:10574000DAF70310E5F70310AED70310F2F70310F2
:105750008E0904102EF70310F7F70310FBF7031060
:1057600095EE031001F803101FEE03109FD70310EE
:1057700040F2031014F703100AF8031047EB03106C
:1057800056D6031016EC031010F8031014F803108B
:105790001FF8031029F8031032F803103DF8031026
:1057A00047F803104FF8031057F803105FF8031081
:1057B00068F8031074F8031081F803108CF80310D4
:1057C00097F803109EF80310A8F80310B5F803101B
:1057D000BCF80310C4F80310CBF80310D4F803107E
:1057E000DFF80310E8F80310EFF80310FAF80310DD
:1057F00001F903100CF9031014F903101CF903103C
:1058000023F903102BF9031032F903103AF90310AE
:1058100042F903104BF9031054F9031062F9031015
:105820006EF903107AF9031083F903108CF9031051
:1058300094F903109DF90310A9F90310B4F90310AA
:10584000BDF90310CAF90310D3F90310DBF90310F3
:10585000E3F90310EFF9031000000701010101084B
:105860000108090B09080B0B0808070807080A08B4
:1058700007080C080B070F0E0E0D0808090D0B107A
:105880000A08110B0B090813070D0C0D0B0A090A66
:10589000110303030604040809080508030B0505A2
:1058A000050405040306030804040604060A0307A6
:1058B0000707040205060307070A07070A07050486
:1058C00004030403040606050604030B040604038C
:1058D000030703050504080806070407050605066F
:1058E0000604040303070A040605050A0C0404035E
:1058F00005030505080504060505050605030A094F
:10590000080A09070707080B0C0A0A06090C06070C
:1059100006080A08060A060A070706070607070810
:10592000080D0B0B080807080B0A080C0807070BE3
:105930000700057AAF858F8ABDFAA72BFD6D45401C
:1059400026F75F16CFE28EFFE279026B1032D02D80
:1059500097210791F0F216205C83EAAFFFDCBA17BB
:10596000C6A18161EA94202596B69544136BC2EBDB
:10597000F776225C0DDCB47C33C0E0A63FFAB80AAF
:105980001B9B1E6301263533C09D8CB7287B1216E6
:10599000EBA8B6FC5BB5DDE38FA732016227893B3C
:1059A000C6E5CEB90B4290D11C2ABF2D541AB74B75
:1059B000F96349D025D2E9E7A53B79B92327D46C0F
:1059C000BF5EB7857462579D50292EC4B3D8FD9D24
:1059D000B427B74E7D98E6CC3480D45495C40E2BB2
:1059E000C5C6DC78713546A7B3B66DF708CC095D3E
:1059F0004963310E6938292D16DC541BDB31632ACB
:105A0000FFC557735AF2A7218820696D706F7274B1
:105A100020000000183C041020009D02000001003E
:105A2000000000000000000085AD0110D03204101D
:105A3000582800200700A8A9A6AAA700F82E04103D
:105A40000BB50110F82E0410B9B70110B02E0410D8
:105A5000060004006FB70110B02E04100800080003
:105A600005B50110F82E0410DFB40110F82E041053
:105A700031B50110B02E0410040002003DB4011035
:105A8000B02E041006000400B1B80110B02E0410AE
:105A900006000400ABB80110B02E0410080004008A
:105AA000A5B80110B02E0410080004009FB8011022
:105AB000B02E04100400020045B70110B02E0410EF
:105AC000040002003FB701100000000000000000C9
:105AD00000030303030300000000000000000000B7
:105AE00000000000000000000301010101010101AC
:105AF0000101010101010101454545454545454576
:105B000045450101010101010159595959595919D5
:105B100019191919191919191919191919191919F5
:105B20001919190101010101016969696969692985
:105B300029292929292929292929292929292929D5
:105B40002929290101010100FFEA76617269616278
:105B50006C65207265666572656E6365642062655A
:105B6000666F7265AD000000FFBD616374697665A4
:105B700020657863657074696F6E8E726572616995
:105B8000736500006F70636F64650000A2BE011052
:105B9000A2BE0110A2BE0110A2BE0110A2BE011041
:105BA000A2BE0110A2BE0110A2BE0110A2BE011031
:105BB000A2BE0110A2BE0110A2BE0110A2BE011021
:105BC000A2BE0110A2BE0110A2BE01104EC901105A
:105BD000A8C8011086C8011026C80110F0C701101E
:105BE000BCC7011012C70110DEC60110A6C6011005
:105BF000E0C50110B0C5011038BF011002BF01108F
:105C0000A2BE0110A2BE0110A2BE0110BCC00110B4
:105C100072C0011070C901101AC90110EEC801103C
:105C2000CAC801107CC7011046C701104CC601103C
:105C300010C60110CCC20110A6C201108AC2011008
:105C400056C2011006C20110CAC101108AC101105A
:105C50004AC1011022C10110F8C001103EC001105C
:105C60000EC00110D8BF011094BF0110A2BE0110D8
:105C7000A2BE0110A2BE0110A2BE0110A2BE011060
:105C8000A2BE0110A2BE0110A2BE01106EC301107F
:105C9000A2BE011022C50110F8C40110CEC401102B
:105CA000ACC401108CC4011012C40110E8BB011077
:105CB000E8BB01109CBB0110F2C20110A2BE011092
:105CC000A2BE0110A2BE0110A2BE0110A6C9011001
:105CD0009CC9011092C9011010C90110B0C7011070
:105CE0009EC7011088C601109AC501107CC501101D
:105CF0007AC501105AC5011038C50110C8C301107A
:105D00004EC3011042C3011022C30110A2BE0110F4
:105D1000A2BE01107CC20110B0CA011074BF0110F4
:105D2000C8BE0110B6BE011088BD0110C0BD011073
:105D3000F8BE0110A2BE0110A2BE0110A2BE011049
:105D4000A2BE0110A2BE0110A2BE0110D8BE011059
:105D5000D8BE0110D8BE0110D8BE0110D8BE0110A7
:105D6000D8BE0110D8BE0110D8BE0110D8BE011097
:105D7000D8BE0110D8BE0110D8BE0110D8BE011087
:105D8000D8BE0110D8BE0110D8BE0110D8BE011077
:105D9000D8BE0110D8BE0110D8BE0110D8BE011067
:105DA000D8BE0110D8BE0110D8BE0110D8BE011057
:105DB000D8BE0110D8BE0110D8BE0110D8BE011047
:105DC000D8BE0110D8BE0110D8BE0110D8BE011037
:105DD000D8BE0110D8BE0110D8BE0110D8BE011027
:105DE000D8BE0110D8BE0110D8BE0110D8BE011017
:105DF000D8BE0110D8BE0110D8BE0110D8BE011007
:105E0000D8BE0110D8BE0110D8BE0110D8BE0110F6
:105E1000D8BE0110D8BE0110D8BE0110D8BE0110E6
:105E2000D8BE0110D8BE0110D8BE0110D8BE0110D6
:105E3000D8BE0110D8BE0110D8BE0110D8BE0110C6
:105E4000D8BE0110D8BE0110D8BE011078BE011016
:105E500078BE011078BE011078BE011078BE011026
:105E600078BE011078BE011078BE011078BE011016
:105E700078BE011078BE011078BE011078BE011006
:105E800078BE011078BE011078BE011056BE011018
:105E900056BE011056BE011056BE011056BE01106E
:105EA00056BE011056BE011056BE011056BE01105E
:105EB00056BE011056BE011056BE011056BE01104E
:105EC00056BE011056BE011056BE011044BE011050
:105ED00044BE011044BE011044BE0110A2BE011018
:105EE000A2BE0110A2BE01101CBE01101CBE0110FA
:105EF0001CBE01101CBE01101CBE01101CBE0110F6
:105F00001CBE01101CBE01101CBE01101CBE0110E5
:105F10001CBE01101CBE01101CBE01101CBE0110D5
:105F20001CBE01101CBE01101CBE01101CBE0110C5
:105F30001CBE01101CBE01101CBE01101CBE0110B5
:105F40001CBE01101CBE01101CBE01101CBE0110A5
:105F50001CBE01101CBE01101CBE01101CBE011095
:105F60001CBE01101CBE01101CBE01101CBE011085
:105F70001CBE0110A2BE0110A2BE0110A2BE0110E3
:105F8000A2BE0110A2BE0110A2BE0110183C041056
:105F90000000E1000102000000000000000000031A
:105FA0004DCE011041CE0110AC5F04104C290410FD
:105FB0001700000002000000BC5F0410DA1A0000A5
:105FC000CC5F04100A08000011000000F82E041035
:105FD00001CF0110B02E04100800080041CF0110BD
:105FE00080030301000000008303030100000000A0
:105FF00098020202801A0600C703020250C3000082
:10600000183C04100000C60101020000000000005E
:106010000003000409D601104DD4011024600410BF
:1060200044600410ADD501100000000041D60110FD
:106030007BD50110F5D60110A1D70110CBD70110E7
:10604000000000004C290410770000000E00000042
:1060500054600410321600006C6104100A13000032
:1060600064610410EA1B00005C61041092040000EB
:1060700054610410B20400004C610410F2030000EB
:10608000406104102205000038610410FA1A000073
:106090002C610410021B000020610410B21F0000DC
:1060A00014610410C21F0000086104100A1B0000E4
:1060B000DC600410121B0000D0600410BA1F000046
:1060C000C4600410B02E0410FFFF030025D301109C
:1060D000B02E0410FFFF0300D5D20110B02E041023
:1060E000FFFF03007DD201100B020201000000003F
:1060F0000703020100000000160203010000000077
:106100000D02020208000000B02E04100800060074
:1061100099D30110B02E04100800060055D10110CB
:10612000B02E0410080006000DD10110B02E04108E
:1061300008000600A1D10110E02E0410C1D001100A
:10614000B02E04100600040065D00110F82E0410D3
:10615000CBD40110F82E0410A9D40110F82E04108D
:1061600025D00110F82E04100FD00110B02E04100D
:10617000FFFF030085D401105B0002000100000056
:106180000B020201000000000D02020207000000E5
:10619000FF020302060000000303020208000000E1
:1061A00080030302060000008303030206000000D0
:1061B000AA02030006000000CB030200300000002A
:1061C000AB02010000000000183C04100000750143
:1061D00001020000000300000000000461DB011068
:1061E00031DB0110FDDA0110EC6104104C290410C0
:1061F000570000000A000000FC6104100A130000B0
:1062000068620410F20300006062041022050000BE
:10621000586204107A1600004C620410120C000040
:10622000030000001A0C000005000000420C0000F2
:1062300009000000820C0000110000002A0C000080
:1062400021000000320C000041000000B02E0410BC
:10625000FFFF030081D90110E02E04108FDD011033
:10626000E02E04104BDD0110F82E041079DA011035
:1062700029D9011051D901107F0303030000000048
:10628000F903030300000000820303030000000081
:106290000E030203FFFFFFFF26020203FFFFFFFFC3
:1062A00054000203FFFFFFFF55030203FFFFFFFF40
:1062B000B9020203FFFFFFFF2F02030300000000EB
:1062C00026020203FFFFFFFF91030203FFFFFFFF10
:1062D000183C04108001760101020000000000005B
:1062E000000300043DEC0110E9E10110F462041028
:1062F0000463041021E201103DE30110DBE0011012
:10630000000000004C290410570000000A000000A3
:10631000146304103216000088630410F2030000B6
:106320008C5A041022050000A45A04100A1300001D
:10633000806304107A160000786304108A1C000041
:1063400064630410EA0D0000010000005A0E000012
:1063500003000000220E000003000000D20C000029
:1063600001000000D03B04106C630410B02E041038
:10637000FFFF010035E10110E02E0410BDE1011026
:10638000F82E041011EC0110B02E0410FFFF0300D2
:106390001BEC01109C63041008FF00003EE0014864
:1063A000410001583EF0015845100148B463041003
:1063B00008FF00003EE80160410801703EF80170EE
:1063C00045180160CC63041008FF00002EE801604E
:1063D000410801702EF8017045180160000020503E
:1063E0000000305000000000FFFF0001FFFFFFFF32
:1063F00000010203FFFFFFFFFFFF0001FFFF020399
:1064000000010203040506072064041004000000D4
:106410002064041002000000206404100100000049
:10642000183C04100000FF02000100000000020000
:106430000000000071ED011019ED0110B02E0410E4
:1064400006000400E9ED011098020200FFFFFFFFC3
:1064500077020202FFFFFFFF76020202FFFFFFFF4B
:10646000CB020202FFFFFFFF183C04100000B50141
:10647000010200000000000000000003A1F2011072
:10648000A5EE0110886404104C2904102F000000B0
:10649000050000009864041032160000EC6404103B
:1064A0000A130000E4640410C2140000D86404104D
:1064B000BA130000CC640410B2130000C0640410CE
:1064C000B02E041004000200A9F00110B02E041038
:1064D000040002006DEF0110B02E04100400020051
:1064E000DDF10110F82E0410C1EE0110B02E0410E1
:1064F000FFFF03008DF20110183C04100000C501DD
:106500000100020000000000000300042DF3011050
:1065100061F401101C6504102065041035F40110AD
:106520004C2904101F000000030000003065041017
:10653000120500005865041022190000506504106F
:106540001A19000048650410F82E041015F3011004
:10655000F82E041021F30110B02E041004000200E4
:1065600095F401102302020020A107003A03020261
:1065700000000000350302020000000026020202B3
:106580000800000090020202010000007F030302E5
:106590000000000013030302000000000A030302CE
:1065A0000000000023020200FFFFFFFF3A03020089
:1065B000FFFFFFFF35030200FFFFFFFF9002020213
:1065C000FFFFFFFF7F03030200000000130303022D
:1065D000000000000A03030200000000183C041041
:1065E0000000C701010200000000000000030004D9
:1065F0008DF6011059F60110006604100C660410A7
:10660000DDF5011000000000D5F501104C29041043
:1066100047000000080000001C660410321600004D
:106620008C6604100A13000084660410EA0300005C
:1066300078660410F20300006C6604102205000066
:1066400064660410921F00005C660410F20C0000E7
:1066500003000000C20C000001000000C82E04105E
:1066600095F50110E02E041073F50110B02E041002
:106670000600040037F50110B02E041006000400D7
:10668000F3F40110F82E0410C9F40110B02E041018
:10669000FFFF0300A9F4011023020200FFFFFFFF28
:1066A00026020200FFFFFFFF2E030300FFFFFFFF94
:1066B00096000200FFFFFFFFCD030302060000006B
:1066C0007A030302060000005702030206000000DE
:1066D0007903030206000000C7030202FFFFFFFF69
:1066E000C8030202FFFFFFFFCB020202FFFFFFFF12
:1066F00094020202FFFFFFFFCF030202FFFFFFFF32
:106700007C030202FFFFFFFF183C04108001D00150
:106710000102000000000000000300041DFC011045
:10672000CDF801102C6704103C67041079FF0110AC
:10673000EFFD011039F80110000000004C29041091
:1067400097000000120000004C6704103216000091
:10675000086804100A13000000680410AA1400005E
:106760003C5A0410EA030000B05A0410FA03000077
:10677000745A0410F2030000805A0410220500002D
:10678000985A0410DA010000F8670410821E000015
:10679000F06704104A1C0000E86704107A16000035
:1067A000DC670410F20B000003000000EA0B00009D
:1067B000050000001208000003000000E20D0000C8
:1067C00005000000520C0000810000007A0C00005F
:1067D00041000000220C000001040000B02E041053
:1067E000FFFF0300D1FC0110F82E0410F1F7011097
:1067F000F82E041081F70110F82E0410D9FE0110B4
:10680000F82E0410E5F70110B02E0410FFFF03006E
:1068100009FC0110BFFC01106DF701105AD20310E2
:1068200029E30310BDFE0310B6FE03105AD2031075
:10683000E40604107C00041066020301000000005E
:106840006502030100000000670203010000000070
:106850002603030006000000710303000600000089
:106860004B02030006000000FA03030006000000CC
:106870004C2904105F0000000B0000008068041029
:106880005212000098690410921D0000C46904109F
:1068900042100000B86904101A1D0000A469041019
:1068A000621B0000B0690410F2070000D8680410F1
:1068B000EA07000028690410E207000028690410B4
:1068C0002A0F0000010000001A0F00000300000062
:1068D000220F000005000000183C04100000FE001C
:1068E000000000000000000000000001F06804103B
:1068F0004C2904102F00000005000000006904105E
:10690000DA1600000100000002140000010000007F
:10691000621D0000030000003213000088690410AB
:106920002A1300006C370410183C04100000FD000E
:106930000000000000000000000000014069041099
:106940004C2904102F0000000500000050690410BD
:10695000DA16000005000000021400000700000025
:10696000621D00000B000000321300008869041053
:106970002A130000786904100C3A0410000000008B
:106980004B0000001E8904100C3A041000000000A7
:106990001200000069890410B02E0410FFFF0300EC
:1069A00091000210B02E0410060004003D020210F7
:1069B000F82E041031000210B02E04100400020062
:1069C00041000210C82E0410AD010210183C041042
:1069D0000000DA01010000000003000000000002D6
:1069E0000D01021070680410750102105B000200B6
:1069F00000000000C703020088130000183C0410C8
:106A00000000E101010000000000000000000002A1
:106A1000A1020210186A04104C2904100F00000093
:106A200001000000286A04105A140000306A0410A3
:106A3000F82E041095020210FC690410D0320410E4
:106A4000446A04104C2904105F0000000B00000091
:106A5000546A0410BA000000BA1400000A090000C9
:106A6000046C041012090000AC6A0410FA0C000057
:106A700001000000EA0C000001000000D20D00003F
:106A8000030000007A0B00000B000000820B0000E6
:106A9000050000008A0B00000D000000DA0C000069
:106AA00007000000E20C000009000000B02E0410F6
:106AB00008000600090902104C29041067000000B4
:106AC0000C000000C86A04106A140000A86B0410CF
:106AD000721400009C6B0410BA190000906B041033
:106AE000C2150000846B0410521F0000786B041064
:106AF0003A1B00006C6B04104A170000606B041016
:106B0000CA130000546B0410E2190000486B041013
:106B10004A1100003C6B04100A1C0000346B041086
:106B2000E21D0000286B0410B02E04100A000800BB
:106B300049090210C82E0410F9050210B02E0410E5
:106B40000C0008004D110210B02E04100C000A00B9
:106B5000A90E0210B02E041010000C00830D0210BC
:106B6000B02E04100C000C00690C0210B02E0410A2
:106B70000E000C00AB0A0210B02E04100A000A002E
:106B8000BB060210B02E04100A000A00E50602102F
:106B9000B02E04100800060039070210B02E0410B1
:106BA0000C000C000F070210E02E041099070210D1
:106BB000BB030210E5030210FF0302105104021090
:106BC000610402106F04021011050210530B021031
:106BD000210A0210F50202102503021045030210DB
:106BE000F502021025030210450302109B04021057
:106BF000C3040210DD0402103D0502104B05021013
:106C0000F9090210183C04100000210101000000E5
:106C10000000000002000003E5080210390902101C
:106C2000B86A041000000000000000000000004FDF
:106C30004F0000000007070000070700147F7F14C3
:106C4000147F7F1400242E6B6B3A120000633318FC
:106C50000C66630000327F4D4D77725000000004D7
:106C60000603010000001C3E634100000000416378
:106C70003E1C0000082A3E1C1C3E2A080008083E54
:106C80003E080800000080E06000000000080808DE
:106C9000080808000000006060000000004060304C
:106CA000180C0602003E7F49457F3E000040447FAD
:106CB0007F40400000627351494F46000022634903
:106CC000497F360000181814167F7F10002767458B
:106CD000457D3900003E7F49497B3200000303793E
:106CE0007D07030000367F49497F360000266F4943
:106CF000497F3E000000002424000000000080E4E2
:106D00006400000000081C366341410000141414A4
:106D10001414140000414163361C080000020351A2
:106D2000590F0600003E7F414D4F2E00007C7E0B28
:106D30000B7E7C00007F7F49497F3600003E7F410B
:106D400041632200007F7F41633E1C00007F7F493A
:106D500049414100007F7F0909010100003E7F4158
:106D6000497B3A00007F7F08087F7F000000417F59
:106D70007F410000002060417F3F0100007F7F1CB9
:106D800036634100007F7F4040404000007F7F0627
:106D90000C067F7F007F7F0E1C7F7F00003E7F41BF
:106DA000417F3E00007F7F09090F0600001E3F2142
:106DB000617F5E00007F7F19396F460000266F49B2
:106DC000497B32000001017F7F010100003F7F40CD
:106DD000407F3F00001F3F60603F1F00007F7F300B
:106DE00018307F7F0063771C1C77630000070F78E3
:106DF000780F0700006171594D47430000007F7F05
:106E0000414100000002060C183060400000414182
:106E10007F7F000000080C06060C0800C0C0C0C040
:106E2000C0C0C0C00000010306040000002074546C
:106E3000547C7800007F7F44447C380000387C44D8
:106E4000446C280000387C44447F7F0000387C5428
:106E5000545C580000087E7F090302000098BCA41F
:106E6000A4FC7C00007F7F04047C78000000007D8F
:106E70007D0000000040C08080FD7D00007F7F30ED
:106E8000386C44000000417F7F400000007C7C188B
:106E900030187C7C007C7C04047C780000387C44C6
:106EA000447C380000FCFC24243C180000183C24DE
:106EB00024FCFC00007C7C04040C080000485C54AA
:106EC0005474200004043F7F44642000003C7C4054
:106ED000407C3C00001C3C60603C1C00001C7C3082
:106EE00018307C1C00446C38386C4400009CBCA0FA
:106EF000A0FC7C00004464745C4C44000008083E24
:106F000077414100000000FFFF0000000041417791
:106F10003E0808000002030103020301AA55AA5516
:106F2000AA55AA55D03204102C6F04104C29041015
:106F30001F010000230000003C6F0410BA00000095
:106F4000BA1700001218000018640410021800009C
:106F5000106404100A18000008640410CA1E00001F
:106F600088700410EA1C0000C82004105A110000A8
:106F7000A87004107A1B000098700410821B000097
:106F800090700410D2150000A0700410C21400000C
:106F90007C7004104217000070700410EA120000A8
:106FA00064700410721300005C700410DA130000A7
:106FB000547004103A110000D45F04104213000012
:106FC000B4890410321E00003C6404102A0E000034
:106FD000F8640410320E0000006004103A0E000045
:106FE000DC6504100A0700008C5F0410A20B00008F
:106FF000D08F0410AA0B0000C8610410B20B00006F
:10700000D0620410AA0D0000686404101A0E00007B
:10701000C4920410820E000008670410D20E000013
:10702000CC6904100A0F0000FC690410BA0D0000BE
:107030009C910410DA0D0000109204107A0E0000EA
:1070400074930410B20D000003000000120F000042
:1070500007000000F82E041087120210102F0410F1
:1070600079140210B02E0410020000006F140210F8
:10707000B02E04100200000065140210B02E04109F
:107080000400000095140210102F04107112021059
:10709000102F04105B120210102F04105512021052
:1070A000102F041087140210B02E041002000000EC
:1070B00049150210D0320410BC7004104C29041081
:1070C0003F00000007000000CC700410BA00000070
:1070D0002A1900007A1B00002C710410E21A00002B
:1070E00024710410F21A00001C7104109A1F000091
:1070F00014710410AA1F00000C710410A2120000E9
:1071000004710410F82E04106B150210E02E041008
:10711000F9150210E02E041023160210F82E0410A8
:1071200081160210F82E0410A9160210F82E041071
:10713000BB160210D03204103C7104104C2904100C
:107140001F000000030000004C710410BA00000092
:10715000DA0F00006A0E0000F0710410620E0000E9
:10716000D0710410A918021079170210F82E04101B
:10717000F1180210F82E0410111702104C290410F7
:1071800027000000040000008C7104108A19000020
:10719000C87104105A1A0000BC710410C203000028
:1071A000B471041002040000AC710410E02E04104D
:1071B000D1170210F82E0410AD190210B02E0410D1
:1071C000060004004D170210F82E041007170210D5
:1071D000183C04100001CC01010000000002000373
:1071E00000000000E91702102D180210647104104D
:1071F000183C04100000CD01010000000000000058
:1072000000000002B51702107C7104101F0301007A
:1072100001000000D03204101C7204104C2904102C
:1072200037000000060000002C720410BA000000B5
:107230002A110000AA15000084720410B21E00007A
:107240007C7204101A1000007472041012110000F5
:10725000687204109A1200005C720410B02E0410C0
:1072600004000200F7190210B02E0410FFFF030003
:107270002D1A0210F82E0410511B0210F82E0410C3
:10728000051C0210B02E041004000200111C021094
:10729000D0320410987204104C290410170000001A
:1072A00002000000A8720410BA000000AA12000038
:1072B00072100000B8720410183C041000000E0296
:1072C000010000000000000000000002391D021053
:1072D000D47204104C2904101700000002000000B2
:1072E000E4720410F213000000730410E2120000B4
:1072F000F4720410B02E0410060004002D1D0210BC
:10730000B02E041006000400331D0210D032041009
:10731000147304104C2904103701000026000000EB
:1073200024730410BA0000008A1E0000821D0000B1
:1073300088740410BA1C00007C74041062100000F1
:1073400064740410BA11000054740410AA110000EF
:107350005C740410020D000005000000AA0C00007F
:1073600001000000DA07000003000000EA0E000040
:1073700001000000B20E000001000000E20B00005E
:10738000010000109A0E000001000020CA0B00004E
:1073900001000030A20E000001000040D20B0000EE
:1073A00001000050AA0E000001000060DA0B00008E
:1073B00001000070C207000001000080AA07000061
:1073C00001000090B2070000010000A09A07000031
:1073D000010000B0BA070000010000C0A2070000D1
:1073E000010000D0D207000023000000CA070000FF
:1073F0002D000000EA080000010000E0F208000093
:10740000010000F00A0E000001000030DA0E00005A
:1074100001000020C20B000001000050920E00008D
:1074200001000040B20C000001000050BA0E000044
:1074300001000040BA0C000001000070C20E000004
:1074400001000060920D0000010000408A0700006A
:1074500001000080E02E04102D1E0210E02E04100A
:107460000F1E0210F82E0410F91D02104262486827
:10747000496951712D2D2D2D2D2D6664B02E0410CE
:107480000400020089210210183C04100000B0031F
:10749000010200050003040006000000451F021061
:1074A000E11E02103D2502100D220210891F02105C
:1074B000E9210210000000006410B71DC8206E3BD7
:1074C000AC30D9269041DC76F4516B6B5861B24DEB
:1074D0003C7105502083B8ED44930FF0E8A3D6D655
:1074E0008CB361CBB0C2649BD4D2D38678E20AA0BD
:1074F0001CF2BDBD10111200080709060A050B0495
:107500000C030D020E010F00180001002000020004
:107510002800030030000400381005004010070068
:107520004820090050200D00593011006930190021
:1075300079402100894031009A504100BA506100E1
:10754000DA608100FA60C1001B7101015B71810189
:107550009B810102DB8101031C9201049C920106C4
:107560001CA301089CA3010C1DB401101DB501183A
:107570001DC601201DC7013010D8014000D0016098
:10758000D0320410887504104C2904103700000014
:107590000600000098750410BA000000FA120000FE
:1075A00032080000C87504109207000001000000B6
:1075B000CA0D0000030000003A0F000005000000A3
:1075C000920B000007000000183C041000000601A8
:1075D000010000000000000000020003CD250210A1
:1075E00028760410E87504104C29041037000000B8
:1075F00006000000F8750410EA030000BC5A0410ED
:10760000F20300008C5A0410FA030000745A0410AC
:107610003A020000645A041062000000E0250410E1
:107620006A000000585A0410D52D02100000000016
:107630006D26021000000000D032041040760410C5
:107640004C290410270000000400000050760410AC
:10765000BA00000062150000821C000008770410C8
:107660007A1C0000BC760410F2170000707604103B
:10767000183C04100000FE020100000000000000A1
:10768000000000023B3002108C7604104C290410DC
:1076900017000000020000009C760410FA040000AD
:1076A000B476041062130000AC760410F82E0410B7
:1076B0007B300210E02E041011300210183C041030
:1076C00000008F0301000000000000000000000225
:1076D000A12F0210D87604104C29041017000000C6
:1076E00002000000E8760410FA040000007704109D
:1076F00062130000F8760410F82E0410E12F021037
:10770000E02E0410772F0210183C041000009003A4
:10771000010000000000000000000002032F021022
:10772000247704104C290410170000000200000008
:1077300034770410FA0400004C7704106213000040
:1077400044770410F82E04104D2F0210E02E041080
:10775000D92E0210D03204105C7704104C2904108A
:1077600027000000040000006C770410BA0000003D
:10777000921500008A1500009C7704108215000005
:10778000947704107A1500008C770410F82E0410FA
:107790006B310210F82E041089310210E02E041013
:1077A000C53102108A03030206000000D032041023
:1077B000B47704104C2904102F00000005000000CD
:1077C000C4770410BA000000EA160000921300000B
:1077D000087804109A130000FC7704105A17000070
:1077E000F477041062170000EC770410F82E0410F0
:1077F00001360210F82E0410B5320210B02E04101B
:10780000FFFF0300A9320210B02E0410FFFF050095
:10781000AF320210D03204101C7804104C2904102E
:10782000B7000000160000002C780410BA00000019
:1078300042190000AA1D000078790410AA1E000059
:10784000EC780410021F0000DC7804105A040000D9
:1078500032000000FA110000D47E0410121500005E
:10786000CC7E041052170000B47E04105A18000099
:10787000AC7E041002040000A47E0410721B000001
:107880009C7E0410B21B0000947E0410D21E0000E7
:10789000A47E04102A1D00008C7E0410421D0000EE
:1078A000847E0410A2130000387E0410AA13000086
:1078B000E4780410DA150000C07E0410A21800005D
:1078C000F07E0410A21E0000E87E0410F20E0000FC
:1078D000FC7E0410FA0E0000C8810410F82E04107B
:1078E00075360210F82E0410A1360210102F041065
:1078F0003D360210A826041005000000547904103B
:107900004479041034790410247904101479041093
:1079100064790410143B0410000000001E000000F5
:1079200080020410143B0410000000004500000019
:1079300017000410143B0410000000000E000000AB
:107940005D000410143B0410000000000300000060
:107950000FE70310143B04100000000003000000B8
:107960000FE70310B7030000200300006B030000C3
:10797000E5030000F7020000102F04104536021046
:10798000D0320410887904104C290410270000001C
:107990000400000098790410BA000000C219000029
:1079A000C2190000CC790410721A0000C4790410C6
:1079B0003A170000B8790410B02E0410FFFF010040
:1079C000E1360210102F0410D9360210B02E041028
:1079D000FFFF0100D1360210843B041002000000BA
:1079E000F8790410E8790410143B0410000000003A
:1079F00005000000A9000410143B04100000000062
:107A0000060000006C000410143B0410000000008D
:107A10000A00000073000410143B04100000000072
:107A2000300000007E000410D0320410307A0410C0
:107A30004C2904104F00000009000000407A041097
:107A4000BA0000009A1A00008A000000887A041028
:107A50001A150000C87A0410321C0000BC7A041009
:107A6000A21A0000B07A0410921A0000A87A04103A
:107A700002120000A07A04109A1A0000987A0410EA
:107A8000BA1E0000907A0410102F0410F138021072
:107A9000E02E041063370210102F04100D3902106D
:107AA000F82E0410BD380210E02E0410AD3702107D
:107AB000B02E041006000200D9370210B02E0410B8
:107AC0000200000049380210F82E04108938021014
:107AD000D0320410D87A04104C2904102F00000072
:107AE00005000000E87A0410BA000000CA1A00007D
:107AF00042120000107B0410CA170000707B0410B3
:107B00002A1C0000647B04108A1D00004C7B0410BA
:107B1000B02E041004000200D53E02104C290410BF
:107B200027000000040000002C7B0410CA1700008E
:107B3000707B04102A1C0000647B04108A0400007F
:107B4000587B04108A1D00004C7B0410B02E0410DA
:107B50000A000600A5420210B02E04100600040020
:107B6000C1410210B02E041008000400B7410210F9
:107B7000B02E041008000400AD410210183C04109F
:107B80000000F902000100000000000000000002F7
:107B90009D3A0210987B04104C2904102F0000001D
:107BA00005000000A87B041042150000FC7B0410B7
:107BB0004A150000F47B0410F21C0000E87B04105E
:107BC00092040000DC7B041072020000D07B0410E1
:107BD000B02E0410040002008B3A0210B02E0410E4
:107BE000040002007B3A0210B02E041004000200D0
:107BF000653A0210F82E04108D390210E02E0410A0
:107C000049390210183C041000005903000100001B
:107C10000000000000000002A93A02101C7B0410C2
:107C2000D0320410287C04104C2904103F000000BE
:107C300007000000387C0410BA000000421C00005D
:107C4000421C0000007D0410DA190000707C041052
:107C5000820D0000030000008A0D000009000000F2
:107C6000720D0000110000007A0D000021000000DC
:107C7000102F04106D450210183C041080003B03C7
:107C8000000000000000000100000002594802103E
:107C9000947C04104C2904102F0000000500000003
:107CA000A47C0410421B0000F47C0410F21E0000AF
:107CB000EC7C041082180000E47C0410DA19000047
:107CC000D87C041072160000CC7C0410B02E041076
:107CD0000600020033480210B02E04100400020017
:107CE000D3470210C82E04103F450210E02E0410A6
:107CF00071440210B02E0410060004001545021055
:107D0000B02E04100800060051460210D0320410B4
:107D1000147D04104C290410770000000E000000B0
:107D2000247D0410BA000000221E0000321500005D
:107D3000EC7D04106A170000EC7D04106A18000046
:107D4000E47D0410221E0000DC7D04102A1E0000C9
:107D5000D47D0410C21C0000CC7D0410CA1C00009D
:107D6000C47D0410D21C0000BC7D0410121E000053
:107D7000B47D04101A1E0000AC7D0410021E000029
:107D8000A47D0410FA1D0000947D04100A1E00005A
:107D90009C7D0410E02E0410754A0210E02E0410A1
:107DA000CD480210102F0410C9480210102F0410E3
:107DB000B1480210102F04104D4A0210F82E041082
:107DC0003B4A0210F82E0410294A0210F82E041023
:107DD000014A0210102F0410DD490210102F041068
:107DE000EB490210F82E041069490210B02E04105D
:107DF00002000000E7480210D0320410007E041098
:107E00004C2904102F00000005000000107E041013
:107E1000BA0000003A1F0000A2180000F07E041013
:107E2000A21E0000E87E0410F20E0000FC7E04108A
:107E3000FA0E0000C8810410B02E041004000200E5
:107E4000B14A02108C020301060000000E03030079
:107E5000821A000031020200FFFFFFFF7D020300D3
:107E60000600000001000301000000000100030102
:107E700000000000640303020E0000000C03030274
:107E80000E000000F82E041035520210F82E0410D7
:107E9000F5510210F82E0410DB510210E02E0410F0
:107EA000AD510210F82E041095510210F82E041056
:107EB00059510210B02E0410020000002951021086
:107EC000B02E041002000000C5500210102F041044
:107ED000594D0210F82E041081500210B02E0410DB
:107EE000FFFF010055500210F82E0410C14C021083
:107EF000B02E0410FFFF0100B94E0210183C041010
:107F00000000DE010100000000000000000200038C
:107F1000795802101C7F0410207F0410695502104C
:107F20004C2904106F0000000D000000307F041089
:107F300062180000F47F0410B20300000C800410EB
:107F4000DA150000E87F04105A180000C87F0410FA
:107F5000B21B0000D87F0410FA110000C07F04108B
:107F600012150000B87F041002040000E07F041026
:107F7000721B0000D07F04102A1D0000B07F041087
:107F8000421D0000A87F0410A2180000A07F04106A
:107F9000A21E0000987F0410F82E0410AB540210AB
:107FA000C82E0410B1540210E02E04100D5502101A
:107FB000E02E041091550210F82E041011570210F3
:107FC000E02E041039570210E02E04106157021001
:107FD000C82E0410B1560210E02E04100B570210E8
:107FE000E02E041005570210B02E04100400020009
:107FF00089570210D03B0410FC7F0410F82E0410A7
:10800000D55802100304050000010000C82E04101A
:10801000F15A0210183C04108001CE01000100004A
:108020000000000000020003D15A02103480041046
:1080300074800410AD5A02107D5A0210155A0210B5
:1080400001000000183C041080011F010001000025
:108050000000000000020003D15A021064800410E6
:1080600074800410AD5A02107D5A0210155A021085
:10807000000000004C290410670000000C00000004
:1080800084800410EA030000BC5A0410F2030000CC
:108090008C5A0410FA030000745A04101A1B0000D2
:1080A0006C5A041022050000A45A0410AA140000FF
:1080B0003C5A04103A020000645A04103A1C0000B2
:1080C0004C5A0410DA1D0000445A04107A0F0000C4
:1080D000645A041062000000E02504106A000000E9
:1080E000585A0410000505100202160D11161E1331
:1080F00013130505050C1816183C04108001CE0159
:10810000000100000000000000020003515D0210A9
:108110001881041058810410775D0210AD5D0210C3
:10812000F15D021001000000183C041080011F01E5
:10813000000100000000000000020003515D021079
:108140004881041058810410775D0210AD5D021063
:10815000F15D0210000000004C29041067000000CF
:108160000C00000068810410EA030000BC5A0410EF
:10817000F20300008C5A0410FA030000745A041031
:108180001A1B00006C5A041022050000A45A0410A7
:10819000AA1400003C5A04103A020000645A041069
:1081A0003A1C00004C5A0410DA1D0000445A041016
:1081B0007A0F0000645A041062000000E0250410E9
:1081C0006A000000585A0410183C04100000DF0137
:1081D000010000000000000000020003A55F021083
:1081E000E8810410EC810410056302104C2904108E
:1081F0006F0000000D000000FC81041062180000F8
:10820000C8820410B2030000C0820410DA15000016
:10821000B48204105A18000094820410B21B0000AB
:10822000A4820410FA1100008C82041012150000C0
:108230008482041002040000AC820410721B00004F
:108240009C8204102A1D00007C820410421D000044
:1082500074820410A21800006C820410A21E000098
:1082600064820410F82E0410C35B0210C82E0410A0
:10827000CF5B0210E02E0410E55B0210E02E04102C
:1082800049600210F82E0410495C0210E02E041020
:1082900083610210E02E04106F620210C82E0410D9
:1082A00001610210E02E04107F610210E02E041024
:1082B0005F610210B02E04100400020091620210EF
:1082C000C82E041045630210D03B0410D082041065
:1082D000B02E0410FFFF0100655F021001000301D2
:1082E00000000000650302022000000041030202BA
:1082F00020000000F3020202200000001A03010225
:1083000001000000FFFFFFFFFFFFFFFFFFFFFFFF78
:10831000FFFFFFFF0100000001000000000000005F
:108320006410B71DC8206E3BAC30D9269041DC7676
:10833000F4516B6B5861B24D3C7105502083B8ED20
:1083400044930FF0E8A3D6D68CB361CBB0C2649B44
:10835000D4D2D38678E20AA01CF2BDBD010004008D
:1083600010004000000100020000010002000400B3
:108370000800100020000000809A45418E418F8047
:108380004545454949498E8F9092924F994F555591
:1083900059999A9B9C9D9E9F41494F55A5A5A6A77B
:1083A000A8A9AAABACADAEAFB0B1B2B3B4B5B6B7D5
:1083B000B8B9BABBBCBDBEBFC0C1C2C3C4C5C6C7C5
:1083C000C8C9CACBCCCDCECFD0D1D2D3D4D5D6D7B5
:1083D000D8D9DADBDCDDDEDFE0E1E2E3E4E5E6E7A5
:1083E000E8E9EAEBECEDEEEFF0F1F2F3F4F5F6F795
:1083F000F8F9FAFBFCFDFEFF01030507090E101258
:108400001416181C1E007D1D0100632C001E960111
:10841000A01E5A01001F0806101F0606201F08068E
:10842000301F0806401F0606511F0700591F521F24
:108430005B1F541F5D1F561F5F1F601F0806701FC4
:108440000E00BA1FBB1FC81FC91FCA1FCB1FDA1FD0
:10845000DB1FF81FF91FEA1FEB1FFA1FFB1F801F0E
:108460000806901F0806A01F0806B01F0400B81FCA
:10847000B91FB21FBC1FCC1F0100C31FD01F0206B3
:10848000E01F0206E51F0100EC1FF31F0100FC1FA7
:108490004E2101003221702110028421010083212C
:1084A000D0241A05302C2F04602C0201672C060101
:1084B000752C0201802C6401002D260841FF1A034F
:1084C000000061001A03E0001703F8000703FF0033
:1084D000010078010001300132010601390110016B
:1084E0004A012E017901060180014D0043028101FC
:1084F000820182018401840186018701870189014B
:108500008A018B018B018D018E018F0190019101F8
:10851000910193019401F601960197019801980148
:108520003D029B019C019D0120029F01A001A00131
:10853000A201A201A401A401A601A701A701A9010A
:10854000AA01AB01AC01AC01AE01AF01AF01B101B9
:10855000B201B301B301B501B501B701B801B8016A
:10856000BA01BB01BC01BC01BE01F701C001C101E0
:10857000C201C301C401C501C401C701C801C701CB
:10858000CA01CB01CA01CD011001DD0101008E013C
:10859000DE011201F3010300F101F401F401F8011D
:1085A0002801220212013A020900652C3B023B021B
:1085B0003D02662C3F0240024102410246020A018E
:1085C0005302400081018601550289018A01580247
:1085D0008F015A0290015C025D025E025F0293010C
:1085E00061026202940164026502660267029701F9
:1085F00096016A02622C6C026D026E029C0170028E
:1086000071029D01730274029F0176027702780263
:1086100079027A027B027C02642C7E027F02A60130
:1086200081028202A9018402850286028702AE01CC
:108630004402B101B20145028D028E028F02900206
:108640009102B7017B030300FD03FE03FF03AC03AC
:1086500004008603880389038A03B1031103C2035C
:108660000200A303A303C4030803CC0303008C0389
:108670008E038F03D8031801F2030A00F903F303F2
:10868000F403F503F603F703F703F903FA03FA0318
:108690003004200350041007600422018A043601CC
:1086A000C1040E01CF040100C004D00444016105DF
:1086B00026040000C700FC00E900E200E400E0003E
:1086C000E500E700EA00EB00E800EF00EE00EC0058
:1086D000C400C500C900E600C600F400F600F200C0
:1086E000FB00F900FF00D600DC00A200A300A500FB
:1086F000A7209201E100ED00F300FA00F100D100A3
:10870000AA00BA00BF001023AC00BD00BC00A1004D
:10871000AB00BB00912592259325022524256125D8
:108720006225562555256325512557255D255C2550
:108730005B251025142534252C251C2500253C25DA
:108740005E255F255A255425692566256025502517
:108750006C256725682564256525592558255225EA
:1087600053256B256A2518250C25882584258C25FD
:1087700090258025B103DF009303C003A303C30347
:10878000B500C403A6039803A903B4031E22C603BD
:10879000B50329226122B10065226422202321230E
:1087A000F7004822B0001922B7001A227F20B20039
:1087B000A025A000183C04100000CF02000001001A
:1087C00000000000000000026BC70210D0870410F8
:1087D0004C2904101700000002000000E08704107C
:1087E0008A140000FC8704105A1E0000F087041051
:1087F000B02E04100400020091C60210F82E0410DE
:108800007DC60210AA02030006000000CB0302008E
:1088100000000000AB020100000000005200000058
:10882000183C041080011F0100010000000000003E
:1088300000020003C9CD021040880410988804107B
:108840008BCD021083CD021069CD02100000000014
:10885000688804100200000068880410010000000D
:108860006888041000000000183C04108001CE014C
:10887000000100000000000000020003C9CD02104A
:108880008888041098880410E9CD0210A5CD021044
:1088900069CD0210010000004C2904104F000000B7
:1088A00009000000A888041082110000F08804105C
:1088B000EA030000BC5A0410F20300008C5A0410B2
:1088C000FA030000745A04101A1B00006C5A0410BA
:1088D00022050000A45A04103A020000E02504100A
:1088E00062000000E02504106A000000585A0410DD
:1088F00020880410000000001F1E1F1E1F1F1E1FC7
:108900001E1F1F1D00001F003B005A00780097002B
:10891000B500D400F300110130014E016D010902D0
:108920004B00020100807D080B00020202000009DA
:1089300004000001020200040524002001052401B6
:10894000000104240206052406000107058103082E
:10895000000109040100020A0000000705020240AC
:1089600000000705820240000012010002EF020130
:10897000408A2E05000001010203010000000000F2
:1089800035D3021000000000DDD3021069D60210BA
:1089900015D402106DD3021000000000000000008A
:1089A000060008040C020A060E0109050D030B0758
:1089B0000F000000E02E041051DA021057656C63BE
:1089C0006F6D6520746F204D6963726F50797468A4
:1089D0006F6E210A0A466F72206F6E6C696E652099
:1089E000646F637320706C65617365207669736969
:1089F0007420687474703A2F2F646F63732E6D69DE
:108A000063726F707974686F6E2E6F72672F0A0AC7
:108A1000466F722061636365737320746F2074689E
:108A20006520686172647761726520757365207472
:108A3000686520276D616368696E6527206D6F64C6
:108A4000756C652E20205250322073706563696604
:108A5000696320636F6D6D616E64730A6172652076
:108A6000696E20746865202772703227206D6F64EC
:108A7000756C652E0A0A517569636B206F76657295
:108A800076696577206F6620736F6D65206F626A07
:108A9000656374733A0A20206D616368696E652EA0
:108AA00050696E2870696E29202D2D20676574200D
:108AB000612070696E2C206567206D616368696E46
:108AC000652E50696E2830290A20206D616368691F
:108AD0006E652E50696E2870696E2C206D2C205B9F
:108AE000705D29202D2D2067657420612070696ECE
:108AF00020616E6420636F6E6669677572652069B8
:108B00007420666F7220494F206D6F6465206D2C54
:108B10002070756C6C206D6F646520700A202020B9
:108B2000206D6574686F64733A20696E6974282ECD
:108B30002E292C2076616C7565285B765D292C20AA
:108B40006869676828292C206C6F7728292C206990
:108B500072712868616E646C6572290A20206D61EB
:108B60006368696E652E4144432870696E29202D23
:108B70002D206D616B6520616E20616E616C6F6789
:108B8000206F626A6563742066726F6D2061207069
:108B9000696E0A202020206D6574686F64733A2026
:108BA000726561645F75313628290A20206D616322
:108BB00068696E652E50574D2870696E29202D2DDD
:108BC000206D616B6520612050574D206F626A6592
:108BD00063742066726F6D20612070696E0A2020B8
:108BE00020206D6574686F64733A206465696E69EE
:108BF0007428292C2066726571285B665D292C20FB
:108C0000647574795F753136285B645D292C206446
:108C10007574795F6E73285B645D290A20206D612D
:108C20006368696E652E49324328696429202D2DB9
:108C30002063726561746520616E20493243206F44
:108C4000626A656374202869643D302C31290A20EA
:108C50002020206D6574686F64733A2072656164CA
:108C600066726F6D28616464722C206275662C20B8
:108C700073746F703D54727565292C207772697416
:108C800065746F28616464722C206275662C207391
:108C9000746F703D54727565290A202020202020B1
:108CA000202020202020207265616466726F6D5F35
:108CB0006D656D28616464722C206D656D616464FE
:108CC000722C20617267292C207772697465746F29
:108CD0005F6D656D28616464722C206D656D6164E3
:108CE00064722C20617267290A20206D61636869B3
:108CF0006E652E5350492869642C20626175647238
:108D00006174653D3130303030303029202D2D20D8
:108D100063726561746520616E20535049206F62F3
:108D20006A656374202869643D302C31290A20204B
:108D300020206D6574686F64733A207265616428E1
:108D40006E62797465732C2077726974653D307832
:108D50003030292C20777269746528627566292C59
:108D60002077726974655F72656164696E746F28DB
:108D700077725F6275662C2072645F627566290A7D
:108D800020206D616368696E652E54696D65722877
:108D9000667265712C2063616C6C6261636B292063
:108DA0002D2D20637265617465206120736F667478
:108DB000776172652074696D6572206F626A6563A0
:108DC000740A2020202065673A206D616368696E0F
:108DD000652E54696D657228667265713D312C206F
:108DE00063616C6C6261636B3D6C616D6264612098
:108DF000743A7072696E74287429290A0A50696E6F
:108E00007320617265206E756D62657265642030D5
:108E10002D32392C20616E642032362D3239206893
:108E200061766520414443206361706162696C69C9
:108E3000746965730A50696E20494F206D6F6465CF
:108E400073206172653A2050696E2E494E2C205075
:108E5000696E2E4F55542C2050696E2E414C540A89
:108E600050696E2070756C6C206D6F646573206145
:108E700072653A2050696E2E50554C4C5F55502CFF
:108E80002050696E2E50554C4C5F444F574E0A0A85
:108E900055736566756C20636F6E74726F6C2063BA
:108EA0006F6D6D616E64733A0A20204354524C2DED
:108EB00043202D2D20696E74657272757074206167
:108EC0002072756E6E696E672070726F6772616D69
:108ED0000A20204354524C2D44202D2D206F6E200B
:108EE0006120626C616E6B206C696E652C20646F12
:108EF000206120736F6674207265736574206F66DD
:108F00002074686520626F6172640A2020435452A5
:108F10004C2D45202D2D206F6E206120626C616EDE
:108F20006B206C696E652C20656E746572207061B3
:108F3000737465206D6F64650A0A466F72206675EA
:108F400072746865722068656C70206F6E20612095
:108F50007370656369666963206F626A6563742C08
:108F600020747970652068656C70286F626A290AC0
:108F7000466F722061206C697374206F6620617681
:108F800061696C61626C65206D6F64756C65732CD2
:108F900020747970652068656C7028276D6F647522
:108FA0006C657327290A00005B00020001000000C5
:108FB00098020200801A06008003030206000000E7
:108FC0008303030206000000C703020250C300002F
:108FD000183C0410000074010102000000000000B1
:108FE0000003000499DC021089DD0210F48F0410E4
:108FF00044600410000000000000000000000000B9
:1090000000000000000000000000000079D80110FE
:10901000EDDD0210AA02030006000000CB030200EF
:109020000C000000AB0201000000000009E102108A
:109030004C2904100701000020000000409004109B
:1090400032160000709104101205000064910410A3
:10905000A21700005C910410B21500005491041096
:109060001A1900005C910410221900005491041098
:109070004A1E00004C9104107A1600004091041022
:1090800052110000CC91041092120000E4910410DF
:10909000BA0B0000010000002A0D000003000000D0
:1090A000220D00000500000012070000070000006C
:1090B000A20D0000030000009A0D00000500000052
:1090C0004A0C0000110000003A0C000009000000EA
:1090D00062070000030000006A07000005000000AE
:1090E00032070000070000005207000009000000DE
:1090F0005A0700000B0000003A0700000D000000B6
:10910000420700000F0000004A07000011000000A5
:1091100022070000130000007A070000150000007D
:109120002A07000001000000820700001300000071
:109130001A0700001300000072070000170000006B
:10914000B02E0410FFFF030061E60210F82E041099
:10915000ADDF0210F82E04104DDF0210F82E0410BF
:10916000EDDE0210B02E041004000200E9E102104E
:10917000B02E0410FFFF0300FDE302100E030300F6
:10918000060000004903030006000000A2000302DD
:10919000060000001302020205000000183C041043
:1091A0000000B701010203000000000000040005F8
:1091B000DDE5021039E4021081E102102C90041068
:1091C00030900410B1E002102DE00210183C0410A1
:1091D00000002A0200000000000000000000000162
:1091E000E09A0410183C0410000052020000000035
:1091F000000000000000000150990410183C041009
:109200000000B801000000000000000000000000A5
:10921000183C04100000BB01010000000000000029
:1092200000000002B1E702102C9204104C29041037
:109230000F000000010000003C920410D212000058
:1092400044920410B02E041004000200BFE6021085
:109250001092041023020202FFFFFFFF3A030202F2
:10926000FFFFFFFF35030202FFFFFFFF260202029E
:10927000FFFFFFFF90020202FFFFFFFF5B00020003
:10928000010000002302020040420F003A030202E4
:109290000000000035030202000000002602020266
:1092A0000800000090020202010000007F03030298
:1092B0000600000013030302060000000A03030275
:1092C000FFFFFFFF183C04100000C3010102000073
:1092D00000000000040300055DEA0210F9E7021037
:1092E000EC920410E5E702100C6604104DE8021041
:1092F0000000000009E902100E0302020100000054
:10930000390203020600000033030202FFFFFFFFE1
:10931000BE030202E80300009802030206000000F8
:10932000AB020102000000004C2904102F000000D5
:1093300005000000389304107A0F000060930410B9
:1093400032160000689304100A13000060930410A2
:109350001A0D0000010000004A0D0000030000008B
:10936000F82E0410E9EB0210B02E0410FFFF0300EA
:109370003DED0210183C04100000CF010102000076
:1093800000000000000000036DED021029EC021047
:10939000289304100600525053B4F4A11D05041084
:1093A0000600525053B4F4A1260504100A0052508E
:1093B00053B4F4A106004D5019D7994A350504104D
:1093C000060052503ABCA91144050410D0320410D2
:1093D000D49304104C2904103F0000000700000043
:1093E000E4930410BA000000BA1B00000209000058
:1093F00034940410520D00001C960410420E00001C
:109400003C95041022080000FC9704102A08000074
:1094100000990410621100001C940410102F041015
:1094200065EF021092000202FFFFFFFF6B000202D5
:10943000FFFFFFFF183C04100000200101000000A6
:109440000000000002000003F1F4021071F50210A8
:10945000549404104C2904101F0000000300000065
:1094600064940410EA1A000090940410A21F0000F3
:10947000849404106A1600007C940410C82E041012
:10948000EFF30210B02E04100800060047F402109B
:10949000B02E041008000600ADF4021007004D5075
:1094A00054030410000020100000E0000000000041
:1094B00003000000AA02030006000000CB03020024
:1094C00001000000AB02010000000000AA0203003E
:1094D00006000000CB030200000F0000AB020100F9
:1094E0000000000040030301000000009802020099
:1094F000FFFFFFFFBE020302060000002903030274
:10950000060000008B03030206000000DC020302D9
:10951000060000009203030206000000BF020302DF
:10952000060000002A030302060000004C030302A9
:10953000060000004A03030206000000183C041065
:109540000000C80101020000000000000300000448
:10955000E10103102DFA021071F60210609504105B
:109560004C2904104F000000090000007095041001
:10957000321600000896041042100000FC950410FA
:10958000921B0000F49504108A020000EC95041070
:10959000B2020000E09504106A1A0000D49504108D
:1095A000DA1B0000CC950410721E0000C495041054
:1095B0007A160000B8950410B02E0410FFFF0300C7
:1095C00061030310F82E041059F60210F82E04104F
:1095D0003DF60210B02E0410060004006DFA0210D1
:1095E000B02E0410060002000DFB0210E02E041045
:1095F000B9FB0210F82E04100DF60210B02E041064
:109600000400020033FC0210B02E0410FFFF030020
:10961000CD01031079F7021091F60210183C0410E6
:109620000000AA0101020000000000000000000389
:1096300039FA021015FA02103C9604104C29041055
:1096400097000000120000004C9604103A1500002C
:10965000E8960410521000000C9704106A1B0000DA
:10966000009704103A1D0000F49604107A160000CA
:10967000DC960410020C000001000000FA0B000050
:10968000030000003A0D000005000000320D00004C
:1096900007000000FA0D000001000000020E0000AB
:1096A000030000008A0C0000010000009A0C00007A
:1096B00003000000920C0000050000005A0C00009E
:1096C00001020000620C0000010400006A0C0000AE
:1096D00001080000720C000001100000B02E041000
:1096E000FFFF0300A1020310B02E041004000200CB
:1096F000CDF90210B02E0410FFFF05007D0103100C
:10970000B02E04100400020045FD0210E02E0410EB
:1097100081F802103DF70210E1F502103C950410AB
:10972000000020500F0000003C9504100000205065
:109730000F0101003C950410000020500F020200B0
:109740003C950410000020500F0303003C950410CA
:1097500000003050110004003C950410000030500F
:10976000110105003C950410000030501102060064
:109770003C95041000003050110307003C95041084
:1097800000004050130008003C95041000004050B9
:10979000130109003C9504100000405013020A0018
:1097A0003C9504100000405013030B007D000302A1
:1097B00000000000A4000302000000004A000302B1
:1097C000000000005602030200000000CB0301026B
:1097D00000000000AA02030006000000AB02010026
:1097E00000000000010003000000000098020302D6
:1097F000000000005603030200000000183C0410A3
:109800000000040101020000000300000000000449
:10981000AD08031039060310190A0310209804102C
:109820004C2904103F00000007000000309804108D
:1098300052120000A49804104210000098980410DE
:109840007A160000709804103A020000689804101C
:109850007A0F000068980410621900008C980410B8
:10986000E21E00007C980410F82E0410510B031027
:10987000B02E0410FFFF0300E5070310D03B0410D7
:1098800084980410F82E0410C5060310B02E04109E
:10989000FFFF030021070310B02E04100400020094
:1098A000950C0310B02E0410FFFF0300B10B031042
:1098B000150B03101D0903107A022000B7022100C6
:1098C00096034200C0022400C1022500C202260005
:1098D000C30227007503880074032C003D028D002D
:1098E000CA03D100D00237002E0238009C03390091
:1098F00033023A01F1033D005A033E000F023F01DB
:10990000183C0410000005010102000500030000DE
:109910000000000445060310290603106B0903101C
:1099200028990410450903104C2904101700000061
:1099300002000000389904103A020000489904100F
:109940007A0F000048990410F82E041055090310EE
:109950004C290410870100003000000060990410B9
:10996000FA090000D09B0410020A0000DC9B0410DE
:109970005A0A0000E89B0410B20A0000F49B04108D
:109980000A0B0000009C0410520B00000C9C0410F9
:109990005A0B0000189C0410620B0000249C041059
:1099A0006A0B0000309C0410720B00003C9C0410F9
:1099B0000A0A0000489C0410120A0000549C04107B
:1099C0001A0A0000609C0410220A00006C9C04101B
:1099D0002A0A0000789C0410320A0000849C0410BB
:1099E0003A0A0000909C0410420A00009C9C04105B
:1099F0004A0A0000A89C0410520A0000B49C0410FB
:109A0000620A0000C09C04106A0A0000CC9C04108A
:109A1000720A0000D89C04107A0A0000E49C04102A
:109A2000820A0000F09C04108A0A0000FC9C0410CA
:109A3000920A0000089D04109A0A0000149D041068
:109A4000A20A0000209D0410AA0A00002C9D041008
:109A5000BA0A0000389D0410C20A0000449D041098
:109A6000CA0A0000509D0410D20A00005C9D041038
:109A7000DA0A0000689D0410E20A0000749D0410D8
:109A8000EA0A0000809D0410F20A00008C9D041078
:109A9000FA0A0000989D0410020B0000A49D041017
:109AA000120B0000B09D04101A0B0000BC9D0410A6
:109AB000220B0000C89D04102A0B0000D49D041046
:109AC000320B0000E09D04103A0B0000EC9D0410E6
:109AD000420B0000F89D04104A0B0000049E041085
:109AE0004C290410E70000001C000000F09A04104C
:109AF0001A090000D09B041022090000DC9B04100E
:109B00007A090000E89B0410BA090000F49B0410D5
:109B1000C2090000009C0410CA0900000C9C04103B
:109B2000D2090000189C0410DA090000249C0410DB
:109B3000E2090000309C0410EA0900003C9C04107B
:109B40002A090000489C041032090000549C0410AB
:109B50003A090000609C0410420900006C9C04104B
:109B60004A090000789C041052090000849C0410EB
:109B70005A090000909C0410620900009C9C04108B
:109B80006A090000A89C041072090000B49C04102B
:109B900082090000C09C04108A090000CC9C0410BB
:109BA00092090000D89C04109A090000FC9C041043
:109BB000A20C0000FC9C0410A2090000089D0410E7
:109BC000AA090000149D0410B2090000209D041091
:109BD0009C9104103F01000AD8AC04109C91041021
:109BE0004001010A88AC04109C9104104B01020B47
:109BF00030AC04109C9104105601030BD8AB041038
:109C00009C9104106101040A88AB04109C9104101B
:109C10006A01050A38AB04109C9104106B01060A16
:109C2000E8AA04109C9104106C01070A98AA041079
:109C30009C9104106D01080A48AA04109C9104101C
:109C40006E01090900AA04109C91041041010A0A3E
:109C5000B0A904109C91041042010B0A60A90410E1
:109C60009C91041043010C0B08A904109C91041052
:109C700044010D0BB0A804109C91041045010E0C7A
:109C800050A804109C91041046010F0CF0A704107A
:109C90009C9104104701100AA0A704109C91041085
:109CA0004801110A50A704109C9104104901120B9D
:109CB000F8A604109C9104104A01130C98A60410F5
:109CC0009C9104104C01140A48A604109C910410A5
:109CD0004D01150AF8A504109C9104104E01160BB5
:109CE000A0A504109C9104104F01170B48A5041067
:109CF0009C9104105001180AF8A404109C910410BF
:109D00005101190AA8A404109C91041052011A0AC6
:109D100058A404109C91041053011B0A08A40410B9
:109D20009C91041054011C09C0A304109C910410C0
:109D300055011D0978A304109C91041057011E0AB7
:109D400028A304109C91041058011F0AD8A20410E3
:109D50009C9104105901200990A204109C910410B8
:109D60005A01210948A204109C9104105B01220AA7
:109D7000F8A104109C9104105C01230AA8A104100E
:109D80009C9104105D01240960A104109C910410B1
:109D90005E01250918A104109C9104105F01260A98
:109DA000C8A004109C9104106001270A78A0041038
:109DB0009C9104106201280930A004109C910410A9
:109DC00063012909E89F04109C91041064012A0A88
:109DD000989F04109C91041065012B0A489F041061
:109DE0009C91041066012C09009F04109C910410A2
:109DF00067012D09B89E04109C91041068012E0A79
:109E0000689E04109C91041069012F0B109E041091
:109E1000FC910410C3011101FC910410D001220037
:109E2000FC91041074013301FC910410B501440B42
:109E3000FC910410C2015500FC910410AB016600B6
:109E4000FC910410AC017701FC910410AD01880273
:109E5000FC910410E6019900FC910410D901AA00BC
:109E6000FC910410D101BB00FC910410C30111014D
:109E7000FC910410D0012200FC9104107401330104
:109E8000FC910410B501440BFC910410C201550073
:109E9000FC910410AB016600FC910410AC01770149
:109EA000FC910410AD018802FC910410D901AA00B4
:109EB000FC910410D101BB00FC910410C3011101FD
:109EC000FC910410D0012200FC91041074013300B5
:109ED000FC910410B501440AFC910410C201550024
:109EE000FC910410AB016600FC910410AC017701F9
:109EF000FC910410AD018802FC910410D901AA0064
:109F0000FC910410C3011101FC910410D001220046
:109F1000FC91041074013300FC910410B501440A53
:109F2000FC910410C2015500FC910410AB016600C5
:109F3000FC910410AC017701FC910410AD01880282
:109F4000FC910410D901AA00FC910410C301110175
:109F5000FC910410D0012201FC9104107401330122
:109F6000FC910410B5014409FC910410C201550094
:109F7000FC910410AB016600FC910410AC01770168
:109F8000FC910410AD018802FC910410D901AA00D3
:109F9000FC910410D101BB01FC910410C30111011B
:109FA000FC910410D0012201FC91041074013301D2
:109FB000FC910410B5014409FC910410C201550044
:109FC000FC910410AB016600FC910410AC01770118
:109FD000FC910410AD018802FC910410D901AA0083
:109FE000FC910410D101BB01FC910410C3011101CB
:109FF000FC910410D0012201FC9104107401330083
:10A00000FC910410B5014408FC910410C2015500F4
:10A01000FC910410AB016600FC910410AC017701C7
:10A02000FC910410AD018802FC910410D901AA0032
:10A03000FC910410C3011101FC910410D001220114
:10A04000FC91041074013300FC910410B501440824
:10A05000FC910410C2015500FC910410AB01660094
:10A06000FC910410AC017701FC910410AD01880251
:10A07000FC910410D901AA00FC910410C301110045
:10A08000FC910410D0012201FC91041074013301F1
:10A09000FC910410B501440BFC910410C201550061
:10A0A000FC910410AB016600FC910410AC01770137
:10A0B000FC910410AD018802FC910410D901AA00A2
:10A0C000FC910410D101BB01FC910410C3011100EB
:10A0D000FC910410D0012201FC91041074013301A1
:10A0E000FC910410B501440BFC910410C201550011
:10A0F000FC910410AB016600FC910410AC017701E7
:10A10000FC910410AD018802FC910410D901AA0051
:10A11000FC910410D101BB01FC910410C30111009A
:10A12000FC910410D0012201FC9104107401330051
:10A13000FC910410B501440AFC910410C2015500C1
:10A14000FC910410AB016600FC910410AC01770196
:10A15000FC910410AD018802FC910410D901AA0001
:10A16000FC910410C3011100FC910410D0012201E4
:10A17000FC91041074013300FC910410B501440AF1
:10A18000FC910410C2015500FC910410AB01660063
:10A19000FC910410AC017701FC910410AD01880220
:10A1A000FC910410D901AA00FC910410C301110014
:10A1B000FC910410D0012200FC91041074013301C1
:10A1C000FC910410B5014409FC910410C201550032
:10A1D000FC910410AB016600FC910410AC01770106
:10A1E000FC910410AD018802FC910410D901AA0071
:10A1F000FC910410D101BB00FC910410C3011100BB
:10A20000FC910410D0012200FC9104107401330170
:10A21000FC910410B5014409FC910410C2015500E1
:10A22000FC910410AB016600FC910410AC017701B5
:10A23000FC910410AD018802FC910410D901AA0020
:10A24000FC910410D101BB00FC910410C30111006A
:10A25000FC910410D0012200FC9104107401330021
:10A26000FC910410B5014408FC910410C201550092
:10A27000FC910410AB016600FC910410AC01770165
:10A28000FC910410AD018802FC910410D901AA00D0
:10A29000FC910410C3011100FC910410D0012200B4
:10A2A000FC91041074013300FC910410B5014408C2
:10A2B000FC910410C2015500FC910410AB01660032
:10A2C000FC910410AC017701FC910410AD018802EF
:10A2D000FC910410D901AA00FC910410C3011101E2
:10A2E000FC910410D0012200FC9104107401330190
:10A2F000FC910410B5014407FC910410C201550003
:10A30000FC910410AB016600FC910410AC017701D4
:10A31000FC910410AD018802FC910410D901AA003F
:10A32000FC910410D101BB00FC910410C301110188
:10A33000FC910410D0012200FC910410740133013F
:10A34000FC910410B5014407FC910410C2015500B2
:10A35000FC910410AB016600FC910410AC01770184
:10A36000FC910410AD018802FC910410D901AA00EF
:10A37000FC910410D101BB00FC910410C301110138
:10A38000FC910410D0012200FC91041074013300F0
:10A39000FC910410B5014406FC910410C201550063
:10A3A000FC910410AB016600FC910410AC01770134
:10A3B000FC910410AD018802FC910410D901AA009F
:10A3C000FC910410C3011101FC910410D001220082
:10A3D000FC91041074013300FC910410B501440693
:10A3E000FC910410C2015500FC910410AB01660001
:10A3F000FC910410AC017701FC910410AD018802BE
:10A40000FC910410D901AA00FC910410C3011101B0
:10A41000FC910410D0012201FC910410740133015D
:10A42000FC910410B5014405FC910410C2015500D3
:10A43000FC910410AB016600FC910410AC017701A3
:10A44000FC910410AD018802FC910410D901AA000E
:10A45000FC910410D101BB01FC910410C301110156
:10A46000FC910410D0012201FC910410740133010D
:10A47000FC910410B5014405FC910410C201550083
:10A48000FC910410AB016600FC910410AC01770153
:10A49000FC910410AD018802FC910410D901AA00BE
:10A4A000FC910410D101BB01FC910410C301110106
:10A4B000FC910410D0012201FC91041074013300BE
:10A4C000FC910410B5014404FC910410C201550034
:10A4D000FC910410AB016600FC910410AC01770103
:10A4E000FC910410AD018802FC9104103E0199001A
:10A4F000FC910410D901AA00FC910410C3011101C0
:10A50000FC910410D0012201FC910410740133006D
:10A51000FC910410B5014404FC910410C2015500E3
:10A52000FC910410AB016600FC910410AC017701B2
:10A53000FC910410AD018802FC9104103E019900C9
:10A54000FC910410D901AA00FC910410C301110070
:10A55000FC910410D0012201FC910410740133011C
:10A56000FC910410B5014403FC910410C201550094
:10A57000FC910410AB016600FC910410AC01770162
:10A58000FC910410AD018802FC9104103E01990079
:10A59000FC910410D901AA00FC910410D101BB0167
:10A5A000FC910410C3011100FC910410D0012201A0
:10A5B000FC91041074013301FC910410B5014403B3
:10A5C000FC910410C2015500FC910410AB0166001F
:10A5D000FC910410AC017701FC910410AD018802DC
:10A5E000FC9104103E019900FC910410D901AA00CD
:10A5F000FC910410D101BB01FC910410C3011100B6
:10A60000FC910410D0012201FC910410740133006C
:10A61000FC910410B5014402FC910410C2015500E4
:10A62000FC910410AB016600FC910410AC017701B1
:10A63000FC910410AD018802FC9104103E019900C8
:10A64000FC910410D901AA00FC910410C30111006F
:10A65000FC910410D0012201FC910410740133001C
:10A66000FC910410B5014402FC910410C201550094
:10A67000FC910410AB016600FC910410AC01770161
:10A68000FC910410AD018802FC9104103E01990078
:10A69000FC910410D901AA00FC9104107301000080
:10A6A000FC910410C3011100FC910410D0012200A0
:10A6B000FC91041074013301FC910410B5014401B4
:10A6C000FC910410C2015500FC910410AB0166001E
:10A6D000FC910410AC017701FC910410AD018802DB
:10A6E000FC910410E6019900FC910410D901AA0024
:10A6F000FC910410D101BB00FC9104107301000017
:10A70000FC910410C3011100FC910410D00122003F
:10A71000FC91041074013301FC910410B501440153
:10A72000FC910410C2015500FC910410AB016600BD
:10A73000FC910410AC017701FC910410AD0188027A
:10A74000FC910410D901AA00FC910410D101BB00B6
:10A75000FC91041073010000FC910410C30111006E
:10A76000FC910410D0012200FC910410740133000C
:10A77000FC910410B5014400FC910410C201550085
:10A78000FC910410AB016600FC910410AC01770150
:10A79000FC910410AD018802FC910410D901AA00BB
:10A7A000FC91041073010000FC910410C30111001E
:10A7B000FC910410D0012200FC91041074013300BC
:10A7C000FC910410B5014400FC910410C201550035
:10A7D000FC910410AB016600FC910410AC01770100
:10A7E000FC910410AD018802FC910410D901AA006B
:10A7F000FC91041073010000FC910410C3011101CD
:10A80000FC910410D0012200FC910410740133016A
:10A81000FC910410B5014407FC910410C2015500DD
:10A82000FC910410AB016600FC910410AC017701AF
:10A83000FC910410AD018802FC9104103E019900C6
:10A84000FC910410D901AA00FC910410D101BB00B5
:10A85000FC91041073010000FC910410C30111016C
:10A86000FC910410D0012200FC910410740133010A
:10A87000FC910410B5014407FC910410C20155007D
:10A88000FC910410AB016600FC910410AC0177014F
:10A89000FC910410AD018802FC9104103E01990066
:10A8A000FC910410D901AA00FC910410D101BB0055
:10A8B000FC91041073010000FC910410C30111010C
:10A8C000FC910410D0012200FC91041074013300AB
:10A8D000FC910410B5014406FC910410C20155001E
:10A8E000FC910410AB016600FC910410AC017701EF
:10A8F000FC910410AD018802FC9104103E01990006
:10A90000FC910410D901AA00FC910410730100000D
:10A91000FC910410C3011101FC910410D00122002C
:10A92000FC91041074013300FC910410B50144063D
:10A93000FC910410C2015500FC910410AB016600AB
:10A94000FC910410AC017701FC910410AD01880268
:10A95000FC9104103E019900FC910410D901AA0059
:10A96000FC910410C3011101FC910410D0012201DB
:10A97000FC91041074013301FC910410B5014405ED
:10A98000FC910410C2015500FC910410AB0166005B
:10A99000FC910410AC017701FC910410AD01880218
:10A9A000FC910410D901AA00FC910410D101BB0153
:10A9B000FC910410C3011101FC910410D00122018B
:10A9C000FC91041074013301FC910410B50144059D
:10A9D000FC910410C2015500FC910410AB0166000B
:10A9E000FC910410AC017701FC910410AD018802C8
:10A9F000FC910410D901AA00FC910410D101BB0103
:10AA0000FC910410C3011101FC910410D00122013A
:10AA1000FC91041074013300FC910410B50144044E
:10AA2000FC910410C2015500FC910410AB016600BA
:10AA3000FC910410AC017701FC910410AD01880277
:10AA4000FC910410D901AA00FC910410C30111016A
:10AA5000FC910410D0012201FC9104107401330018
:10AA6000FC910410B5014404FC910410C20155008E
:10AA7000FC910410AB016600FC910410AC0177015D
:10AA8000FC910410AD018802FC910410E6019900CC
:10AA9000FC910410D901AA00FC910410C30111001B
:10AAA000FC910410D0012201FC91041074013301C7
:10AAB000FC910410B5014403FC910410C20155003F
:10AAC000FC910410AB016600FC910410AC0177010D
:10AAD000FC910410AD018802FC910410D901AA0078
:10AAE000FC910410D101BB01FC910410C3011100C1
:10AAF000FC910410D0012201FC9104107401330177
:10AB0000FC910410B5014403FC910410C2015500EE
:10AB1000FC910410AB016600FC910410AC017701BC
:10AB2000FC910410AD018802FC910410D901AA0027
:10AB3000FC910410D101BB01FC910410C301110070
:10AB4000FC910410D0012201FC9104107401330027
:10AB5000FC910410B5014402FC910410C20155009F
:10AB6000FC910410AB016600FC910410AC0177016C
:10AB7000FC910410AD018802FC91041000019903BE
:10AB8000FC910410D901AA00FC910410C30111002A
:10AB9000FC910410D0012201FC91041074013300D7
:10ABA000FC910410B5014402FC910410C20155004F
:10ABB000FC910410AB016600FC910410AC0177011C
:10ABC000FC910410AD018802FC910410000199026F
:10ABD000FC910410D901AA00FC910410C3011100DA
:10ABE000FC910410D0012200FC9104107401330187
:10ABF000FC910410B5014401FC910410C201550000
:10AC0000FC910410AB016600FC910410AC017701CB
:10AC1000FC910410AD018802FC910410000199011F
:10AC2000FC910410D901AA00FC910410D101BB00D1
:10AC3000FC910410C3011100FC910410D00122000A
:10AC4000FC91041074013301FC910410B50144011E
:10AC5000FC910410C2015500FC910410AB01660088
:10AC6000FC910410AC017701FC910410AD01880245
:10AC7000FC91041000019900FC910410D901AA0074
:10AC8000FC910410D101BB00FC910410C301110020
:10AC9000FC910410D0012200FC91041074013300D7
:10ACA000FC910410B5014400FC910410C201550050
:10ACB000FC910410AB016600FC910410AC0177011B
:10ACC000FC910410AD018802FC9104100001990070
:10ACD000FC910410D901AA00FC910410C3011100D9
:10ACE000FC910410D0012200FC9104107401330087
:10ACF000FC910410B5014400FC910410C201550000
:10AD0000FC910410AB016600FC910410AC017701CA
:10AD1000FC910410AD018802FC910410E601990039
:10AD2000FC910410D901AA0006004D5019D7994A88
:10AD30002D06041006004D5019D7994A3606041006
:10AD400006004D5019D7994A3A06041006004D5096
:10AD500019D7994A06E7031006004D5019D7994AAA
:10AD60004206041006004D5019D7994A4B060410AC
:10AD700006004D5019D7994A5A06041006004D5046
:10AD800019D7994A6706041006004D5019D7994AF9
:10AD90007506041006004D5019D7994A8306041011
:10ADA00006004D5019D7994AF1E6031006004D50A0
:10ADB00019D7994A9006041006004D5019D7994AA0
:10ADC0009A06041006004D5019D7994A0FE7031050
:10ADD000E4CE04104CCE0410C8CD0410D0CC041026
:10ADE00018C504103CC3041004C0041078BE04103D
:10ADF00098B8041054B8041064B504102CB30410AF
:10AE000014B10410C4AE04107270322E7079005F59
:10AE1000626F6F742E7079005F626F6F745F66612E
:10AE2000742E7079006173796E63696F2F5F5F694B
:10AE30006E69745F5F2E7079006173796E63696FFC
:10AE40002F636F72652E7079006173796E63696F1D
:10AE50002F6576656E742E7079006173796E636903
:10AE60006F2F66756E63732E7079006173796E63F0
:10AE7000696F2F6C6F636B2E7079006173796E63ED
:10AE8000696F2F73747265616D2E707900756173CF
:10AE9000796E63696F2E7079006F6E657769726580
:10AEA0002E707900647331387832302E70790064F6
:10AEB00068742E7079006E656F706978656C2E709D
:10AEC0007900000024AF0410D0AE04106CAF041061
:10AED0000CAF0410F4AE0410DCAE0410843B04107C
:10AEE0000400000041060000490D0000810C000034
:10AEF00009070000843B0410040000002103000047
:10AF0000A50600004106000085030000843B0410F4
:10AF10000400000003000000010000000500000024
:10AF200007000000870407002702F7020904FC035A
:10AF300011009C04860445042F02C602A501CF041B
:10AF400014001C000A040F008D02A400A7001E04B8
:10AF5000170016001A008900400061005E007404AA
:10AF6000D2049D007C006B00050000000000020080
:10AF7000F3B0041078AF04107CAF0410000002009E
:10AF8000C5B0041088AF041080B0041078B004106D
:10AF90004BB00410F4AF0410B5AF0410A0AF041010
:10AFA000290413191202B0130780B0130DB0130A4D
:10AFB0003404595163620612191EB0130AC21221D9
:10AFC000B0130A3401C3B01309C4B480425D57C53D
:10AFD000B1B555C6B01310B555C74248B6B2B7564D
:10AFE000B7B4E5C7B7B3D7433381E5585AD7431E43
:10AFF000595951630000020026B0041000B004103B
:10B0000004B00410DB40081422222253B253534BE5
:10B0100013C32500130A250125001310B355F2555B
:10B020006759422B516332860111191D0002B12567
:10B03000001309F42702121FB0B2200002122025CB
:10B0400000130934015E340134016353080F191DE4
:10B050001EB1B01309F4C3B0130980425257C1B2F4
:10B06000B155B0130AB3B01310B155F25681E5587B
:10B070005AD743295959516309040E19B01308636B
:10B08000B984010C06190708090DB1B01807B2B050
:10B090001808B3B01809121AB2B3F43401B0180A80
:10B0A000B01307140BB1130C360159121BB4121C48
:10B0B0003402444BB444442301424223024241B48B
:10B0C000B0180D5163080204111616171004161853
:10B0D0002300161083812A0253330016063201160C
:10B0E0000E3202160F3203161132041612320516F2
:10B0F0001351631002018010022A011B031C021667
:10B100000259543200100434021604100516155169
:10B110006300000034B1041020B1041070B10410B9
:10B12000421300004A2200002CB10410F42D041038
:10B13000CDCCCC3D59040700B603F70268023803B2
:10B1400093006104A204A1040004FE03FF03FC03B6
:10B1500011009C042F0283047304CD045900F401F0
:10B160001E04170016001A00890040002400000089
:10B17000000002009FB204107CB1041030B2041031
:10B18000F0B1041088B1041000000200DAB104101C
:10B1900094B10410C5B104109CB104102104131A19
:10B1A000B01310825522807FEF88F0B013108355C2
:10B1B000ED2302F4C1B013108255228100EF444305
:10B1C000B1D1C1B1631904121AB01310805588F0BF
:10B1D000B013108155ED2302F46300020C11171611
:10B1E00018100C1619320016123201161351630092
:10B1F0000000020018B20410FCB104100EB20410DA
:10B2000004B204101104131AB01310825563110410
:10B21000121AB0131080556300020B111716181084
:10B220000B1619320016123201161351630000007A
:10B23000000002008AB204103CB2041077B204107D
:10B2400044B204102104111AB01310C11204B01337
:10B250000FB1340259B18055B18155F2B18255F226
:10B26000B18355F222817FEFB18455DC4447121C33
:10B27000230134016551631A060E1A0FB1B0180F7D
:10B28000121B853401B01810516300020A11171601
:10B2900018100A16193200160E32011611516318D1
:10B2A000020180511B02160280511B031603111468
:10B2B000110323003402444E8010042A011B031C96
:10B2C00004160459427D11021305140610073601B5
:10B2D000444E8010042A011B071C041604594263C3
:10B2E000110213051008D9444E8010042A011B09CD
:10B2F0001C04160459424C11151102130534011394
:10B300000416041903543200100A3402160A543287
:10B3100001100B110A3403160B543202100C110ADF
:10B320003403160C100D1616516300005CB30410A4
:10B3300038B30410A0B3041054B3041040B3041085
:10B34000843B0410030000002100000045000000C1
:10B3500051000000F42D04100000803E5D04070041
:10B36000480073000104FC03110098042F027D03C0
:10B370004D046F03F5031104A504B3047E005402C9
:10B38000FD03E104A400A604A9001E041700160092
:10B390001A00890025034000AC04240005000000C9
:10B3A0000000020045B50410ACB30410B0B30410A3
:10B3B0000000020020B50410BCB304100DB5041049
:10B3C000D4B40410ADB4041069B404103BB4041038
:10B3D000D4B304103A06151B1EB0140EB13601C2C8
:10B3E000B1805590D94472B281554456B28055818E
:10B3F000F1228100EDC3B3D281F222817FEFD1C36C
:10B400004246B2805581F1C3B32300F3B28755B2EF
:10B410008655F3B28755F7F263B2815588F0B28052
:10B4200055EDC3B322828000EF444AB32283FF7FED
:10B43000EE81F2D1C3B390F76351632B08131B1E47
:10B4400008B01307140B52360159B01307140FB18B
:10B45000360159B01307140C22804E360159B0132F
:10B46000071414B2360159516322060E1B1EB01385
:10B4700007140B52360159B01307140FB136015996
:10B48000B01307140C22813E360159B01307141073
:10B49000B01308360159B013071411B01308360160
:10B4A0004447121F1012340165B013086319040ACF
:10B4B0001BB01307140B52360159B01307140CB00C
:10B4C0001307130D360159B01307140C22804436AC
:10B4D0000159516300000200FDB40410E0B40410EF
:10B4E000E4B40410410416202B00B05F4B0EC1B130
:10B4F00080552301DD4435B12F144230631904090E
:10B500001B3200B01307140936003401631A060613
:10B510001B1CB1B01807121D893401B01808516303
:10B52000000204111816191004161A3200160632F9
:10B530000116093202160A3203160E3204161332AD
:10B5400005161551631002018010022A011B031C0D
:10B550000216025954320010043402160410051663
:10B560001751630084B5041070B50410D8B50410E9
:10B5700074B50410843B04100200000006000000B3
:10B580000100000092040700FF010C040B04FC03FF
:10B5900011009C04C602A401B4016F035C035E03A6
:10B5A0007E00F303F503A400B30408047D032D0417
:10B5B00010045402270424001E04170016001A0069
:10B5C00011048900AA042F026B00A200AC047E04BF
:10B5D0005A044000590200000000020031B8041073
:10B5E000E4B5041024B80410ECB504100000020007
:10B5F000D4B70410F8B50410BBB70410A0B70410FA
:10B6000092B7041084B704105EB704104EB704104C
:10B610003EB7041025B7041008B70410CFB60410C5
:10B6200035B6041028B604102206171F2812181465
:10B6300017B13601637308151F2526B0140B3600A9
:10B640004343230063B01410B01316360159B143BD
:10B65000461227883401C11227883401C380C422CE
:10B660008040C58042DC8057C680C78042C7805773
:10B67000C8B0140C3600C9B0140C36004448B944A4
:10B6800043230063425AB94357B2B5D8434EB1B6CB
:10B690005581B8F0EF4449B2B5DC444481C9B5C422
:10B6A000B0140FB9360159B94446B781B8F0E0C7B4
:10B6B000B581E6C581E55788D743B37F59B7B3B69F
:10B6C0005681E55788D7439E7F59B3B42A02634910
:10B6D00004141F2B00C1228041C250C380425F5717
:10B6E000C4B01415B3B236023002C3C2B34446B17B
:10B6F000B32B01E5C1B280D94442424981E55722CA
:10B70000817FD7431A59B1632206121F24B0140B4C
:10B71000360059B01410B01313360159B01411B1DA
:10B7200036015951635206111F21B15F4B0EC212EF
:10B73000181410B01307B2360259423051632A066A
:10B74000101F2312181410B01307B13602632A0613
:10B750000F1F231218140FB01307B13602633A06F5
:10B760000E1F211222B1340180425057C212181408
:10B770000DB013073601B1B25681E5585AD7432BA5
:10B780005959516319040D1F1218140DB0130736BF
:10B79000016319040C1F1218140CB013073601634F
:10B7A000AA01060B1F201218140BB013073601C292
:10B7B000B14446B24343120365B2632A06061F072B
:10B7C000B1B01807B013071408B11309B1130A3642
:10B7D00002595163080204111B161C1004161D2285
:10B7E00081701616228055161322814C161E3200C7
:10B7F0001606502A01533301160B3202160C32037F
:10B80000160D3204160E3205160F320616103207C8
:10B8100016113208161232091614320A1615320B96
:10B8200016175163000203111B161C1003161D513D
:10B830006318020180511B021618543200100311C4
:10B84000193403160354320110043402160410058F
:10B85000161A516360B80410000000006CB80410A0
:10B86000D00407000E0034043B045700000002001F
:10B870008CB8041078B804107CB8041021040204B9
:10B8800080511B03C11205B1B034026300020132C2
:10B890000016025163000000A8B80410A4B80410F8
:10B8A0004CB904106C3704103A0407004E04010030
:10B8B00018041604D50432043F0440049304110113
:10B8C0008302C10470041204B8044B04C3041504B9
:10B8D0000F04DE04B4045B042604A404C504B90404
:10B8E000130414044304800451042E04CB0499036C
:10B8F00003013A02C804A4005C041100B2047802F7
:10B9000096046F0447007D00A3047E00A7047F0017
:10B91000E801E901A6033104B504B6033F039B0423
:10B9200019041A04170016001A007204A00430004B
:10B930004804410489002F022303C90408036B0053
:10B94000D2048604220064046304CC0400000200D4
:10B950001BBE041058B9041014BC041067BB0410BB
:10B9600038BA0410ABB904106CB90410B8C4010A99
:10B970002646474849B280DC4345B37FDC445A122F
:10B980004AB13401C1B37FD94446124BB13401C32B
:10B99000B1B2B2B3F22E0255C1B01427B13601597B
:10B9A000B0142836005E516859516381D6010C1AD3
:10B9B000444142451280511B0DC5B5140EB1B2363B
:10B9C000028055C6B5140DB680553601C7B71410A0
:10B9D00050360159B7141BB5131CB5131D8136031E
:10B9E00059B7141EB67F55360159B7141FB3360127
:10B9F0005912053400C812021420B81421B7B0B48B
:10BA000036033601B81822480D120214238036017D
:10BA10005E5168594A1D5712021324DF4454C94924
:10BA20000AB813221425360059B96551C928095D91
:10BA30004A015DB8630000000000020046BB04102C
:10BA400044BA04103FBB041026BB041014BB0410FE
:10BA500006BB041058BA0410F8460A21462A4412BC
:10BA600050B01836480D120213181430B136016761
:10BA7000594A235712021324DF445AC44910B114FF
:10BA80002E360059B0133644425163B4655151C447
:10BA900028045D4A015D480BB1143736003002C5F9
:10BAA000C64A065940DA80015DB344764810B314A3
:10BAB00015B5103852101750368401C54A24571254
:10BAC00043DF445DC7491312021339143AB73601F4
:10BAD00059B5142E36005940680251C728075D4AEF
:10BAE000015DB51410503601591204B52C01B61081
:10BAF0003B623402C812021420B2B8B834023601D4
:10BB00005942E07E51639140040646B013225E51D3
:10BB10006859516311042E4652B01836B0132214DE
:10BB2000253600595163A8440A35464F5051B01488
:10BB30002E360059B0140636005E5168595163899B
:10BB400040043446B063000205113E163F1005164E
:10BB50004032001634320116353202162E320316E8
:10BB60000632041621516388D6010A0A4142121690
:10BB700080100B2A011B0C1C0BC45980511B0DC5D6
:10BB8000B5140EB0B180B5130F36048055C6B51488
:10BB90000DB68055B68155B682553603C7B7141019
:10BBA00050360159480BB71411B67F553601594A22
:10BBB0001B571243DF4454C8490AB8130CB4DC4481
:10BBC00042B8655151C828085D4A015DB2446DB262
:10BBD00052DE444E80511B12C9B91413B9131436E6
:10BBE00001C2B34342B0C3B21415B71016B3101755
:10BBF00050368401C7B71410503601591204B734B7
:10BC000001CA120213181419B736016759BABA2AB1
:10BC10000263000000000200DDBD041020BC04101F
:10BC2000C7BD0410BCBD0410B6BD0410A7BD0410F0
:10BC30006ABD04104EBD04100CBD0410D4BC041029
:10BC40009EBC041048BC0410C140042846B0132C0C
:10BC5000434B120214238036015E516863124AB0CE
:10BC6000132C3401C180C24265120213181419B09A
:10BC7000132A36016759B0132A1427B1B2512E0284
:10BC8000553601C3B351DED34444B2B3E5C2B21258
:10BC90004BB13401D743122300B0182C51632A064C
:10BCA000274647B0132C4361B0132A1427B136013D
:10BCB000C2B2124BB13401D944425163B251DED306
:10BCC0004447B1B2512E0255C1B057132CB1E55AB9
:10BCD000182C5163A9400433462300C112021318E3
:10BCE0001430B0132A36016759B0132A14333600C2
:10BCF000C2B251DE44424250B1B2E5C1B24447B192
:10BD00007F558AD94442B16342125163B240063230
:10BD1000464D2300C24272120213181430B0132A87
:10BD200036016759B0132A142FB13601C3B351DE5F
:10BD3000D34456124BB334014343124E65B2B3E5BC
:10BD4000C2B1124BB33401E6C1B1430BB263A2409E
:10BD500006314647120213181430B0132A36016711
:10BD600059B0132A1431B1360163B241062F464D42
:10BD70002300C2120213181430B0132A3601675977
:10BD8000B0132A142FB13601C3B351DED34454B1DA
:10BD900080DB4442B363124BB334014342B263B21B
:10BDA000B3E5C2420E51639140040646B0132A1413
:10BDB0002E360059516309042E4651631A062D464A
:10BDC0004CB0132BB15563A3010829462A2BB1B0FF
:10BDD000182AB2B0182B2300B0182C5163080204A3
:10BDE000113E163F100416402C002A015333001652
:10BDF000293201162D3202162E320316067F2A0131
:10BE0000533304162F320516313206163232071616
:10BE100033320816273209162851631002018110A7
:10BE2000022A011B031C021602595432001004346A
:10BE30000216041104163C1104163D51512A0253F6
:10BE40003301160A54320210053402160585512AB0
:10BE500002533303161A807F2A0253330416261125
:10BE600004130611041807112611041808112611CD
:10BE7000041809516300000088BE041084BE041039
:10BE8000C4BE041032200000390407004E04010033
:10BE900005041100A603CD01DA04EF026B033103A0
:10BEA000780001024B030702580259020301E8011E
:10BEB000E901170016001A008900320064046304C7
:10BEC000CC04000000000200E7BF0410D0BE041044
:10BED000D4BE041000000200C2BF0410E0BE041073
:10BEE000AFBF0410A5BF04106CBF041014BF041032
:10BEF00006BF0410F8BE0410A8440A14181A1B1C2C
:10BF0000B0140A3600639140041318B0140F3600C1
:10BF10005E516863B942040F18B0130680DC44C553
:10BF200080B01308140E12021310360159B0130812
:10BF300012021310181148055167594A2957120265
:10BF40001312DF4460C14916B0130612021310D950
:10BF5000444A81B01806B0140A360059B16551C17F
:10BF600028015D4A015D81B01806526319040A1860
:10BF7000B0130681DC444712192300340165B01365
:10BF800008140B36004458B01308140C3600B018CF
:10BF9000061202130D140EB01306360159424480E6
:10BFA000B01806516311040918B0130681D9631142
:10BFB00004051880B01806120214073600B01808DD
:10BFC00051630002041115161610041617320016DC
:10BFD00005320116093202160A3203160F32041610
:10BFE000133205161451631002018110022A011B3D
:10BFF000031C021602595432001004340216045174
:10C000006300000014C0041010C004106CC00410C1
:10C010003A220000380407004E04010098031D0472
:10C02000AB042C0459023A020301D6042B04510438
:10C030005802A2003D001C04D70499036C04A60317
:10C040008000710201024B03A900D9043E042100C3
:10C05000C703170016001A0094006B00610033003C
:10C0600032005E00CA040500600400000000020007
:10C0700004C3041078C00410C2C204104BC20410E0
:10C080003BC2041010C204108CC004100000020156
:10C09000F7C0041098C00410B7C00410A0C004106A
:10C0A00049041A292B00B05F4B0CC11202140CB1C9
:10C0B00036012F14423263B9040C17292929282A82
:10C0C000250213081205DED3444251632500434E76
:10C0D0001224B4122534024345B42701424C2501F1
:10C0E00081E62701250144425163120213181419F5
:10C0F00025023601595163F0CA80C04085011406FB
:10C10000000708B0B7B8200003C23201B13401C340
:10C110008027071223B334018042C48057C4B3B4CC
:10C1200055131552DE444EB2B3B455181525078188
:10C13000E527074269B3B4551315435B1224B3B422
:10C1400055130812253402434C250043481223B3EB
:10C150003401D1270742471226230034016581E5C7
:10C16000585AD743B67F59591202130E270850C5A3
:10C17000250780D844661205250818084805516728
:10C18000594A19571202130ADF4450C6490652C5CC
:10C19000B627075151C628065D4A015D1223B33404
:10C1A000018042DA8057C4B3B4551315B2DE44534C
:10C1B00052B3B4551815B54448B3B45514093600F4
:10C1C00059427A1224B3B455130812253402444C50
:10C1D000B3B4551308130FB3B45642612500444A53
:10C1E000B3B4551308B3B45642531224250712278B
:10C1F00034024449B3B45513082707424081E55837
:10C200005AD743A07F595925074443250765B3638F
:10C210000000020026C204101CC2041020C2041038
:10C22000090416285163080205111F16201005166F
:10C2300021112232003401161651632A06121C1EE7
:10C24000120BB0B112021313340363DB43080B1C4F
:10C250001E041202140CB03601C0B151DE4445B0C8
:10C260005E5168631202140D12071202130EB034ED
:10C27000023601C3480AB2B134015E5168594A32EC
:10C28000571202130ADF4469C4491FB4130FC5B51E
:10C2900051DE4448B31409360059B465B552DE4442
:10C2A00046B41310815563B5655151C428045D4AE5
:10C2B000015DB31409360059B35E51685912021377
:10C2C0001165D24206071B1C4809B15E5168C25273
:10C2D000C34A1657121DDF444FC4490551C2B4C3A7
:10C2E0005151C428045D4A015DB0130851DE445227
:10C2F000B014093600444B1202140AB3B23602B02D
:10C30000180851631802018110022A011B031C0244
:10C3100016025932001607110213042A0153330181
:10C32000160B32021612543203100534021605534E
:10C330002C005010066233041614516348C30410D5
:10C340000000000088C30410370407004E040100F9
:10C350000204CC021B0481011100A603CD01DA0402
:10C360007B048C0001024B03780031034600D404A7
:10C3700058025902CD022604A30426001700160015
:10C380001A008900A904910200000200DBC4041015
:10C3900094C304102CC404109CC3041000000200B9
:10C3A00008C40410A8C30410FEC30410EBC3041097
:10C3B000E1C30410D7C30410BCC304109940041394
:10C3C0001DB01309434B120213171418B03601673E
:10C3D0005980B0180951631104121D80B018095119
:10C3E0006311040D1D81B0180951632308161D1E29
:10C3F0001FB183D94446B01309B2F4637F631104BB
:10C40000081D80B018095163000206111A161B108E
:10C4100006161C32001608320116163202160D32AC
:10C4200003161232041613516300000000000200CC
:10C43000BAC4041038C40410A7C404109FC4041064
:10C440007AC4041070C404104CC40410994004133E
:10C450001DB013094358B0130B140F1202131436F6
:10C460000159B0130B120213141815516759526376
:10C470001104121D50B01809516321040D1D4250C2
:10C480001202130E140FB0130B141036003601599C
:10C49000B0130B14113600432752B0180951630929
:10C4A000040C1DB01309631104081D50B0180912C3
:10C4B00002140A3600B0180B5163000204111A1658
:10C4C0001B1004161C320016083201160C3202161C
:10C4D0000D320316123204161351632C020181101F
:10C4E000022A011B031C02160259543200100434A4
:10C4F000021604481580511B05160554320110061A
:10C5000011051307340316064A0A571119DF44436D
:10C51000594A015D5163000040C5041024C5041050
:10C5200018C6041030C50410822200004A240000FE
:10C53000143B0410CD0000001F000000A0060410F2
:10C5400036040700C203C103BF03C403B603880354
:10C55000CD01CC01FB01CB0403011C048404650460
:10C560006A041704040407049903A60398032B0420
:10C5700051048A004B03B004310334037200D80421
:10C58000780059024D029B004604A200AE0430041C
:10C590006D04520488041100630413001900FA01A9
:10C5A0003B039F0423046803B001B101100322047C
:10C5B000DE03A304A4048000CE02AF04960047006B
:10C5C000B60425046E0454048C02A9036B044F04C2
:10C5D0003F03CE0421002400240458022F04170036
:10C5E00016001A00CA04BA04FB025E003E04610091
:10C5F000590036005800010282043300260443002B
:10C60000B104DB0432008900B20475045B005E04EF
:10C61000AA0281044C047B0000000200F4CB041049
:10C6200024C60410E7CB0410DACB041068CB041046
:10C630004ECB04103CCB041058C9041042C904105E
:10C640001AC90410C0C70410B2C70410ACC7041044
:10C6500090C6041085C6041072C6041060C604108B
:10C6600000022A12083400175B12123400175E12FF
:10C670001363080229124D51DE444712622302342B
:10C680000165124D639280010628606112136300F8
:10C690000000020078C704109CC604106EC7041086
:10C6A00054C7041046C704102EC7041029C704102D
:10C6B0001EC7041016C70410D6C60410C0C6041046
:10C6C0001904246A1213134145041213134312135D
:10C6D000B03402595163420643696A126BB1100EBD
:10C6E0005510441206134534820159126B1046B19D
:10C6F0001010551047B11010551322104412061394
:10C70000453482045912061448B1100F551206130D
:10C71000453602595163000242121313416311045A
:10C720004068B012131841516300023F5163100278
:10C730003E124E51DED3444C125B141A124E360197
:10C740005951174E516319041B56121B1217B0345E
:10C750000134016310023D120912273400125A34C9
:10C76000003402174E121B124E340159516311044A
:10C7700018221218B0340163000213114F16501022
:10C78000131651511641320016183201163D32026D
:10C79000161B3203163E3204163F3205164032068F
:10C7A000164232071643320816245163804002278E
:10C7B000516319042622121B1218B034013401638C
:10C7C000F103041B5C120C124B2A02C1120C125D05
:10C7D0002A02C281C3427E7FC3125B141C3600C48E
:10C7E000B444531254801203B4131D12493400345C
:10C7F000023402C34257125E131E435151174DB00B
:10C800004445B013154342516383C34240125E1442
:10C810001FB3360159B380D843BC7F125B14203656
:10C8200000C4B4174D4822B41321C5B5434BB4130B
:10C8300022141951360159424D51B41821B4132212
:10C840001423B53601594ACC0157B1DF44C581C61E
:10C8500049BA01B4B0DEC7B7445D51174D1257B69F
:10C86000125D3402434650B41815B665B413155121
:10C87000DE444450B41815B4131544E480B41315C1
:10C8800052DE444CB7444350424151B418154278EB
:10C89000125FB4131534014450B41415B4B6360203
:10C8A0005950B4181552C7425F4250125B141AB463
:10C8B00013151420360036015952C7B41315141C31
:10C8C0003600432750B41815B743501257B6B23448
:10C8D000024348125B141AB4360159B6B418214207
:10C8E00062B4131551DE445BB5B41821B5124C1077
:10C8F0000F56B4124C10105612131424124C360159
:10C90000594240B4B0DE4444B61325635151C628A1
:10C91000065D4A015D42BB7D516321041822125815
:10C92000B01019340243471259230134016512092A
:10C93000B0125A34003402C1125B141AB1360159D4
:10C94000B163190417561257B0120934024442B0A9
:10C95000631218B0340163000000020013CB04100E
:10C9600064C90410FFCA041096CA04107BCA0410DC
:10C970006CCA04105DCA04101CCA041080C90410DB
:10C9800062061F6367B01331143CB136015F4B89F7
:10C99000013002C2C3B0131E1266B2340155C4B3D3
:10C9A00012071335D2EF4456B4805551DED3444EAE
:10C9B000125B141AB4805536015951B48056B31223
:10C9C000071334D2EF4456B4815551DED3444E128E
:10C9D0005B141AB4815536015951B48156B480554F
:10C9E00051DE4450B4815551DE4449B01437B2365B
:10C9F00001594263B4805551DE444FB013311436AF
:10CA0000B212071335360259424DB013311436B203
:10CA10001207133436025942F47E51636A063B63AF
:10CA20000B51C2B0131E5F4B1FC3B0131EB3553062
:10CA300003C4C5C6B4B1DE4345B5B1DE4448B6C291
:10CA4000595959594242421FB251DED34449B01498
:10CA500037B636015942424242420651632A063AEB
:10CA60006364B01432B18136025951632A063963C6
:10CA700064B01432B18036025951632206376364C0
:10CA8000B0131E1266B13401535B56B01331143823
:10CA9000B136015951634B08326364651266B13493
:10CAA00001B0131EDDD3446F5151B12B03C3124D9E
:10CAB000B3B256B3B0131E1266B1340156B013317F
:10CAC0001433B1B280D944461207133442441207DA
:10CAD00013353602594261B0131E1266B134015546
:10CAE000C4124DB4B256B013311436B11207133418
:10CAF00012071335ED360259B0124D18215163114A
:10CB0000042B63120714303600B018312C00B01813
:10CB10001E5163000212114F1650101216513200AE
:10CB2000162B32011632320216373203163932040E
:10CB3000163A3205163B3206161F5163210416526F
:10CB400012141255B0228768F43401340163B20123
:10CB500006145253120412493400125480B03402A5
:10CB60003402B11815B1630000000200C1CB0410FB
:10CB700074CB0410B0CB0410AACB041080CB0410EB
:10CB800021042E63B0131551DED34452125B141AE4
:10CB9000124DB0131536025951B01815516351B0EA
:10CBA000132C182FB0132C65516309042D63B06347
:10CBB00011042B6351B01815125D3400B0182C51BC
:10CBC00063000211114F1650101116513200162B2E
:10CBD0003201162D3202162E516300020D114F162E
:10CBE00050100D1651516300020C114F1650100CCD
:10CBF000165151632C0201801002100310042A0305
:10CC00001B051C0216491C0316031C04160459803C
:10CC1000511B06160680511B071607481480100882
:10CC200010092A021B0A1C0816081C091609594A71
:10CC3000165981100810092A021B0B1C0816081C23
:10CC4000091609594A015D543200100C114A340387
:10CC5000160C543201100D114B3403160D2C032306
:10CC600000100E6251100F6251101062164C5432B7
:10CC700002101134021611111134002A015333032A
:10CC800016143204161654320510123402161232DB
:10CC900006161732071618512A01533308161B328D
:10CCA000091626320A162751174D51174E54320BCA
:10CCB00010133402161380802A0253330C162832C4
:10CCC0000D1629320E162A112A340059516300001C
:10CCD0000CCD0410DCCC041038CD0410F8CC0410BA
:10CCE000BA260000DA2000009A2400002A2600005C
:10CCF000CA200000D2200000843B04100300000082
:10CD000007000000010000000100000035040700DA
:10CD100005004E046904D6046C0462040204EE02A9
:10CD20000504C7040E0056001E041F043B04200027
:10CD30005700F40158000000000002007BCD0410F1
:10CD400044CD041048CD041049040C10120F140DEA
:10CD5000B0513602C1B151DE44461211B034016502
:10CD600012121213B1121434005152813405B0342E
:10CD700002C2B212143400B056B263100201811024
:10CD8000022A011B03692300160E2C0A1004100549
:10CD9000621004230162100410066210071008627A
:10CDA00010072302621009100A62100B230362109D
:10CDB0000B230462100B230562100B230662160F6F
:10CDC0003200160C51630000D4CD041000000000A6
:10CDD000EACD041021040700E703F70277032001DE
:10CDE0001403DE0106000C0342043C1201266C20F1
:10CDF0002822542B5480511B02160280511B03160B
:10CE00000380511B041604110414053600160A4849
:10CE1000131102140611021407110A360110083604
:10CE200002594A2059110213071409110A360159EF
:10CE30001102140611021407110A360110083602F5
:10CE4000594A015D1902190A5163000058CE0410B5
:10CE50000000000072CE041020040700E703F70270
:10CE600077032001DF0141030C0314030600420491
:10CE700068043C1401266C4028225331334B805106
:10CE80001B02160280511B03160380511B0416045B
:10CE9000110414053600160B481211021406110B6A
:10CEA0001007228200368201160C4A2559110213FE
:10CEB000061408110B100722820036820159110254
:10CEC0001406110B1007228200368201160C4A014B
:10CED0005D11021409110C100A3602591902190BBE
:10CEE000190C516380CF0410F0CE041064D00410EC
:10CEF0006CCF041038CF041028CF041014CF0410C6
:10CF0000B2220000EA250000FA2200008A26000072
:10CF1000D22300003C3004100A0000000200000090
:10CF200024CF041000000040143B04100D0000004A
:10CF30001F000000C0060410843B04100B0000001A
:10CF4000E22600000A190000EA230000A2260000E1
:10CF5000C2230000AA2400005A1A00004A1A000046
:10CF6000AA1800007A16000062040000843B041036
:10CF700003000000FA260000EA2600000217000065
:10CF8000AD04070005000002480073000E040D0404
:10CF900071049E04E204E5048F049D049A04C6040F
:10CFA0007C0494045100CB0283008D04E3048E04BE
:10CFB000E604E4049C048C048B04440477047604A3
:10CFC0004600A8049704B704BF04BC04BF01BF0215
:10CFD0002A033D043C044C034A0391016704A80062
:10CFE00033041B02BE04C004570499049004910446
:10CFF0007D044003110018027F040304E004C4040C
:10D00000DD040F005504BB048A04DF041F00E002A6
:10D010005400DC043C002103D404780495044B0341
:10D0200049031503CF028C005304F30149009F000C
:10D030002400290428042A04170016001A00AA0153
:10D04000790457006B00890061005E006900A2004E
:10D050004A043A03C2045C0059025804D30485040C
:10D06000660400000000020005D7041070D0041010
:10D07000F6D60410E8D10410DDD10410D3D1041089
:10D08000C9D104101CD104108CD00410F7012E312A
:10D0900060323390142524262C24244423262B4547
:10D0A000224826482D2712073400C3B1B31832B2E4
:10D0B00080DCB318339FB31332B31333F2F1B318D8
:10D0C0003481B3183580B3183680B318371259C479
:10D0D000125B5F4B0CC51261B3B53402B4B5564256
:10D0E0003251B410385649081212B0B434025951B2
:10D0F000125B5F4B08C5B4B5535B5642365D126296
:10D10000B313398055340181DC44471206230234BD
:10D110000165B3133980558055630000000002009B
:10D12000ADD1041028D104102CD10410762A540259
:10D130007080F7402426462228262C264C28442896
:10D14000452648B11355C2B214563600C3B2142056
:10D150003600594945B214571259360159125A5FCF
:10D160004B0DC412612500B43402B2B456423112E0
:10D170005B5F4B0DC412612500B43402B2B4564259
:10D18000312500143F80360159B13400592500146F
:10D190003F81360159B134005951B214203600593B
:10D1A000B21457B33601595D2500133963B080407E
:10D1B0000D3080F44A851902120753B08035820081
:10D1C0002702B2200001C1B16311082F0A80D9B033
:10D1D00090ED6311082F0A80C7B090ED6311082FFE
:10D1E0000A80C6B088ED63000000020026D6041055
:10D1F000F4D1041092D5041024D5041016D50410CF
:10D20000E6D404108DD4041077D4041051D4041043
:10D2100023D40410D0D30410C0D304109FD304101F
:10D220006BD3041034D30410F4D20410CAD2041007
:10D23000A0D204107FD2041058D2041040D204109F
:10D240003B0C53636D6C80B2B014492283C000B1B3
:10D2500085F0EDB2ED360163BB011252636F6B8056
:10D26000AC252222B251DE4444B1C280C1B014497F
:10D2700022838000B1228060EFEDB2ED3601633B86
:10D280001051636D6A80A72522B188D9444284C1B8
:10D29000B014492282C000B185F0EDB2ED360163D1
:10D2A000BB8001125063676E80A1242524B1B2E0D7
:10D2B000C1B181EF4344B1A0E0C1B01449228281E1
:10D2C00000B1228060EFED360163BB8001124F6335
:10D2D000676E809B242524B1B2E0C1B181EF434445
:10D2E000B1A0E0C1B0144922828000B1228060EF79
:10D2F000ED3601633B144E636D6C809425222F2C18
:10D30000B188D9444287C180B2575BD74604A0DABE
:10D3100042425A59434C120623081448B23601348B
:10D320000165B014492281C000B185F0EDB29FEFD4
:10D33000ED3601633B104D636A6C808F2F2C80B2F9
:10D34000575BD74604A0DA42425A59434C1206238F
:10D35000081448B23601340165B0144922818000B6
:10D36000B185F0EDB29FEFED360163C004164C635A
:10D37000696A6B808825242524B286D9444481C2F9
:10D380004249B280DC444482C24240B01449228007
:10D39000C000B187F0EDB285F0EDB3ED360163BBAF
:10D3A0000112386368478082252222B251DE44444C
:10D3B000B1C280C1B0144980B185F0EDB2360263CC
:10D3C00019084B63807FB014492282C04236016342
:10D3D000B3011C49636047807329272544282C2604
:10D3E0002DB057133681E55A1836B0133580D8441E
:10D3F00070B251DE444480C2425AB2B0133CDDD315
:10D40000444C120623071448B23601340165B013A8
:10D410003CB255C2B013398055144AB1B2ED360151
:10D4200059B0632A10476347806D27272CB0133506
:10D4300080D9445BB1B0133CDD444C120623061482
:10D4400048B13601340165B01336B0133CB15651C2
:10D4500063290C406380682830B01336434312467A
:10D4600065B01339845855B0133681F38CF0E05B06
:10D470005652B0183E5163290845638065B0133990
:10D48000845855B0133687F0E05B565163421A4317
:10D490006367805A2927272729272634B05713374F
:10D4A00081E55A1837B0133580D84478B0133280EC
:10D4B000D9444712061044340165B181B01332F0EB
:10D4C000DB4447120623053401658DB01332F3C2E5
:10D4D000B0133980557F5855B013338CF0B1B2F08A
:10D4E000EDE05B56B0633212426342805327272738
:10D4F0002EB0133580D8445CB1B01334D8444712F1
:10D50000062304340165B0133980557F5855B1881E
:10D51000F0E05B56B063220A4163668050B014426B
:10D52000B13601632A223F63358041262A2624250D
:10D530002A252B292B2424B181D944C780B0133E3E
:10D54000434BB013364446B014403600599FB018D0
:10D5500034B01332446EB01337B01336DCB0183326
:10D56000B013334454B013398458552303E05B5649
:10D57000B057133281E55A1832B0571334B0133212
:10D58000E45A1834B1B0183580B0183680B0183766
:10D590005163B998888048403A632223242527287C
:10D5A000292A2B2C2E80284B252420232626242490
:10D5B000244552442526294680103B2A011B3B1C4A
:10D5C0003BCC592C00B0183CB49DF0CDBB9EF0BABA
:10D5D0009FEF99F0EDB99FEF94F0EDB693F0EDB5B4
:10D5E00092F0EDB891F0EDB790F0EDCEBC103D3477
:10D5F000017F7F7FBDBEB1B2B32B09B0183950B0E7
:10D60000183EB351DE444680B0183242571264B31C
:10D6100012653402444681B0183242481262B33473
:10D6200001B01832516318540788177360202777A8
:10D63000408B1C840F648407840B6464406460889E
:10D640000C646860840764408407696069606440B2
:10D650006860115C165D1007165E532C0051102295
:10D6600062511023625110246250102562115F1321
:10D6700026102762115F132610286250102962506D
:10D68000102A62A0102B62A0102C62115F132D10C3
:10D690002E623300163A3201163F3202164132032F
:10D6A000164232041643320516453206164032073A
:10D6B0001647512A0153330816493209164B512A8D
:10D6C0000153330A1638320B164C320C164D320DFC
:10D6D000164E80802A0253330E164F80802A025342
:10D6E000330F165032101651512A0153331116526E
:10D6F0003212165351630006068813115C165D1032
:10D7000006165E5163185E0160288C0E6B20899F9F
:10D71000426420242424242424242424442545242D
:10D7200024242424244424242666202667204064BC
:10D730004040840D84208010022A011B0369801060
:10D74000042A011B051C041604595432001006114A
:10D7500058340316065432011007340216072C1AE7
:10D76000801008628010096281100A6282100B62C8
:10D7700083100C6284100D6285100E6285100F629A
:10D780008610106287101162881012623202101324
:10D7900062320310146281101562821016628310C7
:10D7A0001762841018628510196286101A62871039
:10D7B0001B6281101C62A1101D62228040101E623B
:10D7C000228040101F62228040102062320410210B
:10D7D0006216592300165A2301165B320516305083
:10D7E0002A0153330616315163000000F041041042
:10D7F000FC0300800A000000EB0000009BDC04102A
:10D80000B0DB0410E0060410E6060410F006041075
:10D81000F6060410FC060410040704100C0704109C
:10D82000A6E00310120704101A0704101F070410C3
:10D83000310704103607041040070410490704108C
:10D840004F07041057070410640704106F070410F3
:10D850007B0704108F0704109A070410A307041015
:10D86000AF070410BA070410C7070410D20704104A
:10D87000D9070410EC070410F30704100008041083
:10D880000D0804101C0804102908041031080410A5
:10D890003D080410DC04041044080410510804106E
:10D8A0005A08041063080410700804107D0804105E
:10D8B000870804108B0804109B080410A6080410A5
:10D8C000B8080410C9080410CE080410DA080410BF
:10D8D000E1080410EC080410F5080410FC0804101A
:10D8E00003090410F1E603100B0904101F090410CA
:10D8F0002F09041040090410510904106109041093
:10D9000096E90310730904107C09041085090410BA
:10D91000A90D041088090410920904109A09041032
:10D920009F090410C80B0410A4090410A8090410CE
:10D93000BF09041052EE0310CC090410DB090410D7
:10D94000750A041068080410E00904108B0604101E
:10D95000ED090410F3090410060A0410120A041059
:10D96000720E04101F0A0410390A04103F0A041032
:10D970004F0A0410590A04105E0A041084F20310BE
:10D98000650A04107D0A0410830A04108E0A04102C
:10D99000910A0410FD070410A40A04107D06041067
:10D9A000A80A0410AC0A0410DDEE0310620504108E
:10D9B000B50A0410BC0104106F060410BF0A04105D
:10D9C000C60A0410C5090410CE0A0410DD0A0410AA
:10D9D000F30A0410020B04100E0B0410130B0410B6
:10D9E000180B0410D7F30310210B0410250B04109F
:10D9F0002D0B0410340B0410E10B0410380B041031
:10DA00004D0B0410540B0410580B04105C0B041045
:10DA1000620B0410690B0410B60B0410700B041099
:10DA20007A0B0410820B0410D7EA031043D80310BA
:10DA30008A0B0410960B0410A50B0410BB0B0410EA
:10DA4000C60B0410CE0B0410D70B0410780E041074
:10DA500091D70310DD0B0410E70B0410F30B041037
:10DA6000FE0B04100E0C0410E3F10310120C041052
:10DA70001A0C041088080410230C0410290C04103C
:10DA80002C0C0410D3EC0310350C04103D0C0410C6
:10DA9000420C0410A9D20310490C04104D0C0410C0
:10DAA000550C0410600C04106C0C0410790C04105C
:10DAB000830C04108F0C0410E5EA0310930C04107F
:10DAC0009C0C0410D6080410AE0C0410CA080410F4
:10DAD000B50C0410C10C0410D40C0410F9F9031097
:10DAE000DD0C0410E80C0410F80C0410040D0410F4
:10DAF000660D04101A0D0410260D0410310D0410CB
:10DB0000A1D50310360D0410420D0410540D04105D
:10DB1000620D04106F0D0410450E04107B0D0410EF
:10DB20007F0D0410830D04108E0D04109B0D041046
:10DB300053060410A20D0410B00D041049D80310B0
:10DB40000D0A0410B30D0410B60D0410C20D04101C
:10DB5000C80D0410CF0D0410DB0D04103DD00310D0
:10DB6000EC0D04107CD20310F30D0410FF0D041013
:10DB7000080E0410140E0410220E0410290E0410B6
:10DB8000310E041042D703103B0E0410400E041057
:10DB90004C0E0410580E0410620E0410D0DE031058
:10DBA000700E0410760E04107C0E04107E0E04100D
:10DBB00005090505070705010704110409080507FC
:10DBC0000C0A0B130A080B0A0C0A0612060C0C0EA0
:10DBD0000C070B06080C08080C0C09030F0A11109F
:10DBE000040B060A0806060707130F10100F11048E
:10DBF00008080206090704040503160C020E0407B0
:10DC0000070C0405120B0C0319050F090406041771
:10DC1000050A0212020305030809010902050607A5
:10DC2000060E150E0B04040801030706030514066F
:10DC300003030506060409070703010B0E150A076F
:10DC400008050504090B0A0F03030708020502086B
:10DC5000030704060403070A0B0C090B030308114E
:10DC60000306030B1208010A0F0B15080B0A040424
:10DC70000B110D0C0B0603030A0C06060D02010422
:10DC8000020B05060B100106040B080B0D06070915
:10DC900004040B0B090D0105070105144F5DFD2858
:10DCA00001E9ED928EA719B9694B685079F4E1A4A6
:10DCB000CB320F21D6A039399C3656667C3F1AAB41
:10DCC000476AC02483D28217FEF852B3FBAD1025F9
:10DCD00085521345B77601206671B62F1433F9ECDF
:10DCE0006A7084ECC7E8B7E43023DBFA41BE092947
:10DCF000931E674150397B235AC8F975A69552B2D5
:10DD000063C9DBFCD2C31E5008013A8803BCC76E4E
:10DD100054257CCC503F793D970EC26D7226D0CCF5
:10DD200039FC1D6EE3CBAE89D3FD0D04B7B6DE3EE4
:10DD3000550FD8EB2B85CE7D6B1680F2BE41ED5C86
:10DD4000EE56791654E4C97E632CD4B5126CCCEF30
:10DD500025D6E25864A8426E389A7E8955C039E8C3
:10DD60006007E9CBBF71595AECD12893E9433517C5
:10DD70000DD33C8EE32ACB24F9EE872B51CB5FE900
:10DD80003BDD6031DCA1000001000000020000006A
:10DD90000400000008000000100000002000000047
:10DDA00040000000800000001B0000003600000062
:10DDB000F4A750514165537E17A4C31A275E963AC3
:10DDC000AB6BCB3B9D45F11FFA58ABACE303934BD8
:10DDD00030FA5520766DF6ADCC769188024C25F55B
:10DDE000E5D7FC4F2ACBD7C53544802662A38FB533
:10DDF000B15A49DEBA1B6725EA0E9845FEC0E15DBF
:10DE00002F7502C34CF012814697A38DD3F9C66BD0
:10DE10008F5FE703929C95156D7AEBBF5259DA95A7
:10DE2000BE832DD47421D358E0692949C9C8448ED2
:10DE3000C2896A758E7978F4583E6B99B971DD277D
:10DE4000E14FB6BE88AD17F020AC66C9CE3AB47DBE
:10DE5000DF4A18631A3182E551336097537F456278
:10DE60006477E0B16BAE84BB81A01CFE082B94F9F3
:10DE70004868587045FD198FDE6C87947BF8B7525F
:10DE800073D323AB4B02E2721F8F57E355AB2A6665
:10DE9000EB2807B2B5C2032FC57B9A863708A5D3F6
:10DEA0002887F230BFA5B223036ABA0216825CED5E
:10DEB000CF1C2B8A79B492A707F2F0F369E2A14E46
:10DEC000DAF4CD6505BED50634621FD1A6FE8AC43C
:10DED0002E539D34F355A0A28AE13205F6EB75A4CA
:10DEE00083EC390B60EFAA40719F065E6E1051BD46
:10DEF000218AF93EDD063D963E05AEDDE6BD464D86
:10DF0000548DB591C45D057106D46F045015FF6042
:10DF100098FB2419BDE997D64043CC89D99E7767F1
:10DF2000E842BDB0898B8807195B38E7C8EEDB791A
:10DF30007C0A47A1420FE97C841EC9F8000000005A
:10DF4000808683092BED48321170AC1E5A724E6CDC
:10DF50000EFFFBFD8538560FAED51E3D2D392736F9
:10DF60000FD9640A5CA621685B54D19B362E3A24F3
:10DF70000A67B10C57E70F93EE96D2B49B919E1BA4
:10DF8000C0C54F80DC20A261774B695A121A161C5B
:10DF900093BA0AE2A02AE5C022E0433C1B171D12F7
:10DFA000090D0B0E8BC7ADF2B6A8B92D1EA9C8146A
:10DFB000F119855775074CAF99DDBBEE7F60FDA366
:10DFC00001269FF772F5BC5C663BC544FB7E345B63
:10DFD0004329768B23C6DCCBEDFC68B6E4F163B84D
:10DFE00031DCCAD76385104297224013C6112084C2
:10DFF0004A247D85BB3DF8D2F93211AE29A16DC707
:10E000009E2F4B1DB230F3DC8652EC0DC1E3D0776E
:10E01000B3166C2B70B999A99448FA11E964224798
:10E02000FC8CC4A8F03F1AA07D2CD8563390EF2268
:10E03000494EC78738D1C1D9CAA2FE8CD40B3698B5
:10E04000F581CFA67ADE28A5B78E26DAADBFA43F2C
:10E050003A9DE42C78920D505FCC9B6A7E466254C8
:10E060008D13C2F6D8B8E89039F75E2EC3AFF582AB
:10E070005D80BE9FD0937C69D52DA96F2512B3CF4B
:10E08000AC993BC8187DA7109C636EE83BBB7BDB5B
:10E09000267809CD5918F46E9AB701EC4F9AA883E7
:10E0A000956E65E6FFE67EAABCCF082115E8E6EF8F
:10E0B000E79BD9BA6F36CE4A9F09D4EAB07CD629FD
:10E0C000A4B2AF313F23312AA59430C6A266C03531
:10E0D0004EBC377482CAA6FC90D0B0E0A7D81533E6
:10E0E00004984AF1ECDAF741CD500E7F91F62F17E4
:10E0F0004DD68D76EFB04D43AA4D54CC9604DFE457
:10E10000D1B5E39E6A881B4C2C1FB8C165517F4670
:10E110005EEA049D8C355D01877473FA0B412EFB1A
:10E12000671D5AB3DBD25292105633E9D647136DAE
:10E13000D7618C9AA10C7A37F8148E59133C89EB6D
:10E14000A927EECE61C935B71CE5EDE147B13C7AB0
:10E15000D2DF599CF2733F5514CE7918C737BF737D
:10E16000F7CDEA53FDAA5B5F3D6F14DF44DB867891
:10E17000AFF381CA68C43EB924342C38A3405FC2CF
:10E180001DC37216E2250CBC3C498B280D9541FF3E
:10E19000A80171390CB3DE08B4E49CD856C1906470
:10E1A000CB84617B32B670D56C5C7448B85742D072
:10E1B000A75051F465537E41A4C31A175E963A27BF
:10E1C0006BCB3BAB45F11F9D58ABACFA03934BE3D4
:10E1D000FA5520306DF6AD76769188CC4C25F50257
:10E1E000D7FC4FE5CBD7C52A44802635A38FB5622F
:10E1F0005A49DEB11B6725BA0E9845EAC0E15DFEBB
:10E200007502C32FF012814C97A38D46F9C66BD3CC
:10E210005FE7038F9C9515927AEBBF6D59DA9552A3
:10E22000832DD4BE21D35874692949E0C8448EC9CE
:10E23000896A75C27978F48E3E6B995871DD27B979
:10E240004FB6BEE1AD17F088AC66C9203AB47DCEBA
:10E250004A1863DF3182E51A336097517F45625374
:10E2600077E0B164AE84BB6BA01CFE812B94F908EF
:10E2700068587048FD198F456C8794DEF8B7527B5B
:10E28000D323AB7302E2724B8F57E31FAB2A665561
:10E290002807B2EBC2032FB57B9A86C508A5D337F2
:10E2A00087F23028A5B223BF6ABA0203825CED165A
:10E2B0001C2B8ACFB492A779F2F0F307E2A14E6942
:10E2C000F4CD65DABED50605621FD134FE8AC4A638
:10E2D000539D342E55A0A2F3E132058AEB75A4F6C6
:10E2E000EC390B83EFAA40609F065E711051BD6E42
:10E2F0008AF93E21063D96DD05AEDD3EBD464DE682
:10E300008DB591545D0571C4D46F040615FF60503E
:10E31000FB241998E997D6BD43CC89409E7767D9ED
:10E3200042BDB0E88B8807895B38E719EEDB79C816
:10E330000A47A17C0FE97C421EC9F8840000000056
:10E3400086830980ED48322B70AC1E11724E6C5AD8
:10E35000FFFBFD0E38560F85D51E3DAE3927362DF5
:10E36000D9640A0FA621685C54D19B5B2E3A2436EF
:10E3700067B10C0AE70F935796D2B4EE919E1B9BA0
:10E38000C54F80C020A261DC4B695A771A161C1257
:10E39000BA0AE2932AE5C0A0E0433C22171D121BF3
:10E3A0000D0B0E09C7ADF28BA8B92DB6A9C8141E66
:10E3B000198557F1074CAF75DDBBEE9960FDA37F62
:10E3C000269FF701F5BC5C723BC544667E345BFB5F
:10E3D00029768B43C6DCCB23FC68B6EDF163B8E449
:10E3E000DCCAD7318510426322401397112084C6BE
:10E3F000247D854A3DF8D2BB3211AEF9A16DC72903
:10E400002F4B1D9E30F3DCB252EC0D86E3D077C16A
:10E41000166C2BB3B999A97048FA1194642247E994
:10E420008CC4A8FC3F1AA0F02CD8567D90EF223364
:10E430004EC78749D1C1D938A2FE8CCA0B3698D4B1
:10E4400081CFA6F5DE28A57A8E26DAB7BFA43FAD28
:10E450009DE42C3A920D5078CC9B6A5F4662547EC4
:10E4600013C2F68DB8E890D8F75E2E39AFF582C3A7
:10E4700080BE9F5D937C69D02DA96FD512B3CF2547
:10E48000993BC8AC7DA71018636EE89CBB7BDB3B57
:10E490007809CD2618F46E59B701EC9A9AA8834FE3
:10E4A0006E65E695E67EAAFFCF0821BCE8E6EF158B
:10E4B0009BD9BAE736CE4A6F09D4EA9F7CD629B0F9
:10E4C000B2AF31A423312A3F9430C6A566C035A22D
:10E4D000BC37744ECAA6FC82D0B0E090D81533A7E2
:10E4E000984AF104DAF741EC500E7FCDF62F1791E0
:10E4F000D68D764DB04D43EF4D54CCAA04DFE49653
:10E50000B5E39ED1881B4C6A1FB8C12C517F46656C
:10E51000EA049D5E355D018C7473FA87412EFB0B16
:10E520001D5AB367D25292DB5633E91047136DD6AA
:10E53000618C9AD70C7A37A1148E59F83C89EB1369
:10E5400027EECEA9C935B761E5EDE11CB13C7A47AC
:10E55000DF599CD2733F55F2CE79181437BF73C779
:10E56000CDEA53F7AA5B5FFD6F14DF3DDB8678448D
:10E57000F381CAAFC43EB968342C3824405FC2A3CB
:10E58000C372161D250CBCE2498B283C9541FF0D3A
:10E59000017139A8B3DE080CE49CD8B4C19064566C
:10E5A00084617BCBB670D5325C74486C5742D0B86E
:10E5B0005051F4A7537E4165C31A17A4963A275EBB
:10E5C000CB3BAB6BF11F9D45ABACFA58934BE303D0
:10E5D000552030FAF6AD766D9188CC7625F5024C53
:10E5E000FC4FE5D7D7C52ACB802635448FB562A32B
:10E5F00049DEB15A6725BA1B9845EA0EE15DFEC0B7
:10E6000002C32F7512814CF0A38D4697C66BD3F9C8
:10E61000E7038F5F9515929CEBBF6D7ADA9552599F
:10E620002DD4BE83D35874212949E069448EC9C8CA
:10E630006A75C28978F48E796B99583EDD27B97175
:10E64000B6BEE14F17F088AD66C920ACB47DCE3AB6
:10E650001863DF4A82E51A31609751334562537F70
:10E66000E0B1647784BB6BAE1CFE81A094F9082BEB
:10E6700058704868198F45FD8794DE6CB7527BF857
:10E6800023AB73D3E2724B0257E31F8F2A6655AB5D
:10E6900007B2EB28032FB5C29A86C57BA5D33708EE
:10E6A000F2302887B223BFA5BA02036A5CED168256
:10E6B0002B8ACF1C92A779B4F0F307F2A14E69E23E
:10E6C000CD65DAF4D50605BE1FD134628AC4A6FE34
:10E6D0009D342E53A0A2F35532058AE175A4F6EBC2
:10E6E000390B83ECAA4060EF065E719F51BD6E103E
:10E6F000F93E218A3D96DD06AEDD3E05464DE6BD7E
:10E70000B591548D0571C45D6F0406D4FF6050153A
:10E71000241998FB97D6BDE9CC8940437767D99EE9
:10E72000BDB0E8428807898B38E7195BDB79C8EE12
:10E7300047A17C0AE97C420FC9F8841E0000000052
:10E740008309808648322BEDAC1E11704E6C5A72D4
:10E75000FBFD0EFF560F85381E3DAED527362D39F1
:10E76000640A0FD921685CA6D19B5B543A24362EEB
:10E77000B10C0A670F9357E7D2B4EE969E1B9B919C
:10E780004F80C0C5A261DC20695A774B161C121A53
:10E790000AE293BAE5C0A02A433C22E01D121B17EF
:10E7A0000B0E090DADF28BC7B92DB6A8C8141EA962
:10E7B0008557F1194CAF7507BBEE99DDFDA37F605E
:10E7C0009FF70126BC5C72F5C544663B345BFB7E5B
:10E7D000768B4329DCCB23C668B6EDFC63B8E4F145
:10E7E000CAD731DC10426385401397222084C611BA
:10E7F0007D854A24F8D2BB3D11AEF9326DC729A1FF
:10E800004B1D9E2FF3DCB230EC0D8652D077C1E366
:10E810006C2BB31699A970B9FA1194482247E96490
:10E82000C4A8FC8C1AA0F03FD8567D2CEF22339060
:10E83000C787494EC1D938D1FE8CCAA23698D40BAD
:10E84000CFA6F58128A57ADE26DAB78EA43FADBF24
:10E85000E42C3A9D0D5078929B6A5FCC62547E46C0
:10E86000C2F68D13E890D8B85E2E39F7F582C3AFA3
:10E87000BE9F5D807C69D093A96FD52DB3CF251243
:10E880003BC8AC99A710187D6EE89C637BDB3BBB53
:10E8900009CD2678F46E591801EC9AB7A8834F9ADF
:10E8A00065E6956E7EAAFFE60821BCCFE6EF15E887
:10E8B000D9BAE79BCE4A6F36D4EA9F09D629B07CF5
:10E8C000AF31A4B2312A3F2330C6A594C035A26629
:10E8D00037744EBCA6FC82CAB0E090D01533A7D8DE
:10E8E0004AF10498F741ECDA0E7FCD502F1791F6DC
:10E8F0008D764DD64D43EFB054CCAA4DDFE496044F
:10E90000E39ED1B51B4C6A88B8C12C1F7F46655168
:10E91000049D5EEA5D018C3573FA87742EFB0B4112
:10E920005AB3671D5292DBD233E91056136DD647A6
:10E930008C9AD7617A37A10C8E59F81489EB133C65
:10E94000EECEA92735B761C9EDE11CE53C7A47B1A8
:10E95000599CD2DF3F55F273791814CEBF73C73775
:10E96000EA53F7CD5B5FFDAA14DF3D6F867844DB89
:10E9700081CAAFF33EB968C42C3824345FC2A340C7
:10E9800072161DC30CBCE2258B283C4941FF0D9536
:10E990007139A801DE080CB39CD8B4E4906456C168
:10E9A000617BCB8470D532B674486C5C42D0B8576A
:10E9B00051F4A7507E4165531A17A4C33A275E96B7
:10E9C0003BAB6BCB1F9D45F1ACFA58AB4BE30393CC
:10E9D0002030FA55AD766DF688CC7691F5024C254F
:10E9E0004FE5D7FCC52ACBD726354480B562A38F27
:10E9F000DEB15A4925BA1B6745EA0E985DFEC0E1B3
:10EA0000C32F7502814CF0128D4697A36BD3F9C6C4
:10EA1000038F5FE715929C95BF6D7AEB955259DA9B
:10EA2000D4BE832D587421D349E069298EC9C844C6
:10EA300075C2896AF48E797899583E6B27B971DD71
:10EA4000BEE14FB6F088AD17C920AC667DCE3AB4B2
:10EA500063DF4A18E51A31829751336062537F456C
:10EA6000B16477E0BB6BAE84FE81A01CF9082B94E7
:10EA7000704868588F45FD1994DE6C87527BF8B753
:10EA8000AB73D323724B02E2E31F8F576655AB2A59
:10EA9000B2EB28072FB5C20386C57B9AD33708A5EA
:10EAA000302887F223BFA5B202036ABAED16825C52
:10EAB0008ACF1C2BA779B492F307F2F04E69E2A13A
:10EAC00065DAF4CD0605BED5D134621FC4A6FE8A30
:10EAD000342E539DA2F355A0058AE132A4F6EB75BE
:10EAE0000B83EC394060EFAA5E719F06BD6E10513A
:10EAF0003E218AF996DD063DDD3E05AE4DE6BD467A
:10EB000091548DB571C45D050406D46F605015FF36
:10EB10001998FB24D6BDE997894043CC67D99E77E5
:10EB2000B0E842BD07898B88E7195B3879C8EEDB0E
:10EB3000A17C0A477C420FE9F8841EC9000000004E
:10EB400009808683322BED481E1170AC6C5A724ED0
:10EB5000FD0EFFFB0F8538563DAED51E362D3927ED
:10EB60000A0FD964685CA6219B5B54D124362E3AE7
:10EB70000C0A67B19357E70FB4EE96D21B9B919E98
:10EB800080C0C54F61DC20A25A774B691C121A164F
:10EB9000E293BA0AC0A02AE53C22E043121B171DEB
:10EBA0000E090D0BF28BC7AD2DB6A8B9141EA9C85E
:10EBB00057F11985AF75074CEE99DDBBA37F60FD5A
:10EBC000F701269F5C72F5BC44663BC55BFB7E3457
:10EBD0008B432976CB23C6DCB6EDFC68B8E4F16341
:10EBE000D731DCCA426385101397224084C61120B6
:10EBF000854A247DD2BB3DF8AEF93211C729A16DFB
:10EC00001D9E2F4BDCB230F30D8652EC77C1E3D062
:10EC10002BB3166CA970B999119448FA47E964228C
:10EC2000A8FC8CC4A0F03F1A567D2CD8223390EF5C
:10EC300087494EC7D938D1C18CCAA2FE98D40B36A9
:10EC4000A6F581CFA57ADE28DAB78E263FADBFA420
:10EC50002C3A9DE45078920D6A5FCC9B547E4662BC
:10EC6000F68D13C290D8B8E82E39F75E82C3AFF59F
:10EC70009F5D80BE69D0937C6FD52DA9CF2512B33F
:10EC8000C8AC993B10187DA7E89C636EDB3BBB7B4F
:10EC9000CD2678096E5918F4EC9AB701834F9AA8DB
:10ECA000E6956E65AAFFE67E21BCCF08EF15E8E683
:10ECB000BAE79BD94A6F36CEEA9F09D429B07CD6F1
:10ECC00031A4B2AF2A3F2331C6A5943035A266C025
:10ECD000744EBC37FC82CAA6E090D0B033A7D815DA
:10ECE000F104984A41ECDAF77FCD500E1791F62FD8
:10ECF000764DD68D43EFB04DCCAA4D54E49604DF4B
:10ED00009ED1B5E34C6A881BC12C1FB84665517F64
:10ED10009D5EEA04018C355DFA877473FB0B412E0E
:10ED2000B3671D5A92DBD252E91056336DD64713A2
:10ED30009AD7618C37A10C7A59F8148EEB133C8961
:10ED4000CEA927EEB761C935E11CE5ED7A47B13CA4
:10ED50009CD2DF5955F2733F1814CE7973C737BF71
:10ED600053F7CDEA5FFDAA5BDF3D6F147844DB8685
:10ED7000CAAFF381B968C43E3824342CC2A3405FC3
:10ED8000161DC372BCE2250C283C498BFF0D954132
:10ED900039A80171080CB3DED8B4E49C6456C19064
:10EDA0007BCB8461D532B670486C5C74D0B8574266
:10EDB00052096AD53036A538BF40A39E81F3D7FBF0
:10EDC0007CE339829B2FFF87348E4344C4DEE9CB3A
:10EDD000547B9432A6C2233DEE4C950B42FAC34EAF
:10EDE000082EA16628D924B2765BA2496D8BD12565
:10EDF00072F8F66486689816D4A45CCC5D65B69209
:10EE00006C704850FDEDB9DA5E154657A78D9D84AC
:10EE100090D8AB008CBCD30AF7E45805B8B34506CC
:10EE2000D02C1E8FCA3F0F02C1AFBD0301138A6BE6
:10EE30003A9111414F67DCEA97F2CFCEF0B4E67316
:10EE400096AC7422E7AD3585E2F937E81C75DF6EC4
:10EE500047F11A711D29C5896FB7620EAA18BE1B2A
:10EE6000FC563E4BC6D279209ADBC0FE78CD5AF4D0
:10EE70001FDDA8338807C731B11210592780EC5F16
:10EE800060517FA919B54A0D2DE57A9F93C99CEF72
:10EE9000A0E03B4DAE2AF5B0C8EBBB3C8353996173
:10EEA000172B047EBA77D626E169146355210C7DB1
:10EEB0006363A5C67C7C84F8777799EE7B7B8DF6BF
:10EEC000F2F20DFF6B6BBDD66F6FB1DEC5C554910D
:10EED00030305060010103026767A9CE2B2B7D56AD
:10EEE000FEFE19E7D7D762B5ABABE64D76769AEC66
:10EEF000CACA458F82829D1FC9C940897D7D87FA14
:10EF0000FAFA15EF5959EBB24747C98EF0F00BFBEF
:10EF1000ADADEC41D4D467B3A2A2FD5FAFAFEA457B
:10EF20009C9CBF23A4A4F753727296E4C0C05B9B61
:10EF3000B7B7C275FDFD1CE19393AE3D26266A4C22
:10EF400036365A6C3F3F417EF7F702F5CCCC4F8303
:10EF500034345C68A5A5F451E5E534D1F1F108F944
:10EF6000717193E2D8D873AB3131536215153F2AD2
:10EF700004040C08C7C7529523236546C3C35E9D8E
:10EF8000181828309696A13705050F0A9A9AB52FBA
:10EF90000707090E1212362480809B1BE2E23DDF38
:10EFA000EBEB26CD2727694EB2B2CD7F75759FEA70
:10EFB00009091B1283839E1D2C2C74581A1A2E3497
:10EFC0001B1B2D366E6EB2DC5A5AEEB4A0A0FB5B52
:10EFD0005252F6A43B3B4D76D6D661B7B3B3CE7D45
:10EFE00029297B52E3E33EDD2F2F715E8484971342
:10EFF0005353F5A6D1D168B900000000EDED2CC146
:10F0000020206040FCFC1FE3B1B1C8795B5BEDB62A
:10F010006A6ABED4CBCB468DBEBED96739394B7236
:10F020004A4ADE944C4CD4985858E8B0CFCF4A8521
:10F03000D0D06BBBEFEF2AC5AAAAE54FFBFB16EDBC
:10F040004343C5864D4DD79A333355668585941114
:10F050004545CF8AF9F910E9020206047F7F81FE57
:10F060005050F0A03C3C44789F9FBA25A8A8E34BA1
:10F070005151F3A2A3A3FE5D4040C0808F8F8A054B
:10F080009292AD3F9D9DBC2138384870F5F504F152
:10F09000BCBCDF63B6B6C177DADA75AF2121634253
:10F0A00010103020FFFF1AE5F3F30EFDD2D26DBF32
:10F0B000CDCD4C810C0C141813133526ECEC2FC35A
:10F0C0005F5FE1BE9797A2354444CC881717392E6D
:10F0D000C4C45793A7A7F2557E7E82FC3D3D477A74
:10F0E0006464ACC85D5DE7BA19192B32737395E699
:10F0F0006060A0C0818198194F4FD19EDCDC7FA356
:10F10000222266442A2A7E549090AB3B8888830B47
:10F110004646CA8CEEEE29C7B8B8D36B14143C2807
:10F12000DEDE79A75E5EE2BC0B0B1D16DBDB76AD87
:10F13000E0E03BDB323256643A3A4E740A0A1E145F
:10F140004949DB9206060A0C24246C485C5CE4B84E
:10F15000C2C25D9FD3D36EBDACACEF436262A6C4A6
:10F160009191A8399595A431E4E437D379798BF25C
:10F17000E7E732D5C8C8438B3737596E6D6DB7DABC
:10F180008D8D8C01D5D564B14E4ED29CA9A9E04994
:10F190006C6CB4D85656FAACF4F407F3EAEA25CF0F
:10F1A0006565AFCA7A7A8EF4AEAEE94708081810E2
:10F1B000BABAD56F787888F025256F4A2E2E725C02
:10F1C0001C1C2438A6A6F157B4B4C773C6C6519701
:10F1D000E8E823CBDDDD7CA174749CE81F1F213E91
:10F1E0004B4BDD96BDBDDC618B8B860D8A8A850F0E
:10F1F000707090E03E3E427CB5B5C4716666AACCA4
:10F200004848D89003030506F6F601F70E0E121CC7
:10F210006161A3C235355F6A5757F9AEB9B9D06994
:10F2200086869117C1C158991D1D273A9E9EB92700
:10F23000E1E138D9F8F813EB9898B32B1111332288
:10F240006969BBD2D9D970A98E8E89079494A733E6
:10F250009B9BB62D1E1E223C87879215E9E920C98B
:10F26000CECE49875555FFAA28287850DFDF7AA5EA
:10F270008C8C8F03A1A1F859898980090D0D171A6B
:10F28000BFBFDA65E6E631D74242C6846868B8D0C7
:10F290004141C3829999B0292D2D775A0F0F111E24
:10F2A000B0B0CB7B5454FCA8BBBBD66D16163A2C21
:10F2B00063A5C6637C84F87C7799EE777B8DF67BBB
:10F2C000F20DFFF26BBDD66B6FB1DE6FC55491C509
:10F2D000305060300103020167A9CE672B7D562BA9
:10F2E000FE19E7FED762B5D7ABE64DAB769AEC7662
:10F2F000CA458FCA829D1F82C94089C97D87FA7D10
:10F30000FA15EFFA59EBB25947C98E47F00BFBF0EB
:10F31000ADEC41ADD467B3D4A2FD5FA2AFEA45AF77
:10F320009CBF239CA4F753A47296E472C05B9BC05D
:10F33000B7C275B7FD1CE1FD93AE3D93266A4C261E
:10F34000365A6C363F417E3FF702F5F7CC4F83CCFF
:10F35000345C6834A5F451A5E534D1E5F108F9F140
:10F360007193E271D873ABD831536231153F2A15CE
:10F37000040C0804C75295C723654623C35E9DC38A
:10F380001828301896A13796050F0A059AB52F9AB6
:10F3900007090E0712362412809B1B80E23DDFE234
:10F3A000EB26CDEB27694E27B2CD7FB2759FEA756C
:10F3B000091B1209839E1D832C74582C1A2E341A93
:10F3C0001B2D361B6EB2DC6E5AEEB45AA0FB5BA04E
:10F3D00052F6A4523B4D763BD661B7D6B3CE7DB341
:10F3E000297B5229E33EDDE32F715E2F849713843E
:10F3F00053F5A653D168B9D100000000ED2CC1ED42
:10F4000020604020FC1FE3FCB1C879B15BEDB65B26
:10F410006ABED46ACB468DCBBED967BE394B723932
:10F420004ADE944A4CD4984C58E8B058CF4A85CF1D
:10F43000D06BBBD0EF2AC5EFAAE54FAAFB16EDFBB8
:10F4400043C586434DD79A4D335566338594118510
:10F4500045CF8A45F910E9F9020604027F81FE7F53
:10F4600050F0A0503C44783C9FBA259FA8E34BA89D
:10F4700051F3A251A3FE5DA340C080408F8A058F47
:10F4800092AD3F929DBC219D38487038F504F1F54E
:10F49000BCDF63BCB6C177B6DA75AFDA216342214F
:10F4A00010302010FF1AE5FFF30EFDF3D26DBFD22E
:10F4B000CD4C81CD0C14180C13352613EC2FC3EC56
:10F4C0005FE1BE5F97A2359744CC884417392E1769
:10F4D000C45793C4A7F255A77E82FC7E3D477A3D70
:10F4E00064ACC8645DE7BA5D192B32197395E67395
:10F4F00060A0C060819819814FD19E4FDC7FA3DC52
:10F50000226644222A7E542A90AB3B9088830B8843
:10F5100046CA8C46EE29C7EEB8D36BB8143C281403
:10F52000DE79A7DE5EE2BC5E0B1D160BDB76ADDB83
:10F53000E03BDBE0325664323A4E743A0A1E140A5B
:10F5400049DB9249060A0C06246C48245CE4B85C4A
:10F55000C25D9FC2D36EBDD3ACEF43AC62A6C462A2
:10F5600091A8399195A43195E437D3E4798BF27958
:10F57000E732D5E7C8438BC837596E376DB7DA6DB8
:10F580008D8C018DD564B1D54ED29C4EA9E049A990
:10F590006CB4D86C56FAAC56F407F3F4EA25CFEA0B
:10F5A00065AFCA657A8EF47AAEE947AE08181008DE
:10F5B000BAD56FBA7888F078256F4A252E725C2EFE
:10F5C0001C24381CA6F157A6B4C773B4C65197C6FD
:10F5D000E823CBE8DD7CA1DD749CE8741F213E1F8D
:10F5E0004BDD964BBDDC61BD8B860D8B8A850F8A0A
:10F5F0007090E0703E427C3EB5C471B566AACC66A0
:10F6000048D8904803050603F601F7F60E121C0EC3
:10F6100061A3C261355F6A3557F9AE57B9D069B990
:10F6200086911786C15899C11D273A1D9EB9279EFC
:10F63000E138D9E1F813EBF898B32B981133221184
:10F6400069BBD269D970A9D98E89078E94A73394E2
:10F650009BB62D9B1E223C1E87921587E920C9E987
:10F66000CE4987CE55FFAA5528785028DF7AA5DFE6
:10F670008C8F038CA1F859A1898009890D171A0D67
:10F68000BFDA65BFE631D7E642C6844268B8D068C3
:10F6900041C3824199B029992D775A2D0F111E0F20
:10F6A000B0CB7BB054FCA854BBD66DBB163A2C161D
:10F6B000A5C6636384F87C7C99EE77778DF67B7BB7
:10F6C0000DFFF2F2BDD66B6BB1DE6F6F5491C5C505
:10F6D0005060303003020101A9CE67677D562B2BA5
:10F6E00019E7FEFE62B5D7D7E64DABAB9AEC76765E
:10F6F000458FCACA9D1F82824089C9C987FA7D7D0C
:10F7000015EFFAFAEBB25959C98E47470BFBF0F0E7
:10F71000EC41ADAD67B3D4D4FD5FA2A2EA45AFAF73
:10F72000BF239C9CF753A4A496E472725B9BC0C059
:10F73000C275B7B71CE1FDFDAE3D93936A4C26261A
:10F740005A6C3636417E3F3F02F5F7F74F83CCCCFB
:10F750005C683434F451A5A534D1E5E508F9F1F13C
:10F7600093E2717173ABD8D8536231313F2A1515CA
:10F770000C0804045295C7C7654623235E9DC3C386
:10F7800028301818A13796960F0A0505B52F9A9AB2
:10F79000090E0707362412129B1B80803DDFE2E230
:10F7A00026CDEBEB694E2727CD7FB2B29FEA757568
:10F7B0001B1209099E1D838374582C2C2E341A1A8F
:10F7C0002D361B1BB2DC6E6EEEB45A5AFB5BA0A04A
:10F7D000F6A452524D763B3B61B7D6D6CE7DB3B33D
:10F7E0007B5229293EDDE3E3715E2F2F971384843A
:10F7F000F5A6535368B9D1D1000000002CC1EDED3E
:10F80000604020201FE3FCFCC879B1B1EDB65B5B22
:10F81000BED46A6A468DCBCBD967BEBE4B7239392E
:10F82000DE944A4AD4984C4CE8B058584A85CFCF19
:10F830006BBBD0D02AC5EFEFE54FAAAA16EDFBFBB4
:10F84000C5864343D79A4D4D55663333941185850C
:10F85000CF8A454510E9F9F90604020281FE7F7F4F
:10F86000F0A0505044783C3CBA259F9FE34BA8A899
:10F87000F3A25151FE5DA3A3C08040408A058F8F43
:10F88000AD3F9292BC219D9D4870383804F1F5F54A
:10F89000DF63BCBCC177B6B675AFDADA634221214B
:10F8A000302010101AE5FFFF0EFDF3F36DBFD2D22A
:10F8B0004C81CDCD14180C0C352613132FC3ECEC52
:10F8C000E1BE5F5FA2359797CC884444392E171765
:10F8D0005793C4C4F255A7A782FC7E7E477A3D3D6C
:10F8E000ACC86464E7BA5D5D2B32191995E6737391
:10F8F000A0C0606098198181D19E4F4F7FA3DCDC4E
:10F90000664422227E542A2AAB3B9090830B88883F
:10F91000CA8C464629C7EEEED36BB8B83C281414FF
:10F9200079A7DEDEE2BC5E5E1D160B0B76ADDBDB7F
:10F930003BDBE0E0566432324E743A3A1E140A0A57
:10F94000DB9249490A0C06066C482424E4B85C5C46
:10F950005D9FC2C26EBDD3D3EF43ACACA6C462629E
:10F96000A8399191A431959537D3E4E48BF2797954
:10F9700032D5E7E7438BC8C8596E3737B7DA6D6DB4
:10F980008C018D8D64B1D5D5D29C4E4EE049A9A98C
:10F99000B4D86C6CFAAC565607F3F4F425CFEAEA07
:10F9A000AFCA65658EF47A7AE947AEAE18100808DA
:10F9B000D56FBABA88F078786F4A2525725C2E2EFA
:10F9C00024381C1CF157A6A6C773B4B45197C6C6F9
:10F9D00023CBE8E87CA1DDDD9CE87474213E1F1F89
:10F9E000DD964B4BDC61BDBD860D8B8B850F8A8A06
:10F9F00090E07070427C3E3EC471B5B5AACC66669C
:10FA0000D89048480506030301F7F6F6121C0E0EBF
:10FA1000A3C261615F6A3535F9AE5757D069B9B98C
:10FA2000911786865899C1C1273A1D1DB9279E9EF8
:10FA300038D9E1E113EBF8F8B32B98983322111180
:10FA4000BBD2696970A9D9D989078E8EA7339494DE
:10FA5000B62D9B9B223C1E1E9215878720C9E9E983
:10FA60004987CECEFFAA5555785028287AA5DFDFE2
:10FA70008F038C8CF859A1A180098989171A0D0D63
:10FA8000DA65BFBF31D7E6E6C6844242B8D06868BF
:10FA9000C3824141B0299999775A2D2D111E0F0F1C
:10FAA000CB7BB0B0FCA85454D66DBBBB3A2C161619
:10FAB000C66363A5F87C7C84EE777799F67B7B8DB3
:10FAC000FFF2F20DD66B6BBDDE6F6FB191C5C55401
:10FAD0006030305002010103CE6767A9562B2B7DA1
:10FAE000E7FEFE19B5D7D7624DABABE6EC76769A5A
:10FAF0008FCACA451F82829D89C9C940FA7D7D8708
:10FB0000EFFAFA15B25959EB8E4747C9FBF0F00BE3
:10FB100041ADADECB3D4D4675FA2A2FD45AFAFEA6F
:10FB2000239C9CBF53A4A4F7E47272969BC0C05B55
:10FB300075B7B7C2E1FDFD1C3D9393AE4C26266A16
:10FB40006C36365A7E3F3F41F5F7F70283CCCC4FF7
:10FB50006834345C51A5A5F4D1E5E534F9F1F10838
:10FB6000E2717193ABD8D873623131532A15153FC6
:10FB70000804040C95C7C752462323659DC3C35E82
:10FB800030181828379696A10A05050F2F9A9AB5AE
:10FB90000E070709241212361B80809BDFE2E23D2C
:10FBA000CDEBEB264E2727697FB2B2CDEA75759F64
:10FBB0001209091B1D83839E582C2C74341A1A2E8B
:10FBC000361B1B2DDC6E6EB2B45A5AEE5BA0A0FB46
:10FBD000A45252F6763B3B4DB7D6D6617DB3B3CE39
:10FBE0005229297BDDE3E33E5E2F2F711384849736
:10FBF000A65353F5B9D1D16800000000C1EDED2C3A
:10FC000040202060E3FCFC1F79B1B1C8B65B5BED1E
:10FC1000D46A6ABE8DCBCB4667BEBED97239394B2A
:10FC2000944A4ADE984C4CD4B05858E885CFCF4A15
:10FC3000BBD0D06BC5EFEF2A4FAAAAE5EDFBFB16B0
:10FC4000864343C59A4D4DD7663333551185859408
:10FC50008A4545CFE9F9F91004020206FE7F7F814B
:10FC6000A05050F0783C3C44259F9FBA4BA8A8E395
:10FC7000A25151F35DA3A3FE804040C0058F8F8A3F
:10FC80003F9292AD219D9DBC70383848F1F5F50446
:10FC900063BCBCDF77B6B6C1AFDADA754221216347
:10FCA00020101030E5FFFF1AFDF3F30EBFD2D26D26
:10FCB00081CDCD4C180C0C1426131335C3ECEC2F4E
:10FCC000BE5F5FE1359797A2884444CC2E17173961
:10FCD00093C4C45755A7A7F2FC7E7E827A3D3D4768
:10FCE000C86464ACBA5D5DE73219192BE67373958D
:10FCF000C06060A0198181989E4F4FD1A3DCDC7F4A
:10FD000044222266542A2A7E3B9090AB0B8888833B
:10FD10008C4646CAC7EEEE296BB8B8D32814143CFB
:10FD2000A7DEDE79BC5E5EE2160B0B1DADDBDB767B
:10FD3000DBE0E03B64323256743A3A4E140A0A1E53
:10FD4000924949DB0C06060A4824246CB85C5CE442
:10FD50009FC2C25DBDD3D36E43ACACEFC46262A69A
:10FD6000399191A8319595A4D3E4E437F279798B50
:10FD7000D5E7E7328BC8C8436E373759DA6D6DB7B0
:10FD8000018D8D8CB1D5D5649C4E4ED249A9A9E088
:10FD9000D86C6CB4AC5656FAF3F4F407CFEAEA2503
:10FDA000CA6565AFF47A7A8E47AEAEE910080818D6
:10FDB0006FBABAD5F07878884A25256F5C2E2E72F6
:10FDC000381C1C2457A6A6F173B4B4C797C6C651F5
:10FDD000CBE8E823A1DDDD7CE874749C3E1F1F2185
:10FDE000964B4BDD61BDBDDC0D8B8B860F8A8A8502
:10FDF000E07070907C3E3E4271B5B5C4CC6666AA98
:10FE0000904848D806030305F7F6F6011C0E0E12BB
:10FE1000C26161A36A35355FAE5757F969B9B9D088
:10FE20001786869199C1C1583A1D1D27279E9EB9F4
:10FE3000D9E1E138EBF8F8132B9898B3221111337C
:10FE4000D26969BBA9D9D970078E8E89339494A7DA
:10FE50002D9B9BB63C1E1E2215878792C9E9E9207F
:10FE600087CECE49AA5555FF50282878A5DFDF7ADE
:10FE7000038C8C8F59A1A1F8098989801A0D0D175F
:10FE800065BFBFDAD7E6E631844242C6D06868B8BB
:10FE9000824141C3299999B05A2D2D771E0F0F1118
:10FEA0007BB0B0CBA85454FC6DBBBBD62C16163A15
:10FEB000637C777BF26B6FC53001672BFED7AB7627
:10FEC000CA82C97DFA5947F0ADD4A2AF9CA472C0D2
:10FED000B7FD9326363FF7CC34A5E5F171D831153F
:10FEE00004C723C31896059A071280E2EB27B27560
:10FEF00009832C1A1B6E5AA0523BD6B329E32F84D8
:10FF000053D100ED20FCB15B6ACBBE394A4C58CFCF
:10FF1000D0EFAAFB434D338545F9027F503C9FA8A3
:10FF200051A3408F929D38F5BCB6DA2110FFF3D271
:10FF3000CD0C13EC5F974417C4A77E3D645D197325
:10FF400060814FDC222A908846EEB814DE5E0BDB1F
:10FF5000E0323A0A4906245CC2D3AC629195E47956
:10FF6000E7C8376D8DD54EA96C56F4EA657AAE08B0
:10FF7000BA78252E1CA6B4C6E8DD741F4BBD8B8A4B
:10FF8000703EB5664803F60E613557B986C11D9EB1
:10FF9000E1F8981169D98E949B1E87E9CE5528DF28
:10FFA0008CA1890DBFE6426841992D0FB054BB1654
:10FFB000E5C10310982F8A4291443771CFFBC0B539
:10FFC000A5DBB5E95BC25639F111F159A4823F9224
:10FFD000D55E1CAB98AA07D8015B8312BE8531247D
:10FFE000C37D0C55745DBE72FEB1DE80A706DC9B3E
:10FFF00074F19BC1C1699BE48647BEEFC69DC10FEA
:020000041005E5
:10000000CCA10C246F2CE92DAA84744ADCA9B05C25
:10001000DA88F97652513E986DC631A8C82703B0E8
:10002000C77F59BFF30BE0C64791A7D55163CA06F6
:1000300067292914850AB72738211B2EFC6D2C4D02
:10004000130D385354730A65BB0A6A762EC9C281F0
:10005000852C7292A1E8BFA24B661AA8708B4BC286
:10006000A3516CC719E892D1240699D685350EF4B0
:1000700070A06A1016C1A419086C371E4C77482767
:10008000B5BCB034B30C1C394AAAD84E4FCA9C5BDD
:10009000F36F2E68EE828F746F63A5781478C8842E
:1000A0000802C78CFAFFBE90EB6C50A4F7A3F9BE10
:1000B000F27871C6D0320410BC0005104C2904102F
:1000C0002F00000005000000CC000510BA00000061
:1000D000C21700003A16000010010510621C000053
:1000E000080105106A1C000000010510AA14000098
:1000F000F4000510B02E0410020000009733031026
:10010000E02E04103D330310C82E04105F3303109B
:10011000102F04108D33031040604048020A022261
:100120000282024201090121014101110103018101
:1001300020600848080A2022404280828081404195
:10014000202108091011020380A0808810181030A7
:1001500010901050040C0424044404140406048475
:1001600020A00888081820304050809080844044A7
:100170002024080C101402060103011180828090D3
:10018000808180A00406041404050424044404842B
:100190000203101102821090018120A002061014A7
:1001A00001052024404480842022203040424050D9
:1001B00040414060080A08180809082808480888CB
:1001C000022210300242105001412060020A101831
:1001D0000109202840488088E00105100BFF01003C
:1001E00003A0A0802860290088605060600001A002
:1001F0000A0058608A000000FFFFFFFFFFFFFF7F3B
:1002000000000080DB0F4940DB0F49C0DB0F49BF16
:10021000E4CB1640E4CB16C06937AC3168212233F9
:10022000B40F14336821A2333863ED3EDA0F493F2F
:100230005E987B3FDA0FC93F000FC93F000F49406E
:1002400000CB9640000FC9400053FB4000CB164145
:1002500000ED2F41000F49410031624100537B41C5
:10026000003A8A4100CB9641005CA34100EDAF41CA
:10027000007EBC41000FC94100A0D5410031E241E0
:1002800000C2EE410053FB4100F20342003A0A4231
:100290000083104200CB164200141D42005C234232
:1002A00000A5294200ED2F4200363642007E3C4236
:1002B00000C74242000F4942A2F9836E4E441529FD
:1002C000FC2757D1F534DDC0DB6295993C43904162
:1002D000FE5163ABDEBBC561B7246E3A424DD2E03E
:1002E00006492EEA09D1921CFE1DEB1CB129A73E3E
:1002F000E88235F52EBB4484E99C7026B45F7E41CC
:100300003991D639835339F49C845F8BBDF9283BEE
:100310001FF897FFDE05980FEF2F118B5A0A6D1FFC
:100320006D367ECF27CB09B74F463F669E5FEA2DDD
:100330007527BAC7EBE5F17B3D0739F78A5292EA98
:100340006BFB5FB11F8D5D0856033046FC7B6BABCA
:10035000F0CFBC209AF4361DA9E391615EE61B083C
:100360006599855F14A068408DFFD8804D73273153
:1003700006061556CA73A8C960E27BC08C6B0000E4
:100380000000C93F0000F0390000DA370000A23356
:100390000000842E0000502B0000C2270000D02255
:1003A0000000C41F0000C61B00004417040000002A
:1003B00007000000090000000000003F000000BF2F
:1003C00000000000DCCFD1350000000000C0153F68
:1003D0000000803F0000C03F06005250D3F075423D
:1003E000BB0F041006005250E182887FC60F041034
:1003F00006005250ABB36053D40F041006005250A5
:10040000BBFF3CB6DA0F041006005250861C0302F4
:1004100054030410060052505422A29DE40F04100D
:1004200005005250DE65F468281C0510000000002D
:10043000000000000000F03F000000000000244029
:1004400000000000000059400000000000408F4004
:10045000000000000088C34000000000006AF8406F
:100460000000000080842E4100000000D012634193
:100470000000000084D797410000000065CDCD4109
:100480000D0A000000000000B1BE031029BF0310D8
:1004900059BF031099BF03103DC00310EDC00310F6
:0804A000000000000000000054
:0804A800B0BEFE7F0100000060
:1004B000A093041094930410AC930410C093041000
:1004C0009C94041028AD041034AD041040AD041009
:1004D0004CAD041058AD041064AD041070AD0410A0
:1004E0007CAD041088AD041094AD0410A0AD0410D0
:1004F000ACAD0410B8AD0410C4AD0410D8030510A1
:10050000E4030510F0030510FC03051008040510B2
:0805100014040510200405107D
:100518000149024801F0B4B911D80210242C002076
:10052800FFF7F6BF2DE9F04F064685B005200F46C8
:1005380093469A4601F0B0F93B4B0021B0FBF3F02B
:100548004FF47A7542F6F72C3A1F52F8044F444399
:10055800B4FBF5F3644588BF053BCC0748BF52F8A8
:10056800044C136044BF1B19053B01F1010148BF4E
:1005780013600429E9D1012444EC4460A6F1200564
:10058800C6F12003294924FA03F304FA05F51D43AB
:10059800B440D1E9002322EA040223EA0503C1E9B1
:1005A80000233046052101F057F94FF0E02601F00D
:1005B80057F905226FF07F430390A84673614FF007
:1005C800000932615A46DA44924505D1039805B0CC
:1005D800BDE8F04F01F034B9082112F8015B02912F
:1005E8000020A909B36101F002010094019007EB12
:1005F800810EDDE900BC48EC20B057F821B0B169A4
:10060800591A5945FBD3DDE900016D00EDB248ECFC
:100618003000DEF804E0B169591A7145FBD302993C
:1006280001390291DCD1CFE740420F00A019002028
:1006380038B501F015F90E490E4ACB690E4C83F412
:10064800004303F44043D361A56AA36A5B1B082BEC
:10065800FBD94FF050439C68CB6903F44043D36106
:1006680001F0EEF884F00060C0F3C06038BD00BF50
:10067800000003400010034000000B404FF05042C0
:1006880070B50346002592F900201968EFF3108031
:1006980072B6D1E8CF6F0124002EFAD1C1E8464FD7
:1006A800002EF6D1BFF35F8F93F904401968944286
:1006B80007D0002C05DBC1E88F5F80F3108820BFCE
:1006C800E3E71A715A7901325A710023C1E88F3F62
:1006D80070BD10B50368D3E8CF4F0122002CFAD1C2
:1006E800C3E8442F002CF6D1BFF35F8F4379013B59
:1006F800DBB243710BB9FF23037100230268C2E820
:100708008F3F81F3108840BF10BD10B5044600210B
:10071800204600F089F80028F9D010BD10B503680C
:10072800EFF3108272B6D3E8CF4F0121002CFAD133
:10073800C3E8441F002CF6D1BFF35F8F4379013B18
:10074800DBB243710BB9FF23037100230168C1E8D1
:100758008F3F82F3108810BD094B0A4A0344B3FB4C
:10076800F2F309498A699205FCD5084A03EB032389
:1007780043F08043D3604FF0A0531B68704700BF1D
:10078800BF687804C06878040000034000000D408A
:100798004FF05043002270B593F900400168EFF321
:1007A800108372B6D1E8CF6F0125002EFAD1C1E8C7
:1007B800465F002EF6D1BFF35F8F90F90410002931
:1007C800016805DA0471C1E88F2F83F3108870BDC2
:1007D800C1E88F2F83F3108820BFDFE7034630B5C9
:1007E8000268EFF3108472B6D2E8CF5F0120002DC3
:1007F800FAD1C2E8450F002DF6D1BFF35F8F93F908
:100808000420002A0BDA4FF05042012012681A71B6
:100818001A680023C2E88F3F84F3108830BD09B9F5
:100828000020F5E70A60FBE703464FF0504270B539
:1008380092F900001A68EFF3108472B6D2E8CF6F0D
:100848000125002EFAD1C2E8465F002EF6D1BFF38B
:100858005F8F93F90420002A01DB82420BD11871C3
:1008680001205A7901325A711A680023C2E88F3F71
:1008780084F3108870BD09B90020F5E70A60FBE72A
:100888002DE9F0411D464FF0504304461646002717
:10089800D3F800802268EFF3108372B6D2E8CF0F46
:1008A80001210028FAD1C2E8401F0028F6D1BFF381
:1008B8005F8F94F90420002A226808DA84F80480FB
:1008C800C2E88F7F83F310880120BDE8F081C2E879
:1008D8008F7F83F310883046294600F0CDFF00282B
:1008E800D8D00020F1E773B501A9044616461D4685
:1008F800FFF774FF78B94FF050439DF9042093F93E
:1009080000309A4207D032462B46204602B0BDE856
:100918007040FFF7B5BF02B070BD70B50C46054614
:1009280000F07EFF02460B464FF47A714FF0FF301D
:10093800E4FB01236FF00041904271EB03043CBFDC
:1009480002460B462846BDE87040FFF799BF10B530
:100958000368EFF3108272B6D3E8CF4F0121002C61
:10096800FAD1C3E8441F002CF6D1BFF35F8FFF23F1
:10097800016803710023C1E88F3F82F3108840BFEC
:1009880010BD0000074A10B5137853B90649074B44
:10099800074853F8044B834241F8044BF9D101232B
:1009A800137010BDCC2D0020C81E002000000E4082
:1009B80000010E40004B1847C91E0020034B1A6A5D
:1009C80002609A6A42605B6A8360704700000D406B
:1009D80008B500234021DB8A44F246409847006866
:1009E80008BD000010B5044600F0F6F800230848DA
:1009F80004F1080200EB830149680133062B42F831
:100A0800041FF7D12046BDE81040FFF7D7BF00BF4D
:100A18000000044010B50446FFF7DAFF008814B957
:100A2800C0F3032010BDC0F30330FBE710B5044644
:100A38000120FFF7EFFF084B30B922681A6262689D
:100A48009A62A2685A6210BD4FF48052DA624AF282
:100A580002021A63F7E700BF00000D40002330B41C
:100A6800064D00F1080205EB830152F8044F0133EB
:100A7800062B4C60F7D130BCFFF7D8BF000004400C
:100A880000232DE9F043DB8A8BB08046894600229B
:100A980042E800F2540254BF1021042144F2496094
:100AA800984700230746DB8A002242E800F25002FA
:100AB80054BF1021042145F64500984700230646F7
:100AC800DB8A002242E800F2510254BF10210421BF
:100AD80044F25250984700230546DB8A002242E838
:100AE80000F2520254BF1021042144F246309847C4
:100AF8000446FFF747FF01A8FFF774FFB847B04760
:100B0800D8234FF4803249464046A847A047FFF70C
:100B180051FF01A8FFF7A2FF0BB0BDE8F083002347
:100B28002DE9F047DB8A8AB0804689469246002242
:100B380042E800F2540254BF1021042144F24960F3
:100B4800984700230746DB8A002242E800F2500259
:100B580054BF1021042145F6450098470023064656
:100B6800DB8A002242E800F2510254BF102104211E
:100B780045F25200984700230546DB8A002242E8E6
:100B880000F2520254BF1021042144F24630984723
:100B98000446FFF7F7FE01A8FFF724FFB847B04760
:100BA800524649464046A847A047FFF703FF01A819
:100BB800FFF754FF0AB0BDE8F0870023014402F1B3
:100BC800C052884204D3BFF34F8FBFF36F8F704773
:100BD80013540830F5E7000001224FF48041014822
:100BE800FFF7EBBF00C0FF0370B505461C4618466B
:100BF8000CB90BB970BD6BB1EE68B60708D503F137
:100C08000806A64282BF11F8016B03F1FF33AE60FC
:100C1800002CEED0EE68760742BFAE6804F1FF34D0
:100C280002F8016BE4E710B5034610468A189142B2
:100C38000BD1DA6854070FD4DA68D106FCD4DA6825
:100C480052070BD401221A6210BDDC68A407FCD538
:100C580011F8014B9C60EAE79A68EAE79A68EEE7C0
:100C680038B54FF05041FF230B4C0B650B6DDB077C
:100C780000D438BD886D23688342F7D1EFF310851F
:100C880072B600F005FE2368834202D085F310880F
:100C9800ECE720BFF7E700BFC81700200022114685
:100CA80008B5D30003F1A043013203F580130F2ADE
:100CB8009960D960F5D14FF470720021034800F0B3
:100CC800BBFD034B034A1A6008BD00BF5420002037
:100CD800842B0020800110502DE9F04F00254FF0A3
:100CE80001094FF00208204B204FD3F858A0204E9E
:100CF80087B0BAF1000F01D0202D02D107B0BDE8AE
:100D0800F08F1AEA090F2BD0EC43C5F3460304F021
:100D1800010418FB034B06EB4B1BC7F858905846C9
:100D2800019300F0D5F9019BC0B104EB430406EB35
:100D38004414E38A5846019300F06EF9019B4FF47E
:100D4800E06105930023A278ADF80C1003A80121F7
:100D58008DF810208DF8113000F0D6F92AEA090A2A
:100D68004FEA49090135C4E700001150003011501D
:100D780014200020F0B5554B85B0D3F8985015F4E1
:100D8800003430D00026524B524C9A6A524B1A60AB
:100D9800334694F83B20022A08D194F83A702FB1D0
:100DA80094F83C30002B40F087803B460136102EEB
:100DB80004F14004EDD13BB9484B1B7823B94FF4FB
:100DC8000032474BC3F890204FF440723F4B01214B
:100DD8009B6C01A8C3F30A03ADF8042002934FF4F7
:100DE800003400F091F9EE0603D544F01004FFF743
:100DF80073FFE80323D50127364E44F48034B37ECD
:100E0800F77013B1304600F033FD96F83A3086F8A3
:100E1800237013B1334800F02BFD4FF4C063ADF8D5
:100E28000430314B93E8030004AB03E903000121CC
:100E380001A800F069F94FF40032294B1A65E9045A
:100E480014D50026214B44F480541E60FFF726FF7A
:100E58004FF48073012101A8ADF804308DF80860C3
:100E680000F052F94FF400221D4B1A656A040CD5A4
:100E78004FF48063012101A8ADF8043000F044F973
:100E88001022174B44F480441A652B040DD54FF4F7
:100E9800A063012101A8ADF8043000F035F94FF442
:100EA80000620F4B44F400441A65AC420CD00F4862
:100EB80084EA050100F0C8FC002304F1200084F84E
:100EC8003C3000F0D1F870E705B0F0BD00001150DB
:100ED80000000B40142000200C200020932C002040
:100EE800003011503420002000001050FE0F041074
:100EF8000346F0B5808A1A8BDC78824228BF024606
:100F0800251E18BF012584F00104801ADC705C7866
:100F1800988242F4806040EA453074B94FF0FF3659
:100F28001C69DD6806EB81163544A618B4420BD15E
:100F38001C6940F4004014441C619B8A0BB940F4BE
:100F4800804001B10004F0BD14F8017B05F8017F71
:100F5800ECE70000074B0246186C10F0020007D1BE
:100F68009378DB0905D0D07E831E584258417047DC
:100F7800002070470000115008B5FFF7EBFF50B193
:100F8800054B986A054BA0F548701B68C01AC6281F
:100F98008CBF0020012008BD00000B400C20002061
:100FA8008268034630B5106801B1000C5A78C0F366
:100FB800090042B9DA8A0244DA821A8B824284BF73
:100FC80000229A8230BDDA6802EB81111A690C1886
:100FD800013A8C4206D1DA8A0244DA821A6902445A
:100FE8001A61EAE711F8015B02F8015FF1E710B551
:100FF8000446836800211B68FFF7D2FF63681B68FB
:101008005B0008D5238B834205D12046BDE81040FC
:101018000121FFF7C5BF10BD0023C0E90433837663
:101028007047000010B5836809B11C682140A2B15F
:10103800540541EA020110D51A68520503D5817892
:10104800074800F001FC21F480621A60054B1B6C14
:101058009B0702D40C23033BFDD28368196010BDA3
:101068001210041000001150436870B500210546A5
:101078001C68FFF73DFF154B40F480561B6C13F0BE
:10108800020FAB7818D013F07F0318BF0123AA8A88
:10109800B2B1ABB901212846FFF72AFF24F000546A
:1010A800064344F0A0446B68324628461C60002181
:1010B800BDE87040FFF7B6BFDB0983F00103E6E740
:1010C80024F0A04444F00054EDE700BF00001150A4
:1010D80038B5857E04461DB981780A4800F0B4FB0E
:1010E800FFF785FFA38A33B12046FFF745FF20B1FC
:1010F800012323770025284638BD2046FFF7B4FF93
:10110800F8E700BF301004102DE9F0434378044697
:10111800023B0E4685B0052B16D8DFE813F0060013
:10112800DD0039004200F400F90000219B4B1A78D9
:1011380022F001021A701A7822F002021A7059700D
:101148001A7861F382021A70954B1D686B69EFF388
:10115800108272B6D3E8CF0F01210028FAD1C3E874
:10116800401F0028F6D1BFF35F8FAA6121462846A9
:1011780000F06EFB00236A69C2E88F3FAB6983F316
:101188001088002800F09380324661782078B7E014
:10119800824B1A78D70740F191801A7842F00402FE
:1011A800D1E77E4A1378DD0740F18880137823F071
:1011B80004031370C8E798424FF0240140F281807D
:1011C800D9F8002001FB0323002B7DD101353878A5
:1011D800EBB2421CD2B29A42EDD8704F3B78580716
:1011E80036D53B784FF0000823F004033B70237892
:1011F800CDF806808DF8043005238DF80530684B4E
:10120800CDF80A801D68ADF80E806B69EFF3108287
:1012180072B6D3E8CF0F01210028FAD1C3E8401FE6
:101228000028F6D1BFF35F8F2846AA6101A900F014
:101238000FFB6B69C3E88F8FAB6983F310880028B5
:1012480051D14FF0E023D3F8F03DD90700D500BEC7
:10125800FB78DA0732D5237800258DF8043003238C
:101268008DF805306368CDF80650CDF80A50029322
:101278004B4BADF80E501C686369EFF3108272B6E1
:10128800D3E8CF0F01210028FAD1C3E8401F002876
:10129800F6D1BFF35F8F2046A26101A900F0D8FA0A
:1012A8006369C3E88F5FA36983F3108818BB4FF0A5
:1012B800E023D3F8F03DDB0700D500BE05B0BDE85C
:1012C800F0831B1A01FB03831B6A002B3FF47EAFDC
:1012D80061682078984779E70025324FDFF8D08099
:1012E800DFF8C89073E732469DF805109DF80400B2
:1012F800FFF716F9ACE732469DF805109DF8040093
:10130800FFF70EF9DAE7284A13780133DBB250E722
:10131800017911F07F033FF417AF204D214A4FEABE
:10132800430C05EB430303EBD1131B7D1278C8096B
:10133800934228D21D4A03EBC303126812EB8303BE
:101348003FF402AFDF69002F3FF4FEAE6544054469
:1013580095F83430627923F0010385F8343095F834
:101368003430303523F004032B712078A368B84754
:101378000028A3D12B7943F001032B712B7943F07B
:1013880004032B71E0E6571CFFB2BB42BFF4DCAE8E
:1013980024279B1A064A07FB0323D3E7B72C002010
:1013A800881E0020922C0020CB2D00205C1B0020E2
:1013B8008404051008B500F067FADFED047A07EE3B
:1013C800100AC7EE277A17EE900A08BD1872313F47
:1013D8007BB972B90029BEBF00204FF0004106E07A
:1013E80008BF00281CBF6FF000414FF0FF3000F02D
:1013F8000BBAADF1080C6DE904CE002909DB002B0E
:101408001ADB00F081F8DDF804E0DDE9022304B01E
:101418007047404261EB4101002B1BDB00F074F880
:10142800DDF804E0DDE9022304B0404261EB41014C
:10143800524263EB43037047524263EB430300F0AD
:1014480063F8DDF804E0DDE9022304B0404261EB13
:1014580041017047524263EB430300F055F8DDF851
:1014680004E0DDE9022304B0524263EB4303704712
:1014780053B94AB9002908BF00281CBF4FF0FF31F3
:101488004FF0FF3000F0C0B9ADF1080C6DE904CEA3
:1014980000F03AF8DDF804E0DDE9022304B0704713
:1014A800430803F05533C01A830800F0333003F0C3
:1014B8003333184400EB101000F00F3000EB00201D
:1014C80000EB0040000E7047D0B500F0CDF90022C7
:1014D8000B4B06460F4600F0ABF900F0A5F90446A1
:1014E80000F09AF90022074B00F0A2F902460B46D9
:1014F8003046394600F08CF900F096F92146D0BD07
:101508000000F03D0000F0412DE9F04F099D0E4626
:1015180004460F46002B47D18A429446B2FA82F31A
:101528005AD943B102FA03FCC3F120029F409C4000
:1015380020FA02F217434FEA1C461FFA8CFE220CCF
:10154800B7FBF6F106FB117701FB0EF042EA074202
:10155800904208D91CEB020201F1FF3702D29042F7
:1015680000F23C813946121AA4B2B2FBF6F006FB2F
:10157800102200FB0EFE44EA0244A64508D91CEBE3
:10158800040400F1FF3202D2A64500F22A81104677
:1015980040EA0140A4EB0E0400211DB1DC40002309
:1015A800C5E90043BDE8F08F8B4205D90DB1C5E907
:1015B800000100210846F5E7B3FA83F100294FD16D
:1015C800B342C0F00281824240F2FF800846002DFB
:1015D800E8D0C5E90047E5E7002B40F0AF808A1A5C
:1015E8004FEA1C4E1FFA8CF70121B2FBFEF60EFBE8
:1015F8001620220C42EA004207FB06F090420FD95F
:101608001CEB020206F1FF382CBF4FF001094FF026
:101618000009904203D9B9F1000F00F0DC8046467A
:10162800121AA4B2B2FBFEF00EFB102200FB07F761
:1016380044EA0244A7420FD91CEB040400F1FF322C
:101648002CBF4FF0010E4FF0000EA74203D9BEF198
:10165800000F00F0C9801046E41B40EA06409CE7F2
:10166800C1F120048B4006FA01FC00FA01FE22FABF
:1016780004F7E6408A401F4320FA04F34FEA17486C
:1016880043EA0C031FFA87FC4FEA1349B6FBF8F04C
:1016980008FB106649EA064600FB0CF9B1450ED96D
:1016A800BE1900F1FF3A2CBF4FF0010B4FF0000BB1
:1016B800B14503D9BBF1000F00F0A2805046A6EB5C
:1016C80009061FFA83F9B6FBF8F308FB136603FB58
:1016D8000CFC49EA0646B4450ED9BE1903F1FF3899
:1016E8002CBF4FF001094FF00009B44503D9B9F1F7
:1016F800000F00F08280434643EA0040A6EB0C0648
:10170800A0FB028C66454346E14602D307D1C64595
:1017180005D2B8EB02036CEB070C0138E1465DB16A
:10172800BEEB030266EB090606FA04F422FA01F39B
:10173800CE401C43C5E90046002133E702FA03FC0A
:10174800C3F1200299409C40D6404FEA1C4E20FA33
:1017580002F21FFA8CF7B6FBFEF00A430EFB106686
:10176800110C41EA064100FB07F68E420ED91CEB2C
:10177800010100F1FF382CBF4FF001094FF00009BB
:101788008E4202D9B9F1000F34D04046891B92B27B
:10179800B1FBFEF60EFB161142EA014206FB07F109
:1017A80091420ED91CEB020206F1FF382CBF4FF014
:1017B80001094FF00009914202D9B9F1000F16D082
:1017C8004646521A46EA00410FE7841A66EB0302BE
:1017D80001201746FBE6023E624421E702396244D3
:1017E800C1E664440238D3E66444023834E7023E72
:1017F8006244E6E702386144C8E7023B3E447BE7BF
:1018080002383E445BE700BF704700BF000000009D
:101818005FF800F0C96303105FF800F01965031062
:101828005FF800F0614703105FF800F0616503108E
:101838005FF800F0F16303105FF800F0E5C10310F2
:101848005FF800F0A9F102105FF800F0913703107B
:101858005FF800F0A3AA03105FF800F04D390310F9
:101868005FF800F08DF102105FF800F0D9950310D1
:101878005FF800F0FDAC03105FF800F06D45031051
:101888005FF800F02DAF01105FF800F0D188031069
:101898005FF800F0395C03105FF800F0694B031043
:1018A800C8610410C01700200900000008000000EB
:1018B80000000000C8610410B81700202F000000C5
:1018C8002E00000000000000686404100000000002
:1018D800000000006864041000010000000000001F
:1018E800686404100100000000000000686404102F
:1018F80001010000000000006864041002000000FC
:1019080000000000686404100201000000000000EC
:1019180068640410030000000000000068640410FC
:1019280003010000000000006864041004000000C7
:1019380000000000686404100401000000000000BA
:1019480068640410050000000000000068640410CA
:101958000501000000000000686404100600000093
:101968000000000068640410060100000000000088
:101978006864041007000000000000006864041098
:10198800070100000000000068640410080000005F
:101998000000000068640410080100000000000056
:1019A8006864041009000000000000006864041066
:1019B8000901000000000000686404100A0000002B
:1019C80000000000686404100A0100000000000024
:1019D800686404100B000000000000006864041034
:1019E8000B01000000000000086704100000074019
:1019F80000000000000000000800010001020300D0
:101A080000000000000000000000000001000000CD
:101A180000000000F4170020000000000000000093
:101A28000100000000000000041800200000000071
:101A38000000000008670410008007400100000053
:101A4800000000000800010405060700000000006F
:101A5800000000000000000001000000000000007D
:101A6800EC1700200000000000000000010000004A
:101A780000000000FC17002000000000000000002B
:101A8800FFFFFFFFD08F0410C017002000090800D7
:101A98000000000000000000D08F0410B8170020DC
:101AA800012F2E000000000000000000C492041066
:101AB80000000840000000080106070400000000BC
:101AC800C49204100080084001000008010A0B08B5
:101AD80000000000FD2D00200002000000000000B2
:101AE80034940410000020000000E0001C9604104C
:101AF800000020500F0000001C9604100000305019
:101B0800110000001C960410000040501300000053
:101B1800FFFFFFFF100000000000000000000100B0
:101B280000000000000000000000020000000000AB
:101B3800000000000000030000000000000000009A
:101B48000000040000000000000000000000050084
:101B58000000000000000000000006000000000077
:101B68000000000000000700000000000000000066
:101B78000000FF000000000001B5486801318E46F2
:101B88000047704609380149884701BDFD3E0310EA
:101B9800000000000000000000000000000000003D
:101BA800000000002018002000800940000000000C
:101BB80000000940000000001E83A8730B2D0020C0
:101BC80010000C00000000000000000000000000F1
:101BD8000000000000000000FF04000000000000FA
:101BE80000000000000000000000000000000000ED
:101BF80000000000000000000000000000000000DD
:0C1C0800000000000000000000000000D0
:101C1400D3DEFFFFFE010000FF01000024E5FAFF10
:041C2400793512AB51
:040000051000014D99
:00000001FF
